stamp_ns,time_gap_ms,go2_x_m,go2_y_m,go2_z_m,go2_yaw_rad,vo_x_m,vo_y_m,vo_z_m,vo_yaw_rad,position_difference_m,yaw_difference_rad
1785126491924572998,25.143666,0.0,0.0,-0.0,0.0,0.0,0.0,0.0,0.0,0.0,0.0
1785126491957916504,2.319961,-6.986742008210581e-07,-1.2856200344821811e-05,1.9332788463069896e-05,0.0002798679837535626,6.156939827322033e-05,0.00041575746756207694,0.0011779043937791304,-9.788914690175935e-05,0.0012368812205749067,-0.00037775713065532195
1785126491991260010,2.171856,4.275265322032423e-06,-1.1556454084477668e-05,2.668522072271143e-05,0.00013912646722949752,0.00020847764200008023,0.0006725586765608352,5.752011156837085e-05,-0.0004185146902421226,0.000714606824143375,-0.00055764115747162
1785126492024603271,2.262878,-1.7397750492490023e-06,-8.676301064332179e-06,2.1854938486099527e-05,0.00025168281629930786,0.0008140314861522829,0.0012487969211962514,0.0012279125973196619,-0.0006235534923130454,0.001923875446003677,-0.0008752363086123533
1785126492057946289,2.223718,1.2292598961296548e-05,1.626086136733155e-05,2.813009782428591e-05,0.0005158584771924787,-0.0006174896770296395,-0.00023461609307502928,0.0005974054009004555,0.0002454004288371883,0.0008852340549905786,-0.00027045804835529037
1785126492091289551,2.262051,2.818909106788738e-05,1.033660657915092e-05,2.0236389024804718e-05,0.00027988370460816937,0.000663722743686132,-0.001271966953489441,-0.0002533568014679639,0.0008271181166329087,0.001457071953494022,0.0005472344120247394
1785126492124632324,2.31253,4.943931325240435e-06,-1.272355376132831e-05,4.095983465450732e-05,0.0005530592097573857,-7.481167662651842e-05,0.0002725013188836103,0.0010550913244092724,-0.00010808554981133933,0.001056492718142106,-0.000661144759568725
1785126492157975098,2.290531,2.2866174020008128e-05,-1.7962783269032728e-05,3.801238615856166e-05,0.0006911705223882862,0.00024077637489327961,1.8285671255851788e-05,4.777315728831706e-05,7.063331215213049e-05,0.00022112005506764787,-0.0006205372102361557
1785126492191317871,1.996496,1.758251160884328e-05,-4.93570421022815e-06,3.645688149061029e-05,0.0005142001767453376,0.0006835619885291944,0.00015514554147424956,0.0004105115878659203,-9.430820160119492e-05,0.000780430389119054,-0.0006085083783465325
1785126492224660400,2.394107,2.4550072778871014e-05,-4.545852483874156e-05,2.3185523427852086e-05,0.0008832102953091828,0.00018704110467171155,0.0004952356387625189,0.001235139320411164,-0.00024283233972223971,0.0013370061780038018,-0.0011260426350314227
1785126492258002930,2.451735,3.993255004192838e-05,-4.9115503411934344e-05,2.8665890590248393e-05,0.0007765625715504869,0.00018909200203305702,0.0008138008987833352,0.00031185314671984744,-0.00034279890350641753,0.0009203631247122699,-0.0011193614750569048
1785126492291345215,2.403498,3.324716978506756e-05,-5.566340835522503e-05,3.317660956016555e-05,0.0007296067013824433,0.0006687803911254094,0.0006886480521414902,0.0008906612964128935,-0.0001938740974706437,0.0013012232759372644,-0.0009234807988530869
1785126492324687500,2.453727,6.028744150588907e-05,-6.157634845244957e-05,3.937617979971864e-05,0.0010970363451695724,0.00035765946686804626,-1.2327179982030428e-05,-0.0012116377983397038,0.00011616741362310193,0.0012868145070534611,-0.0009808689315464706
1785126492358029541,2.387842,6.298972116240844e-05,-4.1061895687799956e-05,3.842190717660877e-05,0.0008138290831137964,-0.0003842171265137066,-0.0006076949864493391,0.0011255736956966732,0.000166813590519609,0.0013049774080177623,-0.0006470154925941874
1785126492391371582,2.441166,3.7481185747502214e-05,-8.38750198026525e-05,3.570691381141222e-05,0.001082162508729278,-0.0001546416970300602,0.0015424205228247107,0.0024334270110535823,-0.000829738442551214,0.002903585724371745,-0.001911900951280492
1785126492424713379,2.423197,7.525387527247518e-05,-9.338538993386696e-05,2.979776481412667e-05,0.0013407809694415602,0.00021471340897159005,0.00021093834285323555,0.0009271539791239706,5.404569606927052e-05,0.0009577630558951128,-0.0012867352733722897
1785126492458055176,2.35516,8.019412365784018e-05,-5.914039917672286e-05,3.142155410534643e-05,0.0010361992261382607,0.0002922334940816742,0.000982539640651601,6.752685888129447e-06,-0.00046096195437721606,0.0010633280552329993,-0.0014971611805154768
1785126492491396729,2.458779,9.164716957090689e-05,-5.65055868745633e-05,3.451593424485458e-05,0.0012979344602547164,0.0003597091845308126,-0.00012222151201193903,-0.0006942018491638012,0.0003052954950436298,0.0007792338766615903,-0.0009926389652110865
1785126492524738281,2.364271,0.00011651360166878591,-3.695354858833923e-05,4.4436369173159056e-05,0.001297439894901659,0.0002983907921439614,0.00020794123442933205,0.0010267543266888138,-8.965886284555695e-05,0.0010285919194812602,-0.001387098757747216
1785126492558079590,2.492441,8.183244479830179e-05,-5.994928437475907e-05,4.080487960968114e-05,0.0012884137140667952,0.00047839821295463645,0.0006600589786419309,0.0005139583197880483,-0.000425366086960463,0.0009484463533792296,-0.0017137798010272583
1785126492591420898,2.391013,7.42004094246137e-05,-7.260889898031881e-05,3.813329149631835e-05,0.0016599354948970064,-8.583465984681717e-05,-0.0003292746564530214,-8.779175814092942e-05,0.0003402079780533364,0.00032763646406023123,-0.00131972751684367
1785126492624761963,2.497721,6.92632719108783e-05,-8.836743212525888e-05,4.1689541550939136e-05,0.0015168773837854462,-0.00013910002065587699,0.00023172400304374247,0.0013560366105884879,-6.375798703993822e-05,0.0013687154585396502,-0.0015806353708253847
1785126492658103027,6.119309,5.491288729978712e-05,-9.425255390459232e-05,4.028200623352039e-05,0.001551415151287185,0.00038667694099101603,0.0006510166444014368,-1.6314938667018577e-05,-0.00030165972605554817,0.0008177388210409375,-0.0018530748773427333
1785126492691443848,2.571177,8.45061130152572e-05,-9.660261676783558e-05,4.304424334531357e-05,0.001786883922262284,0.000158359802539614,0.0015289501533040555,-0.0006398485539980482,-0.0006866963518962722,0.0017647149198689856,-0.0024735802741585565
1785126492724784668,2.457578,9.693936444426322e-05,-0.00010266754998701323,3.397143686004226e-05,0.0016270162352819116,0.0004479329172462368,-0.0004817090947578918,0.000489609346634985,0.00029993093519455093,0.0006888213640668564,-0.001327085300087361
1785126492758125244,2.445779,8.793485008445043e-05,-0.00010381866702353873,4.072805425210963e-05,0.0019058157795349246,0.0008533262270808431,0.0016093042071907279,-2.3015160699144796e-05,-0.0007489939436851682,0.0018774123520390786,-0.002654809723220093
1785126492791466309,2.533175,9.524266850464469e-05,-0.00011295147027404914,2.7766128703822212e-05,0.0019565765236884093,0.0005453071576577741,-0.00046916933276354493,-0.0005586090521205638,0.00029856571639606957,0.0008205394948691282,-0.0016580108072923397
1785126492824810547,2.727217,8.360310371435139e-05,-0.00011084261284284615,3.9798883980894934e-05,0.0017475418656165828,7.182603007918168e-06,-0.000293713729175025,0.0023968502908567235,9.63712964579476e-05,0.0023653695848158958,-0.0016511705691586351
1785126492858154785,2.59987,8.64211199754826e-05,-0.00011643659663816423,5.182838650490117e-05,0.0022001139108327227,9.262468527893e-05,0.000992157012308601,0.0009030649031499867,-0.00040453462850750425,0.0013977202442871557,-0.0026046485393402268
1785126492891498535,2.665155,9.502743403436151e-05,-0.0001172183892259827,4.556062574342445e-05,0.0021012050937424804,-0.0004165118085011867,-0.0005361968082632566,0.0009798148499763455,0.00033954574101690264,0.0011445725262166102,-0.0017616593527255778
1785126492924842529,2.693729,8.03381534672197e-05,-0.00012530395478523222,3.825131605391041e-05,0.0020555606369599758,-0.0005918421058294177,0.0005498404686326987,0.0019732529415279277,-0.0003452588201205217,0.0021568211757230856,-0.0024008194570804974
1785126492958186279,2.58926,0.0001050405365788394,-0.00013680113207994378,4.053078718162767e-05,0.0024286299208358354,-8.071446878837886e-05,0.0007117608620573883,-0.00017749900364397996,-0.0002861062254748802,0.0008956000053599592,-0.0027147361463107154
1785126492991529785,2.665506,0.00012566443417553374,-0.00011181388409467575,3.623803233991256e-05,0.0022427367159682907,0.0005624046300931433,-0.0003290711505962756,0.0010971145314220103,0.00011386152458247888,0.001167647919915326,-0.002128875191385812
1785126493024873291,2.717434,0.00011833012747903132,-0.00012064762178560831,2.8166101370701585e-05,0.0024358367849856713,0.0003744332231235331,0.0012165251904855975,0.0014493948786492886,-0.0005929203387830208,0.001968123767155097,-0.0030287571237686923
1785126493058216797,2.617727,0.00013314536215143863,-0.00011836514029977249,3.021713960567962e-05,0.002685715000702656,-0.0001474980978309051,0.0012654294174556885,0.0011274228609196744,-0.0006086243842292187,0.0017881578578494285,-0.0032943393849318744
1785126493091560059,2.665596,0.00012044699890980275,-0.00012199705378265577,3.348199614896536e-05,0.0024521181240283025,-4.839502315831357e-05,-0.0005927912394324185,0.0015769246157492378,0.00031584890936567947,0.001622457985174416,-0.002136269214662623
1785126493124903076,2.676027,0.00010975559593775609,-0.00012576484306976263,2.543522427748744e-05,0.002650098573153682,0.00014290232331739652,-0.00040351160392357755,8.858139596057165e-05,0.0003090635081688121,0.0002867567047149831,-0.00234103506498487
1785126493158246094,2.137142,0.0001246817856990031,-0.00013829278837869933,1.2920213023025057e-05,0.002659715248346775,0.0005964798819912286,0.0010231656907486273,-0.00036881201665590825,-0.0003541339196890361,0.001310457453554819,-0.0030138491680358113
1785126493191589111,2.75554,0.00013634249493138612,-0.0001309735814872144,1.6323108490969337e-05,0.0025575060114109574,0.0007784377354239264,0.00015344896514535693,-0.0007287701032997375,1.9630721986036125e-05,0.00102388787333024,-0.0025378752894249213
1785126493224931885,2.523733,0.0001500324942610457,-0.0001565275641769748,1.2532054269195282e-05,0.0028671652352795325,-0.0003375848974801331,-1.6191598024781899e-06,0.001755851336790061,0.00018707764108823226,0.0018168460185946935,-0.0026800875941913
1785126493258274658,2.438791,0.00016809636062629042,-0.00014603764922719483,1.0827997385449685e-05,0.00268569472969754,-5.0494959470369035e-05,-0.00039750412318420174,0.0013451047487015532,0.00019771107814667025,0.0013752497961638187,-0.0024879836515508697
1785126493291617188,2.693352,0.00014406542945648223,-0.00014420621941006986,3.0486205886289682e-05,0.0027590600930324518,0.0004884548896109087,0.0007703059824148034,0.0023458257244221604,-0.00037162210737721996,0.00251311236391172,-0.0031306822004096716
1785126493324959473,0.567337,0.00016312337804733304,-0.0001757608086647277,3.777798774361471e-05,0.003068989749227904,0.0008224410310890022,0.0011045109071674258,-0.0003205055040832485,-0.0003611605887489469,0.0014839684951129626,-0.003430150337976851
1785126493358301758,0.592447,0.00015302830142040804,-0.00018381996224396357,3.2435576607470724e-05,0.002912067772606782,0.00019459789166722315,-0.0009357972708093226,-7.937942196491914e-05,0.0005779500235733056,0.0007613806520632323,-0.0023341177490334764
1785126493391644043,1.012856,0.00016244029935686582,-0.00018184699378979052,3.84376165049663e-05,0.003221892919976011,0.0004818063541027669,0.001318676530593953,0.0014732841625175518,-0.0005665845021502786,0.0021005594813661476,-0.0037884774221262894
1785126493424986084,0.742571,0.00020083144124317113,-0.00016584469841335184,3.783234131029578e-05,0.0032936664892680516,0.00024672371385530035,0.0004674565897590952,-0.0010462007044843321,-0.00015849606955721,0.0012563058014118875,-0.003452162558825262
1785126493458328125,0.462511,0.00018892980893638463,-0.00013620370872889293,5.4240906433452e-05,0.003026638631878978,8.495984820573208e-05,-0.0008297372848154965,0.0011833068315803405,0.0004199042634958236,0.0013291307073503363,-0.0026067343683831546
1785126493491669922,6.050043,0.00018118589731896045,-0.0001289790475695723,6.21345814634039e-05,0.0032544953078656306,0.0005275331634310165,0.0008891551300823635,0.0010438339227138423,-0.0004044288654000231,0.0014561206093788466,-0.0036589241732656536
1785126493525011475,0.411909,0.0001978200894318264,-0.00015165017293947787,6.304647824824228e-05,0.0032938760444955885,0.0006038594900109013,0.00017849992004138058,-0.00024015652957949305,-4.2727733053209754e-05,0.0006048133122490524,-0.0033366037775487984
1785126493558353271,0.577222,0.00019557965938247894,-0.00015927163878627233,5.355315586187918e-05,0.0034293285557175685,1.9724542405693022e-05,0.00035744038112085877,0.0016077974553433292,-0.00019882815267724955,0.0016472982960453791,-0.0036281567083948185
1785126493591694580,0.476708,0.0002093916452947229,-0.00016087614412571205,4.790742214652101e-05,0.003716391063310556,-0.0001610888286829418,0.00046126233654084103,0.0007440441919011993,-2.8635814744835134e-06,0.0010044493381596107,-0.003719254644785039
1785126493625036133,0.20262,0.00023094388258250125,-0.00014406854897220663,5.713472210022302e-05,0.003454970082359747,3.0407536616349926e-05,9.651457615693342e-05,0.0012782673412937494,-0.00013547513907537865,0.0012606585341831472,-0.0035904452214351257
1785126493658377197,0.506947,0.00024264800973897196,-0.00012785131218083398,6.449998060691027e-05,0.0036645733453769063,-0.0002215310423122878,0.0005103673144669172,0.002592320965503984,-0.0002706205615747366,0.0026481435269730676,-0.003935193906951643
1785126493691718262,0.52231,0.0002441698072338745,-0.00016038905480117625,5.960708068440648e-05,0.003911032339158035,-0.0003380153461216871,0.0013827972691561417,0.000942806345989448,-0.0005691759481105654,0.001870936804243239,-0.004480208287268601
1785126493725059326,0.356238,0.00023282475697018542,-0.00013210833408427178,6.411860381191756e-05,0.0036389434738203093,-1.2143490979688636e-05,0.00014630835245677863,0.0018088244070625543,-3.0387910650917473e-06,0.0017836826045416762,-0.003641982264885401
1785126493758400146,0.463876,0.00022716056524025777,-0.0001318991261319558,6.73124965575079e-05,0.0038595291762010724,0.0008801076915181896,0.0015660371208741273,-0.0005106129795580355,-0.0007301830509995119,0.0019087496704793662,-0.004589712227200583
1785126493791741455,0.525725,0.0002346332433618178,-0.00012157265335540374,5.877615420924503e-05,0.0038271586376825407,-0.00028300850563031183,-0.0008977954601757914,0.0008480904968694396,0.0005651995562218797,0.0012220850860954185,-0.003261959081460661
1785126493825085938,0.50143,0.00020329947386144048,-0.00013515653270338915,6.717933903830961e-05,0.0038037496181713057,0.0005203323695290368,0.0010186277819102738,0.0003533628262703843,-0.00047472442018485457,0.001230296342329039,-0.00427847403835616
1785126493858430176,0.356026,0.00022126388818017237,-0.00014598055885304214,5.437159518580357e-05,0.004147539303686138,-0.0004741321150189209,0.0014542527762417617,0.0008142021772420743,-0.0007108264648631527,0.0019030672193703203,-0.004858365768549291
1785126493891774414,0.254252,0.0002390299545637683,-0.00012432920682877148,5.585875631988253e-05,0.003920273283996417,-0.00020968168834988144,3.898089386434336e-05,0.0024324256312751045,-9.520319293379943e-05,0.0024240632084599387,-0.004015476476930216
1785126493925118408,0.298634,0.0002161638638470003,-0.00014395502855091706,4.594603173479981e-05,0.003969377767681618,0.00046062954770493457,0.0011243404288150292,-0.0005790233267810647,-0.0005515159519097408,0.0014348949567278275,-0.00452089371959136
1785126493958462158,0.315604,0.00023074051884420084,-0.00013770182648083435,3.712861711361465e-05,0.004251428580340403,0.0002609302725699736,9.606512945777556e-05,-0.0007215920431154187,0.00016210125589617648,0.0007944906866522774,-0.004089327324444227
1785126493991805908,3.176471,0.00021974670430835967,-0.00012618663248457036,4.426849220404092e-05,0.0040787476752018334,0.0002958581309451864,4.084880194194237e-05,0.002046810073762565,-7.15091224093825e-05,0.0020109367398030357,-0.0041502567976112155
1785126494025149658,3.052452,0.00019173714470090272,-0.00013863929270322616,4.148947051408525e-05,0.0042402482221821055,0.0001111271790557841,0.0017833579579054802,0.0029557178190363297,-0.0008959564094109928,0.0034918903569899533,-0.005136204631593097
1785126494058493164,3.054073,0.00021039138463493367,-0.0001392330235412403,3.574776178254623e-05,0.00435894464906746,0.00011460736695814262,0.0001562476471420904,0.0009136631627731076,-9.429821399266865e-06,0.0009312458623189671,-0.004368374470466728
1785126494091836670,3.101232,0.00020236535105806264,-0.00014398347238096684,3.983587019074728e-05,0.004275825551869097,0.000693147173616937,1.0858527509231742e-05,-0.0006118881397152679,5.629004020928808e-05,0.0008304137687756523,-0.004219535511659809
1785126494125179932,3.093788,0.00019043835567045757,-0.00018723989598672724,3.069784326675045e-05,0.004597252544729687,0.0002655247973800823,0.00011415220455703854,-0.0005036403444611431,0.00011782369478354831,0.0006180553946557913,-0.004479428849946139
1785126494158523193,3.098741,0.00020247982212625413,-0.00016547779986013055,3.5105057254320036e-05,0.004544726537192559,-0.00030655961807754637,-0.0005511648197283972,0.0009013356247719987,0.0003646173690626619,0.001076211422109923,-0.004180109168129898
1785126494191866211,3.185705,0.00018073008637523036,-0.0001843074816451219,3.8025927365915264e-05,0.004473397605215156,0.00017708705079563314,0.0015462178255102237,0.00020275271677164334,-0.000786218226974279,0.0017383515253139269,-0.005259615832189436
1785126494225209229,3.102677,0.0002071469238041316,-0.00017783370171594966,3.567346151121656e-05,0.004763189400167332,0.00039977309027156287,0.0006629945831150969,-0.0003909331853975312,-0.00023058292893404853,0.0009623358435424625,-0.00499377232910138
1785126494258552002,3.164123,0.00021095009079804392,-0.00016388607422121313,3.7966082945539924e-05,0.004612431224585484,9.504256227073754e-05,0.0004009414272137496,0.000252938428018245,-0.0003159137695033955,0.0006153679961556575,-0.004928344994088879
1785126494291894775,3.151899,0.00020117642321403685,-0.00016913578909135075,4.534097465769251e-05,0.004743327911634706,-0.0003521356297236346,0.0010709461352217296,0.0005820861809809608,-0.0006027933456872968,0.0014601550682873175,-0.005346121257322003
1785126494325237549,3.244102,0.00023028774552713325,-0.00015345074122359153,4.237574280858344e-05,0.0048603835290222455,5.083018238484676e-06,9.633708406860664e-06,0.0009138531081214764,0.00013403931406438325,0.0009147603539491223,-0.004726344214957863
1785126494358580078,3.121961,0.0002496162021517593,-0.0001379152599851506,5.443193903517145e-05,0.004614621489084879,-0.0001544142364383198,-0.0003078485412632127,0.00011014866890561722,0.00017986432659998153,0.00044183964215615244,-0.004434757162484897
1785126494391922363,3.191026,0.00024698354396943616,-0.0001481955047894849,5.348281122076719e-05,0.004894232955683994,0.0005809971670560113,0.00018833237596093533,0.0018591660217843742,4.036314979891105e-05,0.0018668979543191657,-0.004853869805885084
1785126494425264648,3.108457,0.00023741073030982088,-0.00013346181798967402,6.227547608456589e-05,0.004930826922930576,0.00017995840921534656,0.000771408817389085,0.0008747987495345237,-0.00046117872396998094,0.0012174915629554633,-0.005392005646900557
1785126494458606689,3.255956,0.00022574121499279373,-0.00014894526560425896,5.405515320886613e-05,0.004785120030298463,-0.00013121321825067912,0.00019768683715225272,0.00247500030823383,-0.0001667219367193615,0.002471547233154248,-0.0049518419670178246
1785126494491948730,3.28663,0.00019594213725662406,-0.0001525394464441889,6.560346017006723e-05,0.005070667983490898,0.00012764043667991948,0.00023725169259580025,0.0015367178850128932,-1.4195055424801429e-07,0.001523410616136175,-0.005070809934045145
1785126494525290771,3.304191,0.00020419586964933836,-0.00014419980656273548,6.694884980636401e-05,0.004894670464212159,0.00016353032700911418,-0.0008488303084385828,0.0009969756107988735,0.0005148015812962642,0.0011675219940944371,-0.004379868882915894
1785126494558632568,3.291705,0.00020610847996144156,-0.000124807537284825,7.09479375973069e-05,0.004938836784346795,0.0005859085942326137,0.0006269971964944426,0.0016217000082455744,-0.00018668001987968066,0.0017647352405256716,-0.005125516804226476
1785126494591974121,3.201728,0.0002309447489667187,-0.00010916896370446518,6.758900252110745e-05,0.005165618153969398,-0.00035062400039182287,-0.0005109566492208682,0.001229001757527424,0.0003527051054387434,0.0013596084517074937,-0.0048129130485306554
1785126494625315674,3.272207,0.00020320131095963924,-0.00011866480385859396,6.725179096758537e-05,0.004843357492726905,0.00013286722511813786,-0.0006869962615749063,0.0013241008761415843,0.0003451524747782674,0.0013811651430454745,-0.004498205017948637
1785126494658657227,3.341971,0.00017783070538195578,-0.00012626185040584323,6.0578630241803856e-05,0.005038987284489464,-0.0002611103128890297,0.0012898033456481333,0.0010981512261565808,-0.0005794383859720481,0.0018095487693868563,-0.0056184256704615125
1785126494691998535,3.202634,0.00021026816589907397,-0.00011236603880983343,6.539066137648588e-05,0.005290442153754006,-0.00017502370370024335,0.0002950342790668626,0.0010068513496806137,-0.00016116358513841613,0.0010957979154056885,-0.005451605738892422
1785126494725339844,3.262184,0.0002051333327558217,-0.0001397144317694526,5.675918021822365e-05,0.005223793224734675,1.1389035888813147e-05,0.0004831209214444173,0.0024185012236487354,-0.0003777284278676734,0.0024501604456624603,-0.005601521652602348
1785126494758680908,3.274194,0.00021697049932044166,-0.00013162746253804798,5.898798009186891e-05,0.005582338683793059,0.0010478780536897847,0.0007710350594487357,0.0007937410992243119,-0.00020683762435474734,0.0014300591381416496,-0.005789176308147806
1785126494792022217,3.325832,0.00024129451951863248,-0.0001107441965937834,5.930287079917057e-05,0.00546665931132152,-0.00042080606066650786,0.00024021927642092888,0.0007660915466767841,-0.00019424284970049601,0.0010300984273460855,-0.005660902161022017
1785126494825369141,3.320291,0.00023014350922794096,-0.00011198290655822665,5.967913494719118e-05,0.0055437065718283544,-0.0001836605619832204,-9.891953594921252e-05,0.0014880599469748398,0.00010584301267626608,0.0014871705366807685,-0.005437863559152089
1785126494858716064,3.277106,0.0002262947916186612,-0.00014090623032527786,5.62180582792939e-05,0.0058051090324511175,0.00036434680232537653,0.0003747328215846804,-0.00048640795542284154,-5.32210674219648e-05,0.0007611734232492866,-0.005858330099873083
1785126494892062744,3.26635,0.00025283938131879927,-0.00012511748044362006,5.8973253399383595e-05,0.0055308543024943655,0.0004343759202367174,0.0006528763231171228,0.0019027053767562035,-0.0002483472298399402,0.0020093725428698022,-0.005779201532334305
1785126494925409180,3.328079,0.0002248141561576732,-0.0001418038879144031,6.307113847910381e-05,0.00578472563778598,0.000249134940911698,0.0003463329987702622,0.0017129470672596367,-3.857752123290183e-05,0.0017207439382670145,-0.005823303159018883
1785126494958755859,3.211228,0.0002173752455443969,-0.0001429389703221818,5.753400280416881e-05,0.00584272842197944,0.0003327089724003256,0.0009278226021825693,-0.0008341414185680907,-0.0004071382296092474,0.001398183561190276,-0.006249866651588687
1785126494992102051,5.247307,0.00019145434355255527,-0.00013796256805941149,4.557106940903908e-05,0.005629373457691186,-5.374404086116162e-05,-0.00036626614783001566,0.0026553866870295114,0.00010303070877975609,0.002631232093569645,-0.00552634274891143
1785126495025448486,3.228017,0.00021740490122035063,-0.0001233102774932026,4.478031649108015e-05,0.005930278267650708,0.00033034275331093703,0.0008520686936608551,0.0010940700931097854,-0.0002784278891008618,0.0014370553681472805,-0.00620870615675157
1785126495058794678,0.221813,0.00023870942762024125,-0.00011925556128978437,5.046369482435585e-05,0.005943352152384063,-0.0002210053093628274,-0.0005195452818965289,0.0004165307102578323,0.0003708682089246319,0.0007110376639891944,-0.005572483943459431
1785126495092140625,0.138376,0.0002364323630787354,-0.00011908819252056234,4.766190429392277e-05,0.005814118963367217,0.0003301822064778059,0.000718241092094453,0.0016208648322649575,-0.000493402306359732,0.001784622317631347,-0.006307521269726949
1785126495125486572,0.265224,0.00028000136836159355,-0.00012914865673129033,4.940439277183378e-05,0.0062290033922840285,0.0004717912363324706,0.0026482471894698433,-0.0006668896134553893,-0.0013520618872492644,0.0028746805289124986,-0.007581065279533293
1785126495158832520,0.02014,0.000287114849775296,-0.00012179754248004453,6.535872034991392e-05,0.006100222791970632,-0.00011817087079607117,-0.0005161489882688779,0.0008341768054942239,0.0002945414072802991,0.0009543850512973047,-0.005805681384690333
1785126495192178223,0.264523,0.0002821418694509676,-0.00013131827755683955,7.116782175618237e-05,0.006087366184750769,0.0008659991825993962,0.0009478704535072156,0.0005553917585449501,-0.0003436668341689774,0.0013190945759617694,-0.006431033018919747
1785126495225523926,0.22328,0.00028894504642315604,-0.00013912267297194658,7.748265358898395e-05,0.006269280297503911,-0.00016267644344139393,0.0001578227326383088,0.0004618961993489986,3.536690873178461e-05,0.0006632588621227023,-0.006233913388772126
1785126495258869629,0.253563,0.0003070574837458257,-0.0001159417944763576,8.068283757170692e-05,0.006044326844985272,0.00037532539793011966,2.3645403102076505e-07,0.002271741974209545,-0.00010275634071274752,0.0021951988597340025,-0.00614708318569802
1785126495292215088,0.05686,0.0003043501580356678,-0.00012432265256134804,8.420171279684937e-05,0.0063098074420019435,0.0002854199005962371,0.0020714120004346006,0.0006911091684186105,-0.001111952423739988,0.0022781452281852538,-0.007421759865741931
1785126495325560303,0.215645,0.0003195740853110574,-0.0001308626720599636,8.118535099570531e-05,0.006359991079317501,-0.0009747320192817017,4.4853716765492525e-05,0.0020485253087350126,-2.803782851962785e-06,0.0023614679864452197,-0.006362794862169465
1785126495358905518,0.127661,0.0003124148064437998,-0.00015813878702729836,7.681536166792983e-05,0.006183318426756719,0.0001901933500659878,0.000832048923257774,0.001296501241236779,-0.0005692635456716569,0.0015757675687798453,-0.006752581972428375
1785126495392250732,0.307182,0.00031033588556773423,-0.0001695230703836958,7.75011507799879e-05,0.006468187338332103,0.00033793659423712657,0.0013859755754732747,0.00011562991065323309,-0.000663456394264394,0.0015562106665588027,-0.007131643732596498
1785126495425595703,0.283088,0.0003234565065932033,-0.00016745055672032073,6.199973957309488e-05,0.006387273582735751,0.0006882271486423123,-0.0008483218261827017,0.0002119543987946646,0.0004167435616069769,0.0007868479565344823,-0.005970530021128774
1785126495458940674,0.150753,0.00030813414126827497,-0.00019000767675272516,7.31419050449019e-05,0.00641019718797687,0.0008785448325386832,0.0005107397753508548,-5.604135012447739e-05,-0.00019271052037074196,0.0009127451242057669,-0.006602907708347611
1785126495492285645,0.346482,0.0003078869696868084,-0.00018448003808688127,6.677143497479231e-05,0.006767199992284422,0.00021620877496158597,0.0009773277792331611,0.0002910197002260391,-0.00043071285373843946,0.0011867980368378732,-0.007197912846022861
1785126495525630371,0.129263,0.0003168037166608625,-0.00016077036844965227,6.314739411374955e-05,0.006510686250352539,-0.0002159523557432544,0.0006609944771997242,0.0007061303057725919,-0.00045303291584985317,0.0011715602924791736,-0.006963719166202391
1785126495558975098,0.486395,0.0003028758984591425,-0.00018982675575531492,4.93331882767165e-05,0.006730424151958625,0.0007590254038833074,0.000617361041485562,-0.00032758905320164555,-0.00024985220553168255,0.0010008470849407326,-0.006980276357490308
1785126495592319580,0.307317,0.00032283359105739255,-0.0001859736931504111,5.0149444239529315e-05,0.006919860179314459,-0.0005821763502320268,0.0006653913028760054,0.0009011059394662548,-0.00033061887268286615,0.0015059854936420502,-0.007250479051997326
1785126495625664063,0.442533,0.0003325547542571136,-0.0001991918591242069,5.772090668529375e-05,0.006742057841291492,0.0005163704597981627,0.000871746847644314,0.0014716349385649357,-0.0005296648558582483,0.0017832136206312273,-0.00727172269714974
1785126495659008301,0.251234,0.0003309929175166939,-0.0002323825581252124,5.6564992800745e-05,0.00708120736156201,0.0013456947302240983,0.0013366358260033595,-0.0006954593174719549,-0.0005028001885987538,0.0020141943852782077,-0.007584007550160764
1785126495692352539,0.486999,0.0003505545778515201,-0.0002229121336876984,6.0171028968516087e-05,0.007007381760069431,-0.0005176133086680543,-0.0003468284838158209,0.0018686919369423859,0.0002015567076042224,0.002009930002659687,-0.006805825052465209
1785126495725696777,0.331281,0.0003435238412136457,-0.00022297009565406907,5.933198348115011e-05,0.0068920538675300265,0.0004269700657699536,0.00021020771177516283,0.0006578808780321704,-4.49008432536912e-05,0.0007435503106112908,-0.006936954710783718
1785126495759040771,0.48574,0.00033784949351620505,-0.00022380972347293965,5.7883471985770855e-05,0.007298187364862125,-0.0002439756121614052,0.0008596928018127773,-0.0006325724755142355,-0.0004034736032418465,0.0014103997984030697,-0.007701660968103972
1785126495792385010,0.537209,0.0003678615796509271,-0.00022024098143755012,5.727926083696778e-05,0.00708368513093853,-0.0003818474928554432,-0.00011136814257099176,0.001829056318404987,-8.416166493103197e-05,0.001926943416441078,-0.007167846795869562
1785126495825729492,4.988167,0.00033635835414718747,-0.00024198920834669863,5.7241009526920576e-05,0.0072452774625615,0.00021537536045952382,0.0014057322696927519,0.0016879713926445203,-0.000857282798979069,0.002321401416467435,-0.008102560261540569
1785126495859073730,2.951865,0.0003540722045429123,-0.0002582254233916733,5.092258630112253e-05,0.007474648809606489,0.0002230819903708956,0.0004407190048754987,0.0002940377888381981,-9.573304558167563e-05,0.0007515229548850773,-0.007570381855188164
1785126495892417969,0.571932,0.0003752054842656218,-0.00024273494076767696,6.548302218168438e-05,0.007228223916724664,0.0001200487823013744,5.952635204116759e-05,0.0010207080278112786,5.89333871853578e-05,0.001033886668386726,-0.007169290529539306
1785126495925762207,0.52827,0.0003568980698003051,-0.0002521989417769922,6.186776179873389e-05,0.0075254299037745605,0.0005366988328309539,0.0004946753309281375,0.0008775254646981227,-5.7183679018554096e-05,0.0011204673051518853,-0.007582613582793114
1785126495959106201,2.672059,0.0003777174531225971,-0.00024407018773399172,6.317881857153232e-05,0.0075200479026124355,-9.921670700494299e-05,0.0005447294977138921,-0.00020585768036049696,-0.00023585744641116006,0.0009602352704503444,-0.007755905349023595
1785126495992449951,2.81086,0.0003426946627715246,-0.0002534976629886998,7.029076666677343e-05,0.007454630349819217,0.0011788150705093364,0.0010995540431427515,0.0007921691006900582,-0.0006162797021460511,0.0017466981951193255,-0.008070910051965268
1785126496025793701,2.693839,0.00032970346682592626,-0.00026368466888991446,7.66537033575174e-05,0.00787836841196386,-0.00017900879429392065,0.0006401045537531687,0.0003115485904409772,-0.00033136443297693106,0.0010633902066303823,-0.008209732844940794
1785126496059137207,2.753729,0.0003363996726460603,-0.00027065658090338164,7.150334820781203e-05,0.007756248014551566,0.00015827914329219646,-7.522287450555467e-05,5.5927817563168405e-05,9.632007695547647e-05,0.0002648846045517839,-0.007659927937596091
1785126496092480713,2.697748,0.0003502052860382286,-0.0002799185871950037,8.216132602390625e-05,0.007849059231564407,0.0003210105842245291,0.0007881229729873566,0.0013028140727327716,-0.000465789365735208,0.0016222078266790168,-0.008314848597299612
1785126496125824219,2.670855,0.0003439748113373676,-0.00029390739911965713,8.290842304809008e-05,0.008123249160542535,0.00033749653201410287,0.0007881612404324397,3.2704638631054714e-05,-0.00032640675039298967,0.0010832520153569566,-0.008449655910935525
1785126496159167480,2.668525,0.0003656212902197365,-0.00030107655940994935,8.531306310975562e-05,0.007940852320985651,-0.00027034624583510426,0.0008765341990679469,0.0016443423747337805,-0.0005978026779424148,0.0020547005134329025,-0.008538654998928067
1785126496192510498,2.615416,0.00037592435010538785,-0.0003113173948561298,6.721351713159237e-05,0.008157830639177301,0.0004327003717181821,0.0011536511017592758,0.0016713791612153832,-0.0005625149313886003,0.002173178231614826,-0.008720345570565901
1785126496225853516,2.785229,0.0003784351079350579,-0.0003008616784978827,6.054125292539613e-05,0.008212940851247859,-0.0002754566526632827,-0.000521991868520773,0.0001912922898422848,0.00038154682940051346,0.0007025445389246142,-0.007831394021847345
1785126496259196533,0.596441,0.00037852593447589564,-0.00030078825698679585,5.472418163091382e-05,0.008113723799291461,0.0002225100430054496,-2.7602479259976588e-05,0.0012564220029429793,-3.5639835507723644e-05,0.0012421952669728258,-0.008149363634799185
1785126496292539307,0.556561,0.000393001887695227,-0.00030280806174833643,6.485507011467818e-05,0.008384953476594612,-0.00018155148398197116,0.00029058589458743483,0.001286513711038583,-0.00010979084450816818,0.001474678880049992,-0.00849474432110278
1785126496325882080,0.615385,0.00038103757349893994,-0.00030733960111790557,6.352695856398715e-05,0.008291222564112499,-0.00013134033213955997,-8.336224035171082e-05,0.0011742015724066422,-5.9398071830100864e-05,0.0012435011355671599,-0.0083506206359426
1785126496359224609,0.682786,0.00037549082313412203,-0.0003390783456807514,6.670280402756679e-05,0.008277735622711715,0.0006221579783471607,0.0011115373069420106,0.0004875487441125609,-0.0006243997160720823,0.001530438421623385,-0.008902135338783798
1785126496392566895,0.753998,0.0004146800322432562,-0.0003559712849910523,5.6763775080754656e-05,0.008658876993820114,0.0002027001362161449,0.0008832729319406408,0.00029244699620925937,-0.00030878926635354904,0.0012791435753033425,-0.008967666260173663
1785126496425909424,0.74439,0.00044177711173195997,-0.0003430766389307815,6.465642064012931e-05,0.008488835369888021,-0.0002458956949028593,0.0008584500193974687,0.0020715136749399695,-0.0006286556516232909,0.002438039425192783,-0.009117491021511312
1785126496459251465,0.694479,0.00042987208533966614,-0.0003491892827696862,7.791732171961718e-05,0.008635941817969726,0.0001938747058215389,0.002178489746532574,0.0014016746725848048,-0.0011668062354503043,0.002863073446889454,-0.00980274805342003
1785126496492593506,0.598076,0.000431560338013411,-0.00036501462231500317,8.318113244083217e-05,0.008877080680282874,-0.00037363842350791166,0.00033012728594811994,0.0009575205616442692,-0.00011341242498310867,0.0013769665049081477,-0.008990493105265982
1785126496525935547,0.726024,0.00042060987713123083,-0.0003514272357182656,8.186689081589743e-05,0.00860934347225571,7.8637672452994e-05,-0.0010364506647820996,0.0020026499106632085,0.0004626897731934942,0.002067754699298885,-0.008146653699062216
1785126496559277344,0.748348,0.0003914981584500086,-0.00036873842230772505,8.104950404510729e-05,0.008839032129447076,0.0009572657621411934,0.0006324672093969933,-1.429816429381533e-05,-0.0002260989711575705,0.0011539483854147805,-0.009065131100604647
1785126496592619141,0.744684,0.0004277213304824534,-0.0003817607762140288,7.97475610769184e-05,0.00886809998538094,-0.0005252171103111595,-0.00044917831205618824,0.001550488413886591,0.0001584248578425559,0.0017537717788254303,-0.008709675127538384
1785126496625960693,0.836858,0.00042241444243939103,-0.0003772237046653396,8.026871628630175e-05,0.00872758648759675,0.0005168713960313691,0.0010880549549690292,0.0018505840043866624,-0.0006575616177080169,0.0022999956273314155,-0.009385148105304768
1785126496659302246,0.76214,0.00042481857936107705,-0.0004039939697509593,7.463551731700914e-05,0.009135190319951768,-2.8823029325266968e-05,0.0013955038916850268,0.0006418868970666013,-0.0006390921403386909,0.0019405559487610858,-0.009774282460290459
1785126496692643555,0.857409,0.000464741887744317,-0.00042330690132954087,7.304686924941983e-05,0.00908449761677643,-5.98166408326925e-05,-0.0010307296912349855,0.0006764219670417666,0.000586742395138927,0.00100408446070802,-0.008497755221637504
1785126496725984863,0.724271,0.00042033329723701425,-0.00044914302730379507,6.738469543401446e-05,0.009030542273291097,0.001086056581496532,0.0010495722914398847,-2.927567212238308e-05,-0.00047892108572470825,0.0016427654502388302,-0.009509463359015806
1785126496759325928,0.843853,0.00045236984036799144,-0.00045329641411909563,6.299450112690716e-05,0.009396636821455138,0.00035264497205657634,0.0016427932031623474,-0.000831673595336323,-0.0007207834037080052,0.002281220667945987,-0.010117420225163144
1785126496792667480,0.743146,0.0004502805425345877,-0.000426690408833028,7.736660121702798e-05,0.00915387083382892,0.0001784756031935725,0.0004426141442531992,0.001085953639477737,-0.0003230844148524733,0.0013589761384270613,-0.009476955248681394
1785126496826011475,0.694473,0.0004637808619145786,-0.0004323051426862204,7.49677880980239e-05,0.009333751494064412,-1.0697876245187658e-05,0.0005982137727126347,0.0010992800429593668,-0.0002610220060025058,0.001528500867981319,-0.009594773500066918
1785126496859355469,0.793858,0.0004788135248779633,-0.00042459636252641835,6.891481815615246e-05,0.009456447710678294,-0.000524057917965773,-0.0017246789566769056,0.0003013073075254535,0.0009670203461985148,0.0016583039985478532,-0.008489427364479779
1785126496892699219,0.827909,0.0004863983599024905,-0.00042635625129415597,6.57057841996425e-05,0.009243075034811006,0.0006021862015905696,-0.00045134475666361995,0.0017394205166569485,0.00019493904156088395,0.0016779011458748143,-0.009048135993250125
1785126496926042969,0.868399,0.00046976552028895854,-0.00044612119036813093,7.145169089115125e-05,0.009603723944175791,0.00029362069123256383,-0.00016696012628693733,0.0002549684574436618,3.435841559444619e-05,0.00037767221781346243,-0.009569365528581345
1785126496959386475,0.95895,0.0005038931731602726,-0.00043679602239674113,6.992578323737332e-05,0.009589716194073306,-0.00015232898920958043,-0.0016852142108885876,-0.00038849909713900587,0.0008457923301651072,0.0014830134425185522,-0.008743923863908199
1785126496992729980,1.28724,0.0005029836575744638,-0.00044689731874558513,8.835235262967929e-05,0.009531529998046998,0.0002553855300018518,-7.315298298434886e-05,0.00157626331688083,-2.0492669505345575e-05,0.0015539847807587628,-0.009552022667552345
1785126497026073242,0.882316,0.00048261864806446064,-0.00044855922605161705,8.242935740894771e-05,0.009779084732035027,-0.0007388871091626888,-0.00010210076653573746,0.0014730921538501274,-6.744529162838122e-05,0.0018830965967030979,-0.009846530023663407
1785126497059416504,0.850792,0.0017105723593722972,0.0002861197877686304,0.00011142384719181358,0.009468003496216178,0.001196509844193981,0.0016242972599214843,0.004157281069233298,-0.001306983537848917,0.004292311717202526,-0.010774987034065096
1785126497092759521,1.020009,0.0029854616847111923,0.0005735339063552419,0.0001045387782029201,0.00991771600498713,0.002205791643817634,9.739754130039828e-05,-0.001518349535266991,1.0788814459492908e-05,0.0018623527294236758,-0.009906927190527638
1785126497126102539,1.006837,0.005393054809462759,0.0008032982062587416,-5.0036319710789594e-05,0.010952002108210363,0.005321771271772163,0.0005379274985859397,0.0016427921490814472,0.0005419511657859165,0.001714984308963181,-0.010410050942424446
1785126497159445313,1.002005,0.008842658922794223,0.0011287196522795613,-0.0008677710688214582,0.0120891097428465,0.009844792269343707,-0.0006527394524844338,-0.0028172495963652506,0.0025005073007362353,0.0028245945400300052,-0.009588602442110263
1785126497192788086,0.931129,0.012517460547425837,0.001315467680741287,-0.0014213181158512806,0.01434022259128363,0.0162385383203991,0.0036855866616632895,-0.004352903546468794,0.0028551026031366764,0.005296987531913898,-0.011485119988146953
1785126497226130615,1.080547,0.01671713915946929,0.0011727358028469222,-0.001905979751468302,0.018018433314252208,0.01971367986217727,0.001664306494488289,-0.003665180898957844,0.0073108689051441895,0.0035093712549678913,-0.010707564409108018
1785126497259473145,1.00466,0.021051059297859026,0.0008350312871971533,-0.0028403170151589012,0.021062556306117673,0.023618247767590285,0.0005262748155088516,-0.0014791290585207146,0.010714269916277514,0.002922091691105427,-0.010348286389840158
1785126497292815674,0.998629,0.02494525297273937,0.0005339839390333979,-0.0016060571182943866,0.02344416696342639,0.028979902915541287,0.0005600437908475342,-0.00032602301230357287,0.01292874606333191,0.004232914668325809,-0.01051542090009448
1785126497326157715,2.375792,0.029390730050486508,0.0003805909293776477,-0.0013244424181305045,0.02511600499514891,0.03272651201810825,-0.001170551522951135,-0.0024150328696219267,0.015100160574609566,0.00383703945455493,-0.010015844420539342
1785126497359500000,2.290037,0.032983937376521784,0.00019449183882812483,-0.0012917880152361338,0.026997703864562544,0.037350690780617916,0.0007146532298961799,-0.0027319112925880376,0.016047790126301562,0.0046274245773338975,-0.010949913738260982
1785126497392842041,2.426256,0.036597506243734354,5.1967864052820056e-05,-0.0014356331793283915,0.029210054663710246,0.04071985132693007,0.0013174507455980167,-0.003725381641712667,0.017742310725142325,0.0048824301254009736,-0.01146774393856792
1785126497426183838,2.246338,0.04015095783502307,4.027900715789568e-05,-0.0016799522774190662,0.03132864950375127,0.045438469766567485,0.003121023893093609,-0.003478882017748192,0.019082990326090624,0.006378473147163371,-0.012245659177660646
1785126497459525635,1.078798,0.04270631285410496,-2.878099537962895e-05,-0.0018893756673831828,0.033967992099065765,0.048554702933613234,0.0029145255754452954,-0.00535590069553684,0.022251543263623726,0.007408340965612187,-0.01171644883544204
1785126497492867188,1.194815,0.0455063135785368,-0.0001588212719708163,-0.00230836885284304,0.037601260112466034,0.051620901304627854,0.0023648120335218454,-0.005181611624567436,0.02609907460469747,0.007211964513634385,-0.011502185507768565
1785126497526208740,1.143699,0.04817179324491549,-0.0003604814329575784,-0.00375787558438877,0.04144393017152775,0.05521675116601189,0.0023156224084129235,-0.003937734813246189,0.030256667938734078,0.007538256643417105,-0.01118726223279367
1785126497559550049,2.132509,0.050711484140822015,-0.000561510960660288,-0.004508840203505762,0.04647266080240875,0.05736778603666382,0.0034225302053931244,-0.00791443883776451,0.03380798431504421,0.008472133202391267,-0.012664676487364537
1785126497592891357,2.205327,0.0526202573943611,-0.0007415111088471475,-0.0048460768608139535,0.05100106770224197,0.060085445362944384,0.0012925278623157072,-0.007421446902702772,0.0394702504820558,0.00815468434675115,-0.011530817220186165
1785126497626232666,2.250487,0.05384552379780311,-0.0009520473678225061,-0.004061399762945705,0.05587090628922881,0.06327655868276363,0.000515748991514408,-0.0072141626732199855,0.04461954081983406,0.010051803774558388,-0.011251365469394752
1785126497659573486,2.290175,0.05443247956950749,-0.00132527652635437,-0.0033600690988673555,0.06077649952184272,0.06275040581699602,0.0015578560757140989,-0.00661927738463915,0.04891469386179936,0.009387373930435086,-0.011861805660043356
1785126497692914551,2.243788,0.05487933850472562,-0.001514076895233326,-0.0034811169740982624,0.06529974657440551,0.06283528494829566,0.002012773901962951,-0.007341459790371336,0.05305680080877361,0.009520399519862064,-0.012242945765631903
1785126497726255371,2.176426,0.05468157889925671,-0.00234306802137171,-0.0036382243493325492,0.06982558598747605,0.06154981310214834,0.0017761275660811212,-0.006464545902622068,0.05747735651110774,0.008492850338729051,-0.012348229476368315
1785126497759595947,2.173443,0.05418012004581878,-0.002343988827941007,-0.004321972962818145,0.07392250663919966,0.06124032553686903,0.0019435988414133823,-0.005226170553640518,0.06166800547215283,0.008309481504973995,-0.012254501167046836
1785126497792936768,2.249132,0.052969286993665606,-0.002359828558969446,-0.0042418102034011305,0.07857100752382924,0.059648260710928845,0.005475967208092899,-0.005662982236919233,0.06416587207239462,0.010393657449033967,-0.014405135451434625
1785126497826281006,1.220304,0.05165404753468434,-0.002415451009079202,-0.004067356472734623,0.08354809448325816,0.05695377742501657,0.003818702280578446,-0.0042031208101743905,0.07054096390073995,0.008183534450636264,-0.013007130582518206
1785126497859624756,1.203335,0.04988982822547014,-0.0023144761473236648,-0.0036129258736308633,0.08951362527095631,0.055471763578554184,0.006231142251040052,-0.0023610457108905135,0.07500537190077788,0.01028361804222253,-0.014508253370178428
1785126497892968506,1.087421,0.04813919209875799,-0.002134437798345135,-0.003163962687995933,0.09491395258005583,0.052974521703727025,0.006413510415726392,-0.0034761180131161057,0.08102464430878781,0.009825745366441138,-0.013889308271268025
1785126497926312256,0.284624,0.04629150033509405,-0.0018465503545211617,-0.002940353826527077,0.10182239334925927,0.05068491857391263,0.008157310041510062,0.0004632191085499982,0.08657497598709925,0.01144393530953644,-0.015247417362160023
1785126497959655762,1.299763,0.04471838998550811,-0.0015074695395046612,-0.0027748875755042902,0.10757291034909611,0.04939914990486509,0.00664591409311089,-0.004680041504091696,0.09324495044058183,0.00959253822379009,-0.014327959908514279
1785126497992999268,1.302815,0.04335886623539499,-0.0010574016588702892,-0.0024878838097105653,0.1128136528527095,0.04774474317862039,0.008231292979195023,-0.002091916576373737,0.09807587891099975,0.010279715691117915,-0.014737773941709748
1785126498026342529,1.416725,0.042560242813124864,0.00015886160449174745,-0.002165559726795705,0.11908082185490829,0.04676418703318008,0.0117402557510615,-0.005344684146179807,0.10270586371651591,0.012724333752989194,-0.016374958138392376
1785126498059685791,0.608432,0.04168556406322824,0.0005498964948412373,-0.002314605647895805,0.12777230806072273,0.044133469997892714,0.011051769916721781,-0.012400046035198451,0.11188349717451045,0.014764745058415397,-0.015888810886212287
1785126498093028809,1.225878,0.042053677848952184,0.0008345176261537594,-0.002597652475590349,0.13784585768269936,0.04436556227047887,0.010328977842116161,-0.009083240535141927,0.12171635715367515,0.0117282751011898,-0.016129500529024204
1785126498126371826,0.579942,0.04301707610107337,0.0010475760760499122,-0.0032305066857995198,0.1443699308923935,0.04543180918314664,0.008499396907483364,-0.004025953868130386,0.1290985428107286,0.007873582779225903,-0.015271388081664896
1785126498159714600,1.460119,0.04447660106307607,0.0009488864213279294,-0.0031680916579062872,0.14765809400158367,0.046719333909653604,0.007765032369243382,-0.007242701550466105,0.13278506919034636,0.008251796288139228,-0.014873024811237312
1785126498193057373,0.862339,0.046482733609939625,0.0007545705819923907,-0.001978338213182859,0.14949655869764505,0.045813281773000675,0.005000613561288719,0.004733344153233556,0.1355510646157935,0.007970177346312793,-0.013945494081851558
1785126498226399902,1.316455,0.048781082056145154,0.0008390733216906531,-0.001586065264462882,0.14922930792996233,0.04958259428559411,0.008306194606787798,0.006310670426098493,0.13396439348527647,0.010897649136712602,-0.015264914444685862
1785126498259742432,1.367169,0.05130872684802212,0.0009676991710460195,-0.0015461372605144233,0.1493001873189645,0.05408940285345957,0.007902500959202169,-0.001190154969578493,0.1343463118271809,0.007479997211208659,-0.014953875491783593
1785126498293084717,1.382351,0.05385625149592955,0.000950896215404927,-0.001657684202507962,0.15040574318254182,0.05619839031843372,0.009447156760210275,0.0007630097982520054,0.13439279098730295,0.009139574221724588,-0.016012952195238874
1785126498326427002,1.419229,0.05652054689125373,0.0010928903790771952,-0.0014710480453012762,0.15112335273928373,0.05799475193379099,0.0037476479062505895,-0.0007024357343458064,0.13829840788189032,0.0031323765610281277,-0.012824944857393411
1785126498359769043,1.360973,0.05917784451395818,0.0013611978345059836,-0.0025438143486512495,0.15127422422121245,0.06259712321729571,0.011031556981829461,0.00022672539473447996,0.13465886404302085,0.010624650740565561,-0.016615360178191596
1785126498393111084,1.435755,0.06117335794613712,0.0016388333658258673,-0.003240539133588236,0.1509029927709091,0.061900745769696626,0.0004005365547210493,-0.0002661264884075373,0.1398523784676175,0.0033029687588691844,-0.0110506143032916
1785126498426452881,1.511722,0.06311263636733228,0.0019512472664976923,-0.0036544542159851466,0.15000593178146981,0.06336812958081596,-0.0025650754540881126,-0.0008001534058080492,0.14072316106737032,0.005348783115213537,-0.009282770714099497
1785126498459794678,1.332821,0.06485328467318063,0.002350861678925514,-0.0038671860716973233,0.14959288816847363,0.06430065082848482,0.0012197301868322017,-0.00114446052927843,0.13856833051020143,0.002999682816240539,-0.011024557658272205
1785126498493136230,1.427617,0.06642692482112159,0.002811494689169538,-0.003973848843892837,0.14884961437620356,0.06718135790472418,0.005038928023761679,-0.00026299335240540785,0.1357697547523224,0.004393299103906857,-0.013079859623881168
1785126498526477783,1.567953,0.06794816593774437,0.003263302419068316,-0.004111119909186116,0.1476035126367026,0.06956270804950412,0.005743087475998882,-0.0022198601862974446,0.13457366196148743,0.0035118290816386123,-0.013029850675215171
1785126498559819092,1.208557,0.0693454415799093,0.0037199885212293167,-0.004271828352206408,0.1465573407099989,0.07153753848926155,0.004666781462502769,-0.0021669888691643745,0.13449264666526523,0.0031830889059229215,-0.012064694044733678
1785126498593160400,1.529607,0.07092186399654014,0.004311519682110655,-0.004399527229573524,0.14505920626001043,0.07333801101908788,0.007064815859631437,-0.0006023025353644442,0.131947623493509,0.005276108571099354,-0.013111582766501428
1785126498626501465,1.542377,0.07249703144519387,0.004879671338661402,-0.004712215810397854,0.14380209093584645,0.07644234600020741,0.012192822185932402,0.00033954269857876967,0.1285123121381004,0.009724605199490617,-0.01528977879774604
1785126498659842529,1.544895,0.0742297414786561,0.005496778295773027,-0.005027430935899087,0.14322775492771006,0.07654725580658889,0.005765227662298835,-0.0005964977555773549,0.13157683129330142,0.005007604873693402,-0.011650923634408644
1785126498693183350,1.756836,0.07616786841572337,0.006143263912733952,-0.005283597637723386,0.14263675476763815,0.07838767783859447,0.004964916635174207,-0.0013125482141031607,0.13184592225184208,0.004699498878096933,-0.010790832515796073
1785126498726524170,1.809876,0.07825654529875865,0.0069144683201283405,-0.0045062425562712154,0.1423221607556261,0.08152216817712762,0.008518731598072864,0.00041616890097850943,0.1300824459491388,0.0061211181987567845,-0.012239714806487306
1785126498759864746,1.785435,0.08020963634511505,0.007570560819290285,-0.0038001452690448754,0.1422757351753552,0.08458312082062881,0.010761304904454127,-0.0017148096411760496,0.1290092510395004,0.005801451452475235,-0.013266484135854793
1785126498793205566,1.837998,0.08247470006553295,0.008348418217769257,-0.003458384946949414,0.14224902404136425,0.08573822555636283,0.009367667880479158,0.0001309628940568683,0.12998821385456522,0.004957104641619654,-0.012260810186799032
1785126498826549561,1.711672,0.08477058049666542,0.009149198495220435,-0.003320716884684514,0.14289639955425776,0.08914218329761171,0.009932573416611691,-0.0038605024500131834,0.1306500769416987,0.004473919509026002,-0.012246322612559063
1785126498859893555,1.71147,0.08694005126936162,0.010007682296309864,-0.003177217498005999,0.14384723861876111,0.09397038063566544,0.015655318097408076,-0.006578828972768861,0.1292152893506185,0.009638064212579128,-0.014631949268142624
1785126498893237305,1.549816,0.08922766616230647,0.010820684208647348,-0.0040601961721054465,0.14547229687625976,0.0961260534522002,0.01848936153780167,-0.004596539146584965,0.12982191055568595,0.010328795813952676,-0.015650386320573806
1785126498926581055,1.774496,0.09229294160156537,0.011749000382668684,-0.005070360918715045,0.14968283870728785,0.09919185669006685,0.016479845208411427,-0.010546019983521658,0.13479029621646246,0.009997938005289343,-0.014892542490825387
1785126498959924561,1.666063,0.09450552346787418,0.012362491539588585,-0.00532834838197192,0.15324664922803805,0.10213926195480923,0.02176102195895988,-0.0063520130216323115,0.13604824126608941,0.012151305552295686,-0.01719840796194863
1785126498993268066,1.938624,0.0967597816367251,0.01281322688185039,-0.0052239229850834104,0.15765144051243107,0.10362183125311597,0.0195125955244792,-0.012187178270209167,0.14189570049788128,0.011851421404771665,-0.015755740014549796
1785126499026611328,1.64733,0.09915114525823819,0.012898351487404994,-0.004152639446428869,0.16273888852912963,0.10738195598291339,0.017769503973586523,-0.01218973780919677,0.14816665863648726,0.01249277078241121,-0.014572229892642369
1785126499059954590,1.658827,0.10152602064647236,0.011849687235674523,-0.0028620413470435498,0.16936288101201363,0.10845084441664912,0.024647414132350474,-0.008213186893458221,0.15019178854370752,0.015503862635769894,-0.019171092468306117
1785126499093297852,1.601898,0.10473979139044377,0.010533174460495039,-0.002106559678858871,0.17913427914716354,0.11473175293701995,0.02392927924065319,-0.01209663927440942,0.16057052820557055,0.019470403415303664,-0.01856375094159299
1785126499126640625,1.57073,0.11039567409307265,0.010675674056373567,-0.0019676526626187987,0.18926710630680213,0.12090247534061864,0.01680963164581736,-0.003061831889832082,0.17344748296715543,0.012215381137966766,-0.015819623339646705
1785126499159983643,1.620142,0.11563691249612393,0.010950417439375523,-0.00036720682067304495,0.19849606725898739,0.13247878038404423,0.020474993059493247,0.006050552662725058,0.17981391535856703,0.02038513408060512,-0.018682151900420357
1785126499193326172,1.613299,0.1223773160388909,0.010305150935643699,0.0013022682837523234,0.21039041723826168,0.13815448148511925,0.028645685767266192,0.010544525855913431,0.18719864352194412,0.025898136853020694,-0.02319177371631756
1785126499226668945,1.506314,0.12623531064043977,0.009924104618856995,0.0035782722877458033,0.22484858962422782,0.1403615249793927,0.02753604136739126,0.010596670422189985,0.20178587422636912,0.02364293044353809,-0.023062715397858702
1785126499260011230,1.695456,0.13076682859203065,0.010738741595924289,0.004060851033366061,0.23467138393057735,0.14734007631806217,0.028772789365715628,0.0032596514660383153,0.21303507025318402,0.024505944990924372,-0.021636313677393326
1785126499293353760,1.723396,0.13576438083852185,0.011720402452602498,0.004207866810891801,0.24404036898924913,0.15249245261472694,0.026140895891700062,0.004231209633334812,0.2248066953041967,0.022085732074447625,-0.019233673685052438
1785126499326695801,1.841093,0.14223474067969027,0.014123178213517443,0.004473237142766159,0.25196549306302973,0.1619959544327204,0.02682223734865229,0.003819390428843891,0.2334772001390853,0.023498918856745436,-0.018488292923944438
1785126499360038086,1.8465,0.14935275787018903,0.018457415825237578,0.0047550193231827645,0.26155605218590305,0.16970514057598945,0.03207656736581142,0.008190791635830509,0.24128224047987773,0.02472863323907805,-0.020273811706025324
1785126499393380127,1.768694,0.1564673942287936,0.02065866509524271,0.005103802521811534,0.27325755716041394,0.18510712964620107,0.03959529174476047,0.00656475669340077,0.2538324488203655,0.034365166385946895,-0.019425108340048458
1785126499426721924,1.83894,0.16430839078213208,0.02500035879816823,0.004231903764627642,0.2840824847726003,0.1950097268375672,0.0427272147357872,-0.0018887342734174944,0.2644952338499568,0.035976042959372595,-0.019587250922643462
1785126499460063721,1.867224,0.17243945766607505,0.02779633018895001,0.004445279971830386,0.29589339886002725,0.1987844456559356,0.04752791984392751,0.014668976064366224,0.27463653206176747,0.03446618610015974,-0.021256866798259777
1785126499493405273,1.399443,0.17734623472190966,0.030634276417293212,0.00678093944446771,0.30764658736606243,0.20249045028150978,0.05311437253128347,0.021513895025408236,0.2838930876754551,0.036805519661483425,-0.023753499690607305
1785126499526746826,1.419087,0.18135275781928809,0.031881311777042724,0.011378701533986258,0.32012266490938995,0.20871917872343937,0.05713915777687312,0.025418824417550126,0.2952858860693829,0.039799558141264464,-0.024836778840007064
1785126499560088135,1.48785,0.18545952890936213,0.0343275399187587,0.013477244235163353,0.33230744043327903,0.21480872990515895,0.05619212133011973,0.028340061428070752,0.3086611742376985,0.03950112472190506,-0.023646266195580527
1785126499593429443,1.366595,0.19005044090656392,0.03699889926510408,0.014377983580583344,0.34510682281020366,0.22034659881037627,0.05621313565315885,0.027572815646569004,0.3220019423509014,0.03822496117667541,-0.023104880459302257
1785126499626770508,1.510227,0.19511477290792287,0.0395807772516944,0.01509949416810594,0.35743960761803295,0.2240863078761496,0.060374143527622506,0.02638616621388303,0.33259341679802307,0.037404583748105194,-0.02484619082000988
1785126499660111572,1.43833,0.19982217959915494,0.041838435035233226,0.015790584966985967,0.36885312765341577,0.2281462132963523,0.06274928211188757,0.027466000042326695,0.3440754953646248,0.03709217879182468,-0.024777632288790985
1785126499693452393,1.432241,0.2042544299631645,0.04391914005441647,0.01614721161866776,0.3815894558497798,0.2325996871175523,0.06612776383489877,0.028160187999340548,0.35554937976178824,0.037960350036504914,-0.02604007608799158
1785126499726793213,1.483851,0.20850563672697536,0.04602930362248097,0.016346589829075376,0.39336645515115726,0.23688444819341747,0.06809042334968428,0.029747124402884823,0.3676585538514794,0.03836175531345936,-0.025707901299677875
1785126499760134033,5.304769,0.2113874117008939,0.04751259225672823,0.016478002493785074,0.40223033653319096,0.2413280183514766,0.07027627695697541,0.02764230323191495,0.3787972088276034,0.0392334917985717,-0.023433127705587534
1785126499793474609,2.009231,0.21524038200828585,0.049637481630769656,0.016566170036799072,0.4130254938872912,0.2451513059548043,0.07461641874150987,0.028595245805279796,0.38728643513280103,0.0407836895628703,-0.025739058754490177
1785126499826818848,1.934576,0.21900250400762492,0.051543541882341955,0.016327436111697024,0.42329394914994317,0.24973996073206545,0.07692417302282614,0.028217872957666926,0.39704839403135095,0.04159747794475248,-0.026245555118592223
1785126499860162842,2.010595,0.22217602952696866,0.05306211059460468,0.015382454616969061,0.433447240767658,0.25695433294984216,0.07393003596824387,0.029890657592686616,0.41011017469432093,0.04307538336402647,-0.023337066073337076
1785126499893506592,1.972406,0.22513785920867033,0.054185945721569484,0.014248346202469809,0.44297737036341667,0.25830671273947353,0.07674535581710787,0.025736461640905844,0.41872061594393234,0.04172621028482443,-0.024256754419484328
1785126499926850342,2.081798,0.2286589773818252,0.05548079931066046,0.013290434835786683,0.45404718484044726,0.26044306323380184,0.08052304202561579,0.026666237338876828,0.4278292037356883,0.04261753308489626,-0.02621798110475898
1785126499960193848,0.359892,0.23181352196986335,0.054582591777264114,0.012357333509658695,0.46440847083764963,0.26398294574283526,0.08126226692943928,0.023799606604045877,0.4388675073389098,0.04333131091574752,-0.02554096349873985
1785126499993537354,2.06406,0.23511477482226595,0.054118908445511885,0.011570672582223317,0.4725627302191951,0.26789166169958956,0.07952549791555512,0.02078130535686054,0.4484307286653,0.04248122947817544,-0.02413200155389511
1785126500026880615,1.801031,0.2386335313452505,0.05440829797774136,0.010634692436102057,0.47946349915146164,0.2723683320819357,0.07867705943863029,0.02188557589880321,0.456447250287013,0.04305336156771812,-0.02301624886444864
1785126500060223877,2.062046,0.24177616328276616,0.05475236544153135,0.010289145494418946,0.4854539256026548,0.2754969788778915,0.07984204035143251,0.022153397536885038,0.46197966563923154,0.04367316874251435,-0.023474259963423283
1785126500093566895,2.069617,0.24498198562653745,0.055295475230676315,0.010211597867214008,0.4919766501285747,0.2799036133421064,0.07956801700109215,0.02025454165754409,0.46932634416552604,0.04369825038004501,-0.022650305963048678
1785126500126909912,2.130115,0.2480125253948707,0.056125551783448,0.010397545815004903,0.49700623475920785,0.28367100251693805,0.07846051892047363,0.02186319927726702,0.475653215372603,0.04361007861714651,-0.021353019386604836
1785126500160252686,2.073069,0.25104852302726427,0.05714593515133236,0.01042861974806543,0.5024104131517197,0.28594848204578266,0.07953775785944872,0.02245305600528505,0.480692320294158,0.043173926518095575,-0.021718092857561763
1785126500193595459,1.158522,0.25398114656652504,0.05834931931710961,0.010455036205103189,0.5087604827041385,0.2886587060975288,0.08019817296482325,0.022334214216060792,0.48696737677643154,0.04267341574049982,-0.021793105927707
1785126500226937988,2.088191,0.25621144077008406,0.05963081357150809,0.010442715463862556,0.513338038603201,0.2907554833457218,0.08199773004036405,0.02234748386805502,0.49173758878715457,0.0428403237680309,-0.021600449816046474
1785126500260280518,2.230219,0.2585627977694945,0.061211363027474645,0.010316722151622122,0.51810220289901,0.29393452373347145,0.08323289961389382,0.02155558082051458,0.49715619445047465,0.0431557529823895,-0.020946008448535336
1785126500293622803,2.146934,0.2607372237218456,0.06295040706046923,0.010162461643155797,0.5223331659013786,0.29545459932455337,0.08663311605256291,0.01950695118427991,0.5004912551960871,0.04305213535619182,-0.021841910705291512
1785126500326965088,2.233642,0.2631128257221387,0.06487505519188204,0.009817388259882837,0.5255405993122456,0.2999315198974354,0.08816484143449985,0.018242976049414463,0.504624809437577,0.04437365111865331,-0.020915789874668578
1785126500460332764,2.250946,0.27119214613479325,0.07078979307644982,0.007318473914613937,0.5309793956675551,0.311540366011547,0.094394769711161,0.015176538656829658,0.5102600491672549,0.04740171885745263,-0.020719346500300273
1785126500493674561,2.219626,0.2728894794587297,0.071790827292837,0.006902990288853859,0.5314529773152182,0.3127867882474355,0.09643981252729832,0.012542601482626418,0.5099784846894844,0.047235293331225926,-0.021474492625733865
1785126500527016113,2.121065,0.2743734288519592,0.07277612448857051,0.00711758657857711,0.5318801116520173,0.3144661183813096,0.0966903393095025,0.012180193309971681,0.5106098510524701,0.046956824968425286,-0.021270260599547175
1785126500560357422,2.24399,0.27573729676579783,0.07356402628247204,0.00650781098994963,0.5327606246302533,0.31696856667198153,0.09813097323541195,0.01325228725664961,0.5115313382417467,0.04846690067228575,-0.02122928638850663
1785126500593698730,0.90848,0.2768488585260008,0.07423574928301188,0.005168523746503184,0.5331056213711157,0.31642501740700835,0.09896559359146807,0.014418748250225077,0.511211222553822,0.0475752478150613,-0.021894398817293714
1785126500627039795,1.059027,0.27792632323529176,0.07493924505933687,0.0052770162233706005,0.5334801525155219,0.31733188898400005,0.09947710521893208,0.013665947538712912,0.5112991260002308,0.04717286679650869,-0.022181026515291188
1785126500660380859,2.496796,0.27884542842458854,0.07553915864350799,0.006413145885666609,0.5336645839771522,0.3197903221831615,0.09936740991562056,0.010929772147323694,0.5124003703833857,0.04758854690338056,-0.021264213593766512
1785126500693721680,1.247831,0.2795892175010537,0.07608900038657684,0.00499321020359084,0.5339485564468623,0.3191280817258435,0.10085690557720113,0.01278171971366687,0.511539868017762,0.047301498835731,-0.022408688429100376
1785126500727062500,1.040041,0.2804350081076715,0.07652453550626018,0.004111439963406878,0.5349632541030825,0.31980976834411,0.10193666106591139,0.012261574864756973,0.5117143525811026,0.047566506788355827,-0.023248901521979896
1785126500760403320,2.31249,0.28123703490658924,0.0768753154228819,0.0034256494860033454,0.5353770164699099,0.32297614577795897,0.10088596053357402,0.01045411855694025,0.5135938309599014,0.04866275611230023,-0.021783185510008463
1785126500793743896,2.082538,0.2817723736991953,0.07715889789735463,0.002940145762565233,0.5356929138403136,0.32079385387138776,0.10122216251278496,0.01122185365207549,0.5129215039323637,0.04658651418971169,-0.022771409907949906
1785126500827088135,0.925619,0.28235016420979847,0.0774521914683048,0.0025280485706447612,0.536738060444011,0.3224396812813641,0.10183780922567706,0.009678637495277264,0.5137335936803791,0.047465341612687215,-0.02300446676363188
1785126500860432129,1.116867,0.28260403778165444,0.07767843417955776,0.0022025218927023637,0.5373960958908234,0.3242351664097883,0.10173186155791064,0.010287230603137961,0.5152523209933626,0.048755315140305615,-0.022143774897460777
1785126500893775879,0.962652,0.28264586511629936,0.07778885368980931,0.002790874591386042,0.5378344908812617,0.3245239960532753,0.10259543776065778,0.008259249316121575,0.5152578698066917,0.048980073358139246,-0.022576621074569925
1785126500927119629,1.026591,0.28240121740636775,0.07799518059091516,0.0036046673316691025,0.5374916692364875,0.3245794596935106,0.10275332497709995,0.006025844877228651,0.5148935932821015,0.048967662151538534,-0.02259807595438601
1785126500960463135,0.944145,0.28211122472525074,0.07836526593176095,0.004325240877890749,0.5366859715247904,0.3243783803657543,0.10210772097918776,0.008799129011811353,0.5145198265887684,0.04868503150509886,-0.02216614493602198
1785126500993806641,0.948723,0.2817830432303621,0.07859240570579293,0.004728422570873025,0.5365607222761799,0.32298175476685037,0.10383947840766505,0.006353772398732931,0.5131408987855818,0.048346564245490234,-0.023419823490598124
1785126501027150146,0.937089,0.2817387207245006,0.07910400350046028,0.0017427068441545927,0.5363587681636115,0.3221369462675873,0.10406160306842852,0.00907276944548536,0.5126256677290618,0.04804818644823734,-0.02373310043454968
1785126501060493408,0.929989,0.2815379996009849,0.07950196820727913,0.0004823802137224972,0.5357375314399534,0.32255646170711855,0.10475729535356999,0.00845882741363697,0.5121466095456318,0.048825910055538345,-0.023590921894321548
1785126501093836426,0.781036,0.28122146084429483,0.0799293556978591,-7.839007596026663e-05,0.5352618088963285,0.32255578738543567,0.1043485184341758,0.007959848183035906,0.5121270392068049,0.04867684597075664,-0.02313476968952355
1785126501127179443,0.904835,0.2808149174634072,0.08041359759616609,-0.00041167657545710247,0.5344285656562815,0.32190975841321773,0.1047572151088065,0.007192552111133141,0.511393043620483,0.04836550382462608,-0.02303552203579851
1785126501160522217,0.86413,0.28034334018884105,0.08091230448190444,-0.0006713023674676555,0.5341818352190092,0.32174361739321095,0.10547030784610856,0.009160267488131564,0.5110280611976238,0.049129810173258945,-0.023153774021385406
1785126501193864990,0.891614,0.27973526829522316,0.08151983750477186,-0.0009074178380784727,0.5343187907208155,0.3211106257723604,0.10569196642853788,0.007894954821654407,0.5111457875851048,0.04872056842349927,-0.02317300313571069
1785126501227207764,0.80537,0.2789075380938903,0.08203022640374051,-0.0011998280322774895,0.5337019947318282,0.31879893036927215,0.10698308816106131,0.007645424360589175,0.5099569511813417,0.04787699841721357,-0.023745043550486566
1785126501260550293,5.831417,0.27814511797342123,0.08248220459157701,-0.0013670573264694535,0.5334153271555916,0.3174824376034624,0.10815258417430731,0.008015547970386751,0.5089621520662047,0.04790017104096887,-0.024453175089386936
1785126501293892578,2.500633,0.2769179621200274,0.0833144236222012,-0.0015385627554970521,0.5330466067706396,0.3172105995427648,0.10731089589953768,0.0050820563528564,0.5096135182165092,0.04736200913828564,-0.0234330885541304
1785126501327234863,1.176573,0.2756547680994664,0.08402650919256023,-0.0016219528527086774,0.5322572854677879,0.31545473498755433,0.10770069346648571,0.009788589375978221,0.5093592873828289,0.047693865845424246,-0.02289799808495907
1785126501360576904,0.246585,0.2739050114852772,0.08525097501502134,-0.0016625992837994623,0.5319277504278315,0.3137427261987641,0.11000386853863765,0.006819446318655464,0.5082792498531966,0.047662294835506845,-0.023648500574634856
1785126501393918945,5.742647,0.27284605092693287,0.08610702978251526,-0.001617367083740522,0.5319647832720011,0.31112298834091434,0.11169520829269504,0.005639041509372602,0.5075242755684221,0.04661045250727445,-0.024440507703579084
1785126501427260986,0.745997,0.27092788913535715,0.0875803898671019,-0.0015057542561852098,0.5319951556800243,0.30992334189643406,0.11248409556488695,0.006453259848190809,0.508159738948563,0.04694875716179214,-0.02383541673146128
1785126501460602783,0.04275,0.26933203044999604,0.08891196026401194,-0.0012914991429136403,0.5322801048152233,0.3093904997678216,0.11360679518563549,0.007357252679679266,0.5089727103631752,0.04784680495061521,-0.023307394452048102
1785126501493944336,2.585722,0.26772519798809913,0.09036871298305725,-0.0009507681776612677,0.5322492438566185,0.30697454506655614,0.11584838325813801,0.004908563303648447,0.5081698424714626,0.04715990467356654,-0.024079401385155963
1785126501527285889,2.640465,0.26594123767864597,0.09195633737221945,-0.0004571863345141454,0.5324783139090522,0.3061824268203007,0.1177213422275172,0.005910033106942263,0.5087152677390344,0.04820508543860917,-0.023763046170017788
1785126501560627441,2.753619,0.2642519805985917,0.09371680671823102,-4.963032347627544e-05,0.5326786207585139,0.3039052801454187,0.11905939110765545,0.005305085894175671,0.5087476171675728,0.047363527468475934,-0.023931003590941136
1785126501593968750,2.566839,0.2626316885738562,0.09558302090091192,0.0004968116092094023,0.5321199882242466,0.300395289041832,0.12219682945349104,0.0072989597607135215,0.5069574284100236,0.04669746829811275,-0.025162559814223
1785126501627309814,2.646842,0.2610800269269353,0.09763209183781586,0.0009104028202348523,0.5317720998167058,0.2990865709125561,0.1247360636543689,0.008387442435621156,0.5064541149805241,0.047276091160051326,-0.025317984836181754
1785126501660650879,6.020122,0.259713939414283,0.09974309552593869,0.0012744087397579167,0.5311474542355651,0.2992941434084741,0.125984765907535,0.007590982415780559,0.5068844039700626,0.04790737850939824,-0.02426305026550246
1785126501693991699,0.82737,0.25779091952822336,0.10263533429403665,0.001956080401315512,0.5297890680091107,0.29635558938043705,0.129336013782323,0.009211016122973245,0.5045247423411324,0.04746360856774188,-0.025264325667978316
1785126501727332520,4.598547,0.25622462391613154,0.10554812142169372,0.0023371838024038444,0.5294690683448265,0.2958563428045671,0.13143143959974832,0.010661010803432925,0.504773537231853,0.048061475194811173,-0.024695531112973512
1785126501760673340,2.62018,0.25510904429656184,0.10803732034195686,0.002694564589065033,0.5288341760203608,0.29501505140262146,0.13552956948168568,0.006777555887398185,0.5031667726647558,0.04863110099362408,-0.025667403355604912
1785126501794014160,2.732603,0.25349793022598544,0.11144085878599985,0.0032327726430476387,0.528079666698865,0.2922470415450459,0.1397696565038957,0.009633246136421997,0.5017669465374173,0.048424998390271395,-0.0263127201614477
1785126501827358154,2.817443,0.25229173270129385,0.11503377130757798,0.003651523852662172,0.5275422920526228,0.2914849160415972,0.14396616547483734,0.008476705897221663,0.5011614906614056,0.04895376833666062,-0.026380801391217235
1785126501860702148,2.701535,0.251934475277021,0.11851473040281407,0.0024177496637761108,0.5269251288494398,0.28946796808969266,0.14759209517694258,0.009215204145657905,0.4997765893547414,0.047963127633212775,-0.027148539494698365
1785126501894045898,2.737256,0.25143682680055235,0.12216132030402943,0.0026945926749045637,0.5276010941537774,0.28776367223479044,0.15262910348198347,0.014256560159600157,0.4995759867848043,0.04880168647802043,-0.028025107368973123
1785126501927389648,2.757241,0.2512344268137337,0.12474605208828782,0.006298586945903262,0.5303807964122121,0.28905219646214325,0.15733480778626735,0.019684211308504635,0.5023531332400172,0.051685449003558315,-0.02802766317219496
1785126501960733154,0.436185,0.24971849741105182,0.12778837867604934,0.010146686827258661,0.5320745893862864,0.286359516194319,0.16362276082511112,0.021498646631611374,0.5028940582413611,0.05249318234666646,-0.02918053114492525
1785126501994076660,0.583098,0.2500662595710338,0.13316520624934478,0.012287626935373098,0.5351320993375637,0.2866751131413174,0.1682061444855801,0.02824394076251627,0.5069904568936254,0.05312889480458261,-0.028141642443938242
1785126502027420166,0.566218,0.25070447759885256,0.13941065324647892,0.012715338300562668,0.5379476615156905,0.28501187015575513,0.17632462686220252,0.030382881151285502,0.5093631089506572,0.05340206646317987,-0.02858455256503334
1785126502060763184,0.539335,0.2506473410407997,0.14548813374184533,0.010949038220958942,0.5418617321793444,0.2817106594668264,0.18237193007669453,0.02721381386668886,0.5122767958946055,0.05089093348046675,-0.029584936284738902
1785126502094106445,0.557747,0.25042551635564203,0.15222585053322543,0.011406631053095868,0.5501482528112486,0.2748966826203528,0.19288209898512576,0.029184549230099385,0.5165581721579758,0.05067369032590775,-0.033590080653272736
1785126502127449463,0.497963,0.24986627832047448,0.15770044189881038,0.01392310349681758,0.5525962125705274,0.2798279698463801,0.20260558453817334,0.023891516223379854,0.5209205828443344,0.054895756182442246,-0.03167562972619298
1785126502160792236,2.862958,0.2498622001827508,0.16185238392240814,0.014669024343958104,0.5514871988799221,0.2792497859519609,0.2093655148717925,0.01926061798125901,0.5209542464742744,0.056055423841820426,-0.030532952405647795
1785126502194135010,2.856695,0.24982782675067586,0.16914116637576113,0.014650936729488011,0.5495452616359049,0.2819837092136085,0.21558644005334165,0.014090588367584967,0.5210730973281998,0.05649316962467216,-0.02847216430770505
1785126502227477539,2.895248,0.24999791664016674,0.17880891762359277,0.015983144742975512,0.5481050375347696,0.2732411133672299,0.22448770229700193,0.01453522348678278,0.5157085234181793,0.0512727416791493,-0.03239651411659028
1785126502260820068,2.766193,0.24998770885566177,0.1875085950100898,0.016392030502341857,0.5496980268662668,0.274404947515533,0.23400421177594063,0.018877212712768706,0.5170267174801929,0.052575850471761304,-0.03267130938607388
1785126502294162354,2.912983,0.2508442045889448,0.19632998314649575,0.016103432255558187,0.5504162766384195,0.27504489173993896,0.2452228634189186,0.016352894059103854,0.5171225811903195,0.05455501105402875,-0.033293695448100014
1785126502327504639,2.988962,0.25144871207075986,0.20635155429137594,0.01547209202113915,0.5496540575710132,0.26840038205426864,0.25924585081924595,0.011854017527895515,0.5120762812980146,0.0556619814904814,-0.03757777627299852
1785126502360846924,2.884935,0.25123588906249766,0.2153748120851469,0.015040500259440698,0.547820458389998,0.2918447519150745,0.26604696823524787,0.02093401643384544,0.5216748228705274,0.06520337939077682,-0.02614563551947069
1785126502394188965,2.838838,0.25158698996907297,0.22532241400622735,0.015392870377060044,0.5429890970075585,0.29604824586002365,0.27759195769048933,0.027888624548179978,0.5185516956818079,0.06974992720187333,-0.024437401325750566
1785126502427530762,2.956768,0.2518464544161661,0.235762804586471,0.016646308022473466,0.5385927407941425,0.2914979210502208,0.28875158367276965,0.022767144270783402,0.511172839255882,0.06646438257944431,-0.02741990153826057
1785126502460872559,2.935223,0.25344644699300206,0.24853140822632672,0.019343305311034262,0.5379032919861265,0.29330945127379504,0.3001880153070964,0.03225575222072395,0.5101246793747654,0.06651462583960836,-0.027778612611361164
1785126502494214111,2.986389,0.2535381981337552,0.25666002999395326,0.021616984354154344,0.540186279304763,0.2992875957555121,0.31158858546860513,0.036671572231695905,0.5135900022997402,0.07305336546284602,-0.026596277005022873
1785126502527555664,2.980096,0.25387699879949427,0.26418383288498004,0.023069965552918258,0.5410913813724647,0.2965891482893209,0.32462734420031936,0.038208852745408,0.5123954709798453,0.07554423657431308,-0.028695910392619428
1785126502560896973,2.992157,0.25577127155998275,0.2734382734217522,0.02385138181337384,0.5418723622080187,0.30411088569747946,0.3324838081554949,0.043762122247697065,0.5172236311658726,0.07886400352251133,-0.024648731042146158
1785126502594238281,2.930545,0.25775407329528477,0.2843823507777146,0.023704121665044264,0.543301286648024,0.3045822890746076,0.34603243601205896,0.043655659479658264,0.517496696628077,0.07994797473135086,-0.02580459001994706
1785126502627579346,0.299177,0.25999181161346435,0.2963729204884949,0.022853128920457304,0.5454487668521911,0.3067277819606416,0.3574820366482871,0.04756527339440238,0.52019400298649,0.08080386801771522,-0.025254763865701135
1785126502660920410,0.274487,0.2614128095244812,0.3082703917365105,0.021203915603246776,0.54786862809318,0.30794587637608223,0.3691508032275426,0.040437023553902655,0.5220256699965518,0.07900419770730255,-0.025842958096628288
1785126502694261475,0.253611,0.26188287236492014,0.317694035126469,0.019482401786917743,0.5517292132075623,0.30263272771135463,0.37934961773400233,0.04751258496164244,0.5240862361830393,0.07904209477385024,-0.027642977024523008
1785126502727602051,0.246098,0.2627751611827667,0.32781482898441916,0.020941788549247758,0.5586156233551534,0.3040339458266257,0.38847719528839597,0.04699479120493871,0.5322548663510468,0.0778522250373336,-0.02636075700410656
1785126502760942871,1.082343,0.26336845389786046,0.3359861243775923,0.022697189805881927,0.5608977089042501,0.3043729548885329,0.4044032528565055,0.04130525269051617,0.5325989226963395,0.08190563213303881,-0.0282987862079106
1785126502794283447,0.271597,0.26470593708545537,0.34371110744802186,0.023417561743040303,0.5603288069111583,0.30652100090047385,0.4114267861685843,0.04009247944345746,0.5343132880266332,0.0813139937941569,-0.026015518884525024
1785126502827629639,0.193619,0.26560288451923825,0.35299606897033436,0.024085054675033774,0.5590148597863303,0.30673654020665136,0.4216402843962275,0.03947426768457255,0.5323819981330767,0.08149131130801639,-0.026632861653253515
1785126502860973633,0.226795,0.2661279621773231,0.36309932683242163,0.024598894505098813,0.5580093938460106,0.3068365344165796,0.4314752664014146,0.03953446729095034,0.530921016467741,0.08096621702996139,-0.027088377378269524
1785126502894317383,0.385624,0.2671560503920357,0.37304294998290877,0.02467601137161224,0.5577454671221678,0.3047221077379907,0.4446547559779967,0.04265950866605642,0.5281777228429088,0.0828424142413593,-0.02956774427925901
1785126502927661133,3.203726,0.268022778097451,0.38147297444541534,0.02444022861129058,0.5573092405211102,0.3092918439623914,0.4548503980566312,0.04319976276490099,0.5293288234792648,0.08625138964008106,-0.027980417041845396
1785126502961004639,3.131914,0.26925280830536824,0.39273134508144975,0.023570816996655704,0.5560588450408563,0.31054987474825746,0.4678168909338333,0.044311382644456616,0.5280868610687083,0.0881672158805615,-0.027971983972148062
1785126502994348145,3.100395,0.2696582652294046,0.40331954115170005,0.02291368300311611,0.5544361635226063,0.3223379963418375,0.4819069206626817,0.04473185558542136,0.5302691050411887,0.09709357828050498,-0.024167058481417536
1785126503027691406,3.107971,0.27077468816781625,0.4134804443851242,0.022893969592544534,0.5504249985708388,0.3318483681385136,0.49294237581991984,0.04452394899091668,0.5301973598024817,0.10252828361620672,-0.020227638768357092
1785126503061034668,2.383363,0.2720886745707722,0.42812263013474394,0.024796989169607087,0.5464385978822507,0.32734314775129963,0.5052711473581603,0.04436982532543287,0.5230815764138375,0.0968919317147315,-0.02335702146841323
1785126503094377686,3.09713,0.2725350797816663,0.4385784905969236,0.0266192131961231,0.5472757036913752,0.3294508300076787,0.5197145271638605,0.05672865975682237,0.5224141092295445,0.10358106885803386,-0.024861594461830783
1785126503127720703,3.185524,0.2726501916609813,0.4462053687287872,0.027715719651684553,0.5477586200863056,0.3296256378505899,0.5333337007685829,0.05422554310886008,0.5213798292731567,0.1074258742215882,-0.026378790813148867
1785126503161063721,0.237749,0.27493949448408306,0.45653954483904735,0.028337811460721216,0.5473179967798311,0.3324423877861783,0.5444103988414516,0.05706711632718162,0.5218517421760106,0.10887259838606782,-0.02546625460382046
1785126503194406250,0.002268,0.2774145697188519,0.46826198255980594,0.028316596658329515,0.5477490915287724,0.3336750410859414,0.557817703996554,0.05597345654715029,0.5211708009008542,0.10931774686396244,-0.026578290627918166
1785126503227749023,0.187102,0.27947638234694167,0.47887083800693164,0.027771094388266946,0.5488071497826257,0.3365452153886992,0.5691966224348268,0.05939595965340827,0.5232091085956957,0.11142589977335131,-0.025598041186929987
1785126503261091309,0.064154,0.28163505642354114,0.4896706268899682,0.02668199446185985,0.551452378049588,0.3362725349941056,0.5822405134448883,0.05548802253572998,0.5238806523721703,0.1112844338383956,-0.027571725677417724
1785126503294433838,2.427965,0.28227670004683386,0.49904289271547936,0.02519409199420731,0.55385662331654,0.3435340378963718,0.5941301320902579,0.05860071329548149,0.52826100198483,0.11794086178714998,-0.025595621331710006
1785126503327775879,0.086956,0.2840362663249575,0.508947940847306,0.02322355543363699,0.5555674830911194,0.3345451347767403,0.6064379421607315,0.055380303893144675,0.5251420640749698,0.11440936421403307,-0.030425419016149587
1785126503361118164,0.107775,0.2852694266492866,0.5156794683592292,0.023853333589396498,0.5616733707393459,0.33351984528857764,0.6155367813751674,0.05643909844899289,0.5301763753609092,0.11559159975151663,-0.03149699537843664
1785126503394459961,0.119307,0.2861905125506952,0.5241983989190924,0.025887485361707353,0.5634973435114697,0.3372116544128627,0.6220740642567824,0.05705235588060316,0.5344328003485848,0.11469111533451251,-0.029064543162884978
1785126503427802002,6.603538,0.28742687469681266,0.5288928002627094,0.026942431832663507,0.5643855768084391,0.3318730938078713,0.6280830234081136,0.053016718491570004,0.5343519158718228,0.11177672023133509,-0.030033660936616302
1785126503461143555,3.073658,0.28840192832698897,0.5363189374724432,0.028049945539319276,0.5654384865438274,0.3383263530699457,0.638480983026206,0.052484668622010976,0.5362596417972681,0.11630385818953767,-0.029178844746559296
1785126503494485352,0.034931,0.28951279048612744,0.5445315271441754,0.028672431544757317,0.5655493644745969,0.3360120791605139,0.6453709709973879,0.04972896888371714,0.5349532312463142,0.11302280764764312,-0.030596133228282696
1785126503527826660,0.00809,0.2909892752786783,0.5522250125529246,0.028775701586911805,0.565563649942171,0.3341775789424579,0.650451221253706,0.04967692045613701,0.535550454022541,0.10931824458572126,-0.03001319591963003
1785126503561168213,0.007467,0.2924078527519071,0.5604155803331736,0.028896320502824327,0.5668689882398436,0.3350150191329449,0.6596744319748856,0.05229939328671745,0.5356909192676965,0.1105232738927916,-0.031178068972147033
1785126503594509277,0.08398,0.29437274604586156,0.5688380851487375,0.028797619163797316,0.5677686699969083,0.33919128948862076,0.6684980521642874,0.05765169796342807,0.5377862420761831,0.11301932898954184,-0.029982427920725252
1785126503627850586,0.008302,0.2958909551530436,0.5760999504262044,0.028867581805025765,0.5667474102801271,0.34934133174351945,0.67939809462562,0.05965011506504702,0.5387181599997025,0.12031215111787856,-0.028029250280424578
1785126503661191406,0.015889,0.2976869536665527,0.5829840618385382,0.02814872098435706,0.5634810443447251,0.3583825585744111,0.6891871025803742,0.0635805374030004,0.5372960592748225,0.12735170172662538,-0.02618498506990263
1785126503694532227,0.085806,0.2989605970605004,0.592149795470464,0.0282070027782942,0.559905220392588,0.35796970218596724,0.6963889945156557,0.0595812449149242,0.5319909075568612,0.1238233749133797,-0.02791431283572687
1785126503727873047,0.139816,0.30211307023616574,0.599726165822319,0.0286181996624724,0.5584590205899705,0.3627083658862185,0.7045519579688952,0.06387246666729399,0.5306046450495826,0.12610749341780517,-0.027854375540387943
1785126503761213623,0.051274,0.3040568099510251,0.6062659978945064,0.02838361213723367,0.5577358713988888,0.36646297590886606,0.7123818906742392,0.06584078334444775,0.5294319895637185,0.12867848275777843,-0.028303881835170297
1785126503794554199,0.127901,0.30652599699347854,0.6117143514659587,0.028339808667008172,0.5577532713539942,0.36994711194184016,0.7190902492501596,0.06452201080196265,0.5295079240397318,0.129849809386041,-0.028245347314262426
1785126503827894775,0.144473,0.308441763061439,0.6167153343856384,0.028362565859781884,0.5567540455540748,0.3689927968219923,0.7263316025402828,0.0630890110522767,0.5274210835174896,0.12995414548728304,-0.029332962036585194
1785126503861315918,0.258302,0.3108459160075332,0.6222193630034261,0.028246308714993375,0.556424138326578,0.3708838321751442,0.7334967944874932,0.06455807515029477,0.5270818420902141,0.13155136835887424,-0.029342296236363863
1785126503894738037,0.290615,0.3129213301281152,0.6305105370781063,0.02763565514769735,0.5567534249602115,0.37748414559029975,0.7419946070236165,0.06795608252048867,0.5285010312461539,0.13499182143946367,-0.028252393714057633
1785126503928161133,0.428093,0.3141356793912808,0.6376672402845719,0.02697042943987342,0.5565216131795886,0.38087466269453263,0.7509280675104052,0.0662958605852896,0.5275132352376821,0.13721733276450412,-0.02900837794190647
1785126503961584961,0.443279,0.315491620209148,0.645212268582535,0.025920469911992813,0.55716094710929,0.38150752916557606,0.7602593483326133,0.06614436675838269,0.526851129237493,0.13860697194540142,-0.030309817871796985
1785126503995009766,2.684584,0.31650573253884084,0.6526077667473908,0.024402849756820544,0.5577385961318386,0.3795238588676646,0.7671630844505811,0.06483678972382706,0.526736799741909,0.1368543333670145,-0.031001796389929615
1785126504028435547,2.640026,0.3170883800871147,0.6591267444546327,0.023067451159853307,0.5607219389680445,0.3743936730613793,0.7724350441777984,0.06781821299999848,0.5283558480570578,0.13463022719394943,-0.032366090910986633
1785126504061862061,2.512958,0.31765313430033437,0.6652527243201108,0.02350288129929167,0.5658194898336557,0.377147720915362,0.7796228730314357,0.0704878123452056,0.5342009080749986,0.13721414102829518,-0.03161858175865706
1785126504095289551,2.478375,0.31817105854347294,0.6708401965627981,0.02475975898669669,0.5689714883983232,0.37511154722742207,0.7845567450008445,0.06559391463961699,0.5369748722490117,0.13357058399257077,-0.031996616149311485
1785126504128718018,2.275921,0.3179788116568154,0.6763413714696939,0.025900638444490247,0.568622314816685,0.3738569655529423,0.7886272484854352,0.06247088911248797,0.5371607224842864,0.1306440564815469,-0.03146159233239865
1785126504162147217,2.291842,0.31752235435305565,0.6809218672377447,0.02690112512050027,0.5660359657914453,0.36913989417409443,0.7925030901355983,0.058337672009448796,0.5337634718876841,0.12689758154061906,-0.03227249390376119
1785126504195577393,1.203928,0.31716942718664987,0.6842712180652286,0.027248259783851,0.5646547425549686,0.37107750764326497,0.7993051308180094,0.06286339376208437,0.5329958907664989,0.13193680301575741,-0.03165885178846973
1785126504229008545,1.233591,0.31632334298738224,0.6892186643349938,0.027513084249615433,0.5634049571156118,0.36893319220572574,0.8053891828100193,0.06444907862705597,0.5321720729972936,0.13276917292121462,-0.03123288411831815
1785126504262440674,1.233951,0.31532061158367286,0.696697166164667,0.02705461841309654,0.5606481310536977,0.36639630983055366,0.8124587354187337,0.05523919768754816,0.5286772143037906,0.12962961998111522,-0.03197091674990715
1785126504295873535,1.495636,0.3150536682263133,0.7060789177231708,0.026634771232582736,0.5581145233538728,0.36028579131897,0.8254774156938358,0.06001501961386946,0.5212173368976304,0.13197040296640966,-0.0368971864562424
1785126504329307129,1.634313,0.31328991396710604,0.7127034304917539,0.025915312442693038,0.5596812822517856,0.3687743498714828,0.8353548962308939,0.07030636770075482,0.5260316352810194,0.14174791166895762,-0.03364964697076622
1785126504362741943,1.661439,0.31338649425491877,0.7202993866807866,0.02597933446732528,0.5580138879116433,0.38120043351041705,0.8440401982245299,0.07096490749042136,0.5286874827889193,0.1481020613599585,-0.029326405122723997
1785126504396177490,1.740558,0.313729620501239,0.729953164281106,0.026419678407679347,0.5566136222828053,0.3786286192182226,0.8533635015968843,0.07581562052035638,0.525107861614417,0.14792548964955354,-0.03150576066838828
1785126504429614014,1.929373,0.3131538911511007,0.7363164966770485,0.02837869031608093,0.5588894278177037,0.37851471017055893,0.862598852814309,0.08054464805875924,0.52632472586493,0.1514614052545505,-0.03256470195277372
1785126504463051514,1.846651,0.3132878800715034,0.741353998794547,0.029619491389064136,0.5609281268724636,0.3790290861113211,0.8708922861783334,0.07830571200129645,0.5284072251293961,0.15320712172545095,-0.03252090174306754
1785126504496489746,2.079851,0.31490557193551083,0.7482066798374717,0.03028920031145832,0.5616114107232473,0.3771774011393579,0.8782566175252089,0.077293877299917,0.5288551640419371,0.1516581902297623,-0.032756246681310164
1785126504529928955,2.134021,0.3160079753892356,0.7553721038367099,0.030159449078263383,0.5635946972991255,0.38130013370303567,0.8867806982230126,0.08268610092883304,0.5322555781696037,0.15585356515168047,-0.03133911912952181
1785126504563368896,2.308372,0.31723480206168625,0.7635080177739861,0.029360001514486818,0.5665279122394933,0.3818721934866982,0.8955748604042816,0.08153870240345376,0.5344930419900408,0.1560200631938909,-0.03203487024945251
1785126504596810059,2.408842,0.3176164563421911,0.7712307996162271,0.028163404977878927,0.5692111673315513,0.3870519792872539,0.9043957160877364,0.08096025781751937,0.5378289771466573,0.15919074877419553,-0.03138219018489396
1785126504630251709,2.518144,0.3171111659890016,0.7787197694631549,0.02669842799912625,0.5706560492108675,0.3904629144517684,0.9130472661239805,0.0783551183357556,0.5392605332838742,0.1615325633370669,-0.0313955159269933
1785126504663694580,2.687557,0.3167034844630986,0.7850761477421471,0.02357133172409885,0.5725989749741675,0.38251387088421707,0.9202284864325873,0.07707493159539663,0.5386903958312428,0.15956126351210786,-0.033908579142924666
1785126504697138184,2.784031,0.31697549088591953,0.7889482112818658,0.02359382647699799,0.5779033660430952,0.3751342874761728,0.9249772936717334,0.07721845635138427,0.5434795545571577,0.15735932703790004,-0.03442381148593754
1785126504730582764,2.903177,0.31527458328645325,0.7954647814149697,0.025530581795094175,0.5792667796285169,0.376963028402498,0.9290897667847926,0.0718992690222826,0.545799011290107,0.154308639197854,-0.03346776833840992
1785126504764028320,2.977046,0.31435757914336954,0.7998837350226602,0.02696342451606035,0.5780756947824311,0.37376882960986046,0.9360844125044602,0.06742843230145103,0.5438114073785861,0.15400564302506953,-0.03426428740384502
1785126504797474609,3.077874,0.3137890711420257,0.8046893355660915,0.027672495667801236,0.5775060526494752,0.37272352674282866,0.9414116431710329,0.06718959623440775,0.5434024683971992,0.1540385039234494,-0.03410358425227599
1785126504830919678,3.239471,0.31259944624293917,0.8096791286307718,0.028067104722865895,0.5770684155941445,0.3694032837173267,0.9483709546120572,0.06695611720009033,0.5418015690301003,0.15483686201061264,-0.03526684656404411
1785126504864277344,3.284101,0.3110693299645911,0.8160192064344131,0.028111436420180005,0.5757249754434972,0.36804341665261836,0.9549462884035713,0.06536502866047891,0.5406599073702388,0.1547081471455415,-0.035065068073258376
1785126504897634766,3.309891,0.31002038404334625,0.8222035849970759,0.028048603771437183,0.5748137084266717,0.3698494500387409,0.9615666673663761,0.0697472479062113,0.540622179141419,0.15729069517308444,-0.03419152928525271
1785126504930992432,3.354282,0.30899482203733275,0.8278853580757035,0.028327129768931324,0.5716464407086754,0.37195177324484074,0.9674755211731363,0.07071751761070053,0.5386990955234761,0.15888969859713384,-0.03294734518519937
1785126504964349854,0.593412,0.30824854891940645,0.8348033090520997,0.028437606253282253,0.569122132019155,0.3740292370431139,0.9732399299817435,0.0774114236533721,0.5368799681855663,0.1609044180101457,-0.03224216383358869
1785126504997707520,0.085888,0.3081974015561864,0.83911363468102,0.02847648694527478,0.5702920833411655,0.3720027064748642,0.9792392414307789,0.08068747256081907,0.5365502295475668,0.16258010217028437,-0.03374185379359873
1785126505031064941,0.123359,0.30913165304568113,0.8437261670352065,0.02724115328021074,0.5720745306047054,0.37436377625977213,0.9856252147615852,0.0805162468681668,0.5379315615622704,0.16501153063188315,-0.03414296904243497
1785126505064422607,3.208733,0.3105367947225794,0.8482366932859012,0.025118406813465024,0.5722483429517684,0.37646117525404754,0.9884083591572526,0.07820595944615669,0.5390210742329025,0.1637449483377621,-0.03322726871886594
1785126505097780029,0.361625,0.31152451001019943,0.8519903583303358,0.02495103249379504,0.5713672648104657,0.3794967431957717,0.9939232890401446,0.07678029335311322,0.5378280904012259,0.16568480191415402,-0.03353917440923981
1785126505131137451,0.080331,0.3124102442050507,0.8554088363716111,0.026564492320511238,0.5707182979803056,0.38013482492535655,0.9973622795576759,0.0772172276122762,0.5364052029580721,0.16523649251499542,-0.03431309502223345
1785126505164495117,0.280172,0.3131799640521786,0.8577507628328704,0.027035809816846643,0.5712900922160334,0.3823030519478929,1.000005690354158,0.07827514164464676,0.5367315371469622,0.1662526234694805,-0.03455855506907124
1785126505197852539,0.100921,0.3139262652865502,0.859750192561433,0.027342448413953547,0.5713372856081349,0.38443572823785727,1.002291154810571,0.07649905006337898,0.536676540705742,0.16645083889939466,-0.034660744902392904
1785126505231210205,0.278589,0.3148870637068795,0.8616863648556404,0.027316425403753154,0.5702247298727225,0.38577020803956064,1.0046261351018015,0.07601901322425399,0.5358107421217192,0.16681768530023017,-0.03441398775100335
1785126505264567627,2.988182,0.31574750663936535,0.8642778870218308,0.027153068915952306,0.5683890167678844,0.38466720145404876,1.0071650106217656,0.07552364633011978,0.5338139264471213,0.1658504361869214,-0.03457509032076311
1785126505297925049,2.994341,0.3158155709788578,0.8673511443446097,0.026784486972152015,0.5667537369984593,0.3849708807679136,1.011272193233753,0.07702166589119218,0.5317641356997338,0.1673902605623012,-0.034989601298725526
1785126505331282715,0.349287,0.3153987870008271,0.8706904095005155,0.026256564923375653,0.5665050952684573,0.38542589763239293,1.0154820181447277,0.07833178315368994,0.5312834486857984,0.1690568972592338,-0.03522164658265891
1785126505364640137,0.399157,0.3147400840531019,0.874400828236227,0.02573075691420057,0.5672518173591694,0.381806677309598,1.0200062090940294,0.08047460636561928,0.530809963367812,0.16939818156797778,-0.036441853991357354
1785126505397997559,0.312889,0.3136245593175525,0.8780032726434693,0.02548166223066698,0.5714155330485406,0.3801412372633724,1.0263135420311655,0.08213245020556395,0.5335204236609261,0.17213284471295903,-0.037895109387614534
1785126505431355225,0.460993,0.3136920108191772,0.8807314287444576,0.023920008658351807,0.5781265812313457,0.3797965024678983,1.0289652078976408,0.08362989165391838,0.5405792988813464,0.17294024177592318,-0.03754728234999938
1785126505464712646,0.422885,0.313445803216236,0.8833634064494302,0.022053397161437286,0.5817667330901107,0.3790318949089654,1.031506506500414,0.08083915376513352,0.5448283216805015,0.17234755204444285,-0.036938411409609184
1785126505498070068,1.196652,0.31277268512306483,0.8855062208913406,0.022216773523032734,0.5839026075562026,0.3803511460139511,1.0338054919286896,0.07994222314743182,0.5479962035188364,0.17289230665628014,-0.03590640403736623
1785126505531427734,0.476615,0.3124376044388776,0.8885888052700608,0.023217332202354987,0.586777790230602,0.3782324740862021,1.0354449453547103,0.08136036312488146,0.551024392841875,0.17110319341651253,-0.03575339738872696
1785126505564785156,0.524101,0.3117454703124295,0.8917955477700106,0.02436275622015314,0.5876090531520082,0.3762303807579775,1.0372296456561203,0.077698897862441,0.5519599429128348,0.1677919083519914,-0.035649110239173394
1785126505598142578,2.898596,0.3109550746124999,0.8945174731207162,0.0253221863114193,0.5860709169453169,0.3715060458542141,1.0400625118256281,0.0745515566493979,0.549898120661581,0.16514632697642137,-0.03617279628373593
1785126505631500000,2.791268,0.31021241583336384,0.8972053456805558,0.025994239545051447,0.58414896281758,0.3707543122061835,1.0444726829428497,0.07271248490192127,0.547900866377463,0.1659384955035092,-0.03624809644011695
1785126505664857666,2.801712,0.30894462442941906,0.9005235853245271,0.02653336176456789,0.5825437551703628,0.3691825783108333,1.049306473275506,0.07451819851284276,0.5463723488663644,0.1675335888489574,-0.0361714063039984
1785126505698215088,2.685324,0.30755861147229135,0.905773166950987,0.026610876192786945,0.5804183222864328,0.3662218815394402,1.0563654539723328,0.07317109834561217,0.5438498404606786,0.1681881995034464,-0.03656848182575412
1785126505731572510,2.691721,0.3066327375970997,0.9128468427998017,0.025963566304308374,0.5775379700485819,0.36256136291182683,1.0638462091552052,0.07711271294962407,0.5404747662333679,0.16895281877456952,-0.037063203815213996
1785126505764929932,2.638275,0.3056592903391645,0.9189632036437431,0.025234060487428888,0.576619357186513,0.36373015668542713,1.071564361752062,0.08737082428135089,0.5403200183805402,0.17470064793522466,-0.0362993388059728
1785126505798287598,2.617964,0.3045214973252458,0.9260521365303997,0.02507543575408787,0.5734898909200302,0.37632365334806805,1.079350769185712,0.07806264916686026,0.54120858503079,0.1773800021669996,-0.032281305889240275
1785126505831645020,2.5371,0.30370904294688256,0.9329719799499112,0.026340747498372785,0.5702322044463639,0.37782939796454384,1.0877246334679744,0.08192768911202061,0.5370266655699182,0.18036662351107247,-0.03320553887644573
1785126505865002441,0.756692,0.3047652452248292,0.9396052913233661,0.026889833802299343,0.5717586811498147,0.37237238560953856,1.0941338748177176,0.09057269393967228,0.5364792600201327,0.18029230494684118,-0.03527942112968197
1785126505898359863,0.790826,0.30521537377905184,0.9462748248065707,0.028253632974725794,0.5749610581779923,0.3743021229593507,1.1018258183105134,0.09322871791002543,0.5394032757576867,0.1821835671917601,-0.03555778242030561
1785126505931717529,0.84237,0.3050775696903418,0.9510106960207875,0.02979126752480713,0.5777775753940815,0.3751874954890418,1.109960352271344,0.0925911236370036,0.5417496974933228,0.18472741227382,-0.036027877900758676
1785126505965074951,0.820476,0.3063569815478071,0.9561051608204717,0.03106053665717334,0.5784003036308386,0.3763813408659771,1.1169964097182408,0.09294611768051304,0.5433424986248312,0.186062435780037,-0.035057805006007414
1785126505998432373,0.810503,0.308438266753973,0.9634420551291136,0.03160452959863804,0.5798297165038059,0.37849333725708273,1.1250342920078258,0.09625919831758145,0.544948047622625,0.18761660403551125,-0.034881668881180834
1785126506031789795,1.233021,0.3109245214999302,0.9718413432174542,0.0313724857427352,0.5822346576646705,0.3804019830280405,1.133697892772078,0.0992397269803071,0.5476110438328127,0.18876075526262662,-0.034623613831857865
1785126506065147217,0.888784,0.31221770172645924,0.9804366526166276,0.030195451813703922,0.5858079301683115,0.3828024299871062,1.1423172814163702,0.09797540827176791,0.5510622495520827,0.18916041959587235,-0.034745680616228736
1785126506098504639,0.833273,0.3124469346866046,0.9885076061460608,0.029021683890236342,0.5876123467178156,0.3939813058685852,1.1547639141459607,0.09738666480786122,0.554561583103321,0.19738992945352044,-0.033050763614494556
1785126506131862305,1.020716,0.313917980197477,0.9962688061186534,0.02685507572092933,0.590243894163435,0.38824424247267747,1.1649501665916944,0.09972998505470979,0.5543359584041554,0.1982133876539236,-0.03590793575927964
1785126506165219727,1.02624,0.3154336389188242,1.002789318239944,0.02694284441614174,0.5963179199883748,0.38208692143961187,1.1710665936610392,0.10306626823947099,0.5598106945701602,0.19635344954578524,-0.036507225418214606
1785126506198577148,2.31325,0.3159992697782989,1.0112059794475499,0.029030781095460513,0.5990686212308307,0.38708720894497595,1.1800481499039028,0.09557723562214031,0.5635170085139126,0.19490922048340553,-0.0355516127169181
1785126506231934570,2.232386,0.31702559967647037,1.0173022357442958,0.03016683911217833,0.5991485428652055,0.3819815965490238,1.1881370036238195,0.09497203268071631,0.5627784362502897,0.19391625140666674,-0.0363701066149158
1785126506265291992,2.211365,0.31802273752269433,1.0239572825056253,0.03074684030883161,0.5975217441891835,0.38309813049748437,1.196246230655578,0.09287864945220277,0.561467721018497,0.19436730726351253,-0.03605402317068651
1785126506298649414,2.236121,0.3187839682098001,1.0323305508821026,0.031274539274694604,0.5955700144866012,0.38496302333529026,1.2045283581998663,0.09286410948197202,0.5595438956447085,0.19448657367711913,-0.03602611884189267
1785126506332006836,2.20294,0.3195470229848706,1.0407485788774484,0.0314200772381136,0.5939853639408728,0.38621898195999943,1.2133606409431672,0.0949054957262679,0.5581911697913741,0.19562840398259373,-0.035794194149498686
1785126506365364258,2.091559,0.3208728985208459,1.0489909443772374,0.03138913276837486,0.592938933903103,0.38622862912602574,1.2239769128341287,0.09689329164803712,0.5562109602036349,0.19794508205627398,-0.03672797369946812
1785126506398721680,2.239576,0.3223147659163327,1.0586071670391566,0.030994112694087635,0.5918009266091955,0.38768813370310257,1.2347718715317262,0.09552319155840704,0.5549326177458753,0.1986748155751408,-0.036868308863320154
1785126506432079102,2.030443,0.3235998499722301,1.0689231151576655,0.030033724128912545,0.590977132995728,0.38962714498254913,1.2457349607675852,0.1000095475186771,0.5545227665815712,0.20129244470034463,-0.03645436641415678
1785126506465436523,2.030881,0.3250678309784763,1.0785544631732333,0.03009298971771703,0.587981192581971,0.4085686026715722,1.256473120587399,0.10073505966406007,0.5570833263021183,0.20884858049722474,-0.03089786627985269
1785126506498793945,2.043238,0.3269021363181365,1.0888343667609803,0.03131178912881375,0.5841125461525805,0.4167970578798665,1.267896787652943,0.10162072183179904,0.5547465128008775,0.21233886482722114,-0.029366033351702958
1785126506532151367,2.051781,0.32937800332263123,1.1016277958756433,0.03453067020569403,0.5839582932528038,0.4168514286487612,1.2806669534746873,0.11166915508460863,0.5514104578298447,0.21367490714044052,-0.03254783542295914
1785126506565508789,1.860768,0.3309594385304717,1.1099153791084144,0.036599358585531004,0.5856701651641784,0.4184007095783569,1.2927385555148998,0.11595935609716937,0.5520363743285778,0.2176425944498775,-0.033633790835600585
1785126506598866211,1.983752,0.33267436007933104,1.1179793025793856,0.03789719312667102,0.5858537155899618,0.42064396602287957,1.3045291300790083,0.11523243859489757,0.5523685356074003,0.2202730802926972,-0.03348517998256151
1785126506632223633,1.884052,0.3359693328632502,1.1285943540866819,0.03854570823202169,0.5856396515776255,0.42293249178621173,1.3163821062650436,0.11684946936338388,0.5518545951433308,0.22126524780312767,-0.03378505643429475
1785126506665581055,1.909523,0.33882487476035317,1.1389449778492995,0.038354992783378755,0.5867643318804635,0.4269219846181133,1.3286169664590615,0.12028523239392284,0.552686017483207,0.22460883373347787,-0.034078314397256504
1785126506698938477,1.896847,0.3426380102086613,1.150338452205879,0.037570889460967885,0.5890576677137719,0.4277384376295846,1.3410675607722855,0.12235701638649468,0.5541849089027278,0.22540710485872317,-0.03487275881104413
1785126506732295898,1.576236,0.3455792883121645,1.1599613290071435,0.03685821301013083,0.5913093981092118,0.4317093246855619,1.3531954446927545,0.12352100337974188,0.5569840984317671,0.22862249641085192,-0.03432529967744469
1785126506765653320,1.725106,0.3472934907500225,1.1725810522617592,0.03488998085932052,0.5938280517281832,0.4500307068761758,1.362797850436512,0.12443839865960395,0.5632228332514274,0.23400060900720032,-0.03060521847675579
1785126506799010742,1.819956,0.34921608878029997,1.1826833802468473,0.032383354648000434,0.5954019321181881,0.45066771801212,1.3760120758355894,0.12575108482327063,0.5631070573042637,0.23745726068056386,-0.03229487481392446
1785126506832368164,1.833983,0.3520291555865755,1.1916650258282806,0.03456563266213126,0.6010085618087517,0.4338272982722698,1.3869114867830687,0.130175367321568,0.5643437333392108,0.23227857848679614,-0.03666482846954089
1785126506865725586,1.859453,0.3532686135031565,1.1998031501921558,0.03726381981993136,0.603562636130188,0.4406352622698255,1.3957436375209706,0.12433417811761721,0.5687305917750398,0.23153153820907285,-0.034832044355148195
1785126506899083008,2.431856,0.35545354168599347,1.2074454757688633,0.038614899612898185,0.6037220047444599,0.4362750168926027,1.4086481549700638,0.12176397234942689,0.5670452042875974,0.23222488512056214,-0.0366768004568625
1785126506932440430,1.713699,0.35777948929744025,1.2147122052282073,0.03941520450481534,0.6032482257762278,0.445962631651804,1.4174953208988772,0.12464905661826849,0.5692876003148503,0.2369853753772419,-0.03396062546137757
1785126506965797852,1.691486,0.3594988822214297,1.2247029935073206,0.04006937722791833,0.6019250204518336,0.44521976780919564,1.4282344053163274,0.12063958404556903,0.5667849966231975,0.23508437643866803,-0.03514002382863612
1785126506999155518,1.653055,0.36162638607185665,1.2351029123446677,0.04054174230722725,0.6010372862839677,0.450740627932689,1.4376734518993748,0.12629321438648625,0.5661466105012785,0.23733833774103164,-0.03489067578268923
1785126507032512939,1.727164,0.3631065759757498,1.244131882972668,0.040265551994146144,0.6010473202158579,0.4486209485913972,1.4503637068310995,0.12805621583407786,0.5642098012005982,0.2398988823510414,-0.03683751901525978
1785126507065870361,1.69756,0.3645290197960608,1.25354615115475,0.03940594742940126,0.6011672367128704,0.45237046303073103,1.461593700902108,0.13096754557770163,0.5649555466994732,0.2436871526381726,-0.03621169001339719
1785126507099227783,1.632432,0.36644945155709,1.2637448283404324,0.03967170751964886,0.5985147322814015,0.4685846139070573,1.4698445100195487,0.12591846497084885,0.567760108464072,0.2456566167383516,-0.03075462381732952
1785126507132585205,1.561343,0.3678658198402336,1.274331918072481,0.0405688777855552,0.5953176025427545,0.47426866894436065,1.4800905397540391,0.12949862320748898,0.5656488408866349,0.2481263313608214,-0.029668761656119536
1785126507165942627,1.73058,0.3692243596100299,1.2851594201073773,0.04175534849102896,0.5926339729562932,0.4731711845227296,1.4908970529960883,0.13316711626034106,0.5607723447027476,0.2479698112327227,-0.03186162825354555
1785126507199300049,1.619675,0.3697848339215927,1.2938928574014692,0.04284280416272578,0.5926541474460312,0.47735359182026543,1.5007733538084729,0.13770403454628144,0.5606549199384523,0.2517324581760436,-0.03199922750757889
1785126507232657471,1.501379,0.3706273113605203,1.3003522433656178,0.04318462042142748,0.5929225357141252,0.4732506222609961,1.5127303038003077,0.13852054908354058,0.5585059140900109,0.25441093488300387,-0.03441662162411429
1785126507266014893,1.643198,0.3717803379287513,1.3077389947852698,0.04319229749328816,0.5929235677212709,0.4709590703226095,1.5228895052207938,0.13877867727724263,0.5576420007115284,0.2554660820933406,-0.0352815670097425
1785126507299372314,1.789309,0.3728447232222318,1.315830354372122,0.04306284811417015,0.5931390900213263,0.47166060575446317,1.531584187174172,0.13740079875279537,0.5577358414486565,0.2553702095783579,-0.03540324857266974
1785126507332729736,1.37299,0.37324546955383864,1.3233773950102699,0.04275385973859204,0.594577772136011,0.47444978690702655,1.5392799020933048,0.13906018119594815,0.5598725902037376,0.25715970518009296,-0.034705181932273454
1785126507366087158,1.461403,0.3736098427576481,1.3314056874442282,0.042047203267435204,0.5964769243691551,0.48165043530983687,1.545594663022977,0.1419640176136456,0.5640701337830568,0.2598712309733362,-0.0324067905860983
1785126507399444580,2.630806,0.37302581526353756,1.3387346323373848,0.04112869964280325,0.5980445343030883,0.486212555458662,1.5526914658150193,0.1415777942338771,0.5668334512701244,0.26206637585150316,-0.031211083032963934
1785126507432802002,1.40291,0.3724285995743167,1.345889769233317,0.04007340582553893,0.5993235523337923,0.4772763992939351,1.5631441203745873,0.13961380487429964,0.5643136643162739,0.26096130985003535,-0.035009888017518365
1785126507466159424,1.239315,0.37200198106976695,1.350405761995586,0.03927043588106588,0.6024265486590347,0.4576880199064493,1.572857430039469,0.13809600263399108,0.5609196696794313,0.2580568435656459,-0.04150687897960337
1785126507499516602,1.266937,0.37215058035422705,1.353648220508432,0.038595395881241355,0.6075925039602333,0.4683336075666023,1.5776248541426343,0.14263455353009832,0.5698926067510746,0.26502991050470126,-0.037699897209158784
1785126507532874023,0.108539,0.3716551644221287,1.3585726928529622,0.03904351778071191,0.6110906092018975,0.4658807909877088,1.5820584213412945,0.14011757126703087,0.5730198217433811,0.26275521655676404,-0.03807078745851645
1785126507566231445,2.168277,0.3715817648852729,1.3615671388807522,0.03970929827521952,0.6132389174055718,0.46194925329961833,1.5857831472893573,0.1395581510781453,0.5746520524536476,0.2615509411091172,-0.038586864951924205
1785126507599588867,2.213378,0.371653210504682,1.3646519884839785,0.0400576345324576,0.614586170503927,0.4577460015935636,1.5885116831957193,0.14042244559486164,0.5749420492714005,0.2599965901574474,-0.039644121232526586
1785126507632946289,2.037704,0.37197779517991525,1.3677795228179122,0.04012436311318376,0.6164808151299304,0.46452364447277056,1.5910261444849731,0.13970416722382037,0.5783374479889288,0.26138080590166624,-0.038143367141001534
1785126507666303711,2.233963,0.37181730984620465,1.3708644910287004,0.04046230286495667,0.6190824350905526,0.46143980302131093,1.596827857215597,0.1378761770123373,0.5794473008373708,0.2618799286272951,-0.03963513425318177
1785126507699661133,2.288839,0.3714267344973518,1.3747478685588388,0.040677318444597335,0.6217291642217918,0.4568515587549615,1.6005879511114456,0.13915861415087438,0.5807640209060083,0.260767538414579,-0.04096514331578349
1785126507733018311,2.245958,0.3711408045986896,1.378924836654859,0.04063147270996154,0.621937550810074,0.4531341651121282,1.6064996531565368,0.13627323239443787,0.5799397945836057,0.2601164248362685,-0.041997756226468286
1785126507766375732,2.211904,0.37087405512053534,1.3828047384265552,0.04074924718908945,0.6211099209057255,0.46256030188403724,1.6083411982932858,0.1361116717194229,0.5823702278795891,0.2614709440589885,-0.038739693026136335
1785126507799733154,2.325431,0.3708260715279659,1.3864413948467278,0.04093911858880191,0.6202845917965726,0.4654113821469061,1.6113762409559218,0.13596345494830955,0.5825598964509744,0.2618619683719135,-0.037724695345598185
1785126507833090576,4.322354,0.37121802685461674,1.3902485879868454,0.04110347478045162,0.6196363446030382,0.46933171751025216,1.614562415807937,0.13727022753703946,0.5829828840796957,0.2630418863633067,-0.03665346052334251
1785126507866447998,2.421117,0.37156875187410937,1.3927693407087445,0.041154937959502466,0.6201879982900544,0.469113313794443,1.619425257229873,0.1434059704269041,0.583084910893741,0.267101328515813,-0.037103087396313406
1785126507899805664,1.596473,0.3722836930362016,1.3956468360372918,0.04095810778903606,0.6209386011793473,0.4701592933602821,1.6222865742084451,0.1426061588489891,0.5837020575740691,0.26697852037453296,-0.03723654360527817
1785126507933163086,2.456728,0.3730579728168152,1.3980064346552032,0.0407384541720534,0.6208540508832451,0.4739068637654266,1.6244095792135251,0.140946461147939,0.584540404941296,0.2673397227004256,-0.03631364594194908
1785126507966520508,2.390488,0.3739463588237131,1.399905401499174,0.04060040000907038,0.6216428479916225,0.47311155775286323,1.626982672219149,0.14257912623853264,0.5845725352808049,0.26795052558200794,-0.03707031271081762
1785126507999878174,2.461105,0.37477630231315456,1.401555732531508,0.04043587524614064,0.6224671236349077,0.4744179182451954,1.6281128898561819,0.14361005399819968,0.5856868007287179,0.2681445660865556,-0.03678032290618982
1785126508033235596,2.587984,0.375806484342632,1.4032835805274535,0.03995129461814903,0.6230873679167573,0.4792352088708637,1.6294294956090223,0.14200660817038926,0.5872194766195075,0.268802460907379,-0.035867891297249876
1785126508066593262,1.711365,0.37654598843616727,1.4044911880776574,0.03968961694780591,0.6237745402414715,0.47532443070543284,1.6319627012143005,0.14139546735524497,0.5858595792050919,0.26803833672241184,-0.03791496103637959
1785126508099950684,2.604044,0.3775496164711923,1.4058106662132897,0.03956702830268217,0.623989136994785,0.47715574358591817,1.6327264287091032,0.14345860100559502,0.5865843186025729,0.26871100220596855,-0.0374048183922121
1785126508133308105,2.610044,0.37845598517264556,1.4069013668033727,0.039282582415824246,0.6244711619939607,0.47862316720034875,1.634444833500252,0.14183166683201062,0.5868434090923255,0.26893457997513615,-0.03762775290163522
1785126508166665771,2.677562,0.37947008900400897,1.407986556656891,0.039084827638228736,0.6251793165007161,0.4786834448601611,1.6353708228562869,0.14265310969623696,0.5872252210250088,0.26883690881968636,-0.03795409547570727
1785126508200023193,2.534313,0.380434281627109,1.409036936872521,0.0389235387451857,0.6256462398408913,0.47845637080658654,1.637079344722058,0.1415405205602476,0.587159710852428,0.26859246955519195,-0.038486528988463276
1785126508233380615,2.779447,0.3813664231578461,1.4099970748561532,0.038745196140439093,0.6271584666032026,0.48147597730795744,1.6381817457215866,0.14448395226763106,0.5890345145863889,0.2706858906508169,-0.038123952016813734
1785126508266738281,2.391824,0.38212571101622944,1.4109093598626972,0.03854228084076859,0.6285575881804676,0.4868025531234762,1.6384718999118617,0.14215613646423653,0.5917647197956821,0.271067854944724,-0.03679286838478546
1785126508300095703,2.818634,0.3829243873664302,1.4118553189181444,0.03822232220542584,0.62975372038047,0.483561266412327,1.640054938908013,0.14268884090537323,0.5914771109119533,0.2703998918581614,-0.03827660946851663
1785126508333453125,2.760023,0.383582068963898,1.412744219210797,0.03821988759953612,0.6312371517017981,0.48524085983955895,1.6410605535157914,0.1437387672105916,0.5931173297579763,0.27128784017560337,-0.0381198219438218
1785126508366810547,0.50341,0.3840460912018054,1.4136339068459873,0.03923745451396233,0.6332203649845612,0.48723935787170275,1.6415990242784941,0.1449627612853064,0.595305178669712,0.2716519566355376,-0.03791518631484925
1785126508400168213,0.630919,0.3845646179126635,1.4143250037491835,0.03822924364396256,0.6358221527680035,0.4869949590162695,1.642075426141902,0.1476750511192396,0.597964569581878,0.2726547532183845,-0.03785758318612542
1785126508433525635,0.452541,0.384979711298088,1.4149419115360085,0.037773138845414014,0.6393327894634645,0.4874212404012558,1.6434950480689838,0.14439032004701194,0.6007726313745427,0.2722095267095375,-0.03856015808892177
1785126508466883057,0.517351,0.3852979209420948,1.4155671292473642,0.03830431709553474,0.6418730901153222,0.4902539900804989,1.6433759645713206,0.14349627178369048,0.6043378311645441,0.27198895056924277,-0.03753525895077813
1785126508500240479,0.445308,0.3855271977847674,1.4160444598730095,0.03940469720356187,0.6451841594676209,0.4870346711627256,1.6448961315637736,0.14597589398581684,0.606326687161501,0.27209240116334793,-0.03885747230611991
1785126508533598145,0.479595,0.3858225929580592,1.41641199084192,0.04000508574830224,0.6485062052814409,0.4874714069410208,1.6455492162429417,0.14471692122835095,0.6096797103243154,0.27166324362751426,-0.038826494957125424
1785126508566955566,0.453091,0.38599135498684484,1.4169269085231946,0.04024224625332595,0.651362670399899,0.4879007942145567,1.6457951975285119,0.14552030034520166,0.6128141966561583,0.2717530058514534,-0.0385484737437407
1785126508600312988,0.421818,0.3862576581491002,1.4172343341769018,0.0403634268541415,0.6550112075626027,0.48820271927685066,1.646311682784191,0.14578578317922034,0.6162988331060856,0.27199834622000585,-0.038712374456517096
1785126508633670410,3.131851,0.3865272078152921,1.4176484251026849,0.04043341449425943,0.6577738460000961,0.4872054152187319,1.646810311625726,0.1455149440379418,0.6189638465057689,0.2714652823696043,-0.038809999494327285
1785126508667027832,3.113771,0.3866652461801892,1.418136864314734,0.040479958189398334,0.6601781195401213,0.48794515345202105,1.6479961478732554,0.14346005388597968,0.6213796042993488,0.2714734056306522,-0.0387985152407725
1785126508700385498,3.107618,0.3866899574065776,1.4186851901948594,0.040551444777437426,0.662964357502396,0.48973133007295444,1.6474516841817857,0.1429963180858338,0.6247018115833547,0.2710103048210804,-0.038262545919041324
1785126508733742920,3.158441,0.3866939429706568,1.4191972793323615,0.03942890928627801,0.6656976105652082,0.48920551847064137,1.64835434280599,0.14517749985463194,0.6271706996667389,0.27240474896473255,-0.038526910898469276
1785126508767100342,3.040703,0.38651358770970284,1.4197047736737716,0.03827785240247683,0.6688175150911201,0.4936163252383995,1.6485955476220935,0.1462761002900711,0.631819358201924,0.27481922118293134,-0.036998156889196054
1785126508800457764,3.241253,0.3860731228327636,1.420296524169659,0.037956020781492274,0.6725767658583286,0.4887898922366481,1.6496825144247358,0.14771010895068798,0.6341536167011288,0.27425285251374243,-0.0384231491571998
1785126508833815186,3.249638,0.38545624298154424,1.420884115726335,0.03778665749275604,0.6763576788175109,0.4853534909863918,1.650370260187648,0.15077136465658258,0.6372296231680195,0.2746068001917583,-0.03912805564949139
1785126508867172852,3.153601,0.38469738067674153,1.4214340857889298,0.038277635232072164,0.6814587142050088,0.4816283424075066,1.6536268656406827,0.15181172674727547,0.6407791034785398,0.27604182344985007,-0.04067961072646897
1785126508900530518,3.274525,0.3838272131844355,1.4219949028759968,0.03968720863503693,0.6872556569534393,0.4853302399393822,1.6528273614223001,0.15226301211005333,0.6483955384950131,0.2761517696611625,-0.038860118458426185
1785126508933888184,3.29722,0.382945331387567,1.4224435432825082,0.040570365625922145,0.6937723942110104,0.4838180758095907,1.6539087404977284,0.15311058490627888,0.6541289542387915,0.2764357955200131,-0.039643439972218975
1785126508967245850,3.28463,0.382306807424601,1.423312346702257,0.039689599645484464,0.6999978120455793,0.4789197464101976,1.6551689026484788,0.15271714857939306,0.6595781552290408,0.2754391935304146,-0.040419656816538474
1785126509000603271,3.305412,0.38176839714920474,1.4239356196591326,0.039010509186602364,0.7068535059874428,0.4827721266788487,1.6540961108168204,0.15234181910632566,0.6677857672569922,0.27571650454219443,-0.03906773873045055
1785126509033960938,3.288961,0.3810682262352164,1.4241366598589502,0.038717768916686005,0.715577513888468,0.4763398448215076,1.6561677422002283,0.15644872193780662,0.672917616957904,0.2770842503279066,-0.042659896930564045
1785126509067318604,3.199169,0.38073572738848355,1.423918421454241,0.038749559138425926,0.7230374222504651,0.48011024940444086,1.6528825780479872,0.15356837783885505,0.6829929628417571,0.2747421368453472,-0.04004445940870793
1785126509100676270,0.082855,0.3805734132361968,1.4234213009799532,0.03888099786226124,0.7329538942530428,0.47518005330883273,1.6546872885964172,0.15312998037573175,0.6904240403854067,0.2747493464585768,-0.042529853867636074
1785126509134033936,0.010412,0.3804563604282007,1.422859478971948,0.038987647771594885,0.7432760001433154,0.47555815623464726,1.6543328812146536,0.15284800862334452,0.7009378280276252,0.27493357249473027,-0.04233817211569024
1785126509167391602,0.040976,0.37992146300949803,1.4230663564521444,0.039232952707196414,0.7540185127601731,0.4804956875836406,1.6511267201212199,0.1557088971576573,0.7138497842935936,0.2751242442264728,-0.040168728466579484
1785126509200749023,0.110156,0.37882543478933567,1.4237077631901263,0.03917201813640662,0.7625272371146546,0.4783669563362306,1.6526953342530732,0.15409129332723442,0.7217210890447046,0.2748640791801729,-0.040806148069950095
1785126509234106689,0.225358,0.37787353619981945,1.424705317204116,0.03895638835300497,0.7715129286542778,0.47179882655928307,1.656158708868185,0.1524906511982031,0.7287619162690593,0.2743768603977257,-0.04275101238521851
1785126509267464355,0.218728,0.3771700871795253,1.4256888042827487,0.03871566878924723,0.7814570883246751,0.4781732035767705,1.6554487056105236,0.1521223459002673,0.7414954473743418,0.275412992056416,-0.03996164095033328
1785126509300822021,0.17562,0.376144444664566,1.4268818156367966,0.03810144173748774,0.7911333717213028,0.4694293447822903,1.659889288740852,0.1546471131783174,0.7478438219333062,0.27672630638214496,-0.043289549787996595
1785126509334179443,0.302499,0.3751681765146645,1.4283030478946148,0.03613659843925346,0.8001787193895298,0.4745345157065312,1.6586558878787858,0.15137219663378187,0.7598919079371326,0.27607126497413126,-0.04028681145239721
1785126509367537109,0.252954,0.37410194172817385,1.4294841115838375,0.035254095173825356,0.8099004281578608,0.4663876376981101,1.6613878118464442,0.15005751934388897,0.7667660657293754,0.27472859712326275,-0.04313436242848534
1785126509400894775,0.380792,0.37321284836526614,1.4301983358412864,0.03661579908494667,0.8196341382962624,0.4616423761398406,1.6645168300094109,0.14784047384110402,0.7745256943644266,0.2740362500952467,-0.04510844393183577
1785126509434252441,0.340545,0.3724599929637135,1.4309668413466463,0.03752820309355575,0.8291602832880006,0.4652942207351731,1.66060152020282,0.15311305331287756,0.7872930108152251,0.2733315517453561,-0.04186727247277555
1785126509467610107,0.437866,0.37110824705141826,1.4323822007022102,0.038010858916605154,0.8376212698346753,0.4621404372977571,1.6630277444468557,0.14799472521029136,0.7953419237329292,0.2712575848805269,-0.04227934610174611
1785126509500967529,0.355413,0.3693398184055571,1.4341836751262949,0.03837178868434926,0.8455659280824463,0.4516996472155996,1.6702361069794922,0.1442385022924909,0.7990650473340208,0.2714989006158518,-0.04650088074842551
1785126509534325195,0.550008,0.36768444159867775,1.4361394661015785,0.03873915242213313,0.8517322704954273,0.4504273714403545,1.6728419895143298,0.1418701827845327,0.8052949238568178,0.2711281734758653,-0.046437346638609545
1785126509567682861,0.427507,0.3657889576178456,1.438453230333031,0.03893951931411213,0.8562537041943353,0.4323843685489706,1.6793368655324623,0.14167556104341936,0.8049381936613434,0.2702120810292982,-0.05131551053299188
1785126509601040283,2.819476,0.3642888937426919,1.4408633267628899,0.0387229454019055,0.8609788324312576,0.41835663544733004,1.6898614932099105,0.13559763833961264,0.8038550857643408,0.2725951461761429,-0.057123746666916775
1785126509634397949,2.865206,0.3620805585125833,1.443473179709473,0.038109165349465304,0.8676213534959887,0.43020236217428426,1.6876664221362145,0.1407690012325499,0.8155515001934619,0.27351409778026164,-0.05206985330252678
1785126509667755615,2.701129,0.3591397290251997,1.4483778240709835,0.03730789842844367,0.8736254041936793,0.4040283584452614,1.7051161046763799,0.13741794582909944,0.8132475882614004,0.2791980576042542,-0.06037781593227887
1785126509701113281,2.750912,0.3559980101101241,1.4556788091946444,0.03590247322400987,0.8763797534964392,0.40790107975898554,1.7054841569039905,0.1373533154029067,0.8200915328938984,0.274570416764023,-0.056288220602540795
1785126509734470703,2.669571,0.3528891956136055,1.4619955632364712,0.03530868637789911,0.8755359790702394,0.42339320201599606,1.704564186126254,0.1362393297909009,0.8277384659985826,0.2720245329178905,-0.047797513071656805
1785126509767828369,2.669287,0.35014815882684386,1.46971046214439,0.03514800798503909,0.8742720171598304,0.4311540272482913,1.716314537854883,0.15373120742842253,0.8283187837168183,0.2853725566097215,-0.045953233443012054
1785126509801186035,2.82469,0.34809665772211307,1.47525412806965,0.03763097239122852,0.8766904599773507,0.4305991537143053,1.7294385404808614,0.15505753674088818,0.8283335795546685,0.29189959810307936,-0.04835688042268227
1785126509834543457,2.666817,0.34599020545933384,1.4797886716082207,0.03941299797578958,0.8786473376883855,0.4263567077502842,1.7349959218905282,0.13921077487618172,0.8306784743070453,0.2855680506663834,-0.04796886338134021
1785126509867900879,2.776211,0.3449182644855241,1.487398552667069,0.0404908873800431,0.8803102015195943,0.42297015621441897,1.7438889591894247,0.13815836997574737,0.8319987987692058,0.28533903272606187,-0.04831140275038848
1785126509901258545,2.591629,0.3436830629449174,1.4948427313171684,0.040589020684861477,0.8829335852389489,0.4188435181197791,1.7520911731964421,0.14436151829222846,0.8342244394177267,0.2873927384800762,-0.04870914582122221
1785126509934615967,2.615908,0.3421401628846707,1.5032558984148063,0.03979170794803595,0.886033585641312,0.40961126419745164,1.7668004321784905,0.1423795591763476,0.8339134220897503,0.2907444548202414,-0.05212016355156168
1785126509967973389,0.37664,0.339949467279221,1.5110134584660317,0.03856327475525804,0.8885484344692621,0.41062530403707626,1.7727991576352526,0.139233857694731,0.8385209017690113,0.28924279154425636,-0.05002753270025084
1785126510001330811,0.726086,0.33599220235884536,1.519029970716942,0.03734614412974942,0.8892534730310633,0.405892761118806,1.7834737765831967,0.14999901821525774,0.838445386817385,0.29581630214663557,-0.05080808621367827
1785126510034688232,0.838659,0.33355649105852736,1.5277774272595022,0.035956501053124174,0.889171804287781,0.41317834765924816,1.7882013017219724,0.1477291461431358,0.8418228090219187,0.29436942543173183,-0.047348995265862226
1785126510068045654,0.816287,0.3321563846179798,1.5331700290994792,0.0360851852542934,0.8956080833072845,0.3570151442322829,1.8226476697225196,0.12258390695237147,0.8266272646770617,0.30314566004751803,-0.06898081863022276
1785126510101403076,0.80083,0.32871842861158906,1.5412691246713595,0.038655905299919927,0.8994606130506363,0.39180645534606445,1.807327801027861,0.1363576470500261,0.8478670434031714,0.29036692084813653,-0.05159356964746487
1785126510134760498,0.817083,0.3267669258022015,1.54664104897619,0.03981222255341906,0.8989465835636925,0.367583422520458,1.8293975033014787,0.118524036062084,0.838284987144755,0.2963321589918708,-0.060661596418937536
1785126510168117920,0.908199,0.3244170053624063,1.5534299175683215,0.04045817319795021,0.897321680490816,0.37261434672180094,1.8302003165252994,0.12223290981352922,0.841091326679752,0.2925951896417062,-0.05623035381106401
1785126510201475342,0.739439,0.3213256867977111,1.5610119316026037,0.04081735347804765,0.894900372705632,0.37390154753926813,1.8371794908450056,0.10930368360599667,0.8399459353970563,0.28934947610979983,-0.05495443730857574
1785126510234832764,0.885391,0.31809128285347793,1.5686767572173923,0.040829694345799514,0.893204204733991,0.3660716151799799,1.8390267004738523,0.12241138931525912,0.8374422958820444,0.2864380859156524,-0.05576190885194655
1785126510268190186,0.916426,0.3153411126390248,1.5771823110878793,0.04040460450191693,0.8919416924368065,0.359292186187806,1.846517940914363,0.13935279305841172,0.8358281640721279,0.29028283169820895,-0.056113528364678644
1785126510301547607,1.038774,0.3128505198387506,1.5861628000053403,0.03933948363867483,0.8922768575553888,0.34856149005490766,1.862208855872925,0.13926521973146924,0.8327377690499173,0.295739498693556,-0.059539088505471516
1785126510334905029,0.838781,0.3108156218036213,1.5933834890537903,0.038583579721895564,0.8912482440424072,0.3784324900374605,1.8638536172740632,0.1537020134592219,0.8438840525060436,0.30162623379835246,-0.04736419153636362
1785126510368262451,1.082962,0.3078420909442296,1.6010997773834459,0.03836329560344959,0.8898414938002759,0.36749254886220484,1.874424365244653,0.18081411053648663,0.839700010906951,0.3139374812512983,-0.050141482893324874
1785126510401619873,0.957117,0.30638098638243416,1.6112020589214802,0.03914867529622862,0.8926801742820576,0.3501652061686307,1.8884163954047626,0.17025624480121818,0.8354631416400738,0.30976449285813595,-0.057217032641983745
1785126510434977295,1.21751,0.30533979348536666,1.6184193140457108,0.03998432328785834,0.9002731651961582,0.36414998033774965,1.892878845794652,0.1915835914648071,0.8480531414446093,0.3190125557987438,-0.05222002375154889
1785126510468334717,1.018232,0.3045504336118311,1.6237792124425199,0.04059384211802056,0.9088937959265496,0.3424788874326918,1.9188411348437004,0.18343148517504393,0.8466375649691069,0.33000408775408685,-0.062256230957442704
1785126510501692139,1.228081,0.30482934813986107,1.6313041396920276,0.04087615876891849,0.9167885739469374,0.3452591432504162,1.921256883529976,0.17900407752658692,0.8567462849677607,0.3237074048151531,-0.06004228897917663
1785126510535049561,0.993517,0.30456323475908925,1.6396655333391907,0.041028539574549536,0.9248153819575949,0.34975287915244885,1.9270468145783095,0.1760859154761401,0.8676813394919685,0.3207344689185422,-0.05713404246562648
1785126510568406738,1.251281,0.3043902276932783,1.6482363639447384,0.04092183311287032,0.9349510410558326,0.3459667152003936,1.938155411465953,0.17589941581717372,0.876431365397721,0.32249124989948896,-0.05851967565811156
1785126510601764160,1.189333,0.30282326632765394,1.656078878289962,0.0402876393255826,0.9474330583520297,0.34268330003264635,1.9448497227598005,0.194497137493096,0.8871261242931042,0.32978476651880556,-0.06030693405892551
1785126510635121582,1.295469,0.30104775313724214,1.6631958269037068,0.03985154278451381,0.9581604133924488,0.35112171332350206,1.9520588599477917,0.1764836939679275,0.9014310297806761,0.3234464377376422,-0.05672938361177271
1785126510668479004,1.333179,0.299913520886408,1.6705401820197006,0.038767817420820576,0.9690981000055862,0.3336087405194322,1.9674394178603083,0.18852195417338824,0.9056522872768311,0.33423169440279193,-0.06344581272875505
1785126510701836426,1.292211,0.29865622845301604,1.6766902317314425,0.03656155677238953,0.9809901876060511,0.33938457233678004,1.96915611724761,0.16920942680053938,0.9202701462611149,0.32371368461848354,-0.06072004134493614
1785126510735193848,1.29106,0.2968648258742126,1.6818661083435393,0.03540372637114488,0.9930844841807196,0.32870411582116543,1.9788213973365207,0.16890967088257772,0.9294381413963618,0.3271391466411824,-0.06364634278435777
1785126510768551025,1.445588,0.29612813809413185,1.6850686066362595,0.0360330387424169,1.0079258198262309,0.32952409350851647,1.9815461392291982,0.17292485366085936,0.9459767162784503,0.32825841369582853,-0.061949103547780604
1785126510801908447,1.299478,0.29450761586366314,1.6882538922570103,0.03637314928486208,1.021074292053927,0.33291682472230066,1.982358754216863,0.16852275869126385,0.9623432416679301,0.324709803393484,-0.05873105038599702
1785126510835265869,1.433033,0.2915731024575197,1.692058239179183,0.0372581402266459,1.0339251640429004,0.330623642482135,1.984776710601643,0.17075492472938167,0.9751874704594917,0.3240840009329148,-0.05873769358340864
1785126510868624756,1.450989,0.2887193968283336,1.6951910313923395,0.03798648611979463,1.0458943042776567,0.3248926527619646,1.9912017682960534,0.16301911797819277,0.985346003038246,0.3233636031413515,-0.060548301239410685
1785126510901983643,1.821709,0.28609879816059436,1.6980490335710527,0.037913006720154324,1.0579808332030853,0.315214102331036,1.989844272634797,0.1634423996809532,0.995286498496794,0.31898243051038344,-0.06269433470629138
1785126510935342773,4.966624,0.2841304252977698,1.700050232057735,0.037664853258232225,1.068413708047419,0.31959526465963806,1.9913666633434564,0.15505656592303677,1.0105570399882513,0.3160756747527204,-0.057856668059167664
1785126510968701660,1.663171,0.27927390701549876,1.7038767430787791,0.037028705148516056,1.080844858448964,0.3128935609219672,2.001780245367672,0.14765622102244436,1.020183949679331,0.3195547293864001,-0.06066090876963304
1785126511002060547,0.892677,0.2737790783573552,1.708871394493688,0.03597428524612696,1.0924412540683432,0.313863491239101,2.0012130652696642,0.1457812671914251,1.0334085896906078,0.3148459717260149,-0.059032664377735466
1785126511035419678,1.710533,0.2689780670545829,1.7122360126859102,0.03485354330858059,1.1042035028588313,0.30786482002584376,2.0097605405602614,0.16774501422524224,1.04462367729841,0.32816637135132753,-0.059579825560421185
1785126511068778564,1.680328,0.26405627833224,1.7159970699755556,0.03372114293651985,1.1139514194653095,0.29776065968331766,2.022711148407417,0.1755029333998583,1.0504104558340779,0.33957559885473965,-0.06354096363123163
1785126511102137695,1.732145,0.2602864399871538,1.7209675801273931,0.03256275869718151,1.1260853982943957,0.2908621262698249,2.028598643571579,0.1688347693239182,1.0605740142209616,0.33784878964961584,-0.06551138407343404
1785126511135496826,1.698608,0.25772874559834796,1.7245876918083873,0.03336357672887038,1.141184005499813,0.28400325603964205,2.038418685767102,0.1658074991741873,1.0711524527400158,0.3416454818386239,-0.07003155275979722
1785126511168855713,1.572659,0.2560292236702835,1.7279495319411728,0.036085450369694815,1.157732761241621,0.28134454609166776,2.043615601597887,0.17318437974087691,1.0874886538937332,0.3450826705537972,-0.07024410734788789
1785126511202214844,1.511305,0.25374796297261953,1.7313133330919221,0.036827176942061085,1.1702882388400897,0.2834380475427806,2.041488150258738,0.17188730064748556,1.1041039599645035,0.3396044100738027,-0.0661842788755862
1785126511235573975,1.420149,0.2508806714346149,1.735632370257529,0.03660037195204648,1.1830501345697453,0.2796130614529177,2.0494750532238974,0.16677972468048174,1.1163447084135563,0.34098305495212916,-0.06670542615618902
1785126511268933105,1.472522,0.24599343938780588,1.7395244939614856,0.0362516362427959,1.1911421317317243,0.2680589098037967,2.0593734307855303,0.17830129965982822,1.1203008042551452,0.35066841068029336,-0.07084132747657912
1785126511302292236,1.4908,0.24184619731538232,1.7428591426607405,0.0336134991310528,1.1961578660713874,0.26406090627900247,2.0648802299242557,0.17852672731462157,1.1252383242682755,0.35382328589183876,-0.07091954180311189
1785126511335651367,1.478798,0.2383272885840011,1.745789346874226,0.03083326572134515,1.2025209293706989,0.26222440609293607,2.06326737940692,0.1735532243752686,1.1335717993442005,0.3489016479815532,-0.06894913002649838
1785126511369010498,1.323984,0.23487323717065212,1.748580829162204,0.02996717661807411,1.210560273856873,0.2531581291126359,2.0721806444874282,0.16542268900645396,1.1391625361622324,0.35128246979923117,-0.07139773769464064
1785126511402369629,1.375641,0.23205973519675321,1.750692556649997,0.03144999309751415,1.2179927601302272,0.25181042454177255,2.0741680868006513,0.1692641250419273,1.1478398401094683,0.35216365982230835,-0.0701529200207589
1785126511435728760,1.339083,0.22769286501165878,1.7541575018131148,0.03353904288149287,1.2240027220476515,0.2487046446271194,2.074457938840402,0.1678913120228353,1.1546336864683429,0.3479718337249548,-0.06936903557930862
1785126511469088135,1.35211,0.22472390278735718,1.7562747974006152,0.034860376768471965,1.2284153157694278,0.2479562737794632,2.0719950725657825,0.16847257814325176,1.1610316542257961,0.3436149815833101,-0.06738366154363162
1785126511502447266,1.141029,0.22261414882211383,1.758511579375627,0.03507193486683281,1.2311276171118433,0.24211302136004983,2.0821686452043666,0.1642531510194101,1.1619287345490887,0.3490299255046459,-0.06919888256275453
1785126511535806641,1.23345,0.2178029803546675,1.7617838217395854,0.03519404644784206,1.2313979600047498,0.24141745111400129,2.0811498532560617,0.16064424601185706,1.1647834535682655,0.3439332171897294,-0.06661450643648424
1785126511569165771,1.183064,0.21217737480123713,1.7657905121103028,0.034810587679623105,1.2309166042695585,0.23696971063401367,2.0849275123292763,0.15893736977819709,1.1640434091743963,0.34332279688211376,-0.06687319509516221
1785126511602525146,1.29122,0.20711511786563,1.7698770717782206,0.033945838178724146,1.2306119935750812,0.23343689422800878,2.087424803674665,0.15750747111329286,1.1651174473166914,0.3417555779748215,-0.0654945462583898
1785126511635884277,1.022204,0.2016634142465749,1.7739527660913113,0.03293617611497592,1.227661799320509,0.22232430283791896,2.100712896686987,0.17091376267392341,1.1587319630255064,0.35529828265405233,-0.0689298362950026
1785126511669243652,1.215953,0.19607033562596315,1.7784677597595597,0.032707189591138885,1.2246243994055717,0.2151320889094512,2.107721427592033,0.17880825389640156,1.1540892903650675,0.3607171318505787,-0.0705351090405042
1785126511702603027,1.096896,0.19212257024921744,1.782681836636652,0.03189056226641647,1.224804142503807,0.20950579791420545,2.1158752580341567,0.172055746727299,1.1526967953960525,0.36189267967393485,-0.07210734710775446
1785126511735962402,1.051272,0.18760506139089259,1.7876676688207405,0.029671938198176574,1.2266869524963961,0.20656230143717938,2.116864240965407,0.17789740327592485,1.155373105193489,0.36152530832499935,-0.07131384730290713
1785126511769321777,2.411367,0.18408424384298674,1.791401840389639,0.03145659622652435,1.228662366169353,0.20139664634320797,2.1234825398811497,0.17557615756487283,1.15650679737756,0.3624193126965761,-0.07215556879179297
1785126511802681152,2.196161,0.18088627296880927,1.7946133302602554,0.03279810170485784,1.2299859842906575,0.19637534555115702,2.126633120040868,0.17707986579309715,1.158023531753831,0.3623455251880968,-0.07196245253682654
1785126511836040283,2.503324,0.17821641937859947,1.7977862693808504,0.03335783469236972,1.2306362587515818,0.19281321822339811,2.1299693052403694,0.17525344681344526,1.1596866480919887,0.36151486911132263,-0.07094961065959304
1785126511869398193,2.255182,0.1740305106927213,1.801756338659525,0.03300777586143978,1.2334523763109069,0.18580723541848906,2.1379882616720347,0.174266098394559,1.1612715518300385,0.3648897244138666,-0.07218082448086838
1785126511902756104,2.434048,0.1692664230482528,1.8059868268071846,0.03197530370364529,1.2365665180538707,0.1801365759600357,2.1435635970960756,0.17246287886065603,1.1641487065023317,0.365804585587033,-0.07241781155153904
1785126511936114014,2.33301,0.1639647926206025,1.8093015914218005,0.030798499170594858,1.239260087782732,0.17717275886575784,2.1469279568544843,0.17581523947511205,1.167931084986649,0.367689907362393,-0.0713290027960829
1785126511969471924,2.574818,0.1584778672178022,1.812867236663441,0.026605692403394478,1.240692823521896,0.1611763280136302,2.161001349215362,0.17031310912509556,1.1638953695202856,0.3766383724925076,-0.07679745400161031
1785126512002829834,2.409406,0.15508905409794393,1.814659787744984,0.024893689526010197,1.2448513254305429,0.15661808994708903,2.159585550812255,0.1543173354319069,1.1698625627796342,0.36841091202316734,-0.0749887626509087
1785126512036187744,2.536535,0.15031562507150448,1.817106944751916,0.02710399170664791,1.2470262053616372,0.15703618624916096,2.1589861668272077,0.1640988685762422,1.1747773421015715,0.3683668887371184,-0.07224886326006573
1785126512069545654,2.642444,0.14575695750165465,1.8193763582054738,0.02854862754326254,1.2454863224380424,0.15551586550637886,2.1578134835736793,0.15974443744702013,1.176089042360017,0.3631077865444942,-0.06939728007802537
1785126512102903564,2.547366,0.14186092169884607,1.8219910139228088,0.02918768155631526,1.244104354623681,0.148085126357558,2.1615245446274267,0.1567921295603485,1.1731616595693795,0.3627735579487447,-0.07094269505430151
1785126512136261475,2.55481,0.13708116668223932,1.8248678603728525,0.02930343857862626,1.2437535065064824,0.1427910398283527,2.1675332522625985,0.15527759262082916,1.1719523633604405,0.3651323882332908,-0.07180114314604191
1785126512169619385,2.477852,0.13174337598754404,1.8282359802740331,0.029111267762189953,1.2432303434663547,0.1350188615656206,2.169979892926817,0.1506955668736789,1.1705438455678783,0.36274284614784313,-0.07268649789847648
1785126512202977295,2.605934,0.12622311499739952,1.8319471846333475,0.02869417770748276,1.2424586758211313,0.13084569017165465,2.1771766514691344,0.15584268373123877,1.1695581442491059,0.3679286555258186,-0.07290053157202546
1785126512236335205,2.637695,0.12162651899808706,1.835175810011768,0.028092989160632832,1.239477572576987,0.12547187559541245,2.181384879509429,0.16609458820031645,1.1662779581372187,0.3727196639665075,-0.0731996144397684
1785126512269693115,2.755287,0.11643571049194056,1.8389466748087469,0.027891773060374755,1.2361399756107558,0.12061843413938227,2.186689833953145,0.16792359895413414,1.1624838257721075,0.3749022701611412,-0.07365614983864832
1785126512303051025,2.199823,0.11257340468980265,1.8424933355567226,0.02772930770964343,1.23664903458506,0.11568965955743821,2.1918336036625417,0.1654245189149919,1.1620116988148725,0.3755107257503188,-0.0746373357701875
1785126512336408936,2.88366,0.1098892138577538,1.8456742654245861,0.026910285444411236,1.238512406704485,0.11244570144085976,2.197632873847517,0.164829731191997,1.1629333671412456,0.37802535786252467,-0.07557903956323943
1785126512369766846,2.770224,0.10752030669674253,1.849049842098444,0.024675017043654927,1.2392919720876145,0.11038967187686106,2.201475824986903,0.1689562399692486,1.1636148885258122,0.380827228491265,-0.07567708356180236
1785126512403125000,2.782201,0.10579146402675446,1.8518830791419894,0.02303140702816701,1.2397097484306725,0.11003494182920986,2.2033725506959043,0.1654770477132007,1.1646867481289414,0.37928039267444347,-0.07502300030173115
1785126512436482910,2.785114,0.1042726599283121,1.8545794009139722,0.023992936868635975,1.2403286085135625,0.10805355322225528,2.207259334426184,0.16624680819586496,1.1645026535337903,0.38030723706480035,-0.07582595497977218
1785126512469840820,2.983529,0.10290695898318156,1.8565147790762353,0.025740226803034824,1.2407556807337352,0.10573874588975948,2.210531995570639,0.16919119619223422,1.163659335970905,0.3819874202251046,-0.07709634476283012
1785126512503198730,2.890836,0.10201795955239727,1.8581024247507045,0.026403397212823813,1.2414774839266978,0.10665130906792238,2.210921526734472,0.16618009905982792,1.165389070954461,0.37952643258617885,-0.07608841297223679
1785126512536556641,3.010813,0.10117362543601292,1.859153901896751,0.026619421259434513,1.241090643436152,0.1057809958754587,2.2112568010147253,0.17096571010494443,1.1654962368517914,0.38057000740089875,-0.07559440658436056
1785126512569914551,1.479273,0.0997157057559931,1.8616623108183517,0.02654542216171,1.2401748267770505,0.10308204307525719,2.211500017275246,0.16884140559037006,1.1652184080295338,0.3776849215760365,-0.07495641874751668
1785126512603272461,0.394894,0.09673101953567755,1.8635133484873312,0.026151138158973068,1.2406828400012075,0.09764405369570729,2.2171803973289754,0.1636941655306032,1.1641164829785688,0.37947239615851946,-0.0765663570226387
1785126512636630371,1.56615,0.09329956860178995,1.8655010711798965,0.025442559838022172,1.2417155865515104,0.09500173554469073,2.2177364598899554,0.16596659798034608,1.1660496784694454,0.3792356414260836,-0.07566590808206497
1785126512669988281,0.20954,0.08896595515707191,1.8675794145603404,0.024362652769494605,1.243597630898261,0.08644380862758493,2.22397763556502,0.15727342347424386,1.1657550004209725,0.38038313070869345,-0.07784263047728857
1785126512703346191,0.318446,0.08623359548156095,1.8695070968797922,0.021638405127879384,1.2485079838776185,0.08098327694794609,2.228385656566227,0.15654853883844413,1.1694039303220138,0.38343464974506,-0.07910405355560468
1785126512736704346,0.125507,0.08418779453866194,1.8708505494792218,0.020353452099254037,1.2534940610044147,0.07849609397171654,2.2303295969200345,0.15669282915885333,1.1751489115523204,0.3845074859366166,-0.07834514945209436
1785126512770062256,0.486422,0.08087767805746642,1.8727110924178398,0.021082206973371112,1.2568035329876215,0.07878942992007941,2.2256487910270213,0.15985217629830775,1.181077272077276,0.3792446232529508,-0.07572626091034552
1785126512803420166,0.262972,0.07832232533074276,1.8741349266954557,0.022172039975924197,1.2578376619612772,0.07939052964706272,2.2244316289226553,0.15809413275887732,1.1839806382798346,0.37574424274792356,-0.07385702368144265
1785126512836778076,3.208931,0.0761073973550821,1.875304651917911,0.022905113934624986,1.2570222680554357,0.07776453438710335,2.2248560370181787,0.15415930636641267,1.1838523548278534,0.373385296924744,-0.07316991322758226
1785126512870135742,3.235441,0.0738541084194476,1.8767041701237135,0.023290142800141578,1.2556569583494743,0.07444002812763353,2.2244166583642375,0.1519578968121249,1.182629293731719,0.3707555916001932,-0.07302766461775523
1785126512903493408,3.237394,0.07117229732765401,1.878057034779999,0.023373400768495464,1.2547512832671424,0.06901611341353035,2.2276903896318085,0.1516567926559455,1.1804467982195435,0.37243088028270693,-0.0743044850475989
1785126512936851074,3.25446,0.06643406994104613,1.8805334683913486,0.02342067292945474,1.2545015594580924,0.0659104210794077,2.2315576831941746,0.14767741496712913,1.180278144170563,0.3723681129311262,-0.0742234152875294
1785126512970208984,3.348356,0.06278284534965205,1.8822176006906874,0.023015699136194043,1.253160007844023,0.05710046155727754,2.238890567500727,0.15109859078674562,1.1758623752478845,0.379015991578464,-0.07729763259613853
1785126513003566650,3.33958,0.05866457871251632,1.884590798585816,0.022964725311710406,1.2493662791531042,0.05376191421893338,2.240795151674867,0.15913101131632784,1.1726783792440874,0.381374926709947,-0.07668789990901681
1785126513036924316,3.301047,0.05333642485447622,1.8875943322188062,0.021783856215419402,1.2440704551166495,0.05335040874186461,2.2436988682040293,0.15942835131706612,1.1697180241506555,0.3817806278173205,-0.07435243096599398
1785126513070281982,3.16558,0.05001441919895359,1.8899665889178014,0.021709421794417157,1.2428341119641704,0.045657875953389916,2.251680955793678,0.1585854605528282,1.1646807233267078,0.38677036166136186,-0.07815338863746257
1785126513103639648,3.190568,0.04757447462078688,1.8923603500988182,0.021228022685182413,1.2435980141160263,0.04176538073460988,2.251808516276428,0.15632746462889252,1.1654508308388674,0.38404243118922005,-0.07814718327715897
1785126513136997314,3.184323,0.04594325384486352,1.8949872143568305,0.019471975513183193,1.2449153390290177,0.0424374975576325,2.255758900195851,0.1590569128011477,1.1671245473789642,0.386849394917401,-0.07779079165005354
1785126513170354980,3.208119,0.04478171322202051,1.8971456544483862,0.01808964382396242,1.2453426206659695,0.04062873338717565,2.2581876813269126,0.16232380639812197,1.1673369086782888,0.3888085468036065,-0.07800571198768069
1785126513203712646,3.06383,0.043888990352007544,1.8992260425852592,0.018056151205843946,1.2457976389391123,0.04304788174948294,2.2607842403340133,0.15643533241865507,1.168598010650729,0.38713542283823166,-0.07719962828838334
1785126513237070557,3.125528,0.04314232581878308,1.9006509003054501,0.020147954604660546,1.245981033450311,0.04424099269525499,2.2606848176371375,0.1614867974042523,1.1696679741397913,0.38678456171625236,-0.07631305931051968
1785126513270428223,3.03393,0.04252039984286795,1.9017999721771763,0.021012657399039666,1.2462670221175398,0.04095455499774858,2.264724776208633,0.15992403368931637,1.1679168064199068,0.38860421474066537,-0.07835021569763301
1785126513303785889,3.047235,0.04232754759819838,1.902806374212043,0.021414096927183508,1.2470396341314085,0.04094762261681516,2.265348332873684,0.15773320942208358,1.1687699385266053,0.3873260595603794,-0.07826969560480324
1785126513337143555,3.004274,0.04180677990641787,1.9036303198588367,0.021444866172532474,1.246690864911107,0.0394914107323251,2.26627239894014,0.1638184370846646,1.1682622117229675,0.3895957804559675,-0.07842865318813952
1785126513370501221,2.982294,0.04084032879301423,1.9053727763406598,0.021268705366164674,1.245603559882656,0.039549232227099655,2.2670062520961256,0.15472753286839264,1.168257371405276,0.38547593485922177,-0.07734618847738006
1785126513403858887,2.926935,0.03846753132150363,1.906544017335027,0.0207994312048825,1.245209848583229,0.03367241069669654,2.2703043168667083,0.15883006262928753,1.1661939259911793,0.38909767913546456,-0.0790159225920497
1785126513437216553,0.40954,0.03611729613319074,1.9076200767825555,0.020388217388912673,1.2456491576471476,0.030894601825588973,2.2703581886213917,0.15311453980725737,1.167042628295538,0.38629327068813024,-0.07860652935160961
1785126513470574219,1.951712,0.03370875947086587,1.9087211965454962,0.01884531433393784,1.2500649611987664,0.02378215034609871,2.2779058196113335,0.15624326331105787,1.1683725475855908,0.3940482455995707,-0.08169241361317559
1785126513503931885,0.428228,0.031778996934695714,1.9097357370286174,0.016315639243585152,1.2552623249641657,0.023246668705987246,2.2777988516128143,0.1557572067141758,1.1750554575823358,0.3936841471040932,-0.08020686738182992
1785126513537289551,0.517443,0.030135945160588536,1.910625194102515,0.015050684987354642,1.2581450058527899,0.021717171063812754,2.277989931169064,0.15475579369048875,1.1787049469301425,0.39312242774359957,-0.07944005892264738
1785126513570647217,0.564457,0.0287310386074041,1.9112933510362702,0.015647915789418092,1.259893606029888,0.020720837824114484,2.2772574268588066,0.15720095332214765,1.1810880198128197,0.3924679993884523,-0.07880558621706824
1785126513604005127,0.576668,0.02809606232264911,1.9118897153242156,0.015945372006367368,1.2617858621794351,0.019795748324697708,2.2793432734323207,0.15809620456106113,1.1828284207708157,0.39407850965862595,-0.07895744140861938
1785126513637362793,2.724192,0.02717148469446182,1.91276789494851,0.016083783351311012,1.2636065610516858,0.020738462174783857,2.2797950333023205,0.15346519777746312,1.1852250581900143,0.3919489215403659,-0.07838150286167145
1785126513670720459,2.724861,0.026063529035905905,1.9136351720367377,0.01689534854553618,1.264498802759377,0.021519621564950055,2.2785904219582314,0.15667359723919333,1.187236974239885,0.3908336479222719,-0.07726182851949215
1785126513704078125,2.682616,0.025211025763754502,1.9142616948933864,0.017672439951189257,1.264294631633386,0.02141431038583281,2.2779331208097418,0.1582564343738253,1.18787642438139,0.3899168893027332,-0.0764182072519961
1785126513737435791,2.660635,0.024370967581049233,1.914878760917364,0.018126801157017737,1.2640239676072196,0.01866543419329262,2.275874351622698,0.16004314761389962,1.18751981381937,0.3879312039674065,-0.07650415378784949
1785126513770793457,2.641516,0.0237373250905149,1.9154888979142675,0.018377440288646355,1.2638497578120365,0.014020443109629363,2.278654942978158,0.15971625623515132,1.1851485497275744,0.38982131159794015,-0.07870120808446202
1785126513804151123,2.608807,0.023151537332486868,1.916099189247834,0.01859835257134183,1.2635465054747779,0.016160139737575085,2.2808008044517813,0.1581277617098451,1.1854357732114464,0.3905439844463592,-0.07811073226333141
1785126513837508789,2.656683,0.02259801578016967,1.9167988684709512,0.018742126351033436,1.2638231988768693,0.018054102664928143,2.2822881913519155,0.15798476134212786,1.1858052579391067,0.3911414113663342,-0.0780179409377626
1785126513870866455,2.515494,0.022158008212949838,1.9174082623484385,0.018882286204478606,1.2639877676192033,0.019094849576476215,2.281334843198968,0.15645727068807555,1.1871396560152296,0.389074305944316,-0.07684811160397365
1785126513904224121,2.545489,0.021812191707020093,1.9180136851859437,0.01869647351967463,1.2638948347694585,0.012148927093378644,2.286002722147604,0.15769568023903563,1.1836965496100773,0.39348454795020216,-0.08019828515938121
1785126513937581787,2.479639,0.02156606889177149,1.9185825254407511,0.01786207160984932,1.2641336476272502,0.016352796601902198,2.283822778176361,0.15846828550271777,1.1858136239212547,0.39140481321980125,-0.07832002370599556
1785126513970939453,2.508204,0.021373194691813688,1.9191066942063655,0.017571375682622327,1.2638299188695274,0.0180874667147401,2.2843295634192593,0.15814466095624805,1.185922812804017,0.3913558339121292,-0.07790710606551056
1785126514004297119,2.40683,0.021214751604490746,1.9195428432103891,0.01740570816557916,1.2633765542363224,0.016749954230223976,2.282732408194231,0.1604241618944459,1.1857780370826947,0.3903599270362438,-0.07759851715362776
1785126514037654785,2.397486,0.02116542248112958,1.9199429497026352,0.017368234901080394,1.263506254786409,0.010589658437517021,2.2876542450645023,0.1604410021986815,1.1824195399355355,0.39470654955802537,-0.08108671485087358
1785126514071012451,2.47135,0.021165815759670862,1.9202854375126737,0.017323934301211978,1.2632875240477166,0.010113891422020758,2.284324062859687,0.15992555489492916,1.1833417289543005,0.3911284801341661,-0.07994579509341615
1785126514104370117,2.386904,0.02121257499433706,1.9205839027603542,0.01732558692074941,1.2635636746581689,0.013861973127905538,2.2866206245498804,0.16156137857694847,1.1836303926367358,0.39349825494011054,-0.07993328202143313
1785126514137727783,2.322724,0.021302097217228547,1.9208587402799715,0.017300036786835976,1.2640005922616966,0.0164694032868702,2.287412706142187,0.15717441759090006,1.1849350949096917,0.3923646355436015,-0.07906549735200485
1785126514171085449,2.369408,0.021380074948903354,1.9210638969161693,0.017296384430116978,1.2641511388296343,0.015696954650032742,2.2880933882010503,0.15771733738694294,1.1846118391399485,0.39301525334072357,-0.07953929968968576
1785126514204443115,2.232272,0.021453543411514828,1.921274729135167,0.01732037609699994,1.2647210304198877,0.020578273847462424,2.28069463137375,0.16089850212459042,1.1885269255427042,0.38703760863202563,-0.07619410487718348
1785126514237800781,2.18335,0.0215170872940946,1.9215029997001725,0.017319392557927256,1.2649010499869213,0.01308581389836727,2.2899826070886604,0.15975296546309004,1.1839192522536452,0.39514001331525267,-0.08098179773327607
1785126514271158447,2.165185,0.021525138051480406,1.9216115611039093,0.017329425656594708,1.2648104668855005,0.014331749704112755,2.287267432810365,0.15799317143796265,1.1849643970190467,0.3918446767873327,-0.07984606986645382
1785126514304516113,2.195656,0.021552030723241796,1.921715603609037,0.017327768523699515,1.265238429717049,0.012350066919509467,2.289597739718543,0.1609848271768317,1.1838540705089018,0.3950434061052123,-0.08138435920814713
1785126514337873779,4.381404,0.021546505689530728,1.9217996820119554,0.01732370653015703,1.265180483634687,0.014334355980847561,2.289404099727406,0.15952316273487607,1.1845695159313974,0.39421530712575564,-0.08061096770328956
1785126514371231445,1.132997,0.021539817415071154,1.9218572331243016,0.017328658887490578,1.2652763286414672,0.017684924011081606,2.2878248433205863,0.1586187040402937,1.186194942018404,0.39231368670391437,-0.0790813866230633
1785126514404589111,1.041252,0.021562482173547448,1.921906726705976,0.017337394535315374,1.26557454655293,0.014081489385399073,2.2914872970709523,0.15962693693840196,1.1842251219415558,0.39609604532446085,-0.08134942461137418
1785126514437946777,2.086754,0.02156499622569922,1.92198578167563,0.017338804221103114,1.2652926768648216,0.018601990366161142,2.287294287089324,0.1571776899628263,1.186664916032121,0.3911700365529001,-0.07862776083270062
1785126514471304443,2.558778,0.021550095863648974,1.922003181628546,0.017336416833133854,1.2655227774319115,0.01141619844966318,2.2896714760374937,0.15903010975430024,1.183853663630053,0.39415704129701845,-0.0816691138018586
1785126514504662109,1.238323,0.021544096271911794,1.9220572555912663,0.017326050500110792,1.2657935648370904,0.019096460999892647,2.282387111883771,0.16191073572795886,1.188429529809712,0.3882632192941251,-0.07736403502737832
1785126514538019775,1.320146,0.021501290204640963,1.9221266257444976,0.017308255375185367,1.2656573086536334,0.012207587264814076,2.2908210535155473,0.15990265515363586,1.1838619550421885,0.3954176486095836,-0.08179535361144485
1785126514571377441,1.336404,0.021321782324475718,1.9222176561514264,0.01794241429604655,1.2659674332093658,0.020424869408824674,2.2870429424095287,0.15629147730466042,1.1877571190295018,0.3901778532687958,-0.07821031417986402
1785126514604735107,1.274699,0.021144953498242768,1.9223523072088693,0.018510489750986146,1.2661891980894184,0.01923974393611198,2.2872509219555037,0.15819278562936168,1.1878367696818815,0.390724676273898,-0.07835242840753698
1785126514638092773,1.371305,0.020919863624953364,1.922530569426273,0.0188359111433395,1.2663099308777421,0.016956653439688236,2.2886043066588155,0.15782273218459159,1.1866801039048314,0.39159037852011397,-0.07962982697291077
1785126514671450439,1.109805,0.020628047942899432,1.9227406284916313,0.01904601488113376,1.2669806358032503,0.020496525526054202,2.284042466479794,0.15897554834976652,1.1897165359665245,0.38745233225329767,-0.07726409983672577
1785126514704808105,1.386655,0.020179729431465242,1.923057822004285,0.019220956128860586,1.2669505090313433,0.013059138012554521,2.2915488410350164,0.15909752202356098,1.185542700651847,0.39421033423155755,-0.08140780837949624
1785126514738165771,5.899133,0.019432530659843465,1.9234678026438508,0.019393767043665182,1.2664174218390136,0.01514527767373512,2.290058958319565,0.15792020427320771,1.1865030532091954,0.39191456947826414,-0.07991436862981825
1785126514771523438,1.553164,0.018687083328565113,1.9239595505350602,0.019535507644356593,1.2660365117613126,0.015621590927612372,2.290278654629223,0.1564994925350564,1.1863154231409294,0.39109872976673077,-0.07972108862038318
1785126514804880859,1.320745,0.01766166307245027,1.9245844537661794,0.01964133329084668,1.2650917423931898,0.011001794317658936,2.287591421672708,0.1597841348730693,1.1852104417811586,0.3891765890130554,-0.07988130061203114
1785126514838238525,1.320791,0.01634024647880981,1.9254100382834287,0.019690661459889985,1.2635783156573075,0.011823496715345593,2.2913541547101794,0.15850421953032234,1.1832703430175353,0.3914137213741419,-0.0803079726397722
1785126514871596191,1.52826,0.014786775708224629,1.9263495393282288,0.019750395288011473,1.2611412599230667,0.009978304730456303,2.288144455359135,0.15713162628901486,1.1820995180443805,0.38703008318515164,-0.07904174187868618
1785126514904953857,1.603408,0.012866551740174493,1.9274466948398548,0.019688764235376868,1.2582585994470903,0.013350476507247126,2.2896163496870536,0.1591382701682807,1.1802336029204232,0.3880892394543429,-0.07802499652666706
1785126514938311523,1.488536,0.010602639494027429,1.928675264749623,0.019602648388965124,1.2552192417297205,0.006698645597801496,2.2924859264897393,0.15610853770202132,1.1762612846130664,0.3885965730436533,-0.0789579571166541
1785126514971669189,1.652344,0.007956661824816571,1.9302270132123394,0.01934334463743454,1.250638483697226,0.0002945428958098415,2.29160344436933,0.16238467151351466,1.1711700501458617,0.38873185392596155,-0.07946843355136424
1785126515005026611,1.671855,0.004956426653482745,1.9321830233465274,0.019077628869988407,1.2462120925632594,0.0014317071075641056,2.2976743852640955,0.15432230401692032,1.1670551705454772,0.3897274450687753,-0.07915692201778213
1785126515038384277,1.6339,0.001929446784640137,1.9339889478031604,0.018917943785452494,1.2424422948485976,-0.011219090420697065,2.3055413766178128,0.1607154102682937,1.158405177688728,0.39790779445703234,-0.0840371171598695
1785126515071741943,1.670809,-0.0012140834936067429,1.9358115422195123,0.01894972254321523,1.2386085654533776,-0.01029832021035465,2.305433224255155,0.16068963083624485,1.1562668150696422,0.3959708484099558,-0.08234175038373537
1785126515105099609,1.527236,-0.004105743853349167,1.9376311944697313,0.017746465677668286,1.236613388655604,-0.014604038069552329,2.3125194265042404,0.15754770529738643,1.152529143217212,0.40024465930055797,-0.0840842454383921
1785126515138457031,1.654034,-0.0065901245671827775,1.9393441035763563,0.017302212346567147,1.2365378484908902,-0.017236324822472126,2.310853345869567,0.15370880123655287,1.1533276529131595,0.3959030388640037,-0.08321019557773067
1785126515171814697,1.891296,-0.008687776338917734,1.9410886962719411,0.016278918997032737,1.237205710049811,-0.020225245878013113,2.3127446163327168,0.1557038615121286,1.153788223823686,0.39711528642816685,-0.08341748622612499
1785126515205172363,1.742092,-0.011953063305628196,1.943554046024975,0.015373329549180609,1.2399513376368134,-0.024280886279043262,2.320318902759593,0.15723855684551333,1.1542894094519516,0.40277720293651353,-0.08566192818486185
1785126515238530029,1.875652,-0.013553658154896094,1.944173174921201,0.0158924263004387,1.2451766986106418,-0.02894364428139606,2.3252854528163236,0.15819927126843167,1.156887492814473,0.4071052175545376,-0.08828920579616883
1785126515271887451,1.893096,-0.01540207833974241,1.9449415342099898,0.019393376670788595,1.250053292462089,-0.02854706440161764,2.3267521482885947,0.1660845743623486,1.1634435742627118,0.40923152757556763,-0.08660971819937724
1785126515305245117,1.973489,-0.01687327369219332,1.9466162102103293,0.021556124019498073,1.2523745313424897,-0.03171504738635677,2.327181456756294,0.16789439013767896,1.1674655537106806,0.4080013152619183,-0.08490897763180905
1785126515338602783,1.963045,-0.021669412850963167,1.9487152823692344,0.022125176253332844,1.2532886728812265,-0.03566280399817423,2.3272234666207017,0.16737091392695955,1.169721636634211,0.40566067698693387,-0.08356703624701557
1785126515371960449,2.019596,-0.02643774081784263,1.950209594993193,0.021157657292977188,1.2540974904758213,-0.04176158972784924,2.329521538763696,0.16508598739575894,1.1710173702695246,0.4059898215947652,-0.08308012020629674
1785126515405317871,2.017252,-0.03134622979101035,1.951476413751493,0.019530350519516966,1.2587684636161431,-0.051365680741905645,2.334647127070997,0.1472813023014606,1.1733446897447666,0.4044018788820663,-0.08542377387137656
1785126515438675537,2.121248,-0.03691238011709674,1.9538182964297124,0.020296638552476577,1.2632607584849527,-0.055148398446126054,2.3369649451771846,0.1556975626310759,1.179365300576963,0.40677674104139006,-0.08389545790798958
1785126515472033203,2.112711,-0.04021520763981642,1.9547563062058535,0.020517214156256694,1.2638138567828259,-0.0580719424840737,2.3376772879077063,0.14879321928758324,1.1828918513606599,0.40423022487100213,-0.08092200542216597
1785126515505390869,1.995931,-0.04462602795942895,1.9567639128221912,0.02021823072613644,1.2629117627548547,-0.061661645837840756,2.3392965228413005,0.14992156544477536,1.1830060815581898,0.40428253121012603,-0.07990568119666497
1785126515538748291,1.324961,-0.05032063859865111,1.9591555652121173,0.020196687293724598,1.2639491573228125,-0.0683367495257995,2.3397303125302282,0.14816772303300707,1.183202028194943,0.40191828091960186,-0.08074712912786963
1785126515572105957,1.175427,-0.05559608169340683,1.9619726562382287,0.01980035335243887,1.2665799436871992,-0.0703680414466656,2.339562532099148,0.14463370693773767,1.1874776370349096,0.3979644347362824,-0.07910230665228957
1785126515605463623,1.168944,-0.06081232833190437,1.9656385957800342,0.019102033810255336,1.2685273488873787,-0.07635585200425814,2.34187183654293,0.14260211204442264,1.1891333755404234,0.3962894420836234,-0.0793939733469553
1785126515638821045,1.379904,-0.06573965688070778,1.968227716866397,0.01907971927514616,1.2681031038753678,-0.08079145831664251,2.350520471660263,0.15371989596823435,1.1880567766576475,0.4055888118209076,-0.08004632721772031
1785126515672178711,1.142632,-0.07118658819491876,1.9714876704956104,0.019684793166922922,1.2642653729617375,-0.07987402010694113,2.3514483493449228,0.15904886865030216,1.1880076477070585,0.40480604550845506,-0.076257725254679
1785126515705536377,2.213394,-0.07599069982137638,1.9744069674939901,0.02026116164893961,1.2605553579190272,-0.0886755205678434,2.3566759842043226,0.16577330530326034,1.1818551126778802,0.4092240092723423,-0.07870024524114694
1785126515738893799,2.264694,-0.08071398000201814,1.9773304866452306,0.020625215442538362,1.2592621108688637,-0.09564620373946678,2.36066033987083,0.16455326106263712,1.1793829234300077,0.40973165608203377,-0.07987918743885603
1785126515772251465,2.336265,-0.08473123444197334,1.9801422259491588,0.01949857661432357,1.2597306078102917,-0.10020436337375291,2.364035757556438,0.165921861059462,1.1795840802050992,0.4111610871137375,-0.08014652760519247
1785126515805608887,2.300304,-0.08923191286850359,1.983339294845831,0.018835205363198736,1.2606038918963214,-0.10611085758072196,2.3707840145143315,0.16426953071151335,1.1786227990636682,0.41418528771930135,-0.0819810928326532
1785126515838966553,2.30345,-0.09241576061544,1.9863851727684738,0.01742593993632286,1.2618047730736492,-0.10817776882458645,2.3725179714186804,0.16524202646930167,1.1805933677246059,0.413759077887303,-0.08121140534904336
1785126515872323975,2.454647,-0.09576729492674213,1.9893455837782426,0.018456957673905563,1.2622888856010512,-0.11032634566585107,2.3759303178882294,0.1649914312773755,1.18148959768306,0.41368112666588885,-0.08079928791799129
1785126515905681641,3.051931,-0.09933724923779357,1.9912725653428187,0.019446490623690728,1.2634875632823903,-0.11423500296774132,2.3805021796668036,0.1650029185309595,1.1820138291075153,0.41582244941575736,-0.08147373417487502
1785126515939039063,2.474999,-0.10263539500573222,1.9932309968405724,0.020401179360317837,1.266307380450126,-0.11933674291181973,2.3830099810874894,0.16304595377277897,1.1844609332373186,0.41539634477161747,-0.08184644721280732
1785126515972396484,2.502933,-0.10525659770219045,1.9956078519598137,0.020685341722335618,1.2669063238884521,-0.12449667852798676,2.3854189883532926,0.16152834961545906,1.1853164175967972,0.4149212643851132,-0.08158990629165497
1785126516005753906,2.47627,-0.10888874141322924,1.9988131878892184,0.02016129551127324,1.2686427273478633,-0.12999974961361463,2.3883397988658666,0.16173305964296003,1.187016629168608,0.4149930357554783,-0.08162609817925537
1785126516039111328,2.649879,-0.114042148643318,2.0017608311613415,0.01892398334931672,1.2714980610703652,-0.13583758293858503,2.394244436160541,0.16235146847823295,1.1893123543489068,0.4184374082699735,-0.08218570672145842
1785126516072468994,2.573631,-0.12014111553966987,2.0045237274932686,0.017350797719973415,1.2732913151430363,-0.1406711423539491,2.396565012506956,0.16472022141783557,1.192217170528469,0.4193275547793377,-0.0810741446145673
1785126516105826416,2.659025,-0.12623953913499955,2.006137539782691,0.013621048811149606,1.276031851720662,-0.14420052486280036,2.4016571030592293,0.15526591408864773,1.195940539367431,0.4205015931031161,-0.08009131235323097
1785126516139183838,2.686722,-0.1314490543739734,2.0086101857660585,0.014170904411762567,1.2817007293869418,-0.1485040949825693,2.3978680641207273,0.1545782152769451,1.2038627893138005,0.41415792062416357,-0.07783794007314128
1785126516172541260,2.629065,-0.13718679059305136,2.010344419872835,0.015330749968356271,1.2818046259570552,-0.15467559362529648,2.397259230554877,0.1559885884897557,1.205647735391604,0.4120601369874707,-0.07615689056545127
1785126516205898682,2.692047,-0.14130840404752293,2.0112804789080325,0.015340478129708485,1.2793966594227362,-0.15699246835716987,2.394733974671844,0.1529037895190782,1.2068731671111008,0.4076839927286395,-0.07252349231163535
1785126516239256104,2.668246,-0.14773138246077036,2.0137861149913796,0.015260056837836697,1.2776716067695937,-0.16199834462947324,2.3977618617863707,0.1505823212327953,1.2053193154173256,0.40737333685119037,-0.07235229135226806
1785126516272613525,2.750778,-0.15431291101240038,2.0165613298675256,0.015203725565813838,1.277935094915719,-0.17172085771129303,2.4037444147280524,0.15043438044716662,1.2032261253545817,0.4104888644409553,-0.07470896956113737
1785126516305970947,2.718631,-0.16087839512953156,2.01964824461949,0.014624115932746602,1.279088697212836,-0.17806760572320202,2.402816505466681,0.14383307454372055,1.2054552545063033,0.4047324302138721,-0.0736334427065326
1785126516339328613,2.80713,-0.1673481539244661,2.023181141399676,0.013930081466586346,1.2795347046932615,-0.18465432380829525,2.4061977043611376,0.14748646723223635,1.2056292724014488,0.4060030778179425,-0.07390543229181268
1785126516372686035,2.810985,-0.17365312530154353,2.025864553157817,0.013875866938869406,1.2772442637310109,-0.191100678312244,2.416564202714281,0.15339950351774806,1.2018352655681945,0.4152318369703844,-0.07540899816281632
1785126516406043457,2.846788,-0.1805024132413365,2.0294335878629397,0.013209846203300384,1.2719755155746906,-0.1974098217400505,2.422482398919925,0.15906913398774675,1.1967402994971463,0.4195809339906166,-0.07523521607754424
1785126516439400879,2.811065,-0.1867940475867747,2.032777706097252,0.013444444607622789,1.2691852962678378,-0.20545686504431135,2.4266738440671487,0.16012994721380044,1.192758423647845,0.42073638413842956,-0.07642687261999281
1785126516472758301,2.903612,-0.19236912276024984,2.036652486182562,0.01256128363653308,1.2699218124747431,-0.21225065886899677,2.432840701033077,0.15672316931365035,1.1920417536956551,0.4220699306352723,-0.077880058779088
1785126516506115723,2.925348,-0.19765462710987267,2.0403805562882065,0.01296588256802685,1.2712943278680198,-0.21778839241756756,2.4369486673862175,0.1562870919683959,1.193104222074267,0.42215234727441014,-0.07819010579375286
1785126516539473145,2.997868,-0.20272319452892798,2.0430888513331653,0.014076939090675252,1.2725939884462627,-0.22123174447095634,2.440322543934079,0.15470630389181558,1.1944458669516465,0.4217982825980757,-0.07814812149461625
1785126516572830566,3.008397,-0.20653814298595566,2.0446994995236216,0.014729187608270685,1.274607392137583,-0.22744077975314328,2.445318794310024,0.1555811729755751,1.195998085900556,0.425172931124368,-0.078609306237027
1785126516606187988,2.97792,-0.21020812396871494,2.0477912746365967,0.014734692042848316,1.2748961939445864,-0.23541400848200178,2.4480441191087947,0.15728771984639014,1.1963305166188045,0.4256278208225351,-0.0785656773257819
1785126516639545410,0.342495,-0.215600875398769,2.0518679064697563,0.014005190416727507,1.276710183379626,-0.23946915381223854,2.4507241035965106,0.15366112550894245,1.1991726934772808,0.4232726555157091,-0.0775374899023451
1785126516672902832,0.212517,-0.22213839586983106,2.055175843435341,0.012686765070232635,1.2792090124816469,-0.24744613645771513,2.457271893865178,0.15417778285959968,1.2003344772403894,0.4270145473166091,-0.07887453524125743
1785126516706260254,0.330733,-0.22978620715526524,2.0579308676055033,0.010964156031944377,1.2809685308216898,-0.25095369190415945,2.460774454440038,0.1547900563291758,1.2035112421981118,0.4282720017239243,-0.07745728862357804
1785126516739617676,0.189549,-0.23561109935161872,2.0593067610314093,0.008408825012568129,1.2833618936359072,-0.2614182483742789,2.459848581905682,0.1485381825990634,1.2063899935271758,0.4251305635537858,-0.07697190010873145
1785126516772975098,0.222649,-0.2407523045684615,2.0613717876602053,0.008572083903771746,1.2898179708479784,-0.2639693406760906,2.4580901988121853,0.14886713185751305,1.2158963759221266,0.42143472684736943,-0.07392159492585182
1785126516806332520,0.198528,-0.2464386950642054,2.06321694351338,0.00950171734525325,1.2908243695093902,-0.2722616114648487,2.4586719205388246,0.14934420678124052,1.217723773673583,0.4202468128579724,-0.07310059583580708
1785126516839689941,0.234252,-0.2509139306040901,2.0651487188707125,0.009586845984499565,1.290597160397909,-0.2760011588316181,2.455445375259899,0.14886078719555484,1.2199000956172539,0.4151603060375343,-0.07069706478065507
1785126516873047607,0.039656,-0.25721671548122726,2.067549227988259,0.009427261430794826,1.2902733302995437,-0.28279512748744823,2.4608779876462474,0.14825300038027592,1.2184296282769458,0.41789275433981987,-0.07184370202259793
1785126516906405273,0.060115,-0.26357537110877,2.0700943632792597,0.009211632390368457,1.2904768137885314,-0.29112376938510154,2.464440168488674,0.14696738964456693,1.21750273509788,0.41862175885939124,-0.07297407869065142
1785126516939762939,3.329741,-0.2707363628292597,2.0739913894167303,0.008591360445467273,1.289929917567021,-0.2974404969552154,2.4669932250333617,0.14643849000633496,1.217088834471832,0.4173312649510331,-0.07284108309518887
1785126516973120361,3.303819,-0.27593589911142286,2.076500882189783,0.00807239681710636,1.2895243040772912,-0.30476263393518105,2.4713511931746153,0.14975348796989632,1.2162753162832625,0.42048933436612085,-0.07324898779402877
1785126517006478027,3.320077,-0.2825801024161669,2.0794865849572695,0.007501553661398059,1.2861395772213284,-0.31108368480976256,2.4800250650701137,0.15468857477148218,1.2119945123640719,0.42767691946565944,-0.07414506485725658
1785126517039835693,3.363992,-0.2889147789405181,2.0828991969408253,0.0072633307312751395,1.281441851416251,-0.31598098925364776,2.4839489513399005,0.15677209805800577,1.2080395771663959,0.4288663623459312,-0.07340227424985524
1785126517073193359,3.198672,-0.29538881947436907,2.08723412014239,0.006662164809075322,1.280794830418845,-0.32249917786560206,2.4894693220191244,0.15663316748773667,1.2055099267650082,0.43013885061147583,-0.07528490365383678
1785126517106551025,3.273967,-0.29847109009950146,2.090617830885597,0.006419465356012673,1.282776318262482,-0.3272037571662624,2.4917541988394807,0.15690669827520723,1.2078372186187705,0.4293976701423503,-0.07493909964371159
1785126517139908691,3.330903,-0.3028704017673782,2.094150839214849,0.007153812523996654,1.2845274843968773,-0.32999668112610236,2.4974241908787738,0.15593525775474212,1.2088882372181582,0.43069844397101353,-0.07563924717871906
1785126517173266357,3.291041,-0.30639386276656905,2.0957595455902718,0.007854504061323646,1.2868811323490974,-0.3324064678018344,2.5017230214307773,0.15462631337721666,1.21094826057079,0.4324638289465216,-0.07593287177830745
1785126517206624023,3.159627,-0.3084978303762616,2.097788230977724,0.007903703391975367,1.288996145848501,-0.33665470532711933,2.5048690266885374,0.15375147243863108,1.2131653853048678,0.43333492310155874,-0.07583076054363325
1785126517239981689,3.273783,-0.3100671975179373,2.099880903496757,0.007533612287660758,1.2888373724795092,-0.34016451079897103,2.506628591122972,0.15298001613412723,1.2134046073621911,0.4330175354969807,-0.07543276511731811
1785126517273339355,3.12115,-0.3127602335193716,2.102539309651374,0.006623403951131507,1.2877180219565694,-0.3402735357440273,2.510031102060917,0.15295901612012,1.213351651667564,0.4338440434871961,-0.07436637028900539
1785126517306696777,3.021451,-0.31447612820131704,2.1033647945887584,0.005438462710619468,1.288790052814456,-0.3450963335811406,2.5096600917846006,0.15006158142061543,1.2137428117141078,0.43235322592339465,-0.07504724110034822
1785126517340054443,2.990887,-0.3139824381311303,2.103805788013175,0.0027901030317841573,1.2947839269868404,-0.3457586704526144,2.506587104786563,0.1499065154597112,1.2200704853954043,0.4299834379228079,-0.07471344159143611
1785126517373412109,3.044009,-0.3143838869368114,2.1035054980887624,0.002252095270150526,1.3011549307400552,-0.3471318869976197,2.5095432129370945,0.15027276691333497,1.2252325941446531,0.43341570878423125,-0.07592233659540204
1785126517406769775,2.976968,-0.3141629832216635,2.103337310609326,0.0032431167082160976,1.305834980112429,-0.344738431281246,2.508479558541844,0.15181724784623168,1.2308298265602127,0.432607641549793,-0.07500515355221626
1785126517440127441,2.924231,-0.3133285817485548,2.1027233718242027,0.0038264355137179254,1.3088082862816777,-0.34412304896977014,2.509207319428418,0.1514123225853781,1.2336290531960137,0.43354249265103617,-0.07517923308566399
1785126517473485107,0.4525,-0.3124724047880354,2.102205824257776,0.003982214034789228,1.3099350990206928,-0.34489471256344906,2.5086374703288157,0.15270120861238345,1.2348085992110969,0.433999110964146,-0.07512649980959596
1785126517506842773,0.369136,-0.310528205022492,2.1009213321862297,0.004001197435748265,1.3109853380841834,-0.3443379915393839,2.5075376010396173,0.15084713225031335,1.2359560349438132,0.43363996625326373,-0.07502930314037015
1785126517540200439,0.517478,-0.30924117506721044,2.1001769032228688,0.003975760080502776,1.3120170750493907,-0.3437762060953482,2.508057363606579,0.15252716164817945,1.2371361366308067,0.4354614302537746,-0.07488093841858401
1785126517573557861,0.545652,-0.3083882752584092,2.0996550716503886,0.004045473798655316,1.3138182902738678,-0.34466139227317055,2.5079066216691457,0.15186910703141085,1.2383240620376879,0.4357027583718246,-0.0754942282361799
1785126517606915527,0.535207,-0.30802380086897824,2.0994892417785835,0.004053374513029773,1.3152974866126228,-0.3453001688568823,2.5078417352509326,0.1524877766380339,1.2401639992803197,0.43608950717675143,-0.07513348733230307
1785126517640273193,0.564817,-0.3080774452117464,2.099569062294014,0.003988868966091918,1.317792148893963,-0.3473707300240818,2.5088191672202753,0.15087287346978892,1.2414875385766744,0.43658277725139494,-0.07630461031728863
1785126517673630859,0.54722,-0.3080954178118667,2.099688528243083,0.003942802909080098,1.3208215816884095,-0.3452698028437637,2.50824840564276,0.1514462763976458,1.2457624898468056,0.4359591529197783,-0.07505909184160386
1785126517706988525,2.721215,-0.3080301524886639,2.0997440994525745,0.003892158899361269,1.3237357792685502,-0.34589307226893984,2.509576799809423,0.15028668195166156,1.2479095048732116,0.4368384133244061,-0.07582627439533862
1785126517740346191,2.653458,-0.3080206956500781,2.099716177312029,0.0038483771630528317,1.325657408447956,-0.3462994848739689,2.5088988326139456,0.15086794063525322,1.2496344258874017,0.4364750429840526,-0.07602298256055429
1785126517773703613,2.712546,-0.30803613187872914,2.0996366759170395,0.0038517196973311754,1.3264603626025457,-0.34615886374199134,2.5068502315477064,0.15152591947702646,1.2514555967556131,0.43483777648067995,-0.07500476584693261
1785126517807061279,2.654564,-0.3080669741684308,2.099561716731438,0.0038002532232862853,1.3271086353317576,-0.3464911594536393,2.508545056597692,0.15072147218212512,1.2513757300825317,0.43626784763874,-0.07573290524922593
1785126517840418945,0.206504,-0.3080911737479596,2.0995024606660757,0.0037947663880753615,1.3280655407441868,-0.34747423567394436,2.5074256248542888,0.15077389139971673,1.2517858426886352,0.4353793709366321,-0.07627969805555157
1785126517873776611,0.746568,-0.3081737083399918,2.099441670868083,0.003785705789409656,1.3281964628921306,-0.3468017592818157,2.50709744374105,0.14883192871755338,1.2526745520437397,0.43441197297259315,-0.07552191084839087
1785126517907134277,0.758058,-0.3081768898732753,2.0994019454368527,0.0037742432531354952,1.3285800020956675,-0.34698607582686863,2.507252511223092,0.14889967915796695,1.2528167588986494,0.43463735351796856,-0.0757632431970181
1785126517940491943,0.866107,-0.3081975107077609,2.0994070067233195,0.003804790697913424,1.3289769017676332,-0.34811744527687793,2.5074877612377042,0.1486933600737432,1.2522794368791774,0.43487492560138113,-0.07669746488845575
1785126517973849609,0.82443,-0.30817436534299425,2.0993981380796094,0.003804075263884054,1.3290143662999265,-0.3466105750429449,2.506680193608707,0.1490463881072021,1.2532713551295986,0.4341098298958247,-0.07574301117032789
1785126518007207275,0.912929,-0.30815470903916636,2.0993881338567557,0.003824237710882864,1.3294709658138908,-0.34644997517695425,2.50741602434405,0.14702354206462223,1.25350774806154,0.43411902468271335,-0.07596321775235082
1785126518040564941,0.846456,-0.30817947470588825,2.0994149455996283,0.0038394004857725574,1.329713226902336,-0.34691043632612384,2.507053000018401,0.14916690328504525,1.253679476709511,0.43449850847640775,-0.07603375019282499
1785126518073922607,0.894185,-0.30818197693544686,2.099386472508378,0.003837225639377922,1.3297154586503206,-0.347429767119299,2.5076106757551164,0.1501369985920478,1.2533325248603766,0.4354205010294677,-0.07638293378994399
1785126518107280029,0.964559,-0.30819804190825156,2.099386828619222,0.0038336628969458005,1.3303325233491232,-0.34698606533562126,2.507300730372003,0.14910470539831594,1.2541270960549549,0.43474353105482155,-0.07620542729416835
1785126518140637695,0.963174,-0.3081646703751493,2.0993752290931336,0.0038225190807709697,1.3305091784136003,-0.34756404042748024,2.5074410865725265,0.15052009376336356,1.2538560223744233,0.4354196054596848,-0.076653156039177
1785126518173995361,1.017341,-0.30817700542419973,2.0993844519067086,0.0038263499358797276,1.3308943748220499,-0.3478379036056972,2.5071652614348032,0.14854449940097464,1.2538770130212935,0.43451296672084805,-0.07701736180075636
1785126518207353027,2.408211,-0.3082273734533153,2.0994151329755204,0.0038359779427729994,1.3313619728676054,-0.3465309771199248,2.5069371651097914,0.1498423965710852,1.2552310771642112,0.43457939091650494,-0.07613089570339415
1785126518240710693,2.239604,-0.30827038063280926,2.099426922576537,0.003842983056569226,1.3312466043548188,-0.3471600420972753,2.50672788591672,0.1482834163088794,1.254841956119152,0.43390035637779434,-0.07640464823566684
1785126518274068359,2.181384,-0.30826460171220676,2.0993976318558993,0.003852139834374116,1.3316614238398503,-0.34707975338099006,2.5068910868255823,0.14966245921971064,1.2550186418174956,0.4345321404470025,-0.07664278202235475
1785126518307426025,2.246426,-0.308241064003498,2.0994121679336573,0.003857763622893435,1.3318965116173118,-0.3473045381222945,2.5069875666536827,0.15072762767488412,1.2549447743354099,0.43498783617322895,-0.07695173728190197
1785126518340783691,2.17104,-0.30823267880492233,2.099378231336147,0.0038478876450241464,1.3317668846495887,-0.34656337958345806,2.5063010865402187,0.14987358999304343,1.2553559445663127,0.43402644902798254,-0.07641094008327598
1785126518374141357,2.156689,-0.3082170396162149,2.0993484803036364,0.0038564157809299233,1.3321670632065157,-0.34837374917890057,2.5080398414423284,0.1488172577939201,1.2541933059335781,0.4354937837781542,-0.07797375727293754
1785126518407499023,2.166419,-0.30821869763674714,2.099370397835961,0.0038483301703906014,1.3321241915247313,-0.347783000943183,2.5067639293798685,0.15003492450956799,1.2548747825874276,0.4346324240141634,-0.0772494089373037
1785126518440856689,2.259833,-0.308240178558521,2.0993633942919434,0.0038432869663775175,1.3322142355286999,-0.3476864625712214,2.508262518032005,0.14978681730472845,1.254593084459155,0.4359518514302033,-0.0776211510695448
1785126518474214355,2.037581,-0.30824004815691824,2.0993974969453135,0.00383862802990477,1.3325396878702835,-0.34762544272908824,2.507578786915938,0.1492276795818459,1.2550042712500618,0.4350875211941402,-0.07753541662022179
1785126518507571777,2.084986,-0.30824716396169205,2.099427658333367,0.00385060061996563,1.3324205852990376,-0.34721543635665575,2.5068519908842632,0.14948311815208698,1.255371295623614,0.4344213889425049,-0.07704928967542357
1785126518540929443,2.020329,-0.3082253309541609,2.099418234036452,0.0038588138672859297,1.3326306482345978,-0.3476510347054636,2.5072595976865895,0.14854295674883367,1.2550745117979771,0.43453707002010455,-0.07755613643662063
1785126518574287109,2.037926,-0.3082107923608252,2.0994225170010705,0.00386191652894443,1.3327841885782494,-0.34766715704782564,2.5066247721273682,0.1488108013777023,1.255343282748681,0.4340284097995827,-0.07744090582956842
1785126518607644775,1.938698,-0.3082073351088373,2.099413982254052,0.0038606316089375113,1.3325349327600466,-0.34643555701308787,2.5065273388837968,0.15003386794030615,1.2557116444280045,0.43424566447563345,-0.0768232883320421
1785126518641002441,1.967025,-0.3081800840141541,2.0993700799348454,0.0038537550209609937,1.3329971940458338,-0.3470426270176259,2.506328237350073,0.14908075431516996,1.2558000407264207,0.43383881852537576,-0.07719715331941313
1785126518674360107,1.949336,-0.3081707900820351,2.0993822910415427,0.003855064202705368,1.333097928191297,-0.34855007781733316,2.506963856361673,0.1502246274157431,1.2547204469099764,0.43494513251902595,-0.07837748128132048
1785126518707717773,1.901129,-0.3081726027004042,2.099358877459543,0.003838838072867258,1.3328966894928194,-0.34716059995563614,2.5065362920843293,0.14944832510821868,1.2554894216074695,0.43418387075661546,-0.07740726788534989
1785126518741075439,1.830512,-0.3081609882282985,2.0993834664496536,0.0038491652896812008,1.333261439530846,-0.34782719948552626,2.506773306453848,0.14941243448337554,1.2554173621584626,0.4344289992536204,-0.07784407737238341
1785126518774433105,1.873143,-0.3083076698305071,2.0994252358268537,0.0038316458061761864,1.333380149543938,-0.347262090572234,2.5068230492842654,0.14909055044235417,1.2556284497400574,0.434270163240932,-0.07775169980388053
1785126518807790771,1.824698,-0.3083957015535571,2.099457035474502,0.0038495081907487343,1.33443900435333,-0.3466442524382454,2.5076005388283416,0.14917059784779407,1.2568292258352138,0.43492791365217653,-0.07760977851811623
1785126518841148193,1.874726,-0.30855768321733845,2.0994984822007754,0.0038430709948236892,1.3364469642216816,-0.34633425840888465,2.5073789318377218,0.1492117414954104,1.2589958148306837,0.4346557041985625,-0.07745114939099795
1785126518874506104,1.675833,-0.30859624574138556,2.0994853951696255,0.00380950436149928,1.3387634008360687,-0.3487876310027087,2.508249177400656,0.14906963682388355,1.2599874101966353,0.43566464533633087,-0.07877599063943341
1785126518907863770,0.009356,-0.30891950604373913,2.099571271126372,0.003793216559183212,1.3414895012841845,-0.34910304448550494,2.5085031910871556,0.1497911134943125,1.2629342517749327,0.43606813439414965,-0.07855524950925187
1785126518941221680,1.590361,-0.30957328087218505,2.100311136476841,0.0039039672371416582,1.344710835897787,-0.34973904736320527,2.5089538270994773,0.15062862190374926,1.2661300621066107,0.43603928915196866,-0.07858077379117634
1785126518974579346,1.652634,-0.3101469579057926,2.1009437153725328,0.003735431555349729,1.3493848860956685,-0.346675413482693,2.5073916541880896,0.14985511445297853,1.2734678656584582,0.4334572836674357,-0.07591702043721038
1785126519007937012,1.723089,-0.31108720577033183,2.102042998600908,0.003959239745003031,1.357999670323875,-0.3454056396183975,2.509542838613789,0.1506201272066069,1.2814698374238842,0.4344459580009148,-0.07652983289999082
1785126519041294922,1.656281,-0.311466084101392,2.1030149535525053,0.002518259386659675,1.365923104346457,-0.3484035817723817,2.5115096385332203,0.14992711998047537,1.2879616633513409,0.43584591150228186,-0.07796144099511615
1785126519074652588,1.634539,-0.31148679165609566,2.1043716790092564,0.001526891730254408,1.3729634878095713,-0.34627388278324234,2.511326327914657,0.14978029810491483,1.2967543839940066,0.4345127161274991,-0.07620910381556478
1785126519108010254,1.509323,-0.31120367925697523,2.105632408940592,0.0008689311758403213,1.380151281075203,-0.34663104672468814,2.512587886120131,0.14956345134567475,1.3035341866550492,0.4347159061969736,-0.07661709442015387
1785126519141368164,1.607739,-0.31092046235903276,2.107017204714928,0.0002092428666510618,1.3868797833000814,-0.34513063866392474,2.51160097680427,0.148060579185196,1.3113891860545768,0.4321092251410884,-0.07549059724550466
1785126519174725830,1.470364,-0.3105756736080801,2.108333411969625,-0.00032774662468354476,1.3947060253899695,-0.3448748731036562,2.513327533386278,0.1490155756719733,1.3189356285076048,0.4330128189588469,-0.07577039688236464
1785126519208083496,1.445761,-0.31052685167778704,2.1091571447039743,0.000693985058295838,1.4012001539550922,-0.34573554506451365,2.5156443567680666,0.14899171205927494,1.3253727337773629,0.43412408536649494,-0.07582742017772937
1785126519241441406,1.473843,-0.3106786582408927,2.1100613874355707,0.0016732282490555563,1.4078064404863915,-0.34587911682943845,2.5166813013078033,0.14900147662982532,1.331901563971741,0.4339175490957373,-0.07590487651465039
1785126519274799072,1.363648,-0.31094742137672104,2.1105757647588703,0.0018168775323444894,1.4156558954755292,-0.34609068832714324,2.515335252746239,0.14808199139241318,1.339607453960675,0.4318087260121596,-0.07604844151485413
1785126519308156982,1.363835,-0.311221693224487,2.111122375542842,0.0016746891805497592,1.4226597626932111,-0.3464532820092305,2.5170757353857676,0.14765243077161633,1.3468064189730087,0.4328381871509088,-0.07585334372020246
1785126519341514648,1.449858,-0.31180467115168337,2.1116934502127163,0.0014911405202124167,1.4301397481103821,-0.34738833350639814,2.516745934498067,0.14856789770292977,1.3547243300787204,0.4323948248484165,-0.07541541803166174
1785126519374872314,1.293649,-0.31252569335358177,2.112121261289529,0.001253339522442963,1.4379550791373867,-0.34703257672784316,2.516248034896715,0.14796175937272185,1.3631689953214727,0.4313148903079099,-0.07478608381591402
1785126519408230225,1.403746,-0.31339091150830023,2.112543457659651,0.0010305801935443122,1.444970994102417,-0.3494614654012083,2.5169038448956873,0.14834900706580637,1.3699120041613997,0.4318693396386647,-0.07505898994101722
1785126519441587891,1.290451,-0.31432656906664674,2.1129921254237747,0.0007546501846504051,1.452670851629857,-0.3507985724589597,2.5174736167239984,0.14708325970893443,1.3771307627430518,0.4316799112782667,-0.07554008888680519
1785126519474945557,1.292551,-0.3154324394287376,2.113321690476261,0.00010657273398575681,1.460766390320709,-0.35185712522252716,2.519699723537834,0.14636267507138082,1.3844479251069621,0.43342901490451186,-0.07631846521374697
1785126519508303467,1.219305,-0.31678594625097267,2.1136980446125486,-0.00019709591506886226,1.468426418419319,-0.3563448102666736,2.5209262727036217,0.14699315556402234,1.390876274759019,0.4348157122355238,-0.07755014366029987
1785126519541661133,1.454102,-0.3180943195898699,2.1139346378324313,-0.00031158151390193317,1.4775836209652227,-0.35381172144025896,2.51894571373039,0.14642324406537122,1.4023709755563678,0.43225086863156664,-0.07521264540885488
1785126519575019043,1.102383,-0.3194187079342628,2.1141890560869543,-0.0003508107754938254,1.4866617633342032,-0.3565428368643846,2.5196650530389317,0.1467590625853428,1.4108213683267392,0.43293221166051127,-0.07584039500746398
1785126519608376709,2.62154,-0.32091690703020814,2.1143161569114772,-0.00147298640145474,1.4953089403884336,-0.35943647295471004,2.5202821162307534,0.14687945203497463,1.4182197648326675,0.43393612787490604,-0.07708917555576611
1785126519641734375,1.088702,-0.3222451714265052,2.1142977188771117,-0.0024497858300607904,1.5031818763330458,-0.35987315289929483,2.5195580198083034,0.14534811268656184,1.427301456128596,0.43300807764577154,-0.07588042020444986
1785126519675092285,1.222165,-0.3236224224786226,2.11431432518226,-0.0030816361177682713,1.5117346841694825,-0.3612134674171048,2.520105599339602,0.14567846685715038,1.4355607975774403,0.43383085768409146,-0.07617388659204227
1785126519708449951,1.093134,-0.3248188701589594,2.113902200351184,-0.0034533270330832783,1.5197781051206425,-0.36387824496747906,2.518555728122277,0.1471465071453959,1.4428774899935772,0.4335324928452403,-0.07690061512706525
1785126519741807617,2.172054,-0.3260477613592341,2.1135395684691995,-0.0021565121802455574,1.5278104459745179,-0.3654910472127655,2.519665547999286,0.1455874834454341,1.4517144127089499,0.4339612566711879,-0.07609603326556802
1785126519775165527,2.384059,-0.3279913599816177,2.11313557517981,1.5550377114467717e-05,1.5373890701010955,-0.36634670468435737,2.518078793836221,0.14491276125686356,1.4609984614108604,0.43179317331774714,-0.07639060869023506
1785126519808523193,2.316156,-0.3297576999526659,2.1126125741061763,0.001063508464992733,1.5475853989107453,-0.3673349014913565,2.51644368576549,0.14503870380926076,1.4715716637687999,0.43037247785365706,-0.07601373514194543
1785126519841881104,2.241345,-0.33162949270446634,2.112143296042451,0.0015502217517908562,1.557754769962003,-0.3691995184289719,2.515582265896252,0.1439690913980732,1.4825371388642716,0.42948532415085006,-0.07521763109773127
1785126519875238770,2.391356,-0.33449934686003036,2.1115780245011178,0.001642440834990152,1.5689237196268468,-0.37258479631710156,2.5151108377023905,0.14215925163283372,1.493018489526062,0.42899208256945415,-0.07590523010078476
1785126519908596680,2.444098,-0.3379797596745799,2.110629053944243,0.0015440830997051104,1.5808995349273633,-0.37831249475243917,2.5175260270488713,0.14059767849195126,1.5032551020976603,0.4318886183173617,-0.077644432829703
1785126519941954590,2.482534,-0.34139893783410724,2.109579354142664,0.0013800131414800042,1.5921178566280965,-0.3801715845579575,2.514793215659766,0.14105107925120036,1.5162098938658013,0.43035984757851126,-0.07590796276229517
1785126519975312256,2.546715,-0.3443820510462377,2.1086595760365148,-0.001685726525224536,1.6037295928355333,-0.3851051409553258,2.512442168720571,0.14143535660555742,1.5270455740182254,0.43032824290642396,-0.07668401881730791
1785126520008670166,2.573707,-0.3473943023572837,2.1078941799776714,-0.0033062259790721596,1.6160429078824656,-0.3889471776599365,2.5112412058470346,0.13738970747320825,1.5396033507085969,0.4291978686032668,-0.07643955717386874
1785126520042028076,2.453596,-0.35066163551787877,2.1074518769624357,-0.004135432714393473,1.6278799459006459,-0.39421724859759727,2.510244494950713,0.13937089998949598,1.5503464544369847,0.42980583065230726,-0.07753349146366117
1785126520075385742,2.456026,-0.3539854607884966,2.106341609233787,-0.0032650514399950176,1.639734419673001,-0.395320568926938,2.507912643616359,0.13736796527054443,1.5633315449396674,0.427487464388153,-0.07640287473333363
1785126520108743652,2.509483,-0.35830140665379584,2.10578403661483,-0.0018490955700164319,1.6498714845124771,-0.39726854923458244,2.5053788620223116,0.1366847705307864,1.573792102750047,0.4247188420004252,-0.07607938176243012
1785126520142101563,2.650679,-0.36023208284099445,2.1053165056764627,-0.0009909309159187307,1.658541416173473,-0.40006739679347403,2.503481847867449,0.13960876588290091,1.5830879847498804,0.424135316496608,-0.07545343142359262
1785126520175459229,2.491223,-0.36214998986237035,2.1042263929284406,-0.0008065959238657237,1.670391390322403,-0.4083176348727151,2.507392802387908,0.13915597371224497,1.5928606687377653,0.4292599749119212,-0.07753072158463768
1785126520208817139,2.741852,-0.3670079244929431,2.103388684919985,-0.0020254178117741217,1.6805308575508726,-0.4110932801972574,2.5066776688973,0.13390960896356968,1.6055276157388652,0.42785962030722696,-0.07500324181200746
1785126520242175049,2.538294,-0.37361987491320897,2.1032248541432543,-0.002464292980995684,1.6874540818740704,-0.41221272792322095,2.502270939530423,0.12965751257175423,1.613694461865675,0.42211770641468543,-0.07375962000839542
1785126520275532715,2.781288,-0.3792766285051962,2.103238787586639,-0.0037298428295582282,1.696112781931587,-0.4258906555115442,2.5116891527519316,0.14065427674468478,1.6188295035397264,0.43571933891283565,-0.07728327839186065
1785126520308890625,2.63805,-0.38464068232079135,2.1042480565004067,-0.004249264954753404,1.7039619260204888,-0.42870840720045894,2.5212587126555652,0.13878858996866736,1.630140173575517,0.44305719683142436,-0.0738217524449718
1785126520342248535,2.746105,-0.3899980125632471,2.1055505651306277,-0.00352931710890937,1.7112053482012783,-0.43246081532064967,2.5226208399277406,0.1393587947961114,1.6393660057064183,0.4429082481294913,-0.07183934249486001
1785126520375606201,2.876804,-0.3939813013978539,2.106191907052314,-0.0030249893923741996,1.7221590516911092,-0.4402864478050828,2.5237989961341714,0.13936409581021533,1.648276815081726,0.443637801613036,-0.0738822366093832
1785126520408964111,2.881624,-0.39793114463189244,2.1076979989961977,-0.002849191706565701,1.7334768837887324,-0.4463480677220847,2.5252424323832727,0.13913308674178956,1.6592850140754698,0.44367388889525766,-0.07419186971326264
1785126520442322021,2.844005,-0.4021506983728797,2.1086246365698518,-0.0027784105194511195,1.7441717901214593,-0.45093529814534167,2.528574317058774,0.13913272991064066,1.6710089987028443,0.4459556514900066,-0.07316279141861504
1785126520475679932,3.003798,-0.40765186329515857,2.1089617147198525,-0.0029395783028728396,1.754077863925847,-0.4557950200677021,2.531727788818861,0.13763963728314443,1.6809501098713724,0.4481198866463013,-0.07312775405447458
1785126520509037598,2.880819,-0.412699504481573,2.1094443162037257,-0.003389344667599655,1.7624888771971978,-0.4597919484306699,2.5331671562193283,0.1369964449504722,1.6905306668113136,0.44885065818674735,-0.07195821038588424
1785126520542395508,2.799332,-0.41696275300394636,2.1093916108803747,-0.0038955273511636287,1.7716306692788795,-0.4660470348528481,2.5302094374737645,0.13750426985119932,1.699079734975516,0.4466439438213352,-0.07255093430336347
1785126520575753418,0.335106,-0.42175094062412927,2.1086624240774676,-0.0038174057025935383,1.7843530091893478,-0.4718832942002474,2.529571778181301,0.13697594949509428,1.7097223397951045,0.4466550191311068,-0.07463066939424333
1785126520609111084,0.244461,-0.4257172202367259,2.107869823441033,-0.003875312514650491,1.7974139662965551,-0.47557884576022513,2.5274887568871325,0.13846363357953767,1.7230182350798362,0.4458997719011435,-0.07439573121671893
1785126520642468994,0.321896,-0.42961889188187813,2.106871205950985,-0.004176456055713151,1.8111991035688462,-0.48123580010810124,2.5263245596920756,0.1369762988219174,1.7360077046395885,0.4455665173563058,-0.07519139892925764
1785126520675826904,0.207881,-0.4330408004874705,2.1058885505265215,-0.004461119048122436,1.8231876802210714,-0.4827706128719762,2.5280530172160707,0.13615888132584195,1.7504253643910967,0.44773862428904143,-0.07276231582997461
1785126520709184814,0.234294,-0.436226914218248,2.1049178883838366,-0.00471390758363607,1.83357958520841,-0.48841492002016174,2.5273777256327516,0.1352057857188383,1.7601756308493672,0.44807747389465896,-0.07340395435904279
1785126520742542480,0.166776,-0.43932739214018296,2.1036352251899086,-0.006845741969022465,1.8448475882905455,-0.49082625777033795,2.5245813178283587,0.1367453333831554,1.771466424647915,0.44773445588827104,-0.07338116364263048
1785126520775900391,0.183412,-0.4422637054025334,2.1027156504244364,-0.009029034387853496,1.856093593145851,-0.49432268098199633,2.5223841423142765,0.13702089762337752,1.7822475298464753,0.4473950856502127,-0.07384606329937582
1785126520809258301,0.074642,-0.4447590107802534,2.101981955413064,-0.01014573716824186,1.8664491963910885,-0.49766046345796944,2.520130076282891,0.13617719650766955,1.7925124258126262,0.4461578370956911,-0.07393677057846237
1785126520842616211,0.207628,-0.4470358079804079,2.101281657068423,-0.009579525466569618,1.876982727574513,-0.5004125360162314,2.5195696965941807,0.13604075658272158,1.802811788430548,0.44611570881356244,-0.07417093914396511
1785126520875974121,0.123415,-0.44892653283470185,2.100735704537806,-0.009175701915095539,1.8851710927047711,-0.5017213395393777,2.519630047811533,0.1350956337723196,1.813426036639774,0.4461770733046937,-0.07174505606499704
1785126520909331787,0.051129,-0.451092660780926,2.1001374553393437,-0.009028822679987327,1.8972247365936434,-0.5050939703661678,2.516511881858398,0.13311936689718684,1.8221972354443197,0.44327182664372045,-0.07502750114932377
1785126520942689697,0.248726,-0.4534738014857392,2.099459972684013,-0.008813007278911681,1.905987047453077,-0.505991298986089,2.5160330667621555,0.13241176179378822,1.8317525622402662,0.4429849496914921,-0.07423448521281073
1785126520976047607,0.026946,-0.45700259710608604,2.0987351156920706,-0.007795337700102271,1.91288705842462,-0.5092343828447233,2.5138920990565317,0.13117807379692398,1.8381564085560425,0.4409048529794701,-0.07473064986857758
1785126521009405518,0.030327,-0.45974080938249595,2.0983079755654814,-0.006981515870882728,1.9164834671877826,-0.5173752610477189,2.504447869917498,0.1336418120736678,1.837339843011017,0.43364301466208194,-0.07914362417676557
1785126521042763428,3.208776,-0.4620638952211854,2.0972007492532168,-0.006803972687320045,1.9199961738350675,-0.522668217541882,2.5044856470474577,0.134719621491115,1.8391854507059295,0.43541106963925313,-0.08081072312913795
1785126521076121338,3.283589,-0.4665862220179158,2.095842063638524,-0.007001671393854689,1.9225263894419302,-0.5284042969389834,2.503729406621556,0.13403116832691456,1.8419128697909972,0.43598603284097115,-0.080613519650933
1785126521109479248,3.279246,-0.473758747001091,2.0942231986894173,-0.0079724250799785,1.9216655977199257,-0.5356272495757001,2.4980546607091454,0.12560346352994634,1.8396118337510832,0.4298256383066819,-0.08205376396884256
1785126521142836914,3.218642,-0.480283374318378,2.092742124623565,-0.009625686836672703,1.9212567855917713,-0.543809228760492,2.4994204156783217,0.13080584669680434,1.8372722808384856,0.43490663619722114,-0.08398450475328567
1785126521176194824,3.205477,-0.4851707874797877,2.092103724981002,-0.01072474774926023,1.920094456568799,-0.5470618611069964,2.5045744201261115,0.13483668838366786,1.8397605543420392,0.44175865700323164,-0.08033390222675973
1785126521209552734,3.136285,-0.49208824645952354,2.091720617498512,-0.011766192251625987,1.9189777048946923,-0.5542340012368336,2.5048929425284103,0.13698224330267933,1.837871258437261,0.4435082435392908,-0.08110644645743138
1785126521242910645,3.076866,-0.49730551879230067,2.0914931930753804,-0.00978357469922506,1.9217626952024551,-0.5651027625882011,2.5060446487734627,0.1384860486383658,1.837477746401112,0.44545847942585054,-0.08428494880134307
1785126521276268555,3.186487,-0.5009715561702727,2.092177403190549,-0.008800016582107176,1.9249308529993163,-0.5707141028051268,2.504768965500304,0.13572437374284813,1.8411996254733831,0.4426998074306328,-0.0837312275259332
1785126521309626465,3.065558,-0.5051908061032269,2.0935149995727342,-0.008660693427160854,1.926233656724727,-0.5773195008411367,2.5065479722384376,0.13177573463631975,1.8432423654455528,0.44217776452563895,-0.08299129127917415
1785126521342984375,3.042618,-0.5106224677651896,2.093572569177757,-0.009140869049568106,1.9276462228091207,-0.579854081201759,2.5079493970426303,0.13479246422558092,1.846985236559366,0.4440923059433484,-0.08066098624975471
1785126521376342285,3.707063,-0.5158301405746416,2.092678380097997,-0.009825200851860252,1.9287731363740819,-0.5858860806847773,2.5136767201846197,0.1353731042450174,1.849741205400717,0.4508103646805524,-0.07903193097336492
1785126521409699951,0.3404,-0.5223139492537323,2.0923364614030078,-0.010968870950049968,1.9297010603422802,-0.5928102208625652,2.511846658007798,0.13302479982595333,1.849782610105132,0.4491021115399971,-0.07991845023714816
1785126521443057861,0.376453,-0.5272969595413145,2.09168773125183,-0.01246938587984074,1.9318248935083573,-0.6011409356810025,2.507376797047951,0.13021718422933337,1.8500713901013977,0.44565658249833007,-0.08175350340695964
1785126521476415771,0.428956,-0.53211967081178,2.0906732697037285,-0.015367741411060471,1.935932320929173,-0.607324732892477,2.5058332762142346,0.12963927061914948,1.8535626685815767,0.4461397380936767,-0.08236965234759631
1785126521509773682,0.086163,-0.536198092425477,2.089512178362131,-0.016138975202869773,1.9405600054726777,-0.6112923591716105,2.5031778071330337,0.13405480619378266,1.8584410995724987,0.44644884734400564,-0.082118905900179
1785126521543131592,0.451233,-0.5411296510831786,2.088402033272169,-0.015344578580026596,1.9440283485488699,-0.6175517635839435,2.500137394032305,0.12968003733788788,1.8609624972307972,0.4431686877493689,-0.08306585131807263
1785126521576489502,0.516611,-0.5460908301016492,2.0871394233783622,-0.014076958848928546,1.9449332880463617,-0.6183261191589876,2.4990349670481034,0.129469006522591,1.8638647366011185,0.4421326950753929,-0.08106855144524316
1785126521609847412,0.519523,-0.5495368502344592,2.0860069279253195,-0.013456070108705628,1.9439872120598576,-0.6238341343258171,2.4948726432297526,0.12731824366809594,1.8620441662151919,0.4387580962148585,-0.08194304584466572
1785126521643205322,0.603259,-0.5544523427904139,2.084795824259968,-0.013517384770568838,1.9419493148190123,-0.6293048931537233,2.492080275626555,0.1252313532619004,1.8591156297605378,0.4367318867754864,-0.08283368505847455
1785126521676563232,0.620477,-0.5601904354849705,2.082997751992037,-0.013772361990378684,1.939090590586757,-0.6368365550590562,2.4900704652150654,0.12374261182273785,1.855176164329371,0.4364552548879956,-0.0839144262573861
1785126521709921143,0.632212,-0.5670097774349039,2.08136605483141,-0.014408117392863351,1.935918726026027,-0.6445067326293926,2.4905018389263467,0.12461263070311794,1.8514729403359103,0.43900414154374606,-0.08444578569011685
1785126521743279053,0.613905,-0.5750307641337201,2.0799912730014034,-0.01575626654428452,1.932406886312877,-0.6544945572200498,2.4887205364513867,0.12577886566399823,1.846984280059177,0.43977982998456044,-0.08542260625370002
1785126521776636963,0.302343,-0.582766406887406,2.0785637496602054,-0.017049659444944694,1.928627673574571,-0.6634394722463933,2.4919871634769235,0.1213994055099891,1.8446957464847782,0.4433905796847518,-0.08393192708979291
1785126521809994629,0.695541,-0.5915764636733133,2.076786869052482,-0.018212052161362482,1.922311455787318,-0.6705856950111694,2.4941760015502923,0.12330832585270728,1.8397488530665618,0.44775458005152613,-0.08256260272075622
1785126521843352539,2.492077,-0.5958829525508144,2.075626395786759,-0.01809259668730378,1.919463112241059,-0.6812756128713854,2.4955337889207807,0.12537623145945986,1.8356482296203507,0.451882097338498,-0.08381488262070835
1785126521876710205,2.712317,-0.611693119913354,2.0730858090221806,-0.015800165963248906,1.9216092029422587,-0.6896495372869226,2.4974693556673695,0.1277684112757777,1.8386739696000796,0.4547422721094989,-0.08293523334217912
1785126521910067627,2.456692,-0.6170307318918984,2.0719571427316374,-0.014096391042733646,1.9243250131354561,-0.6997628802707242,2.496049789768935,0.12310812096339789,1.842623865404427,0.4533478352891061,-0.08170114773102921
1785126521943425049,2.520548,-0.6241170425132762,2.07245839953963,-0.013040624061181432,1.9246442013508887,-0.7096263382672973,2.4948217317538797,0.12067900944734831,1.8438473316380282,0.45120235421053473,-0.08079686971286049
1785126521976782715,2.508581,-0.6337600217879595,2.0717479513169423,-0.012825509957124967,1.9266508817231418,-0.7212791848681099,2.493024099446315,0.12570551265057864,1.8445894811159194,0.45202216882992263,-0.08206140060722245
1785126522010140137,2.456089,-0.6431145333856493,2.070408835656685,-0.013867601982502894,1.9305130077524153,-0.7313560465241999,2.493629965823467,0.12550072061606732,1.8491751425988412,0.4542314597257307,-0.08133786515357411
1785126522043497559,0.920673,-0.6513306105801905,2.069205815633576,-0.015614666450522426,1.9333704205331015,-0.7399215512221948,2.4939352282482967,0.12345260884241976,1.8546385371123066,0.4556129231719441,-0.07873188342079485
1785126522076854980,0.945747,-0.6610831470448587,2.065529888109022,-0.017831413655269704,1.935911314439124,-0.7541134715677996,2.495979479741181,0.11399154705801699,1.8568177961709864,0.45969423010121957,-0.0790935182681376
1785126522110212646,1.000152,-0.6690028337041608,2.0629539005347004,-0.020066335413314925,1.939377100158513,-0.7673466356333734,2.4828845387405187,0.1298006861759832,1.8583012721547985,0.4565888395940983,-0.08107582800371449
1785126522143570068,0.992563,-0.6784020695974554,2.0609159191390325,-0.018260637513675272,1.9448168447117993,-0.7734087507445164,2.482387855419196,0.12835909460587597,1.865491965737075,0.45624796808439433,-0.07932487897472429
1785126522176927490,1.038379,-0.6846614508887248,2.058451877681685,-0.01759983180698087,1.9443393273867282,-0.7853592731348862,2.480692566438045,0.12482954676371635,1.8647066258770777,0.45685159354718213,-0.0796327015096505
1785126522210284912,1.074659,-0.6915879022224887,2.056150132324124,-0.017934221443147658,1.9414716275749246,-0.7919252574293526,2.476373841996233,0.12783279894208882,1.8627676200107064,0.4559644451626545,-0.07870400756421825
1785126522243642334,1.051573,-0.7009728250690922,2.054179242561453,-0.01846876214249839,1.9398548922599443,-0.8027917380791105,2.4740654963547497,0.13058489306307522,1.8591630504653802,0.45704326852197746,-0.08069184179456414
1785126522277000000,1.038744,-0.7098838846446021,2.052183331445563,-0.018926438431951007,1.940524741958213,-0.812398394182313,2.4718867101440614,0.1304930885385197,1.8582977042149715,0.457150244226963,-0.08222703774324146
1785126522310357422,1.186127,-0.7195203485733883,2.05051827235904,-0.019541679431905126,1.940286152615257,-0.8219420102637073,2.4704484105389777,0.13034672404289943,1.8577956026258307,0.45749103950946785,-0.0824905499894264
1785126522343714844,1.14039,-0.7289877686589233,2.0482820293212267,-0.0206266593438789,1.938544622683932,-0.8361931507372332,2.469795032254348,0.12524010760371937,1.8538464751080515,0.458741015484771,-0.08469814757588057
1785126522377072266,1.222447,-0.7382626071866256,2.0460813460870835,-0.021258785414105103,1.934438970806998,-0.8470605010180351,2.474021204594856,0.11777263038097532,1.8515209436543576,0.4629246577789821,-0.0829180271526404
1785126522410429688,1.236792,-0.7475772398901966,2.0433999202515687,-0.022174208087761778,1.9286599418061747,-0.8582549445234895,2.474620733832102,0.12047660958287665,1.8470328868109007,0.46749352952747186,-0.081627054995274
1785126522443787354,2.110321,-0.7619463478158573,2.040583807966229,-0.021855732258287717,1.9254748097936332,-0.8697800136148998,2.4736201374767743,0.12653066921648112,1.8429196988607883,0.4702840485262673,-0.08255511093284484
1785126522477144775,2.185622,-0.7705371620591673,2.0375366570466555,-0.02081623892748131,1.9285647454948587,-0.8819021554040157,2.472892342588407,0.1218890121692784,1.8449485586698768,0.4714886248541057,-0.08361618682498184
1785126522510502197,2.041339,-0.7761748959709863,2.035601946440557,-0.02006029534830281,1.9289214347535295,-0.8944563472083779,2.46751833095195,0.11775584351980743,1.845604654905309,0.4685462122872527,-0.08331677984822061
1785126522543859619,2.029377,-0.784618726897963,2.034567520833237,-0.019906104398473554,1.9283375287325204,-0.9031151775402921,2.4672600791431663,0.11761719154313269,1.8465233877846265,0.46923013091474003,-0.08181414094789385
1785126522577217041,1.419149,-0.7931581156328726,2.0326714889471966,-0.02075684346664298,1.9292396005994878,-0.912026952791191,2.466381409963857,0.1160967543790047,1.8487760151707995,0.4700670199864554,-0.08046358542868837
1785126522610574463,1.279238,-0.8009927186240792,2.0304590400698674,-0.02270617144500169,1.9304297461219277,-0.9239522187110795,2.4626216608993126,0.11512968006224361,1.8495355899366466,0.4699811607549255,-0.08089415618528117
1785126522643931885,1.193924,-0.8052850161079688,2.0307436841296687,-0.024867992224860185,1.9379006412011737,-0.9303497496961256,2.456638885231929,0.11208930080084524,1.8562777671517217,0.46452686684662314,-0.08162287404945201
1785126522677289551,1.971991,-0.8113396129555664,2.027869509663716,-0.026656994094425512,1.9443198394360253,-0.9391505211689496,2.4580308889232856,0.11230671924327026,1.8618522082140438,0.469771597789209,-0.08246763122198142
1785126522710646973,1.824131,-0.8154336246422416,2.027337952584511,-0.0260393365173441,1.9499977679555112,-0.9439547852090793,2.452924598862675,0.11177155982307008,1.8666094434596243,0.46543906728366735,-0.08338832449588685
1785126522744004395,1.920412,-0.8190425462937808,2.0276053830598215,-0.025411663895936153,1.9532889927433066,-0.9463560333041989,2.452154434946135,0.11222594223516434,1.8708991757278948,0.4641063801046258,-0.08238981701541181
1785126522777361816,1.801402,-0.821986242513684,2.0280370323792436,-0.02529773615964055,1.9551471727739984,-0.9478206381869867,2.4538742948196153,0.11145883316762405,1.8733407183275048,0.4646224579928721,-0.08180645444649359
1785126522810719238,1.793255,-0.8243838710858,2.029037057151055,-0.02563966766641066,1.9572888451577797,-0.9488644876154452,2.455569019891516,0.11261459795090718,1.875465289688957,0.46533770650164846,-0.0818235554688227
1785126522844076660,1.763174,-0.8263482477292893,2.029883327764048,-0.025817403798000817,1.9588865957270627,-0.9509374926883539,2.456538316689126,0.11172915509328603,1.8769299075019674,0.4652698307401446,-0.08195668822509528
1785126522877434326,1.765275,-0.8282722163630188,2.030685482167351,-0.025963785222480742,1.9600994321455985,-0.9534387990068915,2.457683650478916,0.11218819245232926,1.877898391057544,0.4659185315992895,-0.08220104108805448
1785126522910791748,1.697047,-0.8297231928042135,2.031224398503565,-0.026154936173953185,1.9612085003076778,-0.9561940783250598,2.457842651394073,0.11062937427627098,1.8784555109818022,0.46551902879379675,-0.0827529893258756
1785126522944149414,1.64431,-0.8315861831155309,2.032068905665283,-0.026483474499635486,1.9627781793792114,-0.9571238413632912,2.458456658158169,0.11039763371572617,1.8795526894732546,0.4650834945475183,-0.0832254899059568
1785126522977507080,1.584898,-0.8326056583482521,2.032823031737116,-0.026808854288557348,1.9641844473491838,-0.9591690633843974,2.4623903962327613,0.11102585392668017,1.8813759640312615,0.46855610434915645,-0.08280848331792234
1785126523010864502,1.595349,-0.8334660846341991,2.0336079399281695,-0.027216713016257207,1.9652884434728637,-0.9574469828359734,2.463264560203284,0.11143310780970908,1.88366714006113,0.46818783333212016,-0.08162130341173368
1785126523044222168,1.588866,-0.833789105029283,2.0340920779738476,-0.027392937112455853,1.9654653245380482,-0.9593617426902125,2.462127489740149,0.1068187854382815,1.882418850367813,0.46582785181342085,-0.08304647417023524
1785126523077579834,1.722337,-0.8343058899577488,2.03498052935828,-0.02752638335565498,1.9665116652601216,-0.9597320585596897,2.4633032370966137,0.10915515801022475,1.8834241796731608,0.46676965356009736,-0.08308748558696077
1785126523110937256,1.714748,-0.834577935548878,2.03597468645187,-0.02769309523188709,1.967500617528489,-0.9601793800960426,2.463793714975358,0.10868731631610207,1.8842095871970157,0.4662665125152292,-0.08329103033147335
1785126523144294922,1.766054,-0.8349627973474605,2.0368454352601533,-0.02808665001770287,1.9684590384027756,-0.9595392541080819,2.46566111426362,0.10830917992542022,1.8855763368178144,0.4669111291928137,-0.08288270158496112
1785126523177652588,1.780882,-0.8353539492418481,2.037695078262471,-0.02851207056142816,1.969773706368487,-0.9622537727890061,2.465342821531415,0.11021758963279814,1.8854267233483182,0.46715316134746004,-0.08434698302016885
1785126523211010010,1.873667,-0.8358026385742992,2.0385839748138754,-0.028533457157535025,1.9706296627845343,-0.9603611575698765,2.4683450352386695,0.10977509849154918,1.887721783346516,0.46833604417933816,-0.08290787943801826
1785126523244367676,1.695852,-0.8365251498020368,2.0392123816045533,-0.02872088916078874,1.9714982686031028,-0.96064259080347,2.469051838136986,0.1098242957567152,1.888547858975692,0.4683608286531514,-0.08295040962741074
1785126523277725098,1.873753,-0.8369741659472711,2.0399549507967194,-0.028911331789314938,1.9726933897497392,-0.9614438313231519,2.4684686137292315,0.10931849036105662,1.8891998013712425,0.4671446677961183,-0.08349358837849664
1785126523311082764,1.691885,-0.8374802988281429,2.0405730994007745,-0.02893824601850084,1.9735832769294244,-0.9613471315738817,2.469733514452313,0.1072702327374209,1.8903479203101667,0.4669843721011143,-0.08323535661925763
1785126523344440430,1.970165,-0.8379322536354152,2.0411949771022044,-0.028696680505520905,1.9744696567740478,-0.9647227315650853,2.468534823672397,0.11017952586936663,1.889541649377031,0.4668851790936934,-0.08492800739701688
1785126523377797852,1.933966,-0.8384081498741586,2.041606315783749,-0.028562363180303512,1.975109962101039,-0.9623832245720437,2.4707519161748204,0.10784873659693534,1.891381070079615,0.4670586190445424,-0.08372889202142408
1785126523411155518,2.022465,-0.8389507814134075,2.0421062721919903,-0.028555314339577798,1.9756428558755132,-0.9636853314422466,2.4694776165507073,0.11030811753106233,1.8912568184544343,0.46635611571069374,-0.08438603742107897
1785126523444512939,1.910924,-0.8393754333251213,2.0425584309724996,-0.028533940137883143,1.9763849717012953,-0.9633015688685536,2.470173978938156,0.10982349232515831,1.8923603789559,0.46621403137449935,-0.08402459274539531
1785126523477870605,2.093122,-0.8399431227444819,2.04298765274328,-0.028561719736149155,1.9766571314875854,-0.9642632708266158,2.4704687361289968,0.10952096775365797,1.8922532024036616,0.4661141538895784,-0.0844039290839238
1785126523511228271,1.452117,-0.8405393768633629,2.0433991268404768,-0.028596230177691584,1.9771006273439695,-0.9639547307678267,2.4705112586888407,0.10942610833578337,1.8928424216027468,0.4655172270498123,-0.08425820574122267
1785126523544585693,1.222003,-0.8411555226375875,2.0436865197799703,-0.028640404191039116,1.9781180507360068,-0.9657646970937042,2.470422993352735,0.11080859001539582,1.8928380415863815,0.4659157501320813,-0.0852800091496253
1785126523577943359,1.365962,-0.8419829826115761,2.0438896774462916,-0.02874051213145147,1.978657021874996,-0.9658730855569204,2.4717654697593563,0.10961223023598665,1.8939206809676896,0.4664417783345866,-0.0847363409073063
1785126523611300781,0.616095,-0.8427193148383451,2.043916019965847,-0.028779599321050318,1.979595150894611,-0.9670275371956175,2.471491825283467,0.1089905722356455,1.8945249514618863,0.4661053782240638,-0.08507019943272476
1785126523644658447,1.195883,-0.8436639021616793,2.0439305830735983,-0.02879871093307503,1.9811396441609632,-0.9673476730740301,2.471959457265019,0.1088542645357456,1.8965469512258835,0.4663204198660979,-0.08459269293507976
1785126523678015869,0.965769,-0.8444814343358932,2.043875475597161,-0.028805269635571704,1.982543962516245,-0.9697078945521033,2.4713792005629713,0.10897450154490251,1.8970809693986637,0.46628785802813805,-0.08546299311758143
1785126523711373535,1.166949,-0.8463963861686903,2.043422110400817,-0.028842161223737978,1.984178750945285,-0.9725405850536653,2.469542640344568,0.10898163962470035,1.8976402740370353,0.46528106025518107,-0.08653847690824978
1785126523744731201,1.101815,-0.8483303743379728,2.0430318869501183,-0.028922429343754663,1.9849425102996843,-0.97319492430998,2.4695036116708016,0.10745487785272913,1.89926313761959,0.4648312142532064,-0.08567937268009417
1785126523778088623,1.079602,-0.8504202744432987,2.0425544459568017,-0.029110670247902724,1.9849477376404623,-0.9751273254846136,2.469916867652006,0.10743648308275768,1.899796334763034,0.4656561103854619,-0.08515140287742828
1785126523811446289,1.030918,-0.8527412450573318,2.0420918698413058,-0.029152550380402938,1.984137087009777,-0.9799536336965146,2.466889224018464,0.1064306325061322,1.8972548361251154,0.4637009633598404,-0.08688225088466162
1785126523844803711,0.937895,-0.8548000613846444,2.041804237582479,-0.029190507895361446,1.9825512208992477,-0.9814451570296086,2.4692179265865732,0.10868721993773421,1.8964202781875255,0.4666173053278542,-0.08613094271172228
1785126523878161377,0.903279,-0.8567644420299648,2.041570624046959,-0.029158186971473092,1.9815302540342075,-0.9843674571882927,2.469538127295672,0.10698817309139327,1.8948126129136913,0.4668774407409304,-0.08671764112051616
1785126523911519043,0.948532,-0.8586479423286504,2.041454471084263,-0.029128415395402348,1.9814626263224908,-0.9859466460444023,2.469765675000475,0.10754890254090713,1.8947047587658767,0.467264525302455,-0.08675786755661408
1785126523944876465,0.861469,-0.8600748500329539,2.0413023277957483,-0.029166221847113195,1.9811134891391755,-0.9869128912202698,2.470037146736049,0.10835248555075878,1.8949106299901535,0.4677743350680853,-0.08620285914902204
1785126523978234131,0.857609,-0.8615150198815993,2.0411301896629306,-0.029318038994244695,1.9814748034804097,-0.9895606966495314,2.4696616424782256,0.1078857197339099,1.8943982349504336,0.46782451068758557,-0.08707656852997614
1785126524011591553,0.847555,-0.8629035690583768,2.0410803915747255,-0.029503338851298695,1.9824020330245211,-0.9912358042908684,2.470297972128651,0.10877146762285231,1.8950555474751118,0.46884626068872176,-0.08734648554940927
1785126524044949219,0.85347,-0.8640137264056943,2.040913859236097,-0.02962831712515993,1.9830097304963492,-0.9915623024825104,2.4703940336932937,0.10739205043104996,1.8963512648066068,0.4685044723759275,-0.08665846568974245
1785126524078306885,0.686531,-0.865126701244793,2.040730344556001,-0.02983467504214411,1.9839651644235234,-0.9936238637371083,2.4701161937980998,0.10579752807130718,1.8968358121459246,0.4682732352156627,-0.08712935227759888
1785126524111664307,0.735844,-0.86615684428409,2.0405336989492593,-0.030009247987299197,1.9844416161703153,-0.9947168322663342,2.4705654096690344,0.10601180952442156,1.8974146330554493,0.46899538464805596,-0.08702698311486602
1785126524145021973,8.932152,-0.8667134509796152,2.0404037069010577,-0.030507685844697444,1.9849349890832197,-0.9941395223056518,2.470646252837479,0.10691240155586121,1.8988987296780762,0.4692870469218375,-0.08603625940514359
1785126524178379639,0.778906,-0.8676123749835205,2.0401477259709195,-0.030940493647451727,1.9865393593711402,-0.9969897202713702,2.469930140753956,0.10731098065011338,1.8984003075855937,0.4696433664770744,-0.08813905178554649
1785126524211737061,0.780296,-0.8682268755892918,2.0400590404192367,-0.03126288876674826,1.9871267499407501,-0.9964571695026504,2.4697799480607383,0.10728393106891751,1.9001171728852786,0.46935944437916527,-0.08700957705547152
1785126524245094727,0.704195,-0.8687049183893537,2.039969299076715,-0.031398293701701815,1.987789217482048,-0.9988569978332472,2.4682588446437466,0.10551446139143308,1.8993916918302698,0.4680989223794225,-0.08839752565177816
1785126524278452148,0.62214,-0.8690461211081489,2.0399773978532205,-0.03151420553228556,1.9882205384738425,-0.9978583681662024,2.469639390510343,0.10647880725300357,1.900901362773432,0.4693017094618293,-0.08731917570041059
1785126524311809814,0.45234,-0.8692368188598988,2.040080537674974,-0.031597179859625235,1.9884405257691233,-0.9973548125498954,2.467919188716396,0.10716521989080172,1.9009951453692788,0.46766989984025165,-0.0874453803998445
1785126524345167480,0.714078,-0.8692323213835491,2.0402339859676855,-0.03169417131382017,1.989169031735981,-1.0007381204748635,2.4696883080129646,0.10663972621317447,1.900099207837312,0.4699585695814308,-0.08906982389866891
1785126524378524902,0.509713,-0.8692008466855181,2.0404196896553266,-0.03182103400587263,1.9899720034442712,-0.9993873759531174,2.4688307840567534,0.10548936195759506,1.9011839259928578,0.46833614322259604,-0.08878807745141337
1785126524411882568,0.443864,-0.8692398400078084,2.040654674934841,-0.03158506761885426,1.9908619916040415,-0.9984706603729836,2.4702248141517176,0.10596586883980519,1.902529918857478,0.4692029087289604,-0.08833207274656352
1785126524445239990,0.493414,-0.8691190348827864,2.0408105034608277,-0.03136912050671127,1.9924784418912225,-0.9989860386780429,2.471254144976319,0.10465964474594476,1.9039888085477024,0.4697350233610819,-0.08848963334352013
1785126524478597656,0.469527,-0.8691972277261966,2.0409383317317342,-0.031240495046118033,1.9935661168837406,-0.9980747253091901,2.471449604430181,0.1049873659465199,1.9055865448460527,0.4695821498037593,-0.08797957203768791
1785126524511955322,0.405585,-0.8693761755895734,2.040928251763938,-0.03144512262466593,1.9946385120578194,-0.9987904797259545,2.471960802026631,0.10488692366701007,1.906417231501971,0.47023775725386013,-0.08822128055584844
1785126524545312744,0.422472,-0.8696752119574022,2.040999284972251,-0.031829981705260114,1.9953719345294048,-0.9993339164832109,2.4725452660187015,0.10361820631176724,1.9072474307582588,0.4705204831394171,-0.088124503771146
1785126524578670410,0.298211,-0.8701372470127915,2.0411177535101888,-0.03195334791346934,1.9957298443058835,-0.9994017155972863,2.4712442921679245,0.10378803293016034,1.907684561249509,0.469194911065169,-0.08804528305637449
1785126524612027832,0.282435,-0.87035309481113,2.0411065068305168,-0.03201266700452513,1.9969703222180633,-1.000238896755907,2.4714687949874845,0.1047763122967499,1.9082118080585388,0.4698864176296474,-0.0887585141595244
1785126524645385498,0.254971,-0.8704698333199514,2.0411722250491033,-0.03211468123961987,1.997821267235412,-0.9998682940049263,2.4712725518349403,0.10355647974176059,1.9095620834695397,0.46918750692123123,-0.08825918376587238
1785126524678743164,0.248965,-0.8706716988942059,2.0412733306978033,-0.032229455059094164,1.9980088777821752,-1.0003677466543928,2.4712346851312876,0.10298210216595798,1.909585172695594,0.4690095908594115,-0.08842370508658128
1785126524712100586,3.141865,-0.870751664425696,2.041265647252817,-0.032280958168972834,1.9981750595524654,-1.0012742215733739,2.4715346812753514,0.10273739283270383,1.9096990585609739,0.4694651581004344,-0.08847600099149155
1785126524745458252,3.087312,-0.8712245061412293,2.041374014432786,-0.032433241017541636,1.9992771710088695,-0.9993179769622887,2.4723045548372693,0.10396177559434557,1.9113919150735679,0.46980066887653826,-0.08788525593530161
1785126524778815674,3.144096,-0.871183455387589,2.04146194773428,-0.03251341848505368,2.0003281803155324,-1.0002400238051525,2.4724135702477423,0.10283435438653281,1.9115941115822912,0.46978071312049585,-0.08873406873324119
1785126524812173340,3.175375,-0.8708745192015108,2.041719108287367,-0.03265173425623518,2.0019678445745366,-1.0001665007235643,2.4728358140560784,0.10379029035361338,1.9131000457171219,0.47031314733738744,-0.08886779885741469
1785126524845530762,3.1325,-0.8708116454802288,2.0421268408034616,-0.03273365981402718,2.003180054441877,-1.0001584509751096,2.471686760220569,0.10256681138229892,1.914003072531462,0.4685707395552035,-0.08917698191041512
1785126524878888428,3.179037,-0.8707276821409787,2.042576551931158,-0.032859395060762575,2.004558180309719,-0.9999868375891833,2.4735834863134105,0.10235134772776992,1.91569612518424,0.4698476899147181,-0.08886205512547907
1785126524912246094,0.052443,-0.8706861198515099,2.0431837144324203,-0.033007156996174306,2.0064078015578666,-1.0002843072431062,2.4742744830735948,0.10463342300757142,1.9171116793313747,0.4707227105702395,-0.08929612222649187
1785126524945603760,0.070278,-0.8708116447841012,2.0438097666323287,-0.03317004761367565,2.0076763812009895,-1.0004451676140238,2.474530068329951,0.10190029450309433,1.918294344945303,0.4696475549338336,-0.08938203625568653
1785126524978961426,0.022072,-0.8709187753515817,2.044492456216664,-0.033299183649724604,2.009050181810735,-0.998948463879805,2.4762793453262937,0.10239072416914265,1.9204475101992928,0.47036503891711406,-0.08860267161144231
1785126525012319092,0.024465,-0.871289952652537,2.0452476454268638,-0.03346600474821947,2.0101252997276045,-0.9996289578822798,2.477497588568932,0.1044801894641273,1.9214416565387566,0.47152949654009085,-0.0886836431888478
1785126525045676758,0.107811,-0.8714974509375047,2.046146013972275,-0.034193476355772766,2.0117425176765478,-1.0001298935020224,2.4783452246455573,0.10312564034161702,1.9227994461643163,0.47137989222841636,-0.08894307151223146
1785126525079034424,0.058413,-0.8716630402006577,2.0471077378471807,-0.03584620051365538,2.0138743801756838,-1.0008531900755775,2.4785133516133486,0.10222817720845653,1.9242105040644673,0.4710259358007972,-0.08966387611121651
1785126525112392090,0.10185,-0.87186496404281,2.0479950097473494,-0.03709418309218407,2.015279289156215,-1.0015532229577464,2.4792940479253898,0.10245025229576021,1.9255783273198845,0.47149820177963614,-0.08970096183633046
1785126525145749756,0.004677,-0.8720523243814902,2.048805740743358,-0.03792705292459059,2.017036446740654,-1.000875311720484,2.4804202059322353,0.1013000098142346,1.9274408520131612,0.4714558130154977,-0.08959559472749268
1785126525179107422,3.169399,-0.8722028004530611,2.0498330643301332,-0.03860455591431974,2.0191395758467703,-1.00140926327103,2.482468016247217,0.10147868893342141,1.929453946627035,0.47274795307996903,-0.08968562921973522
1785126525212465088,3.148134,-0.8723009769261156,2.050629707137956,-0.03913684457599386,2.020896762316755,-1.0009158061203411,2.483040887515815,0.10202064101971932,1.931398078369388,0.4727014268480021,-0.08949868394736704
1785126525245822754,10.118952,-0.872266066581325,2.0511634531470238,-0.039356815326365105,2.022406358919875,-1.00075337861146,2.483524245376426,0.10087818215828293,1.9336072830387105,0.47234595216798964,-0.08879907588116431
1785126525279180420,3.131354,-0.8723289453900686,2.0526397921640354,-0.03972606307886774,2.025373030907118,-1.0009649973924348,2.4856674866369546,0.10007576988977922,1.9360060887437218,0.47286866100079084,-0.08936694216339602
1785126525312538086,3.122963,-0.8726130932303594,2.05351871635822,-0.038089596300635804,2.0270496570932144,-1.0016717606457741,2.4862923762912486,0.09987066925505965,1.937158877397373,0.47220992708653364,-0.08989077969584149
1785126525345895752,3.076903,-0.8727978747721041,2.0547023525297647,-0.036970978525053405,2.029387337214634,-1.0015905565566026,2.486508092204937,0.1006369161142669,1.9390463408795628,0.4711472003150737,-0.09034099633507098
1785126525379253418,3.113573,-0.8728650392657321,2.0560339611479175,-0.036661157783426906,2.031369652153646,-1.001634565142864,2.4877599508173884,0.10030220753008638,1.941555831377737,0.47087990442225114,-0.08981382077590894
1785126525412611084,3.10566,-0.8732012025745884,2.057239357185026,-0.03665066095521147,2.033114421045706,-1.0023089633202706,2.4906725381219466,0.0995583403341509,1.943365942071769,0.47231983682046125,-0.08974847897393712
1785126525445968750,3.04434,-0.8736254273871255,2.058610957810336,-0.03670870193078261,2.0346789400927037,-1.0022864435316066,2.4909700360708324,0.10108971788933578,1.945026405426548,0.4716740761739169,-0.08965253466615564
1785126525479326416,2.955603,-0.8743799797221932,2.060042738639541,-0.03689079996291891,2.0358918509467343,-1.0033904209339455,2.4919714965335436,0.09902013240396769,1.945695118913358,0.4708268549842325,-0.0901967320333763
1785126525512684082,2.987982,-0.8749165323751534,2.061353696515288,-0.03707036909150879,2.037830013718525,-1.0029804889637195,2.493995152176397,0.10030076051312721,1.9480736254730036,0.4716458770969326,-0.08975638824552147
1785126525546041748,2.925471,-0.8753455800567402,2.0629042053075977,-0.03878380408537188,2.0399257007558167,-1.004724577536019,2.4955087671979177,0.09991990451083453,1.9495544329654204,0.47236040343724867,-0.09037126779039628
1785126525579399414,2.840786,-0.8759854344764476,2.064451757932131,-0.04020411142093205,2.0418030703489896,-1.0051505622179098,2.496653899965972,0.09849950869947416,1.9513306294953874,0.47193327498452037,-0.09047244085360218
1785126525612757080,2.816899,-0.876617559586543,2.0659112728375546,-0.04106751295984916,2.043898387887209,-1.0067632153562198,2.4982503847377413,0.10129568794234371,1.952607404034019,0.4734155472367585,-0.09129098385319012
1785126525646114746,0.434938,-0.877248746011205,2.067141230866651,-0.04173826313355668,2.0452082282070725,-1.005523784901256,2.5003417171168967,0.09948275817484858,1.9554782167187155,0.47335031820955015,-0.08973001148835702
1785126525679472412,0.596155,-0.8789531630538455,2.0679204327543697,-0.04230218226099064,2.04692164575476,-1.0075211434080873,2.5014449331158675,0.09928860585506148,1.9561832450744996,0.4738366482928265,-0.0907384006802605
1785126525712830078,0.452196,-0.879555766973623,2.0691350279469236,-0.042567983836268516,2.0496163980847233,-1.0080812380601745,2.5036808533086803,0.09858689194553139,1.9586201355060548,0.4746299295391365,-0.09099626257866844
1785126525746187744,2.688923,-0.8801883945643784,2.0705449685723187,-0.04276129441761991,2.0523818312260045,-1.0082265600613325,2.5043744604028584,0.09937712200470206,1.961246478791498,0.47413619270080526,-0.09113535243450643
1785126525779545410,2.7337,-0.8806880314595494,2.071572401508101,-0.042922524968130246,2.0548790481410464,-1.0099444865168774,2.504907789392114,0.09851920294152942,1.962474315127774,0.47380644989346143,-0.09240473301327246
1785126525812903076,2.63185,-0.881126682737592,2.0725971718362484,-0.04298954023440395,2.057995310492909,-1.0108939707008444,2.5038314111333526,0.09826920254998422,1.964132820643866,0.4719709213293927,-0.0938624898490432
1785126525846260742,2.752921,-0.8813906769158839,2.073594449372404,-0.04300281778592552,2.060964611170685,-1.010385965897636,2.5057925865114608,0.0979718297597717,1.9675940821427824,0.47255567457876335,-0.09337052902790255
1785126525879618408,2.649401,-0.881543200752896,2.0742983020101446,-0.04300182357945298,2.064763141891668,-1.010640095989063,2.5057725542514815,0.09758722356015363,1.9706812875213628,0.4718064421799062,-0.09408185437030502
1785126525912976074,2.670098,-0.881750633917677,2.07510553642925,-0.04060132038215686,2.068133623126267,-1.0117215562089075,2.5061836610556707,0.09795076723980461,1.9738192727013566,0.47108117257758086,-0.09431435042491043
1785126525946333740,2.547028,-0.8820329026948545,2.0759152357371673,-0.039532292571276675,2.0716451524307615,-1.0117014404748097,2.507465061162705,0.09846442853938119,1.9775583949047517,0.47126667243939113,-0.09408675752600981
1785126525979691406,2.906041,-0.8829153679295051,2.077056172874671,-0.03934534965517297,2.074829192765388,-1.012019950019368,2.510564199972384,0.09610988903587796,1.981696543555372,0.47217086352675275,-0.09313264921001596
1785126526013049072,2.530724,-0.884671337953136,2.078756654209824,-0.039608516824829354,2.076560859509381,-1.012569171506454,2.5106963572291265,0.09640812407897502,1.9833613113610444,0.4705637995796001,-0.09319954814833677
1785126526046406738,4.197732,-0.8856598195040587,2.080063546565292,-0.04129337697470285,2.0781194982831392,-1.014817825437104,2.51357664758481,0.09550853542522779,1.985229067733292,0.47257820780103416,-0.09289043054984725
1785126526079764404,2.387343,-0.8857067186968565,2.082929298562156,-0.04248083846493429,2.081931672492039,-1.0164530008401917,2.517257705405949,0.09604641884449734,1.9888619812893742,0.4742631719872898,-0.09306969120266473
1785126526113122070,2.685797,-0.8878893168792824,2.085584752151498,-0.04269100094524875,2.084426831079635,-1.0188151008335937,2.518239637077768,0.09557339774420688,1.9912455352420675,0.47270377013471343,-0.0931812958375675
1785126526146479736,2.369132,-0.8902815210196732,2.087737600994657,-0.042232551663696875,2.0857745938057644,-1.0214199662345762,2.5184088900124086,0.09339748357134517,1.9920816453143513,0.4701814090916959,-0.09369294849141308
1785126526179837402,2.617757,-0.891377760940605,2.08901420654824,-0.04185956611216862,2.085388697136613,-1.0221891138665424,2.521097098379182,0.09242230122917884,1.992856276296674,0.47099772331082745,-0.09253242083993896
1785126526213195068,1.034862,-0.8916828413647777,2.0906219209929766,-0.04176826753791564,2.085331450951584,-1.023767163986213,2.524742851243012,0.0921418890634772,1.9934774582116648,0.47311645543621594,-0.09185399273991934
1785126526246552734,0.574895,-0.8936952992867438,2.092080905063958,-0.041618723007946834,2.0859784524012053,-1.0279126705456645,2.527221962622346,0.09378849027814663,1.9937972541314848,0.47507594775003387,-0.09218119826972049
1785126526279910645,0.852093,-0.8975567707790492,2.093967976146593,-0.041914210377263075,2.0851354015001102,-1.0301125203291006,2.5312198458067217,0.09256180360951889,1.9943640131716471,0.47628145313231257,-0.0907713883284631
1785126526313268311,2.328127,-0.9018623373917842,2.0971649120817246,-0.042813394033970165,2.084450206703037,-1.036621815365225,2.5303473188479937,0.09347621686611202,1.991277469737355,0.47368974284312665,-0.09317273696568185
1785126526346625977,2.282543,-0.9087110532070138,2.101005204303744,-0.044070321717519324,2.081979112765703,-1.039471994824307,2.536030315813625,0.09955212997373412,1.9893558581179762,0.47641649858777124,-0.0926232546477268
1785126526379983643,2.366421,-0.913670595578785,2.1040914034273217,-0.04491014475083128,2.0784038286214535,-1.0463506770687638,2.5457571204232763,0.09393785383698737,1.9866518522335253,0.4816133057812885,-0.0917519763879282
1785126526413341309,2.182554,-0.9199165640377486,2.106499208652839,-0.04463889810940086,2.075424451336527,-1.053306715188891,2.5510673249361804,0.09441780239922552,1.9830381564941861,0.48453122540883686,-0.09238629484234107
1785126526446698975,4.443144,-0.925973178917261,2.110265174164559,-0.04371068792224507,2.075084287514865,-1.059421896754564,2.5549905508879958,0.09743860582884674,1.9820834344474152,0.48529614064059384,-0.09300085306744997
1785126526480056641,1.298687,-0.9315983207987855,2.113575184810674,-0.043100323736020046,2.0765622352032675,-1.0670560509662057,2.558440479260025,0.09813895047558525,1.9824139939602148,0.48600664547662165,-0.09414824124305277
1785126526513414307,1.083202,-0.9357000603727353,2.1155514007448746,-0.04178487191640477,2.0801730190830328,-1.0703875676158034,2.563900722236077,0.09910047227442022,1.986721461240522,0.4888829296434274,-0.0934515578425108
1785126526546771973,1.103275,-0.938941033286442,2.118053347704362,-0.040980189495931206,2.081652393074585,-1.0749032355307577,2.5670821239560695,0.09572359828939718,1.9887070057764822,0.4886721681619349,-0.09294538729810276
1785126526580129639,1.23922,-0.9437100042677802,2.121237908816107,-0.04118303911854924,2.082499013528884,-1.0803455695195134,2.5710510290982764,0.09520419714420779,1.9896917531860068,0.4894921849070066,-0.09280726034287734
1785126526613487305,1.238312,-0.94926010128295,2.1246035457412833,-0.041682229780229084,2.0822075308805172,-1.0842860084861896,2.5758713978435455,0.09376296813866147,1.9905749810968563,0.4901225067228952,-0.09163254978366098
1785126526646844971,1.129162,-0.9543613918172156,2.127319041859663,-0.04238703155863793,2.081082977725185,-1.093485092189367,2.5761244435572963,0.09412681504478332,1.9873140733285706,0.48930330359877683,-0.09376890439661456
1785126526680202637,1.323519,-0.9587670250006166,2.1306731480455685,-0.04285774275312093,2.085045709037728,-1.1010630793482226,2.5828506710385706,0.10057504069436277,1.9911971428740993,0.4952632055286123,-0.0938485661636288
1785126526713560303,1.339539,-0.9633632658349416,2.133169728805941,-0.04430193870126486,2.0910600277348927,-1.1029672215215622,2.587603978277503,0.09933943407838754,1.9979551155305273,0.49662117907934306,-0.09310491220436545
1785126526746917969,1.44878,-0.9662637345671587,2.1358204757715766,-0.04619339905179286,2.0938413475395468,-1.1076066474572448,2.5893837485839657,0.095894481294926,2.0008257552013324,0.4958693650649974,-0.09301559233821434
1785126526780275635,0.879959,-0.9684211090939795,2.138319890437969,-0.046753188395000575,2.0967946971147144,-1.1098226939108713,2.592228272822448,0.09669881113234224,2.0037713791932252,0.49659410382727637,-0.09302331792148921
1785126526813633545,1.506098,-0.9696583204045727,2.14069712901104,-0.04779455067576063,2.0997389864821616,-1.11244521806652,2.5935953464604484,0.09535129259238576,2.0063912210503756,0.49597946122568815,-0.09334776543178602
1785126526846991211,1.423174,-0.9708803168091038,2.141954146322564,-0.048122610919920886,2.100961879969612,-1.1132599412269804,2.5953385746001576,0.09303072510824482,2.0081941729736212,0.495735475355412,-0.0927677069959909
1785126526880348877,1.524309,-0.9718865610412997,2.1428327078488603,-0.04832639535543564,2.102208356062824,-1.1144657540547287,2.5954865041755126,0.09668095912060884,2.009065972689036,0.4962372602510138,-0.0931423833737881
1785126526913706543,1.517679,-0.972461872497084,2.1434163117722744,-0.048423379661355334,2.1035148666307277,-1.1148325402394288,2.5962433673313403,0.09324321114218304,2.010525615514062,0.4953697328557647,-0.0929892511166659
1785126526947064209,1.619291,-0.9728531427243948,2.1434894772515944,-0.04847544327221748,2.104729330126499,-1.115891680369536,2.59595899108654,0.0944173487243864,2.0113235424126352,0.495587564620297,-0.09340578771386365
1785126526980421875,1.587389,-0.9730596578014189,2.1436323335837826,-0.04847688255356966,2.106453702604988,-1.1153259404547173,2.596416294910248,0.09445884695218221,2.013434652026179,0.4956648399713416,-0.0930190505788091
1785126527013779541,1.695915,-0.9732633135962048,2.143699186935435,-0.04850808143873721,2.1072836227639473,-1.1154015749646977,2.596796315531143,0.09428445768016598,2.014563381044551,0.4958729701390841,-0.0927202417193964
1785126527047137207,1.69459,-0.9734482329548637,2.1438476436702594,-0.04853871286804795,2.1084001809639483,-1.1151587692606109,2.5955587966480733,0.09586144022093823,2.0150911621522862,0.49495075112250425,-0.09330901881166209
1785126527080495117,1.598694,-0.9736114956532217,2.1441214865432596,-0.048561254381432925,2.1093676830276964,-1.1162006597473706,2.5957283224529575,0.09439333591666,2.0156748879563438,0.49468820366442184,-0.09369279507135264
1785126527113852783,5.097337,-0.9737612546042136,2.14440923046292,-0.04860937448220658,2.109817217600768,-1.1164813135992817,2.595103789033153,0.09525409506309009,2.015649036223773,0.4941571594482706,-0.09416818137699501
1785126527147210449,1.451975,-0.9739852953167787,2.1448765260631664,-0.04864300908384141,2.110997372908795,-1.1156320250863558,2.5975671815958106,0.09499151062934422,2.0178251209005085,0.49560417766018505,-0.09317225200828672
1785126527180568115,1.672705,-0.9742815879013293,2.1453311039026963,-0.048705284506311904,2.1116705492570436,-1.1161087493768096,2.597851030547797,0.09476118628909112,2.018357210787678,0.49545116407731604,-0.09331333846936561
1785126527213925781,1.49623,-0.97455710793021,2.145723589843878,-0.04875550797818365,2.112211565105094,-1.1156692131714008,2.5974225590486966,0.09444492265073308,2.018798898510235,0.4944198098363411,-0.09341266659485914
1785126527247283447,1.533854,-0.9748298618706757,2.1460729391632403,-0.04879269305198957,2.113134391705636,-1.1161667500082908,2.598224905121391,0.09479712670563667,2.0197690942745967,0.49501065908349173,-0.09336529743103927
1785126527280641357,1.416739,-0.975150163164802,2.1464496473375716,-0.0488780484975991,2.113777870086359,-1.1169187610975537,2.5989445039117434,0.09305749395039077,2.020217645752026,0.4949703312279471,-0.09356022433433342
1785126527313999023,1.53328,-0.975342575720694,2.146719942908555,-0.048925973040575034,2.114238771678936,-1.1159019188363437,2.599453895118172,0.09330813426288945,2.0211661204464053,0.49492979471926757,-0.09307265123253083
1785126527347356689,1.349175,-0.9755254619355386,2.147000282594685,-0.048959847007070983,2.114920014068904,-1.1171167788538496,2.5991692317156,0.09241849198363973,2.0211042985433054,0.4944620251460638,-0.09381571552559853
1785126527380714355,1.420655,-0.9751676885350228,2.1471068991286897,-0.04886959910820935,2.1149421253271856,-1.116270251966215,2.599665855947685,0.09363418184995462,2.021700742750401,0.4950018892805596,-0.09324138257678483
1785126527414072021,1.354091,-0.9756354589283631,2.146821303749001,-0.04814869487306016,2.1164965214643305,-1.1164618285576013,2.600659298398147,0.09485860078303537,2.022351516426711,0.49623792517398224,-0.09414500503761934
1785126527447429688,1.267021,-0.9748831954265323,2.1465885600539085,-0.04689999331251468,2.1201533059687465,-1.1175372046625662,2.600921458291737,0.09712588193706437,2.024665154686578,0.497505780382205,-0.09548815128216859
1785126527480787354,5.393725,-0.9734825746547285,2.1463906666973642,-0.04601338620647287,2.123790578646348,-1.11801095559166,2.5993443304413417,0.09898424714661475,2.0283660664313103,0.49707121026402185,-0.09542451221503745
1785126527514145264,1.375166,-0.9707186528449053,2.145926635435724,-0.04509308403734558,2.131048270819785,-1.1179345585156608,2.5981431003629156,0.10299587553204141,2.0339293299871306,0.49809898010340314,-0.09711894083265449
1785126527547502930,1.332443,-0.9683691833388293,2.1455308283330266,-0.04437493983620125,2.13761355448635,-1.1164377096725369,2.595388383033725,0.10255296051159891,2.0403650101606114,0.49586683284178307,-0.0972485443257387
1785126527580860596,3.05378,-0.967011742495549,2.144789835290975,-0.043128606186132054,2.144411180978889,-1.1183007626250108,2.592033152056175,0.10415470562069724,2.045613474685,0.49457792706474224,-0.09879770629388895
1785126527614218262,1.209566,-0.9669451444337942,2.143822730886372,-0.04232446058797752,2.1516612071733783,-1.1201683775323978,2.593308708720132,0.10569037031112853,2.0528039530641853,0.4974167202622478,-0.09885725410919298
1785126527647575928,1.149677,-0.9669236990889228,2.14289695381766,-0.042727034339842734,2.1593573170610076,-1.121410704769437,2.5911501547225826,0.10503986785482514,2.0593596653463386,0.4966208054742056,-0.09999765171466901
1785126527680933594,5.561136,-0.9669342442988083,2.1420722796925395,-0.042794364796068796,2.1661686040335377,-1.1211848597950285,2.5911660179101945,0.1058121590778511,2.0680592327606697,0.4975563656764531,-0.09810937127286799
1785126527714291504,1.151249,-0.9667901270173334,2.1411541723787715,-0.042506925298475565,2.175594456580492,-1.121726002890045,2.58888678165941,0.10769364162491771,2.075967819159442,0.4970209506145612,-0.09962663742104994
1785126527747649170,1.070618,-0.9664447497668144,2.140485318236625,-0.04210307869425465,2.1840997834169986,-1.1187746281382007,2.588020544361261,0.10589480294399224,2.0852984300284385,0.4953741449010829,-0.09880135338856012
1785126527781006836,2.865864,-0.9659372871162631,2.1399697222390137,-0.04174244408175728,2.192781840083063,-1.120374542936085,2.5854478790451676,0.10563876098487415,2.0921416489413955,0.4939867141770695,-0.10064019114166767
1785126527814364502,1.005438,-0.9656234858076361,2.1396985101625976,-0.04142182276175261,2.2004734868262306,-1.1187551434072907,2.586629507791045,0.1063988490828225,2.101644349032343,0.49502279970215385,-0.09882913779388768
1785126527847722168,1.013737,-0.965198184517959,2.139456029440414,-0.041028462008511575,2.208511056146903,-1.1193700180524224,2.5831248611226103,0.10755393169430207,2.10747159516886,0.49263344809308385,-0.10103946097804295
1785126527881079834,1.006777,-0.9649747532702219,2.1394098535422157,-0.04066104621004217,2.216647226768687,-1.1192391496167404,2.586651580755077,0.10701901282417789,2.117009305598785,0.4956128190198979,-0.09963792116990211
1785126527914437500,0.999817,-0.9646793624239189,2.1396301563448428,-0.04039064894092989,2.2213092338390514,-1.1173287773151555,2.583602461667965,0.10232567156586884,2.122371460102042,0.4906946096092395,-0.0989377737370094
1785126527947795410,0.920372,-0.9645943592035138,2.1392763970152,-0.04016749841236103,2.221059737267799,-1.1169169207717289,2.5823887946958055,0.09834206820463251,2.1228661124300654,0.4886058327377858,-0.09819362483773375
1785126527981153076,0.864298,-0.9647735296638116,2.138711375399037,-0.04019752609351697,2.2180753678713603,-1.116091204024986,2.583255112752689,0.09669803342835097,2.12128873049574,0.4891385971391261,-0.0967866373756201
1785126528014510742,0.808701,-0.9646033905132815,2.138305312535247,-0.0401566610914979,2.215936212615871,-1.1178665772447562,2.582543867221048,0.0981571398029372,2.1177671594322662,0.48986549724825684,-0.09816905318360458
1785126528047868408,2.503456,-0.9642623216546682,2.137962727497297,-0.040120128298005334,2.21543243966572,-1.118292197419165,2.581394062024121,0.09784992750705138,2.116212997539531,0.48927731131447005,-0.09921944212618916
1785126528081226074,2.605545,-0.9635989983552873,2.1375512371084855,-0.040103156044071706,2.214992734031314,-1.1184393865139965,2.5824321779855692,0.0977821405730946,2.1161108299586764,0.49082273010122807,-0.09888190407263764
1785126528114583740,2.546224,-0.9630834006349082,2.1371663228937843,-0.040106162745301606,2.2140833752209876,-1.121115553396747,2.5829083415774936,0.09823667942151723,2.1143449271465773,0.4927462333753174,-0.09973844807441033
1785126528147941406,2.526004,-0.9636360772179763,2.138392978816981,-0.040196120095381475,2.214128807013563,-1.1195683054772942,2.584337678548388,0.10053065379757371,2.115371450389578,0.49293565494775243,-0.098757356623985
1785126528181299072,2.695566,-0.9646349364640505,2.1383724949930794,-0.04101707316141588,2.2161810611429047,-1.1154254020222454,2.5819806381313457,0.0997167632139718,2.117761308141581,0.4892156598707488,-0.09841975300132377
1785126528214656738,2.624938,-0.9655922920504599,2.1396377818771146,-0.04250204431535601,2.219160900250072,-1.1186996973003627,2.5847433952306162,0.09986457175811998,2.120293829032929,0.4917612611352864,-0.09886707121714267
1785126528248014404,0.666283,-0.9668268549967322,2.1413087701584907,-0.043462904856405776,2.221393616690017,-1.118432706414881,2.586347802912637,0.10056083840168833,2.1228044886263597,0.4917183273796508,-0.09858912806365705
1785126528281372070,0.664092,-0.9679704115913654,2.143381089272691,-0.04422460519652499,2.2227992845032043,-1.1188176545679225,2.5888689264780043,0.0994691124241534,2.1243768130129617,0.49179486403900885,-0.09842247149024264
1785126528314729980,2.720311,-0.9688727447058557,2.145455248715112,-0.044831458451054434,2.2243122948734495,-1.1200765185094315,2.5918573737765866,0.0980317459099671,2.125934743395515,0.49249094776669977,-0.09837755147793459
1785126528348087646,2.76661,-0.9700133506998037,2.148347534018343,-0.045467416656967005,2.2261824214618544,-1.1222697966727107,2.5958692628309628,0.09993869199205839,2.1277471807116877,0.4945711875273254,-0.09843524075016674
1785126528381445313,2.800751,-0.9714207284361467,2.1513281927075525,-0.044213167252312634,2.22825557102802,-1.123212640720269,2.59968075156263,0.09986302910290606,2.1299742211585437,0.4947916248512641,-0.09828134986947612
1785126528414802979,1.313116,-0.9724149034415919,2.1543021640103186,-0.04349237396039085,2.230987812467794,-1.124203945591602,2.602290607618807,0.09970732864031781,2.1321139519458363,0.49420614499265847,-0.0988738605219579
1785126528448160645,0.469307,-0.9733082884397557,2.1569620253671165,-0.04384205944984386,2.2334828168379963,-1.1252885853394459,2.605531412421332,0.0964057207281478,2.135484851314614,0.4939452859303009,-0.09799796552338247
1785126528481518311,0.471884,-0.9745587321283021,2.159133899720487,-0.04502913552216757,2.2361256112297814,-1.1278748426274436,2.609789120612528,0.0977789207715548,2.138279261239208,0.49698098434269106,-0.0978463499905735
1785126528514875977,0.405557,-0.9758313328582382,2.161194641336682,-0.045867448973920394,2.2398109887392885,-1.1281569803474307,2.6094960790493533,0.09895242108520173,2.141404889936165,0.4951263239842847,-0.09840609880312368
1785126528548233643,0.439129,-0.9774931027826426,2.1634405231498026,-0.04612036045630134,2.2428473509329696,-1.1301059545191892,2.6121406538163683,0.09709823025410666,2.144582525610239,0.4951101438068398,-0.09826482532273051
1785126528581591309,0.408804,-0.9789604642793237,2.165699250798572,-0.04627967663112838,2.2463653001537542,-1.1318138672516758,2.613811652697617,0.09603183403636951,2.1475098398645036,0.49438998129454914,-0.09885546028925063
1785126528614948975,0.361074,-0.9803710904918469,2.1679628383163503,-0.04643640731103583,2.250004925297452,-1.1321086291975666,2.6162391433974217,0.09780271928837907,2.151627982686993,0.49475332438677927,-0.09837694261045904
1785126528648306885,0.294981,-0.9819329461733867,2.170247814680485,-0.04673827116620197,2.2533601131779646,-1.1323543096806086,2.618178151605252,0.09476925466357682,2.155101642232515,0.4932469495124854,-0.0982584709454497
1785126528681664551,0.390064,-0.983588379843101,2.172348103131009,-0.04723151031309043,2.2581546167890623,-1.1351590580275386,2.6209403080659173,0.09599579023144315,2.159252567747451,0.4946945486205879,-0.09890204904161148
1785126528715022217,0.282969,-0.9859701372248124,2.174440132549415,-0.0477310583899849,2.2645982335343526,-1.1363408234652932,2.622455446213606,0.09675057064707425,2.165675546860321,0.49417001698530727,-0.09892268667403181
1785126528748379883,0.204245,-0.9891289239467979,2.176484145767894,-0.04838841368780224,2.2701935848201353,-1.1412879948358006,2.625066777246291,0.09521240994650772,2.1706238718958693,0.4949747030569742,-0.0995697129242661
1785126528781737549,0.26881,-0.99330390495695,2.178891552711606,-0.049421179420555496,2.275013529743142,-1.1432764553128678,2.62615471137981,0.09495036007073186,2.1751755027680795,0.4933348156953871,-0.09983802697506272
1785126528815095215,0.149555,-0.9979494805528507,2.181850911789986,-0.05064384901172891,2.279272662604347,-1.1481079841898685,2.630718409132489,0.09259344638460706,2.1793242097941135,0.49451645996618504,-0.09994845281023368
1785126528848452881,0.22175,-1.0023290738587882,2.1849122699187578,-0.05153915727030892,2.2830322196359116,-1.1552986091707533,2.639202469311259,0.09199555067945943,2.1840156341262804,0.500381330970553,-0.09901658550963123
1785126528881810791,0.165194,-1.0077542679061018,2.1883326915817665,-0.05257715750045647,2.2830488981590196,-1.1554887065075152,2.6410638277013057,0.0893035088234402,2.185576399919183,0.496911530795449,-0.09747249823983672
1785126528915168457,0.151797,-1.0130724427478184,2.192290193933175,-0.05211022055082819,2.2820273385391014,-1.1655861682950612,2.651097922445287,0.08811041283778641,2.1838124081378854,0.5034151311300123,-0.09821493040121608
1785126528948526123,0.152228,-1.0191341961470768,2.1975601434592322,-0.05188703883891685,2.2844305284762583,-1.1715916758792304,2.656521889105977,0.09175832127549137,2.1851754399492203,0.5045028806417118,-0.09925508852703802
1785126528981884033,0.223225,-1.0226025690870766,2.2007743905723256,-0.05142678939728453,2.2892716194624314,-1.1807440588396103,2.6653413027717088,0.09214522257969136,2.1894819595504456,0.5113160170723552,-0.09978965991198585
1785126529015241699,1.18802,-1.0253600905807443,2.203443065254825,-0.0507742297399421,2.2936352116249843,-1.1837189412489448,2.6681505707241047,0.09195817730989325,2.1944289868268267,0.5112759834440435,-0.09920622479815755
1785126529048599365,3.295925,-1.0299042195802124,2.2076456454232734,-0.05055207510315128,2.2986755506456555,-1.186926118962024,2.672472852044444,0.09313542084790279,2.1994426838292984,0.511239968501482,-0.09923286681635712
1785126529081957275,3.271502,-1.036785457281974,2.2139832602819975,-0.05046101775386597,2.302932076782181,-1.1909430195951105,2.67942418806814,0.09151998100236856,2.203474883754626,0.5104492288999678,-0.09945719302755496
1785126529115314941,3.372069,-1.0437649384632413,2.2207995180173006,-0.05071051593692982,2.307117669409931,-1.1979291370866565,2.686361312812266,0.09178731085874439,2.2067711528370095,0.5107054097534109,-0.10034651657292137
1785126529148672852,3.229317,-1.0491503683329135,2.2264735269403353,-0.05166557696362024,2.3112089069225825,-1.2052174921004872,2.695574793622333,0.09222589592903851,2.2119095803527733,0.5148958161560031,-0.09929932656980921
1785126529182030518,3.283995,-1.0572999940360575,2.2337184959309555,-0.053400367930178314,2.3174984625084387,-1.213498089596847,2.709518231362589,0.09112796274711044,2.2178100855733494,0.5212213269447,-0.09968837693508936
1785126529215388184,3.281326,-1.0637340813073302,2.240857873143357,-0.05369215229086648,2.3250688112944897,-1.222879213361495,2.717868980513267,0.09392006397065188,2.224289312629988,0.5240764600708975,-0.10077949866450187
1785126529248746094,3.205219,-1.0679305735054898,2.2471309410143503,-0.05417233343825065,2.3323963306573834,-1.228157647240192,2.7228789154167248,0.09480077108607049,2.232071903422834,0.5236428517388186,-0.1003244272345496
1785126529282103760,3.241413,-1.0737007360802648,2.2526578059986235,-0.054465184549164235,2.337321334225755,-1.2329290628623348,2.7263530177361335,0.0924522723873068,2.2367895550148904,0.5208891943835482,-0.10053177921086442
1785126529315461670,0.196157,-1.0777010000754184,2.25732150347602,-0.05498030805581188,2.341785410941684,-1.2410264764123604,2.7380780113352716,0.09009374438574776,2.2432842199398606,0.5280610871495153,-0.09850119100182342
1785126529348819336,0.380024,-1.0817712570749847,2.26126144289123,-0.055175938997936796,2.348053846620119,-1.2448157549144458,2.7412312823500504,0.0919458814419011,2.2490214314541666,0.5278251463461927,-0.09903241516595251
1785126529382177246,0.246084,-1.086116408436556,2.264352691223487,-0.05563903834095381,2.35446458803976,-1.2482089954360107,2.7448066447374755,0.09218329371101854,2.255139535900112,0.5281680130987498,-0.09932505213964804
1785126529415534912,0.357233,-1.0903173419162715,2.2677236435407413,-0.05645411146420615,2.358829780888326,-1.2542291407544146,2.7511082462473713,0.08919190223462771,2.260044087955928,0.5307923447437456,-0.09878569293239803
1785126529448892578,0.327476,-1.0939681189106283,2.269416977130642,-0.055628100065894685,2.3619717035754446,-1.2549431475663964,2.747168489691074,0.0885496720496333,2.2614329911413127,0.5243535997556452,-0.10053871243413194
1785126529482250488,0.31966,-1.0957419796925385,2.2711514287142056,-0.05436127909788071,2.3650095747467788,-1.2566446415667967,2.745799847216459,0.09068079025961914,2.263028210213277,0.521745138615031,-0.10198136453350194
1785126529515608154,0.454412,-1.096757693484157,2.271528351133117,-0.05270839128596556,2.3682317937294033,-1.2584110033051796,2.750733782084661,0.09348749071278308,2.2669181254748807,0.5264436090816742,-0.10131366825452259
1785126529548966064,0.412263,-1.097663669774204,2.2716339186345267,-0.05156336489614857,2.3712005983087705,-1.2599872043265208,2.7516258816000425,0.09432947452106244,2.269286745371456,0.5272816467261708,-0.10191385293731468
1785126529582323730,0.417316,-1.0976859725818413,2.2708130855742077,-0.050939179839709775,2.3743060333610577,-1.2603218868138029,2.7524655916924425,0.09467982233063556,2.2722885330911167,0.5288142122155278,-0.10201750026994105
1785126529615681396,0.517497,-1.0972273763571239,2.269740663389436,-0.05067658816231038,2.3773333161356707,-1.2592528849533198,2.7516360139819263,0.09497072238568104,2.275810735045797,0.5288558720751602,-0.10152258108987366
1785126529649039307,0.483694,-1.0968322993564998,2.268490441302736,-0.04948484278539653,2.3799324506093904,-1.2580936462946486,2.748926751963862,0.09291712961193652,2.27799584136268,0.5264053498594315,-0.10193660924671022
1785126529682396973,0.483501,-1.096362734311102,2.267219244910043,-0.04884554216460116,2.3826965399360795,-1.2585690580154327,2.749533396871391,0.09511151919163122,2.2814626500966093,0.5288302829322377,-0.10123388983947022
1785126529715754883,0.47187,-1.095959239791789,2.2659649685288197,-0.04841323372925003,2.385389411889122,-1.2570126419585048,2.7440610543472688,0.0951343316986032,2.2829601604842398,0.5245187977228839,-0.10242925140488213
1785126529749112549,2.669249,-1.0955808960997968,2.264739640061519,-0.048111773827100426,2.3878881603967965,-1.2570749030565282,2.7439498721881086,0.09560198787459069,2.2855857008840466,0.5257151378457835,-0.10230245951274997
1785126529782470459,3.836054,-1.095217926932879,2.2638550544921974,-0.047917436601936356,2.3901310693559235,-1.2566987992868388,2.7423356435349873,0.09483933013265627,2.28797405599188,0.5247849470739856,-0.10215701336404326
1785126529815828125,2.732571,-1.0947308524379489,2.2629451927475284,-0.04771408428940396,2.3922342676694788,-1.254672622914228,2.7397737097078108,0.09565466606784133,2.2897580882501893,0.5229736160731506,-0.10247617941928944
1785126529849186035,0.626321,-1.094242536893631,2.2624430667059414,-0.047594422951755894,2.3941306897095846,-1.2552260781786906,2.74012886699137,0.09455341923763776,2.2915649044965027,0.5237417621291143,-0.1025657852130819
1785126529882543701,0.739378,-1.093650443622094,2.262068735176064,-0.047463177409985596,2.396172189661916,-1.254586900796226,2.738977187113201,0.09339453475485364,2.293517451275759,0.522669216477449,-0.10265473838615691
1785126529915901611,0.701997,-1.093019471395394,2.2618512462837552,-0.04729828978502895,2.3981766069465684,-1.2533398384944006,2.7394553353441493,0.09394196635627115,2.295747922812687,0.5232180195184691,-0.10242868413388129
1785126529949259521,0.735189,-1.0924543817431045,2.2616889553396975,-0.04715365129980213,2.4007659870251197,-1.2532433918893808,2.7393554395386013,0.09492097949180664,2.2979651878627516,0.5236445136018641,-0.10280079916236806
1785126529982617432,0.704723,-1.0920166767415462,2.261696877856014,-0.04703832764346674,2.4037024066270942,-1.2523527214880208,2.7396395213355023,0.09414189504056147,2.301028404351938,0.5235156855130673,-0.10267400227515644
1785126530015975342,0.86833,-1.0916037155161185,2.2617285066184083,-0.04691501498209569,2.4067247154792235,-1.252092673312755,2.7400331278902117,0.09527248521703965,2.3039524690506203,0.5241653379588287,-0.10277224642860316
1785126530049333252,0.883163,-1.091208918050295,2.261676624629694,-0.04677230589797638,2.4105567558527308,-1.2517697821590192,2.740151390119686,0.09576158799868938,2.307453060795339,0.5244366531845278,-0.10310369505739159
1785126530082691162,0.94115,-1.091121288393918,2.261408970298039,-0.04660983368726153,2.4141188472504536,-1.2518921805826324,2.738850454043628,0.09681903913475542,2.310540889117553,0.5238029130649606,-0.1035779581329006
1785126530116048828,0.871101,-1.0910933077483977,2.2610962616391004,-0.046406803905662444,2.4187536782396966,-1.2519116862852784,2.739661026378032,0.09828115128399505,2.3152380334655764,0.5251870041250305,-0.10351564477412012
1785126530149406738,0.952691,-1.0912049016567302,2.2607236800703094,-0.04624269721004654,2.4238920037980005,-1.2510666330043925,2.739272653913566,0.09787233880555671,2.3203247784415457,0.5247228193262465,-0.1035672253564548
1785126530182764648,1.458905,-1.0917419803963246,2.260290707407473,-0.046087053068082626,2.4283427995425484,-1.2531356031055523,2.7405851229884948,0.09646603736074442,2.325505523171664,0.526357303245935,-0.10283727637088447
1785126530216122559,1.046255,-1.0925001599819948,2.2597836136839335,-0.045908793906380585,2.434758325480102,-1.2539392219274395,2.739414711794474,0.0977591278704577,2.3310885732757773,0.5260694181799811,-0.10366975220432462
1785126530249480469,1.062042,-1.093159168414544,2.259461645520723,-0.04567029382769597,2.441608364560772,-1.255776921599611,2.7429096166708478,0.10068937599397998,2.339256484591973,0.5306483085909548,-0.1023518799687988
1785126530282838379,1.051603,-1.0941675518105818,2.258948378383625,-0.04549092403206638,2.44787843370823,-1.2564822511323377,2.7416326792713352,0.10061997869936481,2.345720187279026,0.5297910831982389,-0.10215824642920389
1785126530316196289,1.144638,-1.0952455264363132,2.258443028615764,-0.04530632739750292,2.455912872704145,-1.25801510801132,2.742454528440001,0.1009811956474785,2.353849969296618,0.5311883922365455,-0.10206290340752712
1785126530349554199,1.155179,-1.096343241697583,2.258124038254879,-0.04516982383798808,2.4633811526288927,-1.259197335552569,2.7408682764357777,0.09992375539497021,2.360695924941436,0.529731632165586,-0.1026852276874566
1785126530382912109,2.238419,-1.0987721271478939,2.2587048532603697,-0.04573039135430235,2.4711098226947756,-1.2610756076438216,2.74283793428077,0.10083586719021541,2.3685755282667698,0.5312334026236826,-0.10253429442800588
1785126530416270020,2.096269,-1.0998566378860637,2.2590915266631706,-0.046910469544903924,2.4823959300129586,-1.267056368615855,2.7409627112495074,0.10200284348635531,2.37595971501362,0.5313480622799898,-0.10643621499933875
1785126530449627686,2.118397,-1.1012289987404111,2.2603861102470053,-0.04689188712498684,2.495381302076195,-1.266194974596029,2.7401017519944815,0.10063952904345522,2.389007413766787,0.5283052042937446,-0.10637388830940786
1785126530482985596,2.17795,-1.1023587908717614,2.2616911813067975,-0.046143834968363925,2.508534191032111,-1.2669395961773944,2.7447495260767294,0.10054507351309862,2.4037677835381275,0.5309894931148826,-0.10476640749398358
1785126530516343506,2.07967,-1.1038695424540366,2.263071319319524,-0.04574575854118891,2.52080537308004,-1.26923278634597,2.745692658930439,0.10122764909521124,2.4148834647342587,0.5309138747768348,-0.10592190834578119
1785126530549701416,2.049578,-1.1057351290813116,2.2646273242824018,-0.04567807917671156,2.531609218548209,-1.271593008407721,2.7477669424871185,0.09963552820924657,2.4267418544908037,0.5310826407492281,-0.10486736405740514
1785126530583059326,2.056202,-1.1078772936987173,2.266288042378337,-0.04558793277495711,2.544478529477,-1.2732175535022476,2.747902326354565,0.10049527777697224,2.4380024869985055,0.5297452448554804,-0.10647604247849429
1785126530616417236,2.02921,-1.1102955964062962,2.2680532732908154,-0.04579521258472741,2.556455400026745,-1.2750792916665235,2.7495554394118806,0.10002562657355063,2.4499674114183816,0.5293975059779917,-0.10648798860836363
1785126530649775146,2.015092,-1.112597346023952,2.269645959368949,-0.04613842792487735,2.568185235127938,-1.2796928992082337,2.751219883321914,0.10102784841331883,2.4614549348436023,0.5305584614504492,-0.10673030028433583
1785126530683133057,1.931831,-1.1152088075561215,2.2713901913417707,-0.04672047464101899,2.5799936876084892,-1.2809273984968723,2.7518309604653908,0.09928202310193826,2.4728505649094448,0.5287747283736863,-0.10714312269904447
1785126530716490967,1.905077,-1.1177073251026615,2.2735758592337754,-0.0485713639999069,2.5904848746972022,-1.282729193280231,2.75264982036039,0.09630359454553059,2.483626613448862,0.5270036345414542,-0.10685826124834019
1785126530749848877,1.988234,-1.1200780319811674,2.2755486079380467,-0.05125982202001414,2.601513860394458,-1.2853219877226738,2.753729802613002,0.09570943315403241,2.4940279797707854,0.5268422741355163,-0.1074858806236727
1785126530783206787,1.934777,-1.1224808113902673,2.277954718840743,-0.05336179259625195,2.6133157484245664,-1.2869266873098795,2.75434203596905,0.09497226444318434,2.5053333767821915,0.52534780336978,-0.1079823716423749
1785126530816564697,1.761395,-1.1252694835878048,2.2800721005940066,-0.052751122760018324,2.6252180198193646,-1.2889483122107934,2.754583087547257,0.09375932543054107,2.5161956285394815,0.5228926726468252,-0.10902239127988311
1785126530849922607,1.855042,-1.1275938231997695,2.2825715008494174,-0.053191298060168396,2.637626790414198,-1.292653660392319,2.754795095469687,0.09277101527565142,2.527057420972149,0.5210996738479728,-0.11056936944204931
1785126530883280273,1.800875,-1.1302003845459665,2.284264566479716,-0.05405689018791265,2.649878718946807,-1.2951789699909708,2.7580439979545877,0.09319998282841763,2.5403266329043874,0.5228474634103477,-0.10955208604241973
1785126530916638184,1.732635,-1.1332759489119772,2.285243821724222,-0.054300222508248286,2.66251226004132,-1.297668839952516,2.759280140135489,0.09190521054057911,2.5516339319517347,0.5226006912075124,-0.11087832808958531
1785126530949995850,1.69635,-1.136203123297573,2.2861276445600236,-0.05404854405599019,2.6738614927187507,-1.3001037035897998,2.75631575080328,0.09127053779291878,2.5619981668895218,0.5187079053013923,-0.11186332582922898
1785126530983353760,1.754234,-1.1381180406320144,2.2864725976888907,-0.05397352009357779,2.685972510540068,-1.3052258617361596,2.764433800270338,0.09018747740158634,2.575424911279524,0.5264544882951222,-0.1105475992605438
1785126531016711426,1.695251,-1.1406918348221482,2.2874805535621174,-0.05429512607490568,2.698362212428372,-1.307585162103505,2.7642880514915986,0.09069120540029647,2.5883858233292223,0.5255661795506361,-0.10997638909914986
1785126531050069336,1.701978,-1.1440619867826949,2.288260000148121,-0.055040642573674,2.7124766854502846,-1.3099602258384053,2.763604397209668,0.0902220419958246,2.601834377880202,0.5239997796449244,-0.11064230757008264
1785126531083427002,1.821949,-1.146747913639875,2.288863821498094,-0.055615507496331415,2.725288827350934,-1.312854220249546,2.7691843386951764,0.08935554827367075,2.6164905278652686,0.5285032746795877,-0.10879829948566533
1785126531116784912,1.757389,-1.1484915611393438,2.290014660039763,-0.056968369356321276,2.739701933883954,-1.316768253229246,2.774345656108039,0.0879876183431111,2.6309183025872125,0.5328281122680427,-0.1087836312967414
1785126531150142578,1.631686,-1.1535978671321931,2.2897723306932654,-0.05842106231939226,2.7527035699880216,-1.3156291555104196,2.7649711320706265,0.08996638421343373,2.6423736313015467,0.5235330682321041,-0.1103299386864749
1785126531183500488,1.5675,-1.1566933913462478,2.2907628102812168,-0.05582144805107682,2.7649841779540747,-1.3216603927243422,2.777020078114686,0.09455658955319803,2.6578415001299915,0.5350456020361846,-0.10714267782408315
1785126531216858154,1.591534,-1.1590408471680405,2.291743734056907,-0.05415537824342654,2.7823225934711453,-1.3282077420330962,2.772698553615058,0.09696581254948347,2.672199060751691,0.5317636609257588,-0.11012353271945452
1785126531250216064,1.587668,-1.1627998738112861,2.2928468824075967,-0.05213144858839984,2.8005340104042653,-1.3324389314617378,2.768983643602751,0.09631518004591974,2.6892692567549745,0.5268016958921452,-0.11126475364929078
1785126531283573730,1.424544,-1.167985753300298,2.2935969271066594,-0.051178036289902494,2.8196828393987086,-1.3372672033494006,2.773479696544191,0.09586266013430697,2.708573329588343,0.5296835358387858,-0.11110950981036538
1785126531316931641,1.407564,-1.1737081884083496,2.295355759115439,-0.0513737639682514,2.835777831294465,-1.3428957767141096,2.772472624028563,0.09777712652532125,2.7248128302014125,0.5277413485375891,-0.11096500109305252
1785126531350289307,1.870499,-1.1801759699526826,2.2974137723524737,-0.052262200679522516,2.846807100474352,-1.3489490583558705,2.7856800419397105,0.09147575957885078,2.742060720060278,0.5362358684431919,-0.10474638041407404
1785126531383647217,2.016462,-1.1860070208132014,2.2979858079645736,-0.05379869116335374,2.854150067512698,-1.3556446699843705,2.803106381082536,0.11547822274708583,2.75530858767247,0.5590871121626589,-0.09884147984022773
1785126531417004883,2.065384,-1.191813279975568,2.2999790162647926,-0.055300327733109625,2.8596031308317524,-1.359686220597568,2.806995323483939,0.10914857727821405,2.7621679934539967,0.5588294036095816,-0.09743513737775578
1785126531450362793,1.988188,-1.1995754231199138,2.302108166103424,-0.05599523379433831,2.862218360969346,-1.3670162255849254,2.8104918863839234,0.1074509099841166,2.7652150793062793,0.5596472739971272,-0.0970032816630666
1785126531483720459,2.124609,-1.205897872409364,2.304579396117704,-0.05622893531003261,2.86425719391623,-1.3727724815285935,2.8152692286704233,0.10466872674494879,2.7683489850704572,0.5608380317847383,-0.0959082088457728
1785126531517078369,2.046697,-1.2112652303807343,2.307445477933721,-0.05640298979281809,2.86627658628231,-1.3791984115009348,2.818880688832528,0.10754109440257742,2.770561325133466,0.5627123519267407,-0.09571526114884366
1785126531550436035,2.137342,-1.2164828180515856,2.3105671785239887,-0.05695463636604492,2.869696081827848,-1.3877747611370344,2.815668277049834,0.10698469796283817,2.7712719502091385,0.5579822173135999,-0.09842413161870933
1785126531583793945,2.159328,-1.2225264408683092,2.31264030899717,-0.05722484887675183,2.8736826558842594,-1.3888993473950493,2.8274758280842356,0.09906499227906097,2.7798498596262373,0.5631714394288054,-0.0938327962580221
1785126531617151611,2.239005,-1.2284907259217006,2.313311375199312,-0.05677426203160722,2.8735928726350606,-1.3957308980123924,2.8328476395071585,0.09421696774793441,2.7811095171515894,0.5662910528714142,-0.09248335548347121
1785126531650509521,2.169915,-1.237078995958178,2.3134445121164045,-0.05732916059210421,2.8735388274814824,-1.4080767508711816,2.823094180134845,0.09894983426723165,2.7764379994986186,0.5598268844302126,-0.09710082798286379
1785126531683867188,2.260323,-1.2427790485179413,2.313858871496621,-0.05948158614265886,2.8762478747685796,-1.41465151886891,2.826233494832736,0.09716806027942443,2.7805545646645933,0.562678427192241,-0.0956933101039863
1785126531717225098,2.23534,-1.2490149592530229,2.3142651131904164,-0.06222474825315499,2.87718677566519,-1.4192548369022824,2.833069721249735,0.097372012125044,2.7839054860596577,0.5688681421989057,-0.09328128960553217
1785126531750582764,2.227518,-1.254900939499462,2.314652294060734,-0.06447941781132187,2.8760828445312314,-1.4263524250410247,2.8336247758466078,0.09719567195565741,2.7825947432805833,0.5699709496075729,-0.0934881012506481
1785126531783940674,2.370621,-1.259821359690557,2.3155838716756953,-0.06597849650215513,2.875866023023706,-1.4315037320288808,2.8343702342286017,0.09366425104491838,2.7820617556865432,0.5692977549463629,-0.09380426733716263
1785126531817298340,2.272676,-1.2641885264800345,2.3168607948369453,-0.06746076382461255,2.875955845610863,-1.436556098701555,2.8353614540665184,0.09594694740616976,2.782043547307743,0.5703118389659518,-0.09391229830311999
1785126531850656250,2.365949,-1.2685145406335956,2.3182980033215017,-0.0677891869659698,2.87609890906603,-1.4391328431747554,2.841584886887358,0.0921996155822771,2.784139323658988,0.5731807608555215,-0.09195958540704163
1785126531884013916,2.207685,-1.2722683526611167,2.3196414683391007,-0.0677491946730341,2.875817044480341,-1.4420072973165576,2.8481209335354234,0.09235841841861034,2.7860252779698222,0.5776991450892391,-0.08979176651051857
1785126531917371582,2.47476,-1.2757956393317769,2.32107210818414,-0.06791901778075764,2.875918431594669,-1.4461608688157572,2.8453840460250275,0.08941982345567803,2.784098597340962,0.5733086695151404,-0.09181983425370666
1785126531950729248,2.410194,-1.2782466759375468,2.3221935134996055,-0.06829859888480423,2.8770991525514233,-1.4504073468471215,2.8446217681252266,0.08977752239184401,2.7842727437954307,0.5723273870409115,-0.09282640875599267
1785126531984087158,2.426458,-1.279897263995699,2.3230371589929883,-0.06877592848358188,2.8783728516731504,-1.4536741416105683,2.8453814623040263,0.08788911098361785,2.7851362946578435,0.5723512112211576,-0.09323655701530686
1785126532017444824,0.843407,-1.2826071683116893,2.3238934533984392,-0.06945761626970952,2.880195710139822,-1.4560189913699215,2.851328836482871,0.08374756073242953,2.7887516378177444,0.5759614309709095,-0.09144407232207775
1785126532050802490,0.843838,-1.2844692343865018,2.324191625258153,-0.07216263632868392,2.881045505541208,-1.4578981792578047,2.851535511480844,0.08675642005834398,2.789157056188912,0.5774291642604893,-0.09188844935229579
1785126532084160156,0.808507,-1.2859636127488103,2.3238529855316283,-0.07401010185964449,2.881295413648381,-1.4612769223888011,2.85450612392253,0.08492513455842171,2.790186091065119,0.5810231658000454,-0.09110932258326221
1785126532117518066,2.67937,-1.2867227729264816,2.3232819226358696,-0.07503478962303897,2.8816431597763574,-1.4621744289049952,2.85244152367349,0.08900237361137738,2.789642813853605,0.5811207773586236,-0.0920003459227523
1785126532150875732,2.610036,-1.2878507774037042,2.322840445335222,-0.07769982371138597,2.8813336952211865,-1.4614697787291437,2.8548871896179704,0.08823837304744961,2.790592355303788,0.5837403368508034,-0.09074133991739865
1785126532184233398,3.14104,-1.2880823740579366,2.3222322298540052,-0.07965001529477687,2.8798576016224593,-1.460785568897721,2.8526656566440454,0.08606950829506228,2.788776577884696,0.5819355413299111,-0.09108102373776328
1785126532217591064,2.613704,-1.2877878628966288,2.321972838695273,-0.08083857402859425,2.8790947843068015,-1.4601708571727101,2.8510454238768004,0.08633273664236467,2.787527039211319,0.5810163028846078,-0.0915677450954826
1785126532250948975,2.6674,-1.28720761980579,2.3218178513902217,-0.08158770712632683,2.8788529187998058,-1.45982628888759,2.851649917916345,0.08552147299912502,2.7873051249907785,0.5817600035384993,-0.09154779380902722
1785126532284306641,2.674599,-1.2867170154803218,2.3221106384710772,-0.07907334861135366,2.8787420213879633,-1.4593907849484546,2.8506367470984473,0.08569461350654614,2.7862243885701163,0.5799177178735015,-0.09251763281784697
1785126532317664307,2.724951,-1.2861916743202655,2.32247088704772,-0.07803381886613166,2.878600008348047,-1.456250060702531,2.855043655319024,0.08347876035624334,2.7879144125168205,0.581927763154641,-0.09068559583122669
1785126532351021973,2.795569,-1.2859079769085215,2.3230076573879344,-0.077579322348372,2.8777093652690113,-1.455097205378971,2.8540804250527896,0.08173884108136421,2.78592054866224,0.5796943649754234,-0.0917888166067713
1785126532384379639,2.539791,-1.2856139761509218,2.3237666405568405,-0.07729405839816308,2.877139638640755,-1.4540145919986038,2.852131835493907,0.08248713170142719,2.7842644647840156,0.5771122727411055,-0.09287517385673949
1785126532417737549,2.85527,-1.2852831527855182,2.32452213382855,-0.07713884285873811,2.877262823311726,-1.4539377690718538,2.8530318700553456,0.08011035119936616,2.7841805420794756,0.5766231264119845,-0.09308228123225026
1785126532451095215,2.816215,-1.284864180093922,2.3253187370645354,-0.0770140752759007,2.8771237839542203,-1.4527874849065696,2.8521272903342747,0.07753095948257317,2.7832615142618082,0.5741164131653571,-0.09386226969241207
1785126532484452881,2.952398,-1.2842912339560786,2.326194990903087,-0.07686409812990166,2.877291670042718,-1.4523450768629167,2.850099260039315,0.08136087096316787,2.78204740561269,0.5724970901056394,-0.09524426443002776
1785126532517810547,2.903568,-1.2823648682703082,2.3271344728142553,-0.0755020728126833,2.878061592833093,-1.450614018192917,2.8505618279922054,0.0714709446972544,2.782652426835161,0.5691089882212728,-0.09540916599793192
1785126532551168457,2.95774,-1.2814652434637552,2.3282470509009876,-0.07210382605757518,2.879878256451655,-1.4477712722814446,2.8551326406040176,0.06921275839706112,2.7859534759636135,0.5702950963314906,-0.09392478048804165
1785126532584526123,2.874578,-1.2805381980284922,2.329387029537414,-0.06867682470040833,2.881686925569987,-1.4481258575811302,2.8546929244902293,0.07679085221562827,2.786259172840442,0.5702567421204746,-0.09542775272954486
1785126532617883789,3.058445,-1.279415518138715,2.330798698584927,-0.06548066304190779,2.8831322781582083,-1.446000191562959,2.8580325196526797,0.0800886151590525,2.787956089928464,0.5717660100543873,-0.09517618822974418
1785126532651241455,2.978382,-1.278539266407895,2.3332515622435337,-0.06275244122921608,2.88472361780963,-1.4446285570366781,2.859242733734755,0.08207249649855902,2.7883195861792784,0.5702864434090412,-0.09640403163035138
1785126532684599121,3.008468,-1.2772916572815132,2.335873865497847,-0.06108249631373584,2.886740309428779,-1.444122182005909,2.864666120053166,0.0847455024806865,2.790847134019168,0.573340629721896,-0.09589317540961106
1785126532717957031,3.0326,-1.2762182905286368,2.33918177142102,-0.059998828938772425,2.889128322249536,-1.4430310776764896,2.8669962304575303,0.08981586373876577,2.792582551347948,0.5734623363971728,-0.09654577090158778
1785126532751314697,3.153762,-1.2747506548465544,2.342714755574259,-0.05868186100668833,2.89298582686391,-1.4443601526689442,2.8694523422558773,0.09346899151015403,2.794918157214873,0.573907439310853,-0.09806766964903701
1785126532784672363,3.068454,-1.273293862457497,2.346171101846345,-0.05702469788430484,2.89637198459805,-1.441295463421462,2.875683589929275,0.10101530468427644,2.7996088378986994,0.5775678794515046,-0.0967631466993506
1785126532818030029,3.141456,-1.271985726548352,2.3496008221363103,-0.055677758508894754,2.898236970291704,-1.4385363506566247,2.881811298459249,0.10455453050620073,2.8026827825342497,0.5802253768508938,-0.09555418775745439
1785126532851387939,3.208741,-1.2704177024645913,2.353198913483049,-0.05479263379098766,2.899767395895002,-1.4368306298148643,2.884074572889699,0.10606509587823398,2.8038507388413874,0.5791350769328938,-0.09591665705361452
1785126532884745605,3.146798,-1.2687897609060201,2.35609277008076,-0.0537969157413727,2.9006138061804183,-1.4359194913849163,2.888287028514234,0.10597626284995293,2.8049691602802773,0.5802504150077616,-0.09564464590014099
1785126532918103271,3.240304,-1.2672782360132246,2.359002517744923,-0.052824407705903055,2.9015087146191063,-1.4336658490860845,2.8896547446490306,0.10557192383190697,2.805579159593342,0.5782439118114499,-0.09592955502576439
1785126532951605957,3.204281,-1.265429752384966,2.3619803198586893,-0.05172139714348064,2.9030174231784733,-1.4306405377177516,2.8943837879901624,0.109973982696377,2.807935637723087,0.580425234057111,-0.09508178545538648
1785126532985109375,3.122141,-1.263621837969838,2.364434923101759,-0.05075172103153086,2.903739035387832,-1.4282886887788282,2.8956507663327002,0.11094200213600172,2.8083576516278486,0.5791807178823278,-0.0953813837599835
1785126533018613770,2.882383,-1.2617861137929363,2.3666683778412714,-0.04986242425096454,2.90453376411273,-1.4252069499660645,2.899551247342925,0.11272098452779135,2.8100798936219453,0.5806064821494511,-0.09445387049078446
1785126533052119141,2.708645,-1.2598933215541026,2.368962431498049,-0.04897857151762616,2.905564379633094,-1.4231814109180894,2.9013832222596307,0.1138580040703249,2.8109505983225,0.5802160364144892,-0.09461378131059384
1785126533085625488,2.525347,-1.2579621750556371,2.3714172399994897,-0.0482261297726967,2.9068614485879674,-1.4211650103667697,2.9010397175544624,0.11029191854371437,2.8110686872035533,0.5764226798340818,-0.09579276138441407
1785126533119132813,2.356569,-1.2562303082000352,2.373879979306316,-0.047566150870107744,2.9089253904659835,-1.4198082415018964,2.9038906467775463,0.11196837533387623,2.813183156242281,0.5771657586410829,-0.09574223422370266
1785126533152640869,2.175616,-1.2543758046649438,2.37676918513374,-0.04680616765203113,2.910909720166515,-1.4165556845784628,2.9070304102957896,0.11342658689260636,2.815676248565629,0.5771947816708702,-0.09523347160088624
1785126533186149902,2.02015,-1.252467483873991,2.3797715277314735,-0.0462025634354762,2.912547018399563,-1.4142420605792791,2.910134641334345,0.11350132126268063,2.8174629942110987,0.5770280554066585,-0.09508402418846451
1785126533219659912,1.915921,-1.2510463730782106,2.3823189887978593,-0.04571311740036188,2.9140728667883495,-1.4128272935413388,2.913278357156062,0.11529138905706215,2.8193377640664083,0.5779388965737099,-0.09473510272194119
1785126533253170898,1.628325,-1.2502359456841436,2.3844555598175208,-0.044400261713951575,2.9147893878577884,-1.4110360364481718,2.9160339987740236,0.11453729027490422,2.8200645869044365,0.5776620563836284,-0.0947248009533519
1785126533286682617,1.478518,-1.2489840569840955,2.3893061828983106,-0.044624658356037974,2.915150254731168,-1.4093559832845,2.9176877609895517,0.11310829712824838,2.820388687762199,0.5742699121992205,-0.09476156696896876
1785126533320195557,1.328205,-1.2466844045890506,2.391732594630692,-0.04407018026256333,2.9150167090592505,-1.4094668395857106,2.9231488447648886,0.12249429931588168,2.8217180859770123,0.5802112355921515,-0.09329862308223813
1785126533353709229,1.119224,-1.2440531110781,2.3925025251719187,-0.043853232337124556,2.915447017316966,-1.4090665919551413,2.9229981760266703,0.11894208533455694,2.8206006922445312,0.5789278019777492,-0.09484632507243473
1785126533387223877,0.861822,-1.2456922292953658,2.3942059456917737,-0.04375315578683547,2.917931446346755,-1.406363689316124,2.9272619614058772,0.11667779568344618,2.8235028685688257,0.5793980705386035,-0.09442857777792923
1785126533420739502,0.72909,-1.244844594007177,2.397356541942064,-0.04359974346935527,2.9188679700881432,-1.404037062977712,2.9367640666661483,0.11896208094408754,2.8268763460850215,0.5854306676819429,-0.09199162400312177
1785126533454256104,0.571539,-1.244782729089761,2.402006462691737,-0.04395087892573733,2.917890807671454,-1.402860414503394,2.944432881328677,0.11760356022422022,2.826727122990555,0.5876349300969828,-0.09116368468089896
1785126533487773438,0.330763,-1.244909820658974,2.4071197761666188,-0.044473070957651496,2.9169501485090317,-1.402642734783263,2.9491554147958503,0.11686533676502041,2.8246492957051372,0.5871221231982545,-0.09230085280389444
1785126533521291748,0.214657,-1.244429307197945,2.412542524117539,-0.04480985934213898,2.91630946856957,-1.403038875200834,2.9525675792543757,0.11934131192518153,2.8224227469489294,0.5862846256435861,-0.09388672162064049
1785126533554811035,0.022473,-1.243286896772966,2.4186764011780117,-0.0451790224797604,2.917011950132071,-1.402206573637477,2.9615026051079756,0.12488892358256787,2.8239826520390277,0.5906258186412056,-0.09302929809304317
1785126533588331299,0.091057,-1.2413890473787361,2.4249098055988525,-0.04604047674679699,2.919181522365,-1.4026724053120523,2.96427137815512,0.13262116265977048,2.8248650551917,0.5906295022195035,-0.09431646717330011
1785126533621852539,0.193164,-1.2392930911018876,2.42998979812737,-0.04667009977240071,2.918953251265357,-1.390869219800344,2.9855525115651464,0.11339276558373684,2.832073425469407,0.5977000687799635,-0.08687982579595
1785126533655374512,0.535139,-1.2376305278432997,2.434399884514392,-0.04165928615110469,2.9173922857456756,-1.3883976246669567,2.988381596947374,0.11282421810769754,2.827556514665573,0.5945516027082028,-0.08983577108010277
1785126533688897461,0.462288,-1.2338953000960116,2.4379621213139,-0.040368883552077496,2.917611853526169,-1.3860039573848741,2.9970505775848806,0.11739307615300301,2.827526658113752,0.6005046057172886,-0.09008519541241666
1785126533722421387,0.918749,-1.2317656163220831,2.4436420861884525,-0.04012196287920911,2.9163856133149504,-1.3835273567760298,2.9984377829915463,0.11459414410143468,2.8234701114743403,0.595623173504933,-0.09291550184061004
1785126533755946289,1.153265,-1.2315822526887013,2.4504620253911646,-0.03989219484992651,2.914662593968952,-1.379324503925135,3.005319528115911,0.10908676375131209,2.821371946734125,0.5932026224118206,-0.09329064723482716
1785126533789472168,1.404731,-1.2296874479543323,2.456974122932809,-0.040176241273413266,2.9128832732787497,-1.3757307861638095,3.013186992195723,0.11221437704518554,2.819506786643844,0.5949153831601399,-0.09337648663490583
1785126533822999023,1.470731,-1.2281136426930404,2.4631076031080794,-0.04084873126641399,2.9110322041090724,-1.3738681348591253,3.017441062483699,0.10894759508460133,2.815827933284757,0.5924262785851035,-0.09520427082431526
1785126533856526611,1.706741,-1.226720645426921,2.4705898143245255,-0.041595491831658116,2.909173117184578,-1.37085550277658,3.023439148276984,0.1056138657238667,2.8132545762679833,0.589989693220817,-0.0959185409165948
1785126533890055176,3.076176,-1.2249379164687397,2.477669667736923,-0.04253600457060891,2.906780604514991,-1.3691648688900409,3.03224087136481,0.1006271471953864,2.811480814183337,0.5906321373931431,-0.0952997903316537
1785126533923580811,1.167229,-1.2231183289118335,2.4838635204681627,-0.04250014083925284,2.9091266703055982,-1.3734966932951564,3.035454917273788,0.12331023732553505,2.808722012710206,0.5952812805823263,-0.10040465759539208
1785126533956926758,1.511973,-1.221911416887923,2.490466468102725,-0.04239324766065456,2.913500395896552,-1.375636506503224,3.042937094167985,0.13066718089733406,2.813500395126803,0.5990034288506598,-0.1000000007697488
1785126533990272705,1.191529,-1.2209587427498028,2.496902211701143,-0.04208611418572085,2.9143717169437653,-1.372411877260443,3.0518000865422503,0.1312163517671468,2.817626043481311,0.600735755687657,-0.09674567346245411
1785126534056964355,1.132388,-1.2194240901478062,2.50308292544823,-0.040960132529741004,2.9211481183024737,-1.369187055365762,3.0575264571412295,0.12764161216077524,2.8218120909705298,0.5985508532278329,-0.09933602733194391
1785126534123655273,1.164817,-1.2192233159488692,2.512327188929709,-0.039906767734718615,2.9280796504860356,-1.3661630917372978,3.06622691512449,0.12646746831675765,2.828184154145093,0.59672153539915,-0.09989549634094264
1785126534157000732,1.063014,-1.2191720058724775,2.5167785930721362,-0.03963447653788779,2.9307888444426355,-1.3658181783762882,3.072647313963446,0.12538114454802338,2.8315264761883694,0.5981014044271481,-0.09926236825426617
1785126534190345947,1.074465,-1.218649987436958,2.520753379839434,-0.039485135538268906,2.9355093985102956,-1.3666574406749918,3.072097051044497,0.1275321754835022,2.8332647870424164,0.59479478156153,-0.10224461146787922
1785126534223691162,1.07948,-1.2176304540676945,2.5245278352930076,-0.0394283225467065,2.943266010352265,-1.36606053388261,3.074330611707281,0.12942081959665644,2.840176713061662,0.5939904160415851,-0.10308929729060301
1785126534257036377,0.899243,-1.217717185891168,2.5283693635352384,-0.040523103279525005,2.9518941593008723,-1.3661534981988759,3.0802771648878093,0.13066203263235424,2.8499391151465727,0.5966069985865979,-0.10195504415429957
1785126534290381348,0.99653,-1.2178741316986608,2.5324042834193574,-0.04200161617470656,2.9607316077256884,-1.3674383608259273,3.0844199450443845,0.13054055531446104,2.8587500867105398,0.5973789000759462,-0.1019815210151487
1785126534323726074,1.032313,-1.2171338554954394,2.536357219785183,-0.043523754700927154,2.971891777665735,-1.3673483714939523,3.092552604321321,0.13137206871827986,2.8719208844748896,0.6020849239479861,-0.09997089319084562
1785126534357070801,0.995377,-1.2171506083838657,2.5382794366287578,-0.042648349761406315,2.9804604195124162,-1.362822412854341,3.092878251214519,0.12610945528331116,2.8797071676908788,0.5977284638706166,-0.10075325182153749
1785126534390415527,0.979422,-1.216998580705752,2.542293124782922,-0.040414381796811005,2.9878756392455177,-1.3613970021388333,3.0949725023319865,0.12810388105899198,2.8864778091874776,0.5955701498533356,-0.10139783005804004
1785126534423760010,0.921511,-1.2169727441917413,2.544538487999565,-0.03946857410044767,2.9942104073831253,-1.3596735377120541,3.097029841177151,0.11816386021825814,2.892384933682833,0.5919950980849151,-0.10182547370029217
1785126534457104248,1.682812,-1.2166478994769556,2.5471564761985603,-0.03890343508875209,2.998182432466282,-1.3591073168777454,3.102091380004879,0.11867228264154121,2.897900772243378,0.5942032816191084,-0.10028166022290376
1785126534490448730,0.983317,-1.2165002070500288,2.5501022620822065,-0.0381865743620182,3.0031839172252086,-1.358944455097333,3.1056538179331556,0.11886209179428892,2.902294790700087,0.5946361732619766,-0.1008891265251215
1785126534523792969,0.899662,-1.2163001750652902,2.5530772406668545,-0.03791730933510281,3.009457993850614,-1.358738557587397,3.1062540628973294,0.12133625266849034,2.906764192994297,0.5930050476002314,-0.10269380085631717
1785126534557136963,0.843432,-1.21604910930245,2.5562086458955133,-0.03797819698324333,3.0175499795247926,-1.358625685550652,3.1107797370574533,0.1207073223976705,2.9143143847325006,0.5941870659214945,-0.10323559479229205
1785126534590480957,0.129643,-1.2156232073522912,2.558882118314289,-0.037896760756444964,3.025345662433152,-1.3587554959412336,3.1159782439034887,0.1256216598309423,2.922330892375236,0.5979809520834247,-0.10301477005791602
1785126534623824707,2.410427,-1.2153869445887102,2.5623019846374673,-0.037885303849136,3.0334783685776165,-1.3581696557262237,3.1206770016916505,0.12230936789737745,2.930831745596523,0.5981905174156568,-0.1026466229810934
1785126534657168457,2.434465,-1.2157199962672198,2.5658001002152506,-0.038115574361847454,3.042085393275224,-1.3560133057161878,3.1192875826407898,0.11820931425588146,2.9369830205705822,0.5920034431312463,-0.10510237270464184
1785126534690512207,2.535751,-1.2159391139021067,2.569129191942524,-0.03890605527953506,3.049794318383463,-1.3550546697289407,3.1263401163730067,0.12248496307692634,2.9459135881481715,0.5965603179761606,-0.10388073023529154
1785126534723855713,2.369764,-1.215553408541014,2.571059899997455,-0.03919214531146939,3.0590514533320254,-1.3594738450802535,3.1290210189989414,0.13405934512409132,2.9542724181493276,0.6017057265052237,-0.10477903518269782
1785126534757199219,1.912191,-1.2157028123488824,2.572652585882425,-0.03964234802033982,3.0690377167759695,-1.357939192616112,3.1274911930944165,0.12913798462805512,2.9638822636213655,0.5971296916193076,-0.10515545315460395
1785126534790542480,2.52988,-1.216185377577814,2.573406830349955,-0.04017980410420243,3.077304761018785,-1.3582556924670794,3.1303245764234875,0.13207619730361234,2.973263983613716,0.600011233465981,-0.10404077740506912
1785126534823885742,0.705752,-1.216828484965836,2.573294251730478,-0.04043544794342034,3.0843276666161437,-1.3573507892913934,3.132197721085238,0.12882483146748197,2.9808407920232765,0.6006401986680614,-0.1034868745928672
1785126534857228760,0.767084,-1.2173038691085911,2.572276358661497,-0.041137454587768275,3.0901079590491314,-1.3587558011104495,3.135540823770528,0.12845487194144506,2.9882364112735895,0.6050099701155449,-0.10187154777554185
1785126534890571777,0.787409,-1.2178496427866186,2.5715576467349894,-0.04173428972255271,3.091264966370949,-1.358493134637572,3.139335276085452,0.1280702258131291,2.9928793830653677,0.6090858738200778,-0.09838558330558111
1785126534923915283,0.691136,-1.2189205187056553,2.570649948513681,-0.042214608857461554,3.0877319402337524,-1.3580087777780303,3.1472346624762477,0.12578580590064303,2.994278923357777,0.616457310400302,-0.09345301687597551
1785126534957258789,0.706442,-1.2192717028990712,2.569628187507767,-0.04338115288471734,3.0834694610606537,-1.359517260344548,3.1443227642756137,0.1291274669021175,2.9890925035474902,0.616199559274693,-0.09437695751316344
1785126534990601807,0.759907,-1.219741530582752,2.568555953694148,-0.043958021872508954,3.0800916003434335,-1.3610980252087006,3.141113201529466,0.12861449933012187,2.9845177228981763,0.6144792394344352,-0.09557387744525725
1785126535023945068,0.673892,-1.2200850151251958,2.5674695951841895,-0.04427407143459543,3.0776130908977577,-1.3614693593669094,3.140292709185435,0.12858422125420557,2.982337835121295,0.6148136645212355,-0.09527525577646268
1785126535057287842,0.714726,-1.2203394411524633,2.5665727292921425,-0.04443995272823963,3.075037808128983,-1.361448044048094,3.1400395111623887,0.12695537630632378,2.980158275173078,0.614940766687849,-0.0948795329559049
1785126535090630859,0.825173,-1.2204690995178211,2.565858009972297,-0.044527474645188886,3.072811970380627,-1.362443029452464,3.137421546366238,0.12840683818245122,2.9769230023291784,0.6137978082963497,-0.09588896805144875
1785126535123973389,0.786381,-1.2205505227413938,2.5655132733309194,-0.04456797999234248,3.071367220511791,-1.3625328786952176,3.136532877295258,0.1271527899102063,2.975065390023934,0.6129522006891832,-0.09630183048785712
1785126535157315918,0.655083,-1.2206595938806075,2.565301018300382,-0.044615980193635676,3.0700402622471676,-1.36282438984821,3.137517012797129,0.12653431142984387,2.974242116469612,0.6139498317397062,-0.09579814577755563
1785126535190658447,0.68734,-1.2208184902928851,2.565248552041321,-0.04463902790133732,3.069326812384885,-1.3633507991963632,3.136294199447608,0.1284022223680254,2.972827234152932,0.6134752356842175,-0.0964995782319531
1785126535224000732,0.752028,-1.2210228064182989,2.5652396211413993,-0.04466425104637044,3.069091030673802,-1.363457322551961,3.1357158980525024,0.12693742174099373,2.9722098737991964,0.6125176797513732,-0.09688115687460552
1785126535257343018,0.733269,-1.2212450493135705,2.5651675263302476,-0.044685975291721594,3.0682185250989953,-1.363154954107735,3.136983513168566,0.13051265558251657,2.9719706468578657,0.6146596652968019,-0.09624787824112957
1785126535290685059,0.973915,-1.2214608984671054,2.5650727853753112,-0.04466724398526985,3.0677434464954554,-1.3629502692989852,3.1366136440434143,0.1263503839420437,2.971436866152323,0.6131274127351988,-0.09630658034313244
1785126535324027100,0.577745,-1.2216761225221437,2.564982363475264,-0.0446783758290757,3.06733822117578,-1.3637925931652215,3.1356185793454103,0.12713413077914,2.970514734936465,0.6126518746544753,-0.0968234862393147
1785126535357368896,0.59357,-1.2218936593706395,2.5648347473324016,-0.04374205443090751,3.0666774259046954,-1.364106308967774,3.1354372239275747,0.12779953857834475,2.9697079015662466,0.6125668470739618,-0.09696952433844874
1785126535390710449,0.653744,-1.2219777729164731,2.564730738289725,-0.044132938486660694,3.06630444541801,-1.3636605783603857,3.1360772792237195,0.12642908911585918,2.9695963106899335,0.6128640081254414,-0.09670813472807671
1785126535424052002,0.553463,-1.2220953580966056,2.5646243491365546,-0.04385494652160215,3.0656412121052856,-1.3641989007769624,3.135874618399544,0.12730313530376156,2.9689368444290367,0.613037825871686,-0.0967043676762489
1785126535457393555,0.567623,-1.222088348342256,2.5645465564806003,-0.044264649464807196,3.0651843430623904,-1.364754110202902,3.134474053253644,0.12784058750164845,2.9677190417804695,0.6122018325491573,-0.09746530128192088
1785126535490734863,0.474024,-1.22217503655948,2.5644746687786624,-0.043614530260099815,3.0654289592255117,-1.3640691648259144,3.1355471963619346,0.12806818506449077,2.968312314116332,0.6129704153856554,-0.09711664510917961
1785126535524076172,2.739998,-1.22224853746738,2.5644181506019916,-0.04311560645404665,3.0652215209921327,-1.3644731895460716,3.1346275742149783,0.12650536809740948,2.9677808051203565,0.6116681399613234,-0.09744071587177627
1785126535557417236,2.835975,-1.2222955475440327,2.564372293092767,-0.04282812800300864,3.0650582885353512,-1.364866034547512,3.133198497629986,0.12595434554636714,2.966903633505071,0.6102271037163729,-0.09815465503028031
1785126535590758057,2.791281,-1.2223285569221642,2.5642916134350906,-0.042679524062519084,3.0649997271234444,-1.364358097911812,3.133939694868054,0.1273599505226339,2.967124671442781,0.6112157966800115,-0.09787505568066333
1785126535624098877,2.869133,-1.2224104026507494,2.564252190232582,-0.042593132363003744,3.064818023026931,-1.3647674319801466,3.1348750539668435,0.12691927526907631,2.967467117345536,0.6120542727217947,-0.09735090568139482
1785126535657439453,2.833492,-1.2224420304660033,2.564179213486393,-0.042542216575287395,3.0649250541040516,-1.3650502383679286,3.1342799319967813,0.1264092169447556,2.9670957911161953,0.6114707818821248,-0.09782926298785632
1785126535690780029,2.860078,-1.2224898236583752,2.564119205542836,-0.04251610206047271,3.064675679270046,-1.364530632526214,3.135870892560231,0.12713528854564343,2.9677987603853837,0.6130719185590354,-0.09687691888466211
1785126535724120605,2.869737,-1.222539614761593,2.564039085922825,-0.04249842083090681,3.0642157543939947,-1.364797213155347,3.1342895231321575,0.12696471326594294,2.9664445937261443,0.611670286393021,-0.09777116066785041
1785126535757460938,2.927075,-1.2225274285564909,2.564000606155299,-0.04248275228269444,3.0644383261395287,-1.3651986423539146,3.133751382952136,0.12795104729394172,2.9663577842234186,0.6115706851584357,-0.09808054191611015
1785126535790801025,2.93386,-1.2225681844660379,2.563979674962396,-0.04247853485095584,3.064444642088579,-1.3653913923132124,3.135783015491839,0.12707505249034431,2.9671913405496952,0.6132747735890424,-0.0972533015388839
1785126535824141113,2.797834,-1.2225682455586713,2.563973579810888,-0.04247574492781851,3.064399651242885,-1.3651417066747749,3.134352573728404,0.128514213418882,2.9664599734057573,0.6122882935124511,-0.09793967783712754
1785126535857480957,0.874661,-1.2225747507523088,2.563954905298322,-0.04247435495931903,3.064562013915596,-1.3650198108737917,3.135029072146267,0.12655418365642196,2.9669519447803494,0.6123617771061978,-0.09761006913524639
1785126535890820801,2.202951,-1.2226321064353154,2.5639371292403834,-0.042476806878167614,3.064267857498309,-1.3648056431538755,3.1352406575726404,0.12807584948076578,2.9668399449948786,0.61293494321913,-0.0974279125034303
1785126535924161133,2.930244,-1.2226475893792317,2.5639205542977455,-0.04247516005176442,3.064458899500496,-1.365243362514176,3.1333851349357706,0.12775692426522783,2.9660384916913864,0.6112302558349856,-0.09842040780910954
1785126535957507080,2.919525,-1.222689023276364,2.563874478530495,-0.042478545523283825,3.064439833615253,-1.3646115543143351,3.133684976718178,0.12752371420918635,2.966172408112655,0.6113319695347739,-0.09826742550259793
1785126535990852783,2.995346,-1.2227187789002807,2.563840527077074,-0.04248050007951723,3.064210075949248,-1.364725943772216,3.1343806673099217,0.1273064519588676,2.9663014642945256,0.6119719728667052,-0.09790861165472231
1785126536057544189,1.352448,-1.222768954736623,2.563785052591531,-0.04248112362153099,3.0641596314758237,-1.3650253322549197,3.134397574846177,0.12763797959110487,2.9660234105086576,0.6121895431778533,-0.09813622096716612
1785126536090889404,0.287202,-1.2227752651582178,2.5637547654355717,-0.04248057751657851,3.064002899980185,-1.3647521462098013,3.134206635871008,0.12815238026382214,2.9658618092058164,0.6121179441229537,-0.09814109077436849
1785126536124234863,2.184959,-1.22279168914624,2.5637094472013358,-0.04247963502699091,3.0642620386966537,-1.3650239374274578,3.134055277506252,0.1287254145256866,2.9657049722457876,0.612238146140592,-0.09855706645086615
1785126536157580078,3.05208,-1.2228464212635928,2.563678173389591,-0.04248330568994493,3.063956318635076,-1.3654890381289986,3.1344036553905856,0.1265546583150638,2.9656572894472673,0.6120852270937742,-0.09829902918780853
1785126536190925293,3.0237,-1.2228523967550131,2.5636612243299943,-0.04248150268838423,3.06400189704758,-1.365325916267351,3.132573674595604,0.12804579105670313,2.9647110676743,0.6107697092533942,-0.09929082937328015
1785126536224270264,3.01725,-1.222869371353992,2.5636297516546116,-0.04248198205665001,3.064187070511396,-1.3650449968711797,3.1338128253882065,0.12542663811754248,2.965595195207709,0.6111595133778864,-0.09859187530368674
1785126536257615234,3.044177,-1.2229323083677952,2.563626712121698,-0.04248461418029705,3.0639558604672676,-1.3648916657800785,3.1342998231587957,0.12866493902308332,2.9655649484492828,0.6124642262037718,-0.09839091201798489
1785126536290959961,3.070385,-1.2228965180858014,2.563591358109693,-0.04247976127549514,3.0642226898851814,-1.3652183972566272,3.133354735863802,0.1265391368510194,2.9652835934690245,0.6111081834212234,-0.09893909641615696
1785126536324304688,2.969753,-1.2229187663816141,2.5635820556720286,-0.04248043127760558,3.0641493654227685,-1.3633674106636098,3.135325813826757,0.1286258762537014,2.9663087454336208,0.6131020430128588,-0.09784061998914773
1785126536357649170,3.048406,-1.2229451635511321,2.563545947011904,-0.04248270446890776,3.0639469107356416,-1.3654579458184601,3.133491705997297,0.12744003122089848,2.9648822660179626,0.6115732150767544,-0.09906464471767906
1785126536390993652,3.135642,-1.222944174104301,2.5635318149878485,-0.04248107876728856,3.0642079066378374,-1.3650185154996548,3.1327357901921773,0.1276235046242896,2.9648479262041176,0.6108304618813276,-0.09935998043371974
1785126536424337891,3.060749,-1.2229994803013815,2.5635001774432244,-0.04248535799744344,3.0642524522057224,-1.3651819389510167,3.133957331918048,0.12781870190155395,2.9652220305064625,0.6120789895571069,-0.09903042169925991
1785126536457682129,0.199219,-1.2245250218918529,2.5632253558083713,-0.04250153570510605,3.063845802275405,-1.3666748409726124,3.1374622573391986,0.13460793295415624,2.966153646111071,0.6175130395653066,-0.0976921561643338
1785126536491026367,0.198733,-1.2259407232929322,2.5626352787866984,-0.043168524323931035,3.0617882600167703,-1.3667430994090077,3.1369304994740075,0.12754023109444323,2.9642339312261883,0.6154525073478117,-0.097554328790582
1785126536524370361,0.175166,-1.227638781630882,2.562386763416339,-0.04390488459314338,3.0590496053299296,-1.3687307802179798,3.135555000797411,0.12528980240970328,2.961067173289928,0.614048550619426,-0.09798243204000157
1785126536557714355,0.106776,-1.2299225049100053,2.561654661005015,-0.04458025980579289,3.057925735413615,-1.3720681929643601,3.133573012346356,0.12542765992559074,2.9588607389087875,0.6133503811075984,-0.09906499650482736
1785126536591058105,0.098473,-1.232688215340631,2.5602849512429406,-0.04547233137250735,3.056083331005049,-1.3740848274208575,3.1345555145045734,0.12160967874047603,2.958287633449311,0.6145698331678785,-0.09779569755573769
1785126536624401855,0.058223,-1.235156082434425,2.5591518798424984,-0.046591718924941974,3.053405503882615,-1.3770413603188603,3.132560532003504,0.12021079496665293,2.9548805164898693,0.6138012651453241,-0.09852498739274562
1785126536657745361,0.093794,-1.2374565202430436,2.557835737305275,-0.04766167234371986,3.0519732812095506,-1.379717173138745,3.1298317973935497,0.12290525303125362,2.952126779201518,0.6136046464546143,-0.0998465020080328
1785126536691088867,0.109101,-1.239621076323425,2.555977492988885,-0.04873905848843585,3.0505929488755212,-1.3834743632316786,3.127436203449765,0.11927801135533285,2.9500806642047745,0.6127712147896682,-0.10051228467074669
1785126536724432373,0.929785,-1.2415348553873127,2.554325948968367,-0.0497538844027349,3.0489805280805493,-1.385710045513397,3.1267446708934536,0.1173049128189343,2.9485324620077282,0.6134804971532454,-0.10044806607282109
1785126536757775635,0.04459,-1.2428863445693954,2.5528877857163113,-0.05062693381548275,3.0469187158131628,-1.3866618048643031,3.126144051410971,0.11911779922867564,2.9468593046009905,0.614904385687264,-0.10005941121217221
1785126536791118652,0.026768,-1.2441884754186876,2.550654257292156,-0.051566531174171565,3.043832345069466,-1.3878990335149952,3.123292597411377,0.11494338154059248,2.943655808920036,0.6134272117497946,-0.10017653614943
1785126536824461670,0.016804,-1.2451316458422144,2.548232340784953,-0.05239342678152373,3.041104181811567,-1.3899143668550933,3.1208769626622965,0.11795356928393154,2.940607447854487,0.6147373409330711,-0.10049673395708014
1785126536857804688,0.06098,-1.245945842983719,2.545581402252959,-0.05324746106552522,3.0379810267743235,-1.3903832348945122,3.118597523544627,0.11589252282210341,2.9377983586758414,0.6146689918904704,-0.10018266809848209
1785126536891147461,0.084629,-1.2466418570639706,2.5425236505140925,-0.0538821146223666,3.0344979237513967,-1.3920062293529947,3.1130552319461233,0.11600876021780808,2.9332563431333245,0.6127805443193151,-0.1012415806180722
1785126536924490723,0.093285,-1.2465294550447006,2.538709068748791,-0.054029114519120444,3.032510549673494,-1.3947222150671983,3.106756981519855,0.12145449991419172,2.929720976143151,0.6127267125409397,-0.10278957353034324
1785126536957834473,0.212297,-1.2466715429626956,2.5352076926824507,-0.053893272801374036,3.031483719062634,-1.39605230964754,3.102055876259717,0.1238211163027252,2.928447419118784,0.6125470437238605,-0.10303629994385011
1785126536991177979,0.030432,-1.2470071843833344,2.531221079491641,-0.05401230774545199,3.030454587633344,-1.3978541635325032,3.0973740241960175,0.12029594792541316,2.9278836167365845,0.611283351573463,-0.10257097089675948
1785126537024521240,3.178326,-1.2479956348048016,2.52622265936943,-0.05421737003561285,3.0292249088085157,-1.3993358350823528,3.0878927530912024,0.11955213345173256,2.925618309730086,0.6071021254646639,-0.10360659907842962
1785126537057864502,3.305933,-1.2488239905373015,2.52097273974093,-0.05448300045752254,3.0283521230788297,-1.4005935884343967,3.082779615633834,0.12019775921772437,2.9258221661252994,0.6075971893015243,-0.10252995695353027
1785126537091207764,3.162458,-1.2498328929283378,2.514074828980116,-0.05511183015341571,3.0290486379498978,-1.404108346342202,3.0674741655114772,0.12288144643778942,2.923243493946256,0.6014427218871947,-0.10580514400364162
1785126537124550781,3.185645,-1.2512382380534761,2.507291713210814,-0.05588065745279523,3.030829640760698,-1.4044648149017218,3.072163592735594,0.12143335797037332,2.930901308697333,0.6115544817888074,-0.09992833206336504
1785126537157893555,2.556284,-1.2522018332692997,2.500068608766495,-0.05639413893237946,3.0366083466248455,-1.4063827729820766,3.0537318613907587,0.11092781650802877,2.9314576259337226,0.598591176220963,-0.10515072069112284
1785126537191236328,3.225352,-1.2530412233232149,2.4924284437643243,-0.057249687226699215,3.04803737529148,-1.4087551196037431,3.0379394800498325,0.10246517625185632,2.938896434176973,0.5893538375374557,-0.10914094111450678
1785126537224579102,3.24139,-1.2542680958797356,2.4855559188413707,-0.05952282108555427,3.0581729778900244,-1.4093678800182274,3.035409923416041,0.10013908973194419,2.952604568039484,0.5932008893726501,-0.1055684098505405
1785126537257921631,3.134173,-1.2551396533793184,2.479119913608302,-0.059058864543836256,3.0666273792968535,-1.410527085908204,3.033870246573709,0.10107566035226333,2.9633641859836386,0.5979433519798075,-0.10326319331321487
1785126537291263916,3.313301,-1.2560559481863158,2.472623091705569,-0.05721862822476505,3.072826858072279,-1.4091244714478293,3.0316458210991453,0.09566224938640398,2.9729817766525657,0.5994238463151641,-0.09984508141971338
1785126537324606201,3.15626,-1.2567365360677811,2.466885545494479,-0.05642156948135295,3.081190662421025,-1.4114793979155105,3.014158291144564,0.08141195026367333,2.9765499191985403,0.5851930370309535,-0.10464074322248473
1785126537357948242,3.364883,-1.2575078909862785,2.4616441778450295,-0.05599976748651447,3.08847187556817,-1.4043087073505212,3.0343139486382786,0.07169252386091553,2.996467011027383,0.6048193675265017,-0.09200486454078716
1785126537391290283,3.174067,-1.2580031694156018,2.4526888034050236,-0.0563567899305716,3.0996593291414327,-1.4177653875311753,2.985529057387035,0.06592056804510427,2.9864654646155886,0.5695563667226746,-0.11319386452584412
1785126537424632324,3.122651,-1.259288168823186,2.4440046429395585,-0.05776088647230959,3.108096563696671,-1.4152209568458278,2.9856575991032863,0.07054632246383774,2.998329696973491,0.5780706696991325,-0.10976686672317992
1785126537457974121,3.277949,-1.2602108701793435,2.435376046590737,-0.05935594382606604,3.1176928157696557,-1.4247955483703056,2.9535210069232702,0.09208312470565029,2.9974293597490695,0.5643545939309603,-0.12026345602058618
1785126537491315674,3.199364,-1.2613597359333844,2.4298412401576868,-0.05958058906851213,3.1243660560521587,-1.4221097644806115,2.9548798261702287,0.10038111960084674,3.007404472980624,0.5719211805138926,-0.11696158307153448
1785126537524657227,3.147005,-1.2629920432269843,2.424289085964364,-0.05721432250162357,3.1362528863069987,-1.432434931271607,2.9286999419997604,0.09433985832898295,3.008924463827503,0.5532719708448097,-0.12732842247949572
1785126537557998535,3.164748,-1.263596118003031,2.420028874003791,-0.05422186744253041,-3.129217694751417,-1.441187660830036,2.9050645766059895,0.09514297299038796,3.018257741594725,0.5376878689723579,-0.13570987083344502
1785126537591339844,3.100473,-1.2651454022953683,2.4168202890178274,-0.05286908498327031,-3.112597065961932,-1.4451169101136707,2.8983664440062142,0.0936426584824096,3.0348206330049603,0.5345485328609985,-0.1357676082126942
1785126537624681152,3.092705,-1.267494959134807,2.413059946129637,-0.05280674402169895,-3.1006591531330017,-1.4421990386968928,2.9060278618884348,0.09060560429569058,3.054655877226727,0.5423153907396664,-0.12787027681985766
1785126537658021973,3.05896,-1.2692735715273946,2.408330219093648,-0.052943881440943294,-3.0921031302176507,-1.4384573919995423,2.9146484977147855,0.09981220327162499,3.0698095184584138,0.5552619073843775,-0.12127265850352155
1785126537691363037,3.049529,-1.2703687545743978,2.4029349295923645,-0.053044100689115276,-3.0873372347291244,-1.443427394506726,2.9088635479981653,0.09861692175314532,3.0753736669850076,0.5558004367625681,-0.12047440546545499
1785126537724703857,2.878455,-1.271756194324115,2.398384706008167,-0.05359210535380535,-3.082053743899235,-1.445415861969899,2.903709812293961,0.09380197943261535,3.0804661781339124,0.5542888772468917,-0.12066538514643922
1785126537758044434,3.00827,-1.2727654744830967,2.3943854674369267,-0.05476091389943161,-3.0747198249891787,-1.4450898180816267,2.8953118192933696,0.09449678672173999,3.0861761621267303,0.5503641981230142,-0.12228932006367745
1785126537791385010,3.004334,-1.2734180392154144,2.3903047944293485,-0.057542491938057334,-3.0659947688187685,-1.4479578045544539,2.8914946045246075,0.0948982576760691,3.0946931541816705,0.5521716558923009,-0.12249738417914748
1785126537824725342,2.969647,-1.274124761012366,2.3877505521418163,-0.05852664140864945,-3.057875563797588,-1.4470388416218694,2.892243446299264,0.09361306377756977,3.1050750667995444,0.5545798855192434,-0.12023467658245425
1785126537858065674,2.913263,-1.2748265285558247,2.3861376561411762,-0.058664659393565674,-3.0503283163030956,-1.4467524925594464,2.891299529977339,0.09480092936373462,3.1133034266069237,0.555246560375535,-0.11955356426956712
1785126537891405762,2.973711,-1.275339954742974,2.3850105978663874,-0.05873060524493798,-3.0436963858890747,-1.4472528560783966,2.8906593988860894,0.09499306877285506,3.1208972048962873,0.5557568925094439,-0.11859171639422453
1785126537924746338,2.968582,-1.276094545837037,2.3844794400827007,-0.058730851788365256,-3.0374729734031503,-1.4466981022122767,2.892281258963593,0.09543778619710372,3.128816723809639,0.557437197937953,-0.11689560996679685
1785126537958091064,2.948098,-1.2766937187904506,2.384226169440629,-0.058601632318788434,-3.03252434715272,-1.4464170392130162,2.8942529068198963,0.09808709559272213,3.1346657133132516,0.5598969867676807,-0.11599524671361497
1785126537991435303,2.908312,-1.2768323232758543,2.383768235226584,-0.057859128230716116,-3.027929865615266,-1.4504175741302896,2.891308181562346,0.0972592874794063,3.1377112098626214,0.5583819117173513,-0.1175442317016986
1785126538024779541,2.897375,-1.2767888409756194,2.3842177508282587,-0.05719025815409619,-3.0231006584521056,-1.448293663013439,2.8915758271802967,0.09831152599489842,-3.1409140711501435,0.5576799498775128,-0.11781341269803793
1785126538058123779,3.037119,-1.2769190377827182,2.3842505455329905,-0.056394190498985815,-3.018484498000436,-1.446920655542723,2.8941776705339235,0.0968898920685357,-3.1351184388346813,0.5589474329678084,-0.11663394083424539
1785126538091467773,2.968253,-1.2772699687790239,2.3851587093623663,-0.05626059603389678,-3.0128937744319058,-1.4435649363044147,2.8967306534102737,0.09421222651604735,-3.129413422304051,0.5585713387628952,-0.11651964787214508
1785126538124811768,0.495695,-1.277397388557985,2.3851472576384225,-0.05623370935926181,-3.006158081252575,-1.4463893551294815,2.889546702895977,0.09041238067258982,-3.1256150699541125,0.5517990221660968,-0.11945698870153754
1785126538158155518,0.488501,-1.2771079896532525,2.3838351250888064,-0.05618537698462433,-2.9974186857643197,-1.4469776896384146,2.884513443690565,0.09288644488307499,-3.1184579803760846,0.5493240407681863,-0.12103929461176488
1785126538191499268,0.52446,-1.2767851518233961,2.381700796264762,-0.057076349075344424,-2.988614090130281,-1.4473483898182822,2.8843926870682908,0.09194271901118777,-3.108675785572133,0.5513598080095298,-0.12006169544185186
1785126538224842773,0.471244,-1.2766237453893403,2.3801264451412147,-0.05759904100852805,-2.9812433342829263,-1.448274198833801,2.8793108169124113,0.09402226095057546,-3.1031011906879615,0.549215744854485,-0.12185785640503521
1785126538258186035,2.828999,-1.276430144232856,2.379046218703034,-0.05754115252721724,-2.9730302123920187,-1.449026536394515,2.8767477017512317,0.09420215772012404,-3.0961884058557354,0.5481991545236251,-0.1231581934637167
1785126538291529541,2.819987,-1.2761998584886312,2.378383848389582,-0.057386028519683996,-2.965150221182826,-1.446627086909257,2.879838005777693,0.09405528468558481,-3.0866868203991698,0.5508504184388833,-0.12153659921634395
1785126538324872559,2.755911,-1.2767102598632418,2.3770914075443885,-0.057314774363734375,-2.958231627101501,-1.447405676159499,2.8771618546498297,0.09494215391555604,-3.0802856109206265,0.5498995812162739,-0.12205398381912547
1785126538358215820,2.812708,-1.2770000217481319,2.375589098199422,-0.059036479182942976,-2.9476312428634235,-1.4481176629311803,2.8749894669165847,0.09003248455191208,-3.071387600678972,0.5485467449068239,-0.1237563578155485
1785126538391558594,2.756506,-1.2780571654070916,2.37463747971979,-0.05737231475226612,-2.936614125308408,-1.4469984591237335,2.874970972738887,0.08950359188101757,-3.0601164109807506,0.548130729761334,-0.12350228567234245
1785126538424901367,2.721047,-1.2787801080263843,2.3744643261180993,-0.05617791518611755,-2.9268986324729807,-1.4473790009201086,2.877545486675512,0.0917013398407888,-3.048646671889937,0.5508035174725152,-0.12174803941695655
1785126538458244141,2.738516,-1.2801607066627068,2.3739512100462514,-0.05587641966883687,-2.917105528183883,-1.4486598791677887,2.876783288611213,0.09077874400736395,-3.03929050311382,0.5502179635396778,-0.12218497492993707
1785126538491586670,2.747647,-1.2814555068168603,2.373504716267798,-0.05793493236076058,-2.9065320501759806,-1.4496452728690756,2.8778089817137382,0.08774493061791305,-3.028336743152637,0.5512106784426019,-0.12180469297665653
1785126538524929199,2.628985,-1.28271193400254,2.373184746387348,-0.05919498644949675,-2.8966913623158073,-1.4506969806495382,2.875372893462842,0.09065406985285672,-3.019460836699376,0.550333217818821,-0.12276947438356878
1785126538558271729,2.719892,-1.283689165377142,2.372522135808327,-0.05972872424290358,-2.885692864307831,-1.4530817594828058,2.871683239508602,0.08927418391478441,-3.0100081299743464,0.5477750679106993,-0.12431526566651563
1785126538591613770,2.694702,-1.2842382570136213,2.3714680228995957,-0.06012719524313111,-2.875241457282431,-1.4521943160496549,2.8742033196524277,0.08720205491219506,-2.9979203951539573,0.5501435488301252,-0.12267893787152627
1785126538624956055,2.723627,-1.284127004578703,2.37025418730286,-0.06037692969390754,-2.8656764419921754,-1.4515360374912476,2.8700014976989117,0.08755445044950622,-2.9896314233647114,0.5474092178434121,-0.12395498137253601
1785126538658297852,0.699261,-1.283553566657864,2.368801487999353,-0.06078717304680446,-2.856239492503598,-1.451313117682548,2.86669981122175,0.08764671488347112,-2.9800430360819434,0.5459657739398833,-0.12380354357834555
1785126538691639893,0.72469,-1.2821106859026812,2.3669027850799207,-0.06245635883666109,-2.8460282865511326,-1.4494225098472655,2.8665456708653694,0.08744592152937387,-2.968983007948079,0.5478201834604233,-0.12295472139694619
1785126538724981445,0.680488,-1.2802025006425077,2.3652411077594437,-0.06322872043933625,-2.8350647311479777,-1.450583415218463,2.8590501613827066,0.08623642204040245,-2.960726167303942,0.5433386295014648,-0.12566143615596426
1785126538758323242,0.735475,-1.2779434978770976,2.363502780986028,-0.060107694185134744,-2.824736917027717,-1.4482275441321448,2.8572373831179436,0.08684832416974585,-2.94963737202383,0.5425556055208279,-0.12490045499611302
1785126538791664795,0.774959,-1.2755455068438235,2.361734902121592,-0.05787092386637587,-2.816633864863533,-1.4439482568990658,2.8573783368685812,0.08902233637957382,-2.9399908377571586,0.5436906570280988,-0.12335697289362546
1785126538825006104,0.71621,-1.2724314171551443,2.35947247297836,-0.05678051025485833,-2.813317441552472,-1.4417514821946973,2.8540957416107915,0.09285964591549095,-2.9362971038852135,0.5437955853409584,-0.12297966233274149
1785126538858347412,0.773092,-1.2687787600963372,2.3570091418067327,-0.05608696077772325,-2.812301389864639,-1.4386757287560872,2.8517503983233627,0.09139099280552582,-2.9342278492184133,0.5434920768994972,-0.12192645935377432
1785126538891688477,0.775372,-1.2646091417458918,2.354194909133079,-0.05555229758632904,-2.8108986875593263,-1.4325629618742333,2.8467294655778503,0.09160740947588229,-2.933651838171823,0.540790860102671,-0.12275315061249659
1785126538925030029,2.474845,-1.2597801733992549,2.350806841065926,-0.05526923777392914,-2.807858974197297,-1.4278146571564496,2.841585673510944,0.09126505344179982,-2.9310695872466273,0.5390470745767368,-0.12321061304933023
1785126538958373291,2.622956,-1.2540320925127761,2.3466656452555408,-0.05517710456078656,-2.805346385542704,-1.423612357082383,2.8364898931673244,0.09128238480520863,-2.928196207057197,0.5386424064248844,-0.12284982151449286
1785126538991716553,2.608704,-1.2479732988520302,2.342372578198833,-0.0549122617079627,-2.801931071350213,-1.4159180940185583,2.83215041979293,0.09065069558010469,-2.9251326313587858,0.5378441808503159,-0.12320156000857274
1785126539025059570,2.564417,-1.242010006035219,2.33817955557541,-0.055114170101143244,-2.7979967214636394,-1.4080306078254163,2.827823301251941,0.08931339626355428,-2.9211055519652396,0.5368176224985093,-0.12310883050160017
1785126539058402588,2.461718,-1.2360410052116635,2.3343872406094435,-0.05617057515110978,-2.794344302349618,-1.4052413103913561,2.823003647039092,0.08909071464273471,-2.9165820380139276,0.5370992256722177,-0.12223773566430962
1785126539091745361,2.542369,-1.230291644837726,2.3291878454804986,-0.05728668218939505,-2.7910981318472503,-1.3965677170845878,2.8179361629178095,0.08862273326727436,-2.913718400005276,0.5364813207545561,-0.12262026815802551
1785126539125087891,2.524319,-1.2241560127497633,2.3251168392403883,-0.05736845608927178,-2.7884563084081653,-1.389767884697745,2.8162660111710247,0.0908254912721593,-2.9096966477720585,0.5390883482814549,-0.12124033936389322
1785126539158430420,2.509846,-1.2185277626676363,2.3198945720253197,-0.05510653298318717,-2.787857959282409,-1.383465558472729,2.811268940827081,0.08971886679967019,-2.909190925852374,0.5381706450770387,-0.12133296656996517
1785126539191772949,2.423609,-1.2137706184889094,2.3182484605878844,-0.053823696030442306,-2.7866326825795587,-1.3756813699488541,2.8081947801208584,0.09264181325744464,-2.9073764524406314,0.5363903735836347,-0.12074376986107271
1785126539225115234,2.393407,-1.2084712202217471,2.3140642985068642,-0.053710031892299184,-2.7862942426187907,-1.3710965717543804,2.8017001809794753,0.09231808762603748,-2.9074208840436286,0.5343781156877743,-0.12112664142483799
1785126539258457275,2.462392,-1.2022776018434227,2.3079954441866097,-0.05435266894754465,-2.785536089650302,-1.3626010662923713,2.797676390047508,0.08705975309199908,-2.906710446684546,0.5343112530157188,-0.12117435703424428
1785126539291799316,0.845584,-1.1964865823184743,2.3034935321632464,-0.05399174978783812,-2.782740129509389,-1.3556290712546253,2.7878099274922765,0.08382568562567749,-2.9063933112034097,0.5280931244328569,-0.12365318169402073
1785126539325141357,0.955413,-1.1939378284566613,2.3006245183577754,-0.053814082728520195,-2.7826707627087304,-1.3638740904054114,2.7798353281936206,0.10038268517182657,-2.905501313144723,0.5313172090376466,-0.12283055043599278
1785126539358483154,0.866395,-1.188323463642715,2.2956435036753944,-0.052067419240766605,-2.782115988351531,-1.3588548499666153,2.7745680319696446,0.10208824269378236,-2.9050691059137534,0.5312378239827248,-0.12295311756222249
1785126539391824707,1.032957,-1.1837347955006028,2.2929662153542476,-0.0497347835594514,-2.776932139273084,-1.3534704738398022,2.7689666163791395,0.09981749579928414,-2.9009695143478926,0.5270222637977635,-0.1240373750748085
1785126539425166260,0.980888,-1.181179725607068,2.2910394105599274,-0.04881383377069516,-2.7737549309384613,-1.3502370028104342,2.7689046628668725,0.10127080553422838,-2.895450627204004,0.5286406731354343,-0.1216956962655429
1785126539458507568,0.891143,-1.178972877442337,2.2883591899900675,-0.04832729570582589,-2.7731314336652346,-1.3472195499602457,2.7669545673445346,0.10371328359207777,-2.893623806671656,0.5296006191382855,-0.12049237300642135
1785126539491848877,0.931576,-1.1748531184333508,2.2862909453153346,-0.04777867599087004,-2.7733710797593627,-1.3429199928566704,2.766896145285777,0.10404562507135792,-2.8923895203977383,0.5312988339061991,-0.11901844063837563
1785126539525189941,0.85303,-1.1703847525153341,2.284682833008441,-0.047493666279121764,-2.7720542784618467,-1.3376457492478568,2.7628471199871654,0.10261368270964777,-2.89219105490408,0.5283460443594379,-0.1201367764422332
1785126539558531006,0.983579,-1.166187320298457,2.2838456457855165,-0.04762789439307914,-2.769220652079688,-1.3324132662509505,2.7603785074805276,0.10256543581811653,-2.889772482103592,0.5265668711787393,-0.12055183002390411
1785126539591871826,0.973217,-1.1621894745373182,2.282875336836468,-0.04911993841543992,-2.766707309504764,-1.3274670432496516,2.761014552563299,0.1011664400298135,-2.886327746308981,0.5277497322420156,-0.11962043680421708
1785126539625212646,0.947356,-1.158361173768759,2.282312866165159,-0.049244123052455534,-2.765246119259809,-1.3244516175486214,2.7604847541050046,0.10206839633288987,-2.884628081645187,0.5283274254226148,-0.11938196238537781
1785126539658553223,0.925306,-1.1552303516206939,2.282226652313547,-0.04907767004960787,-2.7638567624865,-1.3200430224078399,2.7619864524667066,0.10223983775370231,-2.8821379526698077,0.5293672359173703,-0.11828119018330785
1785126539691893799,2.30562,-1.1520214542815366,2.282272182738993,-0.04916061249247617,-2.7628483603625256,-1.3161338654233536,2.7623663299105212,0.1031442518271739,-2.880889798665611,0.5297358259874111,-0.11804143830308522
1785126539725234131,2.380606,-1.149508827022006,2.282235662972258,-0.04912434738585418,-2.762002602220266,-1.3130763857346464,2.7619024154892884,0.10105159163018204,-2.8798049661892406,0.5285710476301132,-0.1178023639689747
1785126539758574463,2.339005,-1.1469173453621784,2.282157609946283,-0.04895463387732708,-2.761023189440452,-1.310299997097338,2.762674802664712,0.10224402582707785,-2.878422774599745,0.5295769047857174,-0.11739958515929284
1785126539791914551,2.271898,-1.1444477889654494,2.282253654819446,-0.048761245904998,-2.7607386666660405,-1.3072750023551296,2.760889765445382,0.10328301638623132,-2.879124766055436,0.5279419338441073,-0.11838609938939548
1785126539825254395,2.407692,-1.1421674889184403,2.2820718729810157,-0.048617150369490304,-2.7602450446205102,-1.3062834197321882,2.7609191044869683,0.10392728745228018,-2.8783481623522174,0.5286761914235767,-0.11810311773170712
1785126539858594238,0.26723,-1.1398904784979635,2.28193204267242,-0.047986700597681634,-2.7603751008066166,-1.3017209961584804,2.7603018015576697,0.10537650485573297,-2.878902264382289,0.5277755350991071,-0.11852716357567238
1785126539891934082,1.2346,-1.1369156079199565,2.281509486967527,-0.04696456096474711,-2.761073594465843,-1.3020881032182943,2.759224425578466,0.10497864890584432,-2.879516131067703,0.5278070242057329,-0.11844253660186022
1785126539925274170,1.002491,-1.133732973970156,2.2803665015141985,-0.04561391751855045,-2.760815448666446,-1.2978088405917252,2.758138542816937,0.10404535138257386,-2.87957672970173,0.5268632746986864,-0.11876128103528405
1785126539958620117,1.054475,-1.1311552977579924,2.2791962603556195,-0.04489178510390049,-2.759770738780362,-1.292849385884725,2.7563936380749663,0.10314421321436976,-2.878607437285358,0.5251447155170119,-0.118836698504996
1785126539991965820,1.173211,-1.1262522090534302,2.2778664999168146,-0.04454791452308665,-2.758672388287059,-1.2906778986022047,2.751635399128811,0.10252564540724632,-2.8780398718395146,0.5226121021127603,-0.1193674835524554
1785126540025311523,2.133889,-1.1193254452228574,2.275918814787152,-0.044741795141204535,-2.7566104288328144,-1.2822761345528544,2.747444291468676,0.10065493517083823,-2.8765398678308505,0.5196435427274092,-0.1199294389980361
1785126540058657227,2.252378,-1.1118582892724378,2.2746978888711102,-0.04663786415904722,-2.752621428121783,-1.273187936015921,2.7458427637443763,0.10017879054052742,-2.8718882740331235,0.5191915620798326,-0.11926684591134064
1785126540092002686,2.204458,-1.1050055948658066,2.2730972775816234,-0.046363696232287144,-2.74768027969419,-1.2647247657545548,2.746759507024911,0.09996253276893557,-2.865834708431928,0.5208430535624844,-0.11815442873773785
1785126540125347900,2.115775,-1.0995188794982853,2.2718325885437634,-0.045892203706194463,-2.7464727594615845,-1.2581511029387402,2.741131887598258,0.10449142165187461,-2.8662148915679526,0.5177076870035239,-0.11974213210636807
1785126540158693115,1.343194,-1.0944107867495343,2.2712960305644234,-0.04525276558908026,-2.747529481691471,-1.2444616618790545,2.739308213883668,0.11086647974928143,-2.8679910936112902,0.5156780852696773,-0.12046161191981941
1785126540192038330,1.256164,-1.0880964487685332,2.269710256482461,-0.04423682970230193,-2.749070139863616,-1.2408663778039877,2.734699744844635,0.11495607544199313,-2.8700863378263732,0.5146807326421834,-0.12101619796275731
1785126540225383301,1.284761,-1.0814642049615135,2.2670737916246724,-0.04385070753790761,-2.7513031152841596,-1.2354818437828894,2.7302050206660753,0.11502114240405924,-2.871926760449521,0.5132759814032749,-0.12062364516536128
1785126540258728271,1.226335,-1.0735586736613452,2.2635836806453833,-0.04440209673732923,-2.753235031087105,-1.224754013774262,2.726823221005045,0.11440800652068937,-2.8738847659872624,0.512514928096064,-0.1206497349001574
1785126540292072998,1.922001,-1.063544299551506,2.259216847536056,-0.044149069972175575,-2.750163494088043,-1.2112581211467215,2.722590738859626,0.11360152496007331,-2.874576165149876,0.5112924666490691,-0.12441267106183274
1785126540325417725,2.076277,-1.0549920023148407,2.256935240500033,-0.04420007225939783,-2.748161358330786,-1.2093276854266817,2.7130115598132667,0.11890376409550127,-2.8728105860855497,0.5083581154595557,-0.12464922775476373
1785126540358762207,2.022658,-1.0473937557612487,2.252525219104869,-0.04246549388434795,-2.751446114339431,-1.2045234030733047,2.712163807848684,0.12606359511321455,-2.87252121638551,0.5141589366773326,-0.12107510204607896
1785126540392106689,1.956403,-1.0422957884622988,2.249218302423426,-0.03996052395474457,-2.7521970503412594,-1.1980489182104088,2.704570329433256,0.12343400565868923,-2.8754268057400303,0.5082344717115204,-0.1232297553987709
1785126540425451172,4.98029,-1.036358606842389,2.246362865384632,-0.03841024622204506,-2.749991696746822,-1.1888182155587979,2.6982948219742604,0.12308892346888244,-2.874475021676006,0.5035557640299129,-0.12448332492918412
1785126540458795410,1.260286,-1.0308462718838458,2.2431903356303664,-0.037152628848411785,-2.7474918435712974,-1.1823158058005057,2.693251914148737,0.1245599870573097,-2.87115232962479,0.5016467026767436,-0.12366048605349267
1785126540492139404,1.232116,-1.023262536799862,2.23915681222654,-0.0358965432628487,-2.7453436339106556,-1.1786029026726867,2.687029858128297,0.1255878956508166,-2.8684228108733376,0.5007974825476679,-0.123079176962682
1785126540525483398,1.795836,-1.015622250961812,2.2349542172500447,-0.03552999542671227,-2.743940387042331,-1.172116712197473,2.6813691238696555,0.12507377288032728,-2.8667485842757627,0.49957017089099387,-0.12280819723343184
1785126540558827393,1.383202,-1.008483170232194,2.230470034526966,-0.035829886112392614,-2.7435294669350596,-1.1662791384071636,2.673469621112981,0.12606414197162807,-2.8665750714313734,0.4973508596724507,-0.12304560449631373
1785126540592171143,1.476858,-0.9998574028202724,2.2264204404349552,-0.03679674194710281,-2.7449231283080713,-1.1542017590239255,2.671169945119895,0.1230231556799076,-2.865709278318531,0.4971586284948976,-0.12078615001045989
1785126540625514893,1.306109,-0.9929550745402436,2.2233598489536135,-0.036847453994039145,-2.741216492670726,-1.1368596451684625,2.678721537577092,0.12191548286567325,-2.85725555884291,0.5032578494509936,-0.11603906617218396
1785126540692201904,1.951501,-0.9795369912287357,2.2166249711498596,-0.0342077826410087,-2.736821796234116,-1.1141377790437161,2.6782514403597983,0.12490071025060312,-2.8477713688314292,0.5064897646210513,-0.11094957259731329
1785126540725545166,1.891711,-0.9734978472277039,2.213071936082811,-0.03404326770856571,-2.73870132069342,-1.1069292679939287,2.673160390928639,0.1291256659782324,-2.8499351127544994,0.5060725553224572,-0.1112337920610793
1785126540758888428,1.964958,-0.9671417368388814,2.209001797629844,-0.033714123730369264,-2.7403164253987837,-1.1008882558047972,2.664148576276236,0.13176642842885808,-2.8533885509834387,0.502424655635659,-0.11307212558465496
1785126540792231689,1.834121,-0.9611154675652703,2.2033727390684166,-0.03358467089571783,-2.741909406373404,-1.093951152243069,2.6583600523616786,0.12857560569256685,-2.854464994866136,0.5009538199124042,-0.11255558849273184
1785126540825574707,1.942183,-0.9542513816217938,2.197581069023439,-0.03373092188123207,-2.7426055720787392,-1.0822198837922252,2.6535564742839246,0.12826763334697988,-2.85568703776506,0.5005327558174748,-0.11308146568632083
1785126540858917480,0.142245,-0.9469685871076402,2.191267356752907,-0.03399020008212898,-2.7416233322232118,-1.0730420631920532,2.643596635498743,0.12684206787993663,-2.8575993456714985,0.49634999365423277,-0.11597601344828677
1785126540892260254,1.510465,-0.9396290747882491,2.186887552953901,-0.034172730171875706,-2.742166549141741,-1.0778468693625178,2.637507783757081,0.14118754380211485,-2.8555987326526675,0.5029055347024121,-0.11343218351092643
1785126540925603516,1.546414,-0.9339190942558201,2.181884989159082,-0.03359314127407742,-2.7444614209323883,-1.075000770894672,2.631407157703467,0.1453977424872933,-2.8579033062304005,0.5039959880452946,-0.11344188529801214
1785126540958946533,1.567335,-0.9283364296988696,2.1759544710676058,-0.03206885723763986,-2.7446871892072586,-1.0683799010114097,2.6237335423060526,0.14705153393354808,-2.859050310322452,0.5021975557783527,-0.11436312111519342
1785126540992289551,1.500519,-0.924313078379915,2.1713189017558236,-0.03059661061527256,-2.7426583572338155,-1.0660990475216325,2.6156294980122037,0.1413158719758017,-2.858134749746889,0.497060427575745,-0.11547639251307373
1785126541025632324,1.550045,-0.9215739279282376,2.167799363326296,-0.0295535807907353,-2.7416930158402297,-1.059106835616066,2.611668793343704,0.14189914139246257,-2.8553776525958723,0.4953094058718005,-0.11368463675564255
1785126541058975098,1.610539,-0.9174524291326717,2.1621273480127794,-0.028656414442096594,-2.740508692114268,-1.0578787216492416,2.603899101997032,0.14079896983162998,-2.854163478157296,0.4935554209079549,-0.11365478604302837
1785126541092317627,1.495311,-0.9122228755868608,2.1563355483254494,-0.028265617740757237,-2.738008352041655,-1.055062067505497,2.5932305184540017,0.14296451423887863,-2.8530959935266718,0.49050994665690634,-0.1150876414850166
1785126541125660156,1.728655,-0.9069148294600307,2.1504195951634095,-0.028561061223039398,-2.7360965641135495,-1.0506111072931892,2.5864650815699384,0.14246791277943271,-2.850674150682023,0.4899338694425493,-0.1145775865684735
1785126541159002441,1.613337,-0.9015411910343704,2.144688322722448,-0.029064161830135226,-2.7356312528602444,-1.044223148578195,2.581250702593928,0.14026825196254614,-2.8490316548175656,0.48950824190042436,-0.11340040195732115
1785126541192344727,1.678024,-0.8949175632834039,2.140040067915517,-0.03000442600971663,-2.735648057680319,-1.0383448360235594,2.5747338964290183,0.1383551000138683,-2.8488710686335397,0.48772434542094606,-0.11322301095322063
1785126541225686768,1.76203,-0.8902931046397973,2.1376006412772544,-0.02867743755480167,-2.731724589600746,-1.0225876444856763,2.5687092171964894,0.13829407979471348,-2.846498737345142,0.48086997942286136,-0.11477414774439597
1785126541259028809,1.713474,-0.8838738622658661,2.1321189899612567,-0.028125039359121112,-2.728612777897529,-1.0190457206554815,2.5635114577330853,0.140919415764254,-2.8422583483362605,0.4826457503788148,-0.11364557043873136
1785126541292370605,1.689959,-0.8786987741849914,2.128296069710037,-0.0280448574440574,-2.728436214966692,-1.004738793027419,2.5604038066741848,0.1453570306105585,-2.84249063728431,0.48236023620835716,-0.11405442231761809
1785126541325712402,1.855033,-0.873948219825968,2.123980912404583,-0.02797548964217383,-2.7282615501031504,-1.00076269412586,2.556144736601496,0.14706410325413488,-2.841966739223289,0.48320424348070845,-0.1137051891201386
1785126541359053955,1.763573,-0.8689129154761012,2.1188629151575276,-0.02772139451769061,-2.7276959635432707,-0.9978572664640937,2.5495584661749984,0.1472388458217821,-2.8421132687042303,0.4824275997676785,-0.1144173051609596
1785126541392395264,1.703352,-0.86431300707936,2.1135890616904267,-0.027621166830382203,-2.7279229153684255,-0.9907061125224854,2.542929523881848,0.14771919916727197,-2.8426994289735097,0.4806794082613605,-0.11477651360508423
1785126541425736572,1.605223,-0.8585951440896381,2.1077977193498114,-0.02787274948971527,-2.729399793603715,-0.984943567993356,2.534698904597217,0.14709696493456934,-2.844404079379104,0.47835441584071203,-0.11500428577538901
1785126541459077881,2.587607,-0.8528457356538645,2.102567963497835,-0.027821000279480264,-2.7324895590654026,-0.9809410040736576,2.526975521548733,0.1493595148101553,-2.8468506944000027,0.4774129324282007,-0.11436113533460013
1785126541492418945,1.760399,-0.8464776064925226,2.0969320767262016,-0.027991425192866525,-2.737080478361481,-0.979705941636415,2.524412605418405,0.15310414328655084,-2.8498911015202237,0.4829958556955353,-0.1128106231587429
1785126541525759766,1.592663,-0.8400132734788559,2.0911740847668066,-0.026221129108910536,-2.7376656233851926,-0.9748961468601824,2.5143333410263944,0.14962307125085342,-2.8535035256974446,0.477680152916086,-0.11583790231225198
1785126541559100586,1.567978,-0.8346108073628152,2.087279027899521,-0.024883927992401658,-2.735881696013461,-0.9710754727882914,2.5076888903833945,0.14942898337996197,-2.8529946146602616,0.4751337163941389,-0.1171129186468005
1785126541592441162,1.553551,-0.8311319330990753,2.0843844479392484,-0.02402032601717579,-2.7351250079447897,-0.9634549539267738,2.503303038330258,0.14825183764242789,-2.851780561752375,0.4718896752294113,-0.1166555538075853
1785126541625781738,1.566781,-0.8273911777042697,2.081086850724838,-0.02303522582100244,-2.734901642317248,-0.9585859409897253,2.4978755454848445,0.14814445951602392,-2.851103497216794,0.4692838870719512,-0.11620185489954604
1785126541659122070,1.57191,-0.8215679336540459,2.0769868000696925,-0.022031578079209656,-2.7340511072939595,-0.9552997787432627,2.4940259636504014,0.1459508836071968,-2.8499679917759924,0.4690671356909249,-0.11591688448203286
1785126541692462402,1.598258,-0.814832473473098,2.0731014698982917,-0.02177227367252427,-2.732695256487577,-0.9472375142866288,2.4900727792893087,0.14769679232863478,-2.8479247480584067,0.46916514365348716,-0.11522949157082962
1785126541725802490,1.503495,-0.8075024582586495,2.0689665579969523,-0.022433272969725054,-2.7305011011553475,-0.942828267396079,2.4828399762485827,0.1452416631849532,-2.846805406053151,0.46660386321639513,-0.11630430489780343
1785126541759142578,1.551545,-0.7990980624615659,2.0646780393537307,-0.023404748061336557,-2.730646380526301,-0.9334457957383583,2.4794496939945105,0.14637541350111338,-2.8450495033044922,0.4678783412279672,-0.11440312277819142
1785126541792482422,4.727175,-0.7928389744837341,2.063213087922563,-0.023730095061136592,-2.7301046436910985,-0.9173437554085955,2.470813113267086,0.14338541539978203,-2.845530082915271,0.4577846818872567,-0.1154254392241727
1785126541825822266,1.428787,-0.7837990635276951,2.0609940749526148,-0.02366828291000063,-2.7231427924507887,-0.9051141840380983,2.468709689428185,0.14735576600910447,-2.8390398108355095,0.45847421526224325,-0.11589701838472077
1785126541859161865,1.48424,-0.7759093448536155,2.058323261525751,-0.02278676246855435,-2.721897139044075,-0.8927871564238878,2.4648297311230265,0.14869316353682843,-2.836644606840058,0.45641351610651093,-0.11474746779598277
1785126541892501221,1.572361,-0.7689389493997406,2.0568122973174314,-0.022533100949472726,-2.722294621474669,-0.8806460733504302,2.460329918507666,0.14988142371118388,-2.8374604190913417,0.4528042849469522,-0.1151657976166729
1785126541925841064,1.57774,-0.7609249274645485,2.0535595958758095,-0.022217850967656605,-2.7230345414541874,-0.8745760975751526,2.455467281461776,0.151654691708166,-2.83784895495812,0.4524135688693847,-0.1148144135039324
1785126541959184082,1.426165,-0.752691435748922,2.0497739151694057,-0.021928435406978482,-2.724302921199524,-0.8630602288638737,2.4514184016374205,0.14889475191372878,-2.8386191519413315,0.45020009476921685,-0.11431623074180751
1785126541992527100,1.439814,-0.7429169575262787,2.045487131880934,-0.021935776470477657,-2.724750037121706,-0.8516260671192957,2.4482116297962615,0.14773246721846336,-2.8392165928397874,0.45032433272714595,-0.11446655571808151
1785126542025869629,1.489952,-0.7322316525650635,2.042094116036908,-0.021999561127583535,-2.722702076339501,-0.843611453427508,2.441422306337034,0.14638289852061764,-2.8391350630479733,0.4474607427760669,-0.11643298670847235
1785126542059212402,1.551768,-0.7232990612526695,2.03929247226343,-0.021333435966048763,-2.7246259654738956,-0.8451276374890017,2.4357128133781143,0.15641962104347717,-2.839594703671822,0.4512066467966605,-0.11496873819792654
1785126542092554932,1.438827,-0.7144210706219939,2.035175783276991,-0.01886215831296952,-2.7263974500031605,-0.8382310607158971,2.4322531786490798,0.15990101538219537,-2.841482782283982,0.4527202710638239,-0.11508533228082163
1785126542125897217,1.412439,-0.708885872280299,2.0326663197256747,-0.01687478303862553,-2.726217873268087,-0.8291446333939689,2.426156185436166,0.15412775604962434,-2.8426281316122037,0.4455763822467297,-0.11641025834411689
1785126542159239502,1.333122,-0.7005753367704114,2.029929997329285,-0.015353911795626639,-2.7245882743159413,-0.8199887193210497,2.4196592585451593,0.15142202300291166,-2.841638430292704,0.4404119269592759,-0.1170501559767625
1785126542192581543,1.290289,-0.6931158922451762,2.0268960079859273,-0.014353421151252026,-2.722976627070774,-0.8122042857279104,2.4143107704564186,0.1549966730083827,-2.8398955588507686,0.43926267543947195,-0.11691893177999457
1785126542225923340,1.386221,-0.6828814517001326,2.0230504646207703,-0.013837533489134916,-2.7209736759663334,-0.8042032175757063,2.4077639581775467,0.15376561087470508,-2.8386422893259553,0.4368229126321942,-0.11766861335962187
1785126542259265137,1.329088,-0.6732678360917729,2.019583371878556,-0.014181248580611561,-2.7202944701529006,-0.7928585471516044,2.4027957958085007,0.15513841608917436,-2.8377469831178246,0.43568664068335694,-0.117452512964924
1785126542292606934,1.356832,-0.6630766862458588,2.0161833403014437,-0.015248694779740413,-2.7214218272473816,-0.7820542984642179,2.3960982621936524,0.1519706216199,-2.8388345512489694,0.4318024083567718,-0.11741272400158786
1785126542325948486,4.988995,-0.6561042211164242,2.015189927183514,-0.015525691983162691,-2.7204414179052154,-0.7596735596720734,2.3963188635921937,0.15863442523611815,-2.8350666353299383,0.431645248423633,-0.11462521742472287
1785126542359290039,2.073824,-0.6462660670174128,2.0131821535436956,-0.01449814706351063,-2.7150771293409504,-0.7510149372368252,2.3989027273459063,0.15904161763195115,-2.8279603773918276,0.4357392991194462,-0.11288324805087725
1785126542392631348,1.948317,-0.6379055389396239,2.011322048239614,-0.01360607086410746,-2.7148574162497514,-0.7390152488663617,2.3896132850412735,0.16322895866028117,-2.8298515400163753,0.42964876463140184,-0.11499412376662389
1785126542425972412,2.070997,-0.6305500242391767,2.0098168444050954,-0.013086700790460828,-2.71632591902564,-0.7286719549823831,2.3858661354480395,0.16507373736292844,-2.8313701051631144,0.4275302612794597,-0.11504418613747447
1785126542459313477,1.910914,-0.621988064268426,2.0069125798369662,-0.01249777093739637,-2.7170927111283874,-0.7194498380899293,2.380457917486486,0.16527967321173587,-2.832231182242444,0.42501733645149764,-0.1151384711140566
1785126542492654297,2.102968,-0.6142143691749342,2.003168609546879,-0.012344387225389802,-2.718246195950572,-0.708628722649977,2.3754570352442785,0.1656990788352576,-2.833315654553626,0.42333464051179126,-0.11506945860305429
1785126542525995117,2.076631,-0.6042099566018297,1.9990063095544819,-0.012212854658170017,-2.7179331268224676,-0.6978537082133459,2.373632911001066,0.16462297052774602,-2.8326436884051547,0.4247177319072997,-0.11471056158268711
1785126542559335693,2.131112,-0.5947185610662817,1.9944498206512253,-0.012125024503473143,-2.71358727902506,-0.6865225726892842,2.3670649642077026,0.15931780638286774,-2.830428991906997,0.42031258132491467,-0.11684171288193701
1785126542592676270,2.075207,-0.5872238132429007,1.9917267514314556,-0.012055715853113796,-2.7116048838829956,-0.6807882513531611,2.3581449871726607,0.16918671018011186,-2.828808142803619,0.41936314162906047,-0.11720325892062355
1785126542626016602,1.820215,-0.5788922334821908,1.9870365015338847,-0.01087913866052868,-2.7147432262119784,-0.6749138142471314,2.3538851446723723,0.17176500577125256,-2.8309596893412188,0.42090017158509785,-0.11621646312924039
1785126542659356934,1.220936,-0.5723800697399257,1.9822337599436297,-0.008463123276762448,-2.7155386856050345,-0.6671416919278277,2.3457280860277883,0.16865021432932112,-2.8335809101697516,0.41530353296477723,-0.11804222456471702
1785126542692697021,1.25039,-0.5678587018542501,1.9792283124658265,-0.00711163770785944,-2.715118154821324,-0.6621713773082505,2.3405742610919535,0.16772653723546552,-2.832716565302099,0.41235198890913566,-0.11759841048077481
1785126542726037109,1.214755,-0.5619931684260263,1.9752506868314244,-0.005702777711025732,-2.7140028361202404,-0.6558167116755096,2.334088481308294,0.17078395582828887,-2.831681278149272,0.41074929960778855,-0.11767844202903177
1785126542759376953,1.218226,-0.555176145998638,1.9706493862373837,-0.004749855828486667,-2.7130600557857467,-0.6511114519159804,2.32845311190256,0.17636558684489156,-2.830112821515524,0.41234681106576865,-0.11705276572977706
1785126542792716553,1.194284,-0.5484822803986449,1.9662366838495096,-0.0045690790557203435,-2.7117557295844037,-0.6452598233378615,2.3230808818535413,0.17583179130303392,-2.8283833929549402,0.4113977983566376,-0.11662766337053654
1785126542826056152,1.204915,-0.5412848959025467,1.961440614138013,-0.004993315471013372,-2.7111538853056225,-0.6383599772921992,2.316043252980494,0.17415119076407515,-2.8274059176151085,0.4089735407273585,-0.116252032309486
1785126542859395752,1.143303,-0.533299973784727,1.956216596772823,-0.006169566752086509,-2.7118918651397643,-0.6283874255553326,2.31109450852286,0.17391460998454172,-2.8276701769914343,0.4091579969195317,-0.11577831185166998
1785126542892735107,1.177542,-0.5251456703221342,1.9523474601649198,-0.007699416601698008,-2.712277932266014,-0.618587555236314,2.3056252876398515,0.17339870960186027,-2.8281638543805436,0.40783960150549675,-0.11588592211452964
1785126542926074707,0.782119,-0.5192896416844712,1.950579600718391,-0.006121313487075125,-2.7081617108690987,-0.6069429007947968,2.3024658625938605,0.16802429092627383,-2.823424940844069,0.40228562821190117,-0.11526322997497028
1785126542959417725,2.234745,-0.5114923830827122,1.946751162210718,-0.004796500608342297,-2.706784528628052,-0.5996296042311967,2.294838252951984,0.17565129181596087,-2.8221556838893287,0.4018634074947602,-0.11537115526127684
1785126542992760498,2.02058,-0.5046013058186183,1.9433011335403338,-0.004545805138779375,-2.708217721013069,-0.5896785431588346,2.2891577635811586,0.17691851855751717,-2.824179095731269,0.39973021605977416,-0.11596137471819999
1785126543026103271,2.176679,-0.49726669538567103,1.939565281584229,-0.004298761472506402,-2.7100141217687357,-0.5847659762162024,2.281115240113373,0.17834893383016154,-2.8267333329136086,0.39708019204752126,-0.11671921114487292
1785126543059445801,2.202597,-0.4896506336550631,1.934436323754957,-0.003927456046174281,-2.7116100031483015,-0.5722832083876358,2.273079458029705,0.17341556460054444,-2.8288375684724034,0.39109827635833627,-0.11722756532410195
1785126543092788330,2.198711,-0.48191744415915383,1.9283492136954103,-0.004077497184848022,-2.712256405125911,-0.5633831837497697,2.2687177594254604,0.17851232357106198,-2.828892745681638,0.39474859884882496,-0.1166363405557269
1785126543126130615,2.03198,-0.47219635880817407,1.9222891391657349,-0.004599988869199675,-2.713161656024448,-0.5556459688128997,2.2627391554052596,0.18043589142840671,-2.8298217918477007,0.39636892911143223,-0.11666013582325263
1785126543159472656,2.328729,-0.4613364689889168,1.9169770250077987,-0.005382785563738685,-2.7105361367871588,-0.548649378717348,2.2540614203380103,0.1854828825909657,-2.82833895905253,0.3970883240042715,-0.11780282226537107
1785126543192814697,1.263606,-0.45265956912458216,1.9120286015991101,-0.004513006712475235,-2.7135550862198454,-0.5459165254272907,2.250756210582076,0.19021729676294247,-2.8282349505166695,0.40168786897016284,-0.11467986429682409
1785126543226156738,1.041958,-0.4435221264858592,1.9066559817771966,-0.0018824935373961682,-2.7161404565172234,-0.5359220462395258,2.2365084409712646,0.1959075856847066,-2.8348132152552115,0.3955518998128361,-0.1186727587379881
1785126543259498535,1.121439,-0.4379178800329861,1.903013980991347,-0.0002775376501720876,-2.714625663102886,-0.5257834095781705,2.2316080461744296,0.19490389451803017,-2.833708703086371,0.39216093943562264,-0.1190830399834848
1785126543292840088,0.991833,-0.43149084012022143,1.8996077847035557,0.0010971434389249017,-2.713146155872081,-0.5171180459571039,2.223546764018247,0.19617804799558206,-2.8323579999073756,0.38771773240531504,-0.1192118440352945
1785126543326181641,1.065121,-0.422694247296524,1.8947764421072688,0.0025626395321042064,-2.711641852475245,-0.5095287620241205,2.2185787868599376,0.20112145519221078,-2.82999256737488,0.389632897342675,-0.118350714899635
1785126543359523193,1.024922,-0.41380674602050377,1.8899027824793582,0.0034369436893826426,-2.709878148177002,-0.5010594134116638,2.213536315159005,0.20111759832913742,-2.8279122537912396,0.3891392201518404,-0.11803410561423755
1785126543392864502,1.140654,-0.4051615088282835,1.885805809029941,0.0035105016358226715,-2.7090533530692555,-0.4933510877818596,2.2067616380035653,0.20385681558674246,-2.8267000010671364,0.38849542018134,-0.11764664799788083
1785126543426205566,1.010583,-0.39540562215019043,1.8813410924223077,0.0029041948618555406,-2.7087844142093753,-0.4841440548252027,2.1995479119201717,0.20500121397375565,-2.82664367873698,0.3872638564886731,-0.11785926452760488
1785126543459546631,2.721102,-0.38463384404119894,1.876961027653535,0.0016244721075895849,-2.7100324501394377,-0.4726234912291632,2.1937079709693386,0.2003677382509412,-2.8276362198038134,0.38414800526554144,-0.1176037696643757
1785126543492887451,1.009367,-0.37576643839475404,1.8759132936951857,0.0018769022512552663,-2.7078952351504753,-0.455820857345248,2.194179756049314,0.20026620055055225,-2.8240583617180772,0.3834847646681682,-0.11616312656760197
1785126543559568848,1.177202,-0.35599789319069414,1.8693957534654049,0.005197389431280536,-2.7043974681296192,-0.4278742913231477,2.1824412365666253,0.20646835270374284,-2.8204950187389293,0.3790431265109503,-0.11609755060931004
1785126543626249756,2.449859,-0.33708776408099045,1.863386205516977,0.005807893534706343,-2.708068119847528,-0.4062342533938742,2.171456299103713,0.21003546157511874,-2.8249245925261635,0.3760283487910696,-0.11685647267863564
1785126543659589844,2.433519,-0.32720808661714035,1.858326514083999,0.005836375482197547,-2.7088728069259287,-0.3924756843788793,2.1633708047950466,0.20735370424603508,-2.8268389840044255,0.3713773181080218,-0.11796617707849677
1785126543692929932,2.48346,-0.3143711673608379,1.8535798283714437,0.005369120131608273,-2.709482417366724,-0.38000149885843226,2.1602477210890654,0.20102965648766147,-2.8269166941123998,0.3696425061102811,-0.11743427674567596
1785126543726270020,2.415144,-0.30186399947355913,1.8492796085477807,0.004871366665204751,-2.706518856864464,-0.37107529534588307,2.1510319133514506,0.201486745597269,-2.826164436189497,0.36674550326248373,-0.11964557932503306
1785126543759609863,2.558776,-0.2899561261083839,1.8451560955505646,0.006497063085619132,-2.709450191939018,-0.364150434102254,2.1496083457411173,0.21575689501240844,-2.825866620772817,0.3768098263617979,-0.11641642883379921
1785126543792949463,2.466846,-0.28059894751232284,1.8405869719873884,0.009104440948383039,-2.7120469607782307,-0.3533043125559683,2.141796354296125,0.21483997876034822,-2.829862218344821,0.37194122333470786,-0.1178152575665905
1785126543826289063,2.483874,-0.27286087035868184,1.8379774933817274,0.011193381704965182,-2.7115758419948914,-0.3426808605909448,2.1339858774252014,0.22223831395600377,-2.83013217178954,0.3701834111476466,-0.11855632979464836
1785126543859628418,2.507808,-0.26318974382092336,1.8345325537783237,0.013129423792455599,-2.7101220190967727,-0.33177392532400646,2.128191194920102,0.22408367345931496,-2.8285936001272654,0.36802293803809455,-0.11847158103049261
1785126543926307373,2.498941,-0.24288148972745777,1.8268715386938894,0.015622659926156733,-2.707458056797759,-0.3116310209981985,2.1198437054580266,0.2257047093340166,-2.824591941160922,0.3670063433127913,-0.11713388436316309
1785126543959650391,2.534884,-0.23170018872576242,1.8228263100270987,0.01566724948388773,-2.7068589532873726,-0.3004923102495206,2.113369521666306,0.22702146032784062,-2.824168613485901,0.3658118590954029,-0.1173096601985284
1785126543992993164,2.544117,-0.21982092459371097,1.818441112959637,0.014856531273371748,-2.7073294212119254,-0.28848281019491434,2.107351096963119,0.22341480658233837,-2.8247362735892487,0.36287737266334974,-0.11740685237732328
1785126544026335938,2.664931,-0.20840496346220286,1.8165158402153514,0.013434937617024892,-2.7084249459618963,-0.2705811800934689,2.099450628648003,0.20757082902365628,-2.826412479423831,0.3487215518895482,-0.11798753346193447
1785126544059678467,2.216871,-0.20018444026647939,1.8164854222633813,0.01476105378897816,-2.7039205368365438,-0.26017433252157296,2.100117541369902,0.21027224768143443,-2.820596446883968,0.34967212227869526,-0.11667591004742439
1785126544093020996,2.589449,-0.18898172539716787,1.813418483095381,0.01620751608352345,-2.7012451691233754,-0.24515028071608394,2.0986126499230378,0.21612877377900086,-2.816969912941237,0.35278765380562416,-0.11572474381786169
1785126544126363281,2.51427,-0.17956076923713085,1.8123111837424177,0.016746015743948142,-2.7024114507925696,-0.2339865049997001,2.0949729640812693,0.2197713696420855,-2.8175065328016395,0.35224868644622387,-0.11509508200906993
1785126544159705566,2.586435,-0.16904983427206074,1.8094206506061392,0.017001923963445804,-2.703202875613207,-0.2208993384132395,2.086305401300418,0.21330768634100486,-2.820281396332184,0.3433503874897388,-0.11707852071897706
1785126544193047607,2.55965,-0.15808880500860334,1.8047554682283284,0.017200898950449788,-2.7032320501372817,-0.20699289267150983,2.0820285075282117,0.21536635725238248,-2.819968908086827,0.34429855790687075,-0.11673685794954515
1785126544226389648,0.737523,-0.1448286640487693,1.8002484904328806,0.016801308697137158,-2.704331952758153,-0.19330188651965208,2.0775140600340656,0.21596917397639917,-2.8207686293765772,0.34480964015363536,-0.11643667661842416
1785126544259731445,0.711861,-0.13050046165350085,1.7958589075954001,0.016402904058446518,-2.702522191255218,-0.18068827071593643,2.070941284828301,0.2156418477853517,-2.8213730170654654,0.34334426912357846,-0.1188508258102474
1785126544293072998,0.777996,-0.11748243061271792,1.7929934445891786,0.016991788750657558,-2.7036224416126693,-0.17515799398587206,2.0654862417693876,0.2302089087566216,-2.820349908947478,0.35077105836876404,-0.11672746733480865
1785126544326414551,0.656019,-0.10632262417953232,1.789327955542604,0.01900127991876555,-2.7065674570599043,-0.16499082594470274,2.0567199713161584,0.2320363800347751,-2.8253802789881775,0.34687807927172576,-0.11881282192827314
1785126544359756104,0.786766,-0.09874244263138485,1.7864500642102275,0.020855075725779944,-2.7064033141439197,-0.15402142685891584,2.0500324379513843,0.23490002346836858,-2.8259308952411994,0.3440155134559749,-0.11952758109727979
1785126544393097412,0.763977,-0.08871222939346177,1.7842435423835217,0.02303527022933062,-2.7056539088516622,-0.1386810232710144,2.046956368022226,0.23704241564505193,-2.824319516854915,0.3425112661003068,-0.11866560800325265
1785126544426438477,0.614117,-0.07761898752361009,1.78071882592615,0.02489376041173083,-2.704300461026446,-0.1305656591703595,2.0422574606216894,0.23820696115144613,-2.822851554497485,0.3416260076263188,-0.11855109347103898
1785126544459779541,0.630434,-0.06603805890526022,1.7777078172441914,0.0262770940181487,-2.703135816764839,-0.1177507215804101,2.0342248247002015,0.2422589490522093,-2.822871451946547,0.33929829987651655,-0.11973563518170804
1785126544493120361,0.645327,-0.05527084190100451,1.7745235526038636,0.02670870555991499,-2.7031456715137723,-0.10803650727790727,2.02870975575916,0.2438713365838998,-2.822859080646008,0.33845893344751904,-0.1197134091322356
1785126544526461182,0.630655,-0.04302443188962174,1.7709515965698237,0.026113623667648696,-2.7034965468268424,-0.09871448207552898,2.0253780727043473,0.24306817475138354,-2.8223141823889595,0.3389741740662334,-0.11881763556211711
1785126544559801758,1.566326,-0.032032344202943465,1.7681166273616273,0.02456143822999255,-2.704923878216681,-0.08005082130045686,2.025299328562571,0.23640356316689343,-2.8218485757695206,0.3366389784881717,-0.11692469755283953
1785126544593142334,0.706705,-0.0220659310856384,1.767536722436717,0.02495501411345165,-2.701596485196757,-0.06675032684229128,2.020874502359924,0.2355241807978943,-2.8188713599007547,0.33243961845534753,-0.11727487470399776
1785126544626482666,0.630772,-0.010934336879632637,1.7642311341376,0.026498614312083696,-2.69692024697605,-0.053034817288348926,2.0185181767805855,0.23267373861863355,-2.813548026284668,0.33006443672347,-0.11662777930861834
1785126544659822998,0.565567,-0.004098807735439283,1.7636064091707202,0.027201050422400175,-2.6966922905868813,-0.042713423244682906,2.017562674084067,0.23533306393420023,-2.8122376786237253,0.3306112642789729,-0.115545388036844
1785126544693163086,0.64032,0.008408460921557162,1.7605788509107883,0.027909902354318387,-2.6976663745902427,-0.02799464601421775,2.0145132765023286,0.238139941265656,-2.8125626867494096,0.33166933526593245,-0.11489631215916685
1785126544726503174,0.589665,0.019366544767163794,1.7566194333685046,0.02836630850247191,-2.69827625659608,-0.014713271547059774,2.007595880410855,0.2384054668097195,-2.8140014913394547,0.3290396007662756,-0.11572523474337483
1785126544759843018,0.605772,0.029408159391581153,1.7521344795119003,0.028166928802652876,-2.6988933106095234,-0.0038096714385579063,2.001830392300042,0.23811880592967374,-2.814656314208817,0.32791959968462175,-0.11576300359929359
1785126544793182617,0.38752,0.04166980663026953,1.748386127811177,0.02796952604416624,-2.6987360002374334,0.010290284051070025,1.9952189665722697,0.23984318089266404,-2.8160479001513203,0.3268050953504527,-0.11731189991388691
1785126544826522217,0.459662,0.053841121238341526,1.7451278845730058,0.02695657438147003,-2.6953019053790843,0.02975296375458972,1.9912456442066067,0.23179316208644435,-2.813198264076643,0.32111091323815605,-0.11789635869755878
1785126544859861572,0.486987,0.06429223261118851,1.7429037472454936,0.027060763748577896,-2.6967636394928984,0.028067441770091198,1.9862562464213058,0.24975918565618127,-2.813162037159688,0.33185427742720425,-0.1163983976667895
1785126544893200928,0.515741,0.07406579314386999,1.7390384369954281,0.02949318246140521,-2.6981316531518416,0.03744560361888707,1.9792812865083698,0.24902972203264842,-2.8163574724020775,0.327496499568865,-0.1182258192502359
1785126544926540527,2.75546,0.07768780572804153,1.7376597609308428,0.031141166402627915,-2.6973094994262854,0.04725274568658358,1.9730675280758583,0.24951170799982922,-2.8161513028035112,0.3225349642277314,-0.11884180337722583
1785126544959885010,2.831253,0.08701145524134675,1.734895419972949,0.03311857329164414,-2.6957719672365785,0.0582530650171774,1.9692786650727327,0.2494193231717453,-2.813892790533935,0.32023204866234894,-0.11812082329735629
1785126544993229248,2.79236,0.09557207224783472,1.7320886589032987,0.03474716097662995,-2.694236275335594,0.06519655436898163,1.9686092954306236,0.2531507417641068,-2.8108878787132174,0.3233648213558355,-0.11665160337762348
1785126545026573486,0.539094,0.1049056376508786,1.7289719664960679,0.03541032158284908,-2.6935192045618863,0.07331482936214576,1.9640171337561496,0.25325496290793714,-2.8104474912968334,0.32202561633309784,-0.11692828673494704
1785126545059917480,2.85489,0.11376737449849587,1.726428397971798,0.03497760530039505,-2.6929039618155683,0.08094633943174666,1.9605687170569925,0.25575465910308337,-2.809861662938412,0.32348325590355465,-0.11695770112284355
1785126545093261475,0.483852,0.12207854842434024,1.7234667084636413,0.03435173639517551,-2.6927457755268804,0.08974648533753238,1.955340131164966,0.2561286164073172,-2.8104563839819146,0.322483535962065,-0.11771060845503412
1785126545126605225,0.411177,0.13096191848439934,1.7204568036817773,0.033852710267568524,-2.693833310849865,0.09913214245219487,1.9498254553299008,0.2586423277179149,-2.8119287447356225,0.32272819076525,-0.11809543388575738
1785126545159948975,0.269121,0.14119919549559967,1.717591090589493,0.033323466542582836,-2.695230306955898,0.11097266812381207,1.9457416824830127,0.2543888591274712,-2.8133126270221878,0.3191179144721142,-0.11808232006628971
1785126545193292480,3.012901,0.1488857122657385,1.715466160729175,0.03348484340039379,-2.6926771002830896,0.12581799851740907,1.9463634687116904,0.2524221202117813,-2.808890794258574,0.31902855268570174,-0.11621369397548431
1785126545226635986,3.023343,0.1576794698903744,1.7128804652271559,0.03527845905234711,-2.6872525285154487,0.13455604585592817,1.941986273750268,0.25144835539615956,-2.8039070490539193,0.3158379146388228,-0.11665452053847059
1785126545259979248,3.104591,0.16481957106594325,1.7103629195753158,0.036054817847740034,-2.684142893200674,0.14964655251236775,1.9462755006431374,0.25222067248257124,-2.798143800465503,0.3203320825457787,-0.11400090726482892
1785126545293322510,2.99725,0.1709544393596412,1.7077915156104884,0.03614177825012601,-2.6847553374044018,0.1585390914065743,1.9442148698516188,0.2567866545438297,-2.797947540701906,0.323626798535113,-0.11319220329750435
1785126545326665527,3.008396,0.1764981496204469,1.7055719579495694,0.03622585363918438,-2.685808305055152,0.16275056231776686,1.935807023358409,0.25697526946968235,-2.8007898447292208,0.31926084333967986,-0.11498153967406877
1785126545360008545,2.930612,0.18304036175186125,1.7013130708221993,0.036344654084069866,-2.6869929304031683,0.16917671246434837,1.931234112137308,0.25859354514917127,-2.801453591439016,0.3200788271514665,-0.11446066103584761
1785126545393351318,3.086711,0.19040203359256425,1.6965701897363956,0.03610392800663185,-2.6885028521189063,0.1806602274267691,1.9265307939157634,0.2571106605082191,-2.802904421385105,0.3190936509442643,-0.1144015692661986
1785126545426694092,2.989611,0.1978144179833529,1.6920394469259605,0.03586209903261651,-2.687131320894492,0.18826169432020884,1.9217771463058104,0.2557840670245836,-2.802242638911422,0.3181765815568306,-0.11511131801693031
1785126545460036621,0.168791,0.20518660088508664,1.687444723027959,0.035706494059586376,-2.684458475823419,0.19049786307046823,1.9142306387578507,0.2608110377757272,-2.800264039683204,0.3198744537997433,-0.11580556385978502
1785126545493379150,0.255408,0.20931142477778994,1.6833012593857328,0.035927363373135415,-2.685537552756498,0.19187393232878983,1.9057605684961794,0.2660964039326871,-2.802437170955371,0.32057759994252666,-0.11689961819887307
1785126545526721436,0.167984,0.21219182457470004,1.6792965204486008,0.03655067958637802,-2.6849263717465237,0.1954002846767786,1.8997738788360858,0.26618595934697215,-2.8027513333760625,0.3187861086753834,-0.11782496162953882
1785126545560063721,0.302528,0.2149358927011211,1.6740393619393559,0.03733257503589486,-2.6830039859914794,0.19625303327695784,1.8943693052021775,0.26456192497861225,-2.8013574664444696,0.3170607364683479,-0.11835348045299021
1785126545593405762,0.905809,0.2159558328055478,1.66935612720371,0.037836338397102806,-2.6816206163749987,0.19733754098097242,1.8887539051313706,0.26304708200049265,-2.799625379606888,0.3149633387942983,-0.11800476323188924
1785126545626747803,0.435015,0.21634248891915112,1.6649514206527465,0.0380499167186905,-2.6826780372409833,0.19724979711142088,1.8826833957751652,0.2624545445228144,-2.799718978330106,0.3132557754472883,-0.11704094108912289
1785126545660089600,0.130165,0.2170976549879587,1.659897777435114,0.03809086627673154,-2.684094765654458,0.19683531885130306,1.8723606265138397,0.26241783888708425,-2.8023996004182083,0.3096346478430509,-0.11830483476375031
1785126545726772949,0.262669,0.2201632709743503,1.6461964435977872,0.03694408726747524,-2.683756909834758,0.1974165127552207,1.859914735741135,0.26213635025776344,-2.8015246088562327,0.31129484209802777,-0.11776769902147466
1785126545760114502,0.194336,0.2216544477563614,1.6392763246737454,0.03580489069136357,-2.684236209210006,0.19816906503274595,1.8527757237594484,0.26098439729417616,-2.8018552972406234,0.31119024214380037,-0.11761908803061738
1785126545793455811,0.208502,0.22372376537647,1.632883031974504,0.034458167258884044,-2.6851652475372805,0.20006833924656164,1.845226861835631,0.2560356073585713,-2.8026504021336107,0.30780845216889224,-0.11748515459633024
1785126545826797119,0.105366,0.22623019711305312,1.6268825400206008,0.03386247241985394,-2.6830011074016165,0.20905271215755702,1.8399027918151067,0.2550157873797914,-2.8002090462314713,0.307541025526287,-0.11720793882985481
1785126545860138184,0.162214,0.2285485654783845,1.6190095931800121,0.034124824363392155,-2.678300428619227,0.2098684163654337,1.8352020177283406,0.2553812646890886,-2.7949871919437967,0.30990728418119706,-0.11668676332456984
1785126545893479248,0.155882,0.2303796053438017,1.6131123067683921,0.03497526928311444,-2.6765292497584974,0.21329404274297242,1.8324385445060518,0.2587858202179451,-2.79130862596594,0.31382650894928504,-0.1147793762074425
1785126545926820313,0.040592,0.2324624301166714,1.6077952543646883,0.035129974185033386,-2.6775725649798283,0.22113142177151615,1.8245090218317377,0.25731266457929036,-2.792782796974392,0.3105775211935187,-0.1152102319945638
1785126545960163330,0.125767,0.23507150741115035,1.6015166410040922,0.03538347763338321,-2.678385803653916,0.22319767581097139,1.8180618823203414,0.2571583075070201,-2.7935265837179055,0.31018849846353524,-0.11514078006398965
1785126545993506592,0.04142,0.23762298733404585,1.5947037848947758,0.03536133926799301,-2.680538454015468,0.22589445023686094,1.808021776151086,0.2550003129532919,-2.795775693915079,0.306403986164669,-0.11523723989961088
1785126546026849365,0.020743,0.2403175241947459,1.5861568050869608,0.034568188667367036,-2.6834508676539235,0.22924353712220313,1.7987821841890548,0.2563695313249023,-2.7988589078518706,0.30745409516329003,-0.11540804019794713
1785126546060192139,0.059431,0.24312289429940367,1.5764477740626024,0.033495854455057594,-2.684569146646547,0.23178192774658746,1.7891376649033177,0.2558278379000325,-2.8002000855399762,0.30789140626325395,-0.11563093889342912
1785126546093534912,0.040423,0.24662450002510108,1.567212268273595,0.032433763348753815,-2.686336644292679,0.22942623693390746,1.7775632689226912,0.2590775805572398,-2.8018891541373283,0.30969459731526416,-0.11555250984464926
1785126546126877197,0.024589,0.2511146666210636,1.5566731281529256,0.03269168021184045,-2.693000407637201,0.22652003660048323,1.7669462120555475,0.2685160961341541,-2.807224155420008,0.3169113768624735,-0.1142237477828072
1785126546160219727,0.033817,0.254917609237655,1.544357847806427,0.03557854053055554,-2.694404502087222,0.22946049884895084,1.7532171837338077,0.2725837472959553,-2.811443139806855,0.3169254718498957,-0.11703863771963308
1785126546193562012,0.052338,0.25806506588175687,1.5370566347814294,0.03742953500172303,-2.6926895676720366,0.22996695060741193,1.741090775193549,0.27178179922133633,-2.810138074717638,0.31199426001217123,-0.1174485070456015
1785126546226904053,0.044626,0.2606940262211238,1.528637360505128,0.03877952580284162,-2.692937464008955,0.2359450135211903,1.7296724062419042,0.27323129382017336,-2.8096263388844878,0.30983097774506335,-0.11668887487553281
1785126546260246094,7.056038,0.26197449283639196,1.522680254709135,0.03940925705262481,-2.6926959887712476,0.23651738649028753,1.7163041459749184,0.27485786933427236,-2.809550080397331,0.3058992065334175,-0.11685409162608318
1785126546293587891,0.111946,0.2662976984983996,1.5082677305684855,0.039797818594785074,-2.690985525122688,0.23749522482149196,1.703469668745736,0.2740229989806809,-2.8082590986872775,0.3062593905252042,-0.11727357356458956
1785126546326929688,3.210045,0.26956302726581666,1.4963949868819963,0.03893861223612247,-2.688140785378068,0.23890948011513996,1.689298146453854,0.2734235958446766,-2.806238936265546,0.30517941684135286,-0.11809815088747788
1785126546360271240,3.234934,0.27293790046963146,1.488027263466678,0.03717425056677099,-2.685635035351531,0.24896019471566552,1.6808573167330336,0.2721607884881085,-2.802818281165701,0.3049213551396253,-0.11718324581417015
1785126546393612793,3.314808,0.27577935063730713,1.480876643425748,0.036492433117441506,-2.679544183423943,0.25579364767778145,1.6785571503757126,0.26859530392123154,-2.7930970448914474,0.30553028292812845,-0.1135528614675043
1785126546426954102,3.239179,0.2801857590175372,1.4700079334882468,0.03907175890885107,-2.675067211155428,0.2529991811715733,1.664819900092409,0.2744091974848068,-2.789911735230093,0.3067157027976358,-0.11484452407466471
1785126546460295166,3.450264,0.28222992312277345,1.4653955552687934,0.03984508816128793,-2.675462095189778,0.26269449565142666,1.6610199245189907,0.27693038929004776,-2.7877634630819332,0.30799345249914084,-0.11230136789215539
1785126546526977295,3.173929,0.2890217851301593,1.446098137973712,0.03998737943744655,-2.675952215739933,0.26994268414084344,1.6463299297671397,0.2742135339213818,-2.787491527383659,0.3087372248105165,-0.11153931164372599
1785126546560318115,0.139978,0.29162518891333633,1.4379673831444706,0.03998677326214146,-2.674804313964172,0.27371202411032336,1.6376237841864711,0.273633153581253,-2.786173890817872,0.30785417162436984,-0.1113695768537002
1785126546593658691,3.205151,0.2943015264567761,1.4281563275863156,0.03980264898196523,-2.6740855014354343,0.2768355402636627,1.6256244756239775,0.2750197615604537,-2.7863526175945657,0.3076131014974546,-0.11226711615913132
1785126546626999268,3.18214,0.29720888516392047,1.4190957019596435,0.03904403790884624,-2.6746023465348276,0.2772166192448369,1.6142851908293283,0.2735662365856937,-2.7869238921034807,0.30577653430898005,-0.11232154556865304
1785126546660339600,3.151506,0.2994766755870277,1.4118857433485232,0.03841632014315162,-2.6798874465913443,0.2736645189498112,1.606212200419768,0.28965318159838105,-2.7892934579192348,0.3186675381992975,-0.1094060113278905
1785126546693679932,3.107759,0.3026365769793488,1.4015694701137151,0.0386201558255088,-2.6868785902860863,0.2703480908813253,1.594587739750415,0.2994529617876899,-2.7962704730841073,0.32608641709545766,-0.10939188279802092
1785126546727020264,3.119564,0.3039525878975843,1.3915803336453283,0.039648551804113946,-2.6893644414780944,0.2714123940886374,1.582769997458454,0.2949844933733398,-2.802707461414304,0.3206381056879281,-0.11334301993620954
1785126546760360107,3.118983,0.3058894040457755,1.386030671481612,0.04075311085246376,-2.6872356348381117,0.26951927250060204,1.5662457321897207,0.2899303870542791,-2.804951002447589,0.3096604100462252,-0.11771536760947754
1785126546793700195,3.395915,0.3065290349751615,1.3819030055685821,0.04124888062312928,-2.6862847239743526,0.27196136252220143,1.5646831714280052,0.29023970771804475,-2.8014979845434134,0.31080531685900004,-0.11521326056906078
1785126546827039795,3.08444,0.30641172569509634,1.3760665236175826,0.04171821387089051,-2.6879508431764396,0.2772877215307087,1.5589175499080516,0.28894513953801065,-2.802454408994438,0.3088751498726643,-0.11450356581799824
1785126546860379395,3.582558,0.3070847627113199,1.371492915963314,0.041893203279789196,-2.688500965324624,0.2756925027031686,1.5521771709360097,0.2898172230040879,-2.8032057245189113,0.30838059851377153,-0.11470475919428713
1785126546893718994,0.245512,0.3088446936554128,1.3648173218037718,0.041730712069116785,-2.687669140972331,0.2762329825395511,1.5453538037118595,0.28703266237989034,-2.8024029051873076,0.3063168161037244,-0.11473376421497683
1785126546927058594,0.281374,0.3104455670225664,1.3584064136819622,0.04137903980768398,-2.6872476797748357,0.27535136301894253,1.5394122839194455,0.29115193354329105,-2.8018157898680625,0.31045326002497614,-0.11456811009322676
1785126546960406250,3.017813,0.3124313404102701,1.3522467951620443,0.0409959842492551,-2.687374389632652,0.2779167095874633,1.5327104387792143,0.2881200267001907,-2.8022725183104353,0.30794265499555507,-0.11489812867778326
1785126546993749268,3.034323,0.3144890119520586,1.3459440564414507,0.04021639057844118,-2.6880234436805117,0.27919161755402777,1.5263066880514569,0.2893143980646386,-2.8028647521805303,0.30955839879765923,-0.11484130850001861
1785126547027092285,2.996235,0.31688525798404127,1.3404440965341768,0.03972287231053635,-2.686290671328073,0.28785755439835,1.51785962091762,0.2855010762083795,-2.803801878500545,0.30450911542835735,-0.11751120717247199
1785126547060435059,3.06711,0.3180419034922068,1.3370576164418024,0.037687468465092216,-2.680179288754175,0.29021054947992797,1.5131115156218526,0.2863988475771244,-2.798244835898955,0.30598514634286594,-0.1180655471447798
1785126547093777832,0.40253,0.3190337096746604,1.3335651816931753,0.0370606406222812,-2.6752752541094487,0.2907229416702086,1.5097132521207024,0.28601345437526393,-2.7918304247089787,0.306279522292742,-0.11655517059953001
1785126547127120361,0.375995,0.3196661863666332,1.3290077080383065,0.037420155344700376,-2.671317975813844,0.2914444979343775,1.5082320715143702,0.28578597985758464,-2.786503357185581,0.30757668791267706,-0.11518538137173671
1785126547160462891,0.43553,0.3197672020628764,1.3261888046784083,0.037987724617830176,-2.669743892154381,0.2925541399309337,1.507396726492195,0.2830572804781649,-2.7840940875447613,0.3059999164840575,-0.11435019539038027
1785126547193805176,1.394648,0.31953251017847045,1.3235918978738304,0.037979299971631394,-2.6695344546470103,0.2924548152749105,1.5034217691433673,0.28401729909927964,-2.784530216702414,0.3059520896755653,-0.11499576205540363
1785126547227147461,0.36409,0.3195584766228149,1.3210374174276023,0.038038604568461976,-2.6669852093487054,0.29278144392947525,1.4995463940508114,0.28365511924997744,-2.783441106815945,0.3048113129449442,-0.1164558974672394
1785126547260489502,0.392618,0.3199246502845499,1.3178676491514905,0.0383180374758882,-2.6625235229274278,0.29181128963305325,1.4969976356521233,0.28495273824724277,-2.77899706362752,0.30611531934127967,-0.11647354070009229
1785126547293831543,0.380853,0.32014702235423914,1.3149919494954965,0.03827041612540685,-2.6608997184742385,0.29183725497614765,1.4927135216355536,0.2842608350037253,-2.777266592045138,0.30479121757830513,-0.11636687357089937
1785126547327173340,0.449192,0.32033627967404593,1.312240067819423,0.038072327759846085,-2.660799399204044,0.2920060581749802,1.4900668662895153,0.28502527443749515,-2.7765273650715843,0.30563168941895197,-0.1157279658675403
1785126547360514893,2.934538,0.3202719455499274,1.3096859826495713,0.03778989942918489,-2.661036506622546,0.2894403602600421,1.4878645147041436,0.2831319093061058,-2.7766767882008105,0.3047800481446528,-0.11564028157826467
1785126547393856445,0.310006,0.32005890265535386,1.3080149764068276,0.03739014722385517,-2.6605432441327546,0.2876057494067515,1.4856832229762347,0.2842386747042252,-2.7763673715431705,0.3058650168195962,-0.11582412741041592
1785126547427197998,5.701573,0.3196540141971537,1.3060705499492093,0.03608519450171524,-2.6585733626781005,0.28693215570461456,1.4833751302250002,0.28339879216934194,-2.7752485826217645,0.3060582457658752,-0.11667521994366402
1785126547460539307,0.04207,0.3192888632383523,1.3052058897077061,0.03541290262284342,-2.6577796401425315,0.28673646201438285,1.4824124277982176,0.28239379038462825,-2.7740517032704686,0.30571453169103613,-0.11627206312793704
1785126547493880371,0.422481,0.31887921710778383,1.3042651021038683,0.035069309829966464,-2.6568458900020393,0.28531435744290323,1.4814325364492085,0.2828760501931007,-2.7732352753923104,0.30646872624500426,-0.1163893853902711
1785126547527221436,0.550646,0.31841229056910403,1.303616414148117,0.0347592786147391,-2.655135243399465,0.28575962324725485,1.4803840602952596,0.28216121284244594,-2.7719163209511453,0.3058115669284655,-0.11678107755168021
1785126547560562256,2.866718,0.31767698654544746,1.3028428618579504,0.034561734814857435,-2.654059346668397,0.28551350482008625,1.4804001821444577,0.28190605333898483,-2.770533949419625,0.306170383038902,-0.11647460275122823
1785126547593903076,2.797688,0.31714061823137374,1.3023597930199644,0.03442273701545441,-2.6527256677340287,0.2841340381578794,1.4795174341579422,0.2815728410730171,-2.7693718489330488,0.30587160390821605,-0.11664618119902004
1785126547627243652,2.925597,0.31646971726238515,1.30182838803443,0.034304142412022315,-2.6517117508481,0.28285943762181237,1.4793708880069618,0.2812691051198989,-2.768105697837471,0.30601091973868655,-0.11639394698937133
1785126547660584229,3.865641,0.3158843455173811,1.3014618340994981,0.034247240160290904,-2.6512783093270658,0.28201396756637476,1.4795044950694551,0.28120729260787836,-2.767306107054221,0.30632606668829576,-0.11602779772715534
1785126547693924561,0.473299,0.3152502765647662,1.3011434682939844,0.03417050739760001,-2.650136340472298,0.28114819170051847,1.4788281050508487,0.2816387719948294,-2.766375844397133,0.306553950087536,-0.11623950392483495
1785126547727264648,0.576167,0.3146652315654971,1.300834533264304,0.03410043108199666,-2.6492175329756416,0.28071203558247537,1.478804361301469,0.28093546886170556,-2.7656718567373515,0.30619212119966416,-0.11645432376170994
1785126547760604736,0.042459,0.31410576298749177,1.300636644568605,0.033950300660811505,-2.6485000178135576,0.27959269779194823,1.4787065169688665,0.2810812337479512,-2.7650301586048163,0.30655134841386283,-0.11653014079125867
1785126547793944824,1.819503,0.3138449708045166,1.300366637426833,0.033623313183159864,-2.6475104133101994,0.2789905265704208,1.4781122958680135,0.28117685504080714,-2.764421200052546,0.3067427382413843,-0.11691078674234667
1785126547827284668,0.496385,0.3133876487837113,1.3000780162525494,0.03316011628682383,-2.6470960502637793,0.27724031052295595,1.4784393964824107,0.28028535788799464,-2.763600510644529,0.306904377709533,-0.11650446038074991
1785126547860624268,0.597336,0.313069024953544,1.2999381458040495,0.032853001354170845,-2.646109002946782,0.279104821945317,1.4767163940540777,0.2798102788690666,-2.7636841772867045,0.30560106848291924,-0.11757517433992247
1785126547893963867,0.58146,0.31266734872673163,1.2998404637707421,0.03252939914577155,-2.6444193528314988,0.2770723048182323,1.476896675250645,0.28034236384837513,-2.7619125887552527,0.3066385080989632,-0.11749323592375394
1785126547927303467,0.694809,0.31230873846275226,1.2998907296380997,0.03230984377444889,-2.6435026750951973,0.2780768428842103,1.4776827847674265,0.2786068971497288,-2.7610354639652295,0.30568623790310756,-0.11753278887003216
1785126547960642822,0.601203,0.3120647517567287,1.2999024005465123,0.0320894871757138,-2.642477867158878,0.27833413451423233,1.4770518231357046,0.2786073567383523,-2.7604469540568046,0.30543531635510995,-0.11796908689792662
1785126547993985596,2.648268,0.3115776556011835,1.29988673475957,0.0317912676578884,-2.6409664122611107,0.2768109114338582,1.4780694344693466,0.2782199153990393,-2.758582144681676,0.3060798578858023,-0.11761573242056532
1785126548027327881,2.746573,0.311271405085686,1.2999534901369978,0.03154790567594418,-2.639518788040052,0.2762421354277141,1.4779924152498587,0.27778113457693354,-2.7573481256598926,0.30586878167462733,-0.11782933761984049
1785126548060670410,3.858028,0.3110774772241152,1.2999622034516736,0.031321818315701286,-2.638190041373536,0.27733527598280416,1.4779666772810007,0.2793981373022335,-2.75615166059448,0.30719047656099696,-0.11796161922094406
1785126548094012451,2.688551,0.31075408904713353,1.299903043587725,0.0309091368524316,-2.637574112536277,0.2759599612882674,1.4794335474613325,0.278663499933806,-2.7546583503829627,0.30793515157167295,-0.11708423784668565
1785126548127354736,2.603274,0.31059698326858587,1.299862435505526,0.03061651169434971,-2.6373198388485477,0.2751199929241216,1.4789833154790546,0.2766924160530805,-2.7545368471645526,0.30642496176447453,-0.1172170083160049
1785126548160696533,2.685616,0.3104773502766611,1.2998740758006144,0.03043410061440003,-2.6363585685876356,0.27541725935886285,1.4780824328114945,0.27747574905510536,-2.7540656029965755,0.30662192444113096,-0.11770703440893991
1785126548194038330,2.679982,0.31030747334952263,1.2998848900881168,0.030245207725625924,-2.63559548377891,0.27701620672186655,1.477949206112337,0.2766189481128831,-2.753745342285681,0.3058025981368612,-0.11814985850677083
1785126548227380127,2.606159,0.310207988153618,1.300013293013828,0.030032727305829246,-2.634572806813477,0.2758026791009353,1.4787368438169064,0.27744665607249797,-2.7524275937186875,0.30714733443484316,-0.11785478690521067
1785126548260721680,2.612213,0.3099811409709764,1.3000695567117428,0.02978112198072256,-2.6338284860839836,0.2758411034524726,1.478729276491547,0.27646792920273683,-2.7515292988951705,0.306495054594612,-0.11770081281118693
1785126548294062988,2.544125,0.30988486190717135,1.300126996125132,0.02957095065364124,-2.6333578246032516,0.27606679342000406,1.4781604876499672,0.275397947952479,-2.7516745811462813,0.30540219131775903,-0.11831675654302966
1785126548327404297,2.539217,0.309781088928694,1.3002352215889288,0.029349889563678642,-2.6327513121525024,0.27512911292238545,1.478981563786567,0.27558173851250733,-2.750825544633155,0.3062370613216757,-0.11807423248065252
1785126548360745361,0.729873,0.30967477822815626,1.3002234531352168,0.029074660680153894,-2.632382214247964,0.275151787713348,1.4784376399423695,0.2748789341855163,-2.750871839487923,0.3055681169999895,-0.11848962523995876
1785126548394086426,0.785082,0.3096761146941518,1.3002449186282188,0.028788922795443834,-2.6320094168320254,0.273982548982156,1.4789840182379097,0.2750070776693712,-2.749854950963071,0.30634143721024887,-0.11784553413104559
1785126548427427246,0.815965,0.3096590050308046,1.300249952215725,0.02863724648076737,-2.6313640850092708,0.27551547516861724,1.47846391406177,0.2751549100343705,-2.7494378782013467,0.3060995839138647,-0.1180737931920759
1785126548460768066,0.84065,0.3096660317577319,1.30021896487288,0.028627677365460402,-2.631295210651176,0.27593733691499006,1.4793877955125172,0.27496219520530485,-2.7492614273592526,0.306463357365866,-0.11796621670807639
1785126548494108643,0.830521,0.3096408391343152,1.3001965272148572,0.02859595930059145,-2.6311456719876642,0.275673193400663,1.479485186827262,0.27582294051469564,-2.7491474631278345,0.3072774066906623,-0.11800179114017029
1785126548527449219,0.878803,0.3095179178386104,1.3001808076351387,0.028525571883928,-2.630732855273173,0.2743268711573483,1.4797657574039884,0.27454571737758043,-2.748643105947374,0.30661877949453936,-0.11791025067420113
1785126548560789551,0.826944,0.30937276481854226,1.3001251982008635,0.028506531974417194,-2.6306271281323736,0.27499848796063275,1.4790645285286483,0.27495882673414024,-2.7488842598478147,0.3064956907364176,-0.11825713171544106
1785126548594129639,0.837545,0.3092487033873207,1.3001229846252058,0.028487512909651232,-2.630266372659902,0.27514916355513763,1.4791174048010098,0.274574906739534,-2.748634540696534,0.30620383157763187,-0.11836816803663197
1785126548627469727,0.864359,0.30908028508964563,1.30004187931047,0.0284455622870316,-2.6300596809025505,0.27515385297332895,1.479237195306856,0.2741126061114584,-2.748267687286905,0.3059644758670857,-0.11820800638435447
1785126548660809570,0.733095,0.3089859704940251,1.29992205097739,0.028442116140889956,-2.6301103884876613,0.2755546282055804,1.4794004425832479,0.2748650622007415,-2.74865725909399,0.306682924280843,-0.11854687060632864
1785126548694149414,0.900093,0.3089179969566746,1.299805874186299,0.02841683633353108,-2.629470787802869,0.2752951741583771,1.4782211401969962,0.27377974974461816,-2.7482703649347964,0.3052301764835354,-0.11879957713192724
1785126548727489014,0.820322,0.30882459597852,1.2996852299415025,0.02838303581334648,-2.6289500586014607,0.2753868966517333,1.4773109282809298,0.27457535486658907,-2.748158139345596,0.3054171350917486,-0.11920808074413536
1785126548760828613,2.432562,0.3087635713289488,1.2996224757105488,0.02836875823653154,-2.628562841305898,0.27463916252599013,1.4781009151681836,0.27386721789222024,-2.7472513577328677,0.3054316982906324,-0.11868851642696977
1785126548794167969,2.598169,0.3087231994648281,1.2995753108114458,0.028347508378665988,-2.628033289769169,0.2761287342362801,1.4775746037731097,0.27392331388644325,-2.7474102369246087,0.3050469205043396,-0.1193769471554398
1785126548827507324,2.44835,0.30864371296684084,1.2995601795549256,0.02831939082824039,-2.6278611428660423,0.2754124262954951,1.4792822236807728,0.27353697178857944,-2.7465637247745818,0.3058365471467505,-0.11870258190853944
1785126548894185303,2.447702,0.30852209298497846,1.299606229079872,0.028280381447034743,-2.627423606588623,0.275247606092038,1.4790939356166075,0.27393539215845936,-2.7464278067565284,0.3060545908223497,-0.11900420016790525
1785126548927524170,2.444283,0.3084607122280316,1.299656163855398,0.028281979860501162,-2.627577769480461,0.2751563577650647,1.4783275976403607,0.27359177081855146,-2.746594172897864,0.30530239897002376,-0.11901640341740283
1785126548960863037,2.443962,0.3083594012297872,1.2997059603248933,0.028223111172639415,-2.6268263541061376,0.2736640436458193,1.4794821796153064,0.27449733720948577,-2.7455684537471168,0.30687823525020763,-0.11874209964097915
1785126548994285400,2.310078,0.3082731080074443,1.2997894046753253,0.02822262148050784,-2.62619228397747,0.27312966579815773,1.4791364711192037,0.27372080530343607,-2.745013268248836,0.30605520749155474,-0.11882098427136611
1785126549027708496,2.130639,0.308231339816607,1.2998782033763572,0.02817033300963582,-2.6258647682020166,0.2753907129129506,1.4786938961302294,0.2742361948301745,-2.7453614295604747,0.3059443856388883,-0.11949666135845805
1785126549061132568,2.149302,0.3081643672672044,1.2999876075815828,0.028114319256640794,-2.6251666624866052,0.27446947194110694,1.4783768166335238,0.2742183610307751,-2.7451284629093458,0.30581899099758114,-0.11996180042274053
1785126549094557373,1.366369,0.3081284157086105,1.3000782382182228,0.028011892785262515,-2.624811485395572,0.27465329851700415,1.478926281000788,0.2729155353043803,-2.7444580959376297,0.3050983447960311,-0.11964661054205772
1785126549127983398,1.385898,0.30813622535093166,1.3002050582312181,0.02792569425128915,-2.6242399861959744,0.2740952013621845,1.4793109224970706,0.27486572054077474,-2.7436879978289754,0.3069480062037743,-0.119448011633001
1785126549161410156,1.762662,0.30802216688099454,1.3001598660391758,0.02787125912433508,-2.6237758276090304,0.27618486525518915,1.4786364612047032,0.27379769159939166,-2.7438745591327973,0.30552793487110247,-0.12009873152376693
1785126549194837891,1.6966,0.30799128943632004,1.3000097340046601,0.02783187845321678,-2.6238885137952983,0.2744107420743705,1.4793116867402563,0.2742411627218946,-2.7432477990294872,0.306585027014902,-0.11935928523418891
1785126549228266357,4.473902,0.3077510878263014,1.2997685702446093,0.027786604384829598,-2.6230242366618106,0.2738135753695277,1.478592248662384,0.27459594833277057,-2.7428403476384515,0.3066667816615134,-0.11981611097664091
1785126549261696045,1.740066,0.3075297688043348,1.2994956883042343,0.027720147105142107,-2.622306103164046,0.27316806266381,1.4785512408946144,0.27491650204306184,-2.7418560025380465,0.3071606349402998,-0.11954989937400029
1785126549295126465,1.89369,0.3070732093042431,1.299026626917993,0.027632927443237764,-2.6215726943229405,0.27345785740326706,1.478469352136725,0.27452861210221224,-2.7411210917095112,0.3070621478146981,-0.11954839738657075
1785126549328557861,2.003705,0.30658813138590274,1.2986442328016197,0.02751777592317755,-2.619718243396363,0.27312029153481915,1.4769857282780825,0.2742343821754521,-2.7399409819279583,0.30625948003893505,-0.12022273853159549
1785126549361990234,2.057954,0.3058507363282109,1.2981966277245482,0.027344324026870787,-2.6180190348027588,0.2725487835277743,1.4768282350539956,0.27376463137662027,-2.73783495597283,0.3061719109777535,-0.11981592117007134
1785126549395423340,2.230715,0.3051880207618228,1.2975096056592006,0.027225547984111694,-2.6165254474181565,0.2703556024811052,1.476371811418202,0.27445419152255324,-2.7359741709840355,0.30712699034457397,-0.11944872356587898
1785126549428857422,2.340793,0.3044020317187989,1.296800739164858,0.027130693146739323,-2.614080704440917,0.27348227181530027,1.475042537912984,0.2740643036688987,-2.7349141952792895,0.3061084421883313,-0.12083349083837236
1785126549462292480,2.390813,0.30363201112687854,1.2961152552823525,0.026965016469639093,-2.611318086315685,0.2710713882178254,1.4739695289486623,0.27556925017842454,-2.731744027686817,0.30740267052114006,-0.12042594137113172
1785126549495728516,2.408909,0.3029200587529287,1.2952661455218424,0.02681441077922394,-2.6077100448732726,0.2680219319966495,1.4742545097546214,0.2755862995441375,-2.7272853315875945,0.3084512383205582,-0.11957528671432183
1785126549529165283,2.627054,0.3022697391421219,1.2944243235609072,0.026675006029733765,-2.6035713897883985,0.26866244432041625,1.4723173222710528,0.2751323817598788,-2.723872656098174,0.3074189922728122,-0.12030126630977556
1785126549562603271,2.617776,0.30179989598085394,1.2934622772146325,0.02654980183410048,-2.5998185215948957,0.26954731913256136,1.4708242681306938,0.2744722125547234,-2.7202529446211376,0.3065338909037454,-0.12043442302624197
1785126549596041992,2.794721,0.30152861384724,1.2923051257822418,0.026419135748588035,-2.59482822507607,0.27034383810805335,1.469616412488766,0.2759445446103175,-2.715816146331288,0.3076925613319891,-0.12098792125521829
1785126549629481689,2.872983,0.30137052648779344,1.2910589076061718,0.026645326269235926,-2.5897537692049326,0.2702777935203333,1.4685371481771983,0.2760477360258342,-2.7104748169589,0.30767977819800096,-0.12072104775396753
1785126549662922119,3.088592,0.3013192229686421,1.2898283610227854,0.027107370574392695,-2.5841236340610276,0.2721544229709787,1.4670892648281384,0.27595129993303336,-2.7051460775821923,0.30691255229371517,-0.12102244352116463
1785126549696363525,3.095607,0.3013517830011749,1.2883212988925956,0.027425687132397056,-2.57795285696876,0.272402606361542,1.4664107827096342,0.2756755401939831,-2.6988456168147335,0.3068907111977014,-0.12089275984597325
1785126549729805908,3.294096,0.301528477162856,1.2868145275131722,0.02775801292151292,-2.5723301237805694,0.27304391334130085,1.4638679172641909,0.27655991946793745,-2.6939452926776917,0.3066947373196452,-0.12161516889712233
1785126549763249268,0.188814,0.3017795974514407,1.2849075100999392,0.028101821270388856,-2.5661913952283526,0.27283060101000267,1.4630466658273313,0.27660431609894576,-2.6879366559653532,0.3071239051820151,-0.12174526073700065
1785126549796693604,0.155632,0.3021647559716363,1.282907705917728,0.028439028800287255,-2.560134582434573,0.2721681211869985,1.4604339195395968,0.27677374064110094,-2.682057312755457,0.30673357124119993,-0.12192273032088385
1785126549830138672,0.250948,0.3026031720600003,1.2807453398923212,0.02879925500556906,-2.5547578424082147,0.27609086035624486,1.458035613678843,0.276409778863558,-2.6776156507747704,0.30568891928953634,-0.12285780836655567
1785126549863584717,0.36083,0.3034273398235355,1.2785899176442843,0.029157918578832737,-2.5493066759838205,0.2751547149337701,1.4552026235482554,0.27637651864960294,-2.672025229919744,0.3051367323444219,-0.12271855393592324
1785126549897031738,0.394441,0.3042718759890901,1.276175735150198,0.029558559110752926,-2.5441500115911997,0.2767223842009858,1.4518403667720292,0.2775334461898363,-2.6677073247384855,0.3051369887812695,-0.1235573131472858
1785126549930479736,0.596876,0.3049955127505544,1.273798995641763,0.029159518957766563,-2.539207420380287,0.2747731344618466,1.4473369248887937,0.2765539387125226,-2.6627080126720934,0.3036985412585408,-0.12350059229180665
1785126549963926270,0.730374,0.30575268334305583,1.271125479698347,0.02878722207050286,-2.532619379636171,0.2752303210443292,1.4448967273439985,0.27769009775893994,-2.656517153407112,0.3050913021287146,-0.12389777377094102
1785126549997284424,0.863706,0.30598849288131214,1.2672650397944707,0.027245835199445012,-2.5249522487484333,0.28080575439443634,1.4408524370157332,0.27949583681344004,-2.650555395558523,0.30724065177969406,-0.12560314681008977
1785126550030642822,0.790336,0.3050279400136914,1.2658351334288025,0.02635248680822766,-2.5155282384501993,0.2751719133604485,1.439084966621039,0.28111950343967546,-2.639737367420587,0.309536944147133,-0.12420912897038772
1785126550064001221,0.850481,0.30424541454882614,1.2642827355125013,0.028199813374026987,-2.503557516628956,0.2743715966583067,1.4343019530119094,0.2829589095661247,-2.6289448147935035,0.3077355624673259,-0.12538729816454763
1785126550097359375,0.756839,0.30321972925161556,1.262101851535194,0.031039356696155165,-2.491295264402212,0.27374991749110805,1.4335647189773566,0.2827430286132684,-2.615484537210182,0.30597830506956886,-0.12418927280796987
1785126550130717773,0.854415,0.3015564798509548,1.2600518219567496,0.03176932200621134,-2.479935099443746,0.2810729432041889,1.4284012613031307,0.28321050342895016,-2.6056116031523704,0.30328827329302216,-0.12567650370862452
1785126550164076172,0.806795,0.29962687358054085,1.2557898851692078,0.031047614926068702,-2.468960693598458,0.2733574415350394,1.4250766251621583,0.28080728957418055,-2.592774017732387,0.302866271608056,-0.1238133241339292
1785126550197434326,0.952526,0.2995636170762277,1.2517773036234772,0.02977285838853671,-2.4577322181241508,0.2651141058240556,1.4198062229195434,0.2812850110846148,-2.5815263668316555,0.3044320112917378,-0.12379414870750471
1785126550230792725,0.876534,0.29829146166907555,1.2465285046603811,0.030003805392726554,-2.446882233542714,0.2685866211472795,1.4149669641743359,0.2876984408542361,-2.5705798336375327,0.30929018306357514,-0.12369760009481866
1785126550264151123,2.293894,0.2970763809785577,1.2417605595359602,0.031549246823429196,-2.4365201111283126,0.27309777149500725,1.4092678513478376,0.2851919912800106,-2.5622227590526157,0.3049070486859573,-0.12570264792430308
1785126550297509521,2.429969,0.29523080567292265,1.2382513628830776,0.03153777165123152,-2.4287742128761676,0.27448071530911333,1.4057412237388336,0.28322822454241425,-2.554207214629798,0.30303713273484395,-0.12543300175363026
1785126550330867920,2.288285,0.2937093760253948,1.2334419380382449,0.031212338868345815,-2.419590367256125,0.271267900280996,1.4013085939931362,0.28335128498267587,-2.543359275504372,0.3037381802847797,-0.12376890824824693
1785126550364226318,2.331614,0.2927436610683729,1.225617293937294,0.031673439424200436,-2.41236682682409,0.2711123016221242,1.3976958764717877,0.27951138658582925,-2.5361300171153687,0.30249397073638296,-0.12376319029127858
1785126550397584717,2.192076,0.29148863855711127,1.2184617390694228,0.0318490886011905,-2.406916026103807,0.2655540635046871,1.3893508011389406,0.28251954026492393,-2.530407772758278,0.3044853839767181,-0.12349174665447116
1785126550430943115,2.298586,0.2898554018437109,1.2089479553360225,0.02963936140943737,-2.3989130134492718,0.26038921776832535,1.387043052659422,0.28099067930683497,-2.5216031877042737,0.30945695129267053,-0.12269017425500195
1785126550464301514,2.173592,0.28879546735820066,1.201075652601766,0.028709323696447856,-2.3889469492320257,0.26058295087895894,1.369504525734256,0.28468704930928,-2.513661314191037,0.30771549749840393,-0.12471436495901145
1785126550497659912,2.173767,0.28825554306277434,1.193278155541041,0.02873909607505251,-2.38306485980006,0.24351279876648604,1.3613580410809552,0.2781297291513968,-2.503924163916608,0.3040533653102584,-0.12085930411654777
1785126550531018311,2.141041,0.28698882642658435,1.1853941199820552,0.029093215028379443,-2.3781936813256044,0.2399684330032411,1.3539853887979227,0.27665076935873345,-2.4983386755879295,0.3031809295200743,-0.12014499426232517
1785126550564376709,2.147654,0.28600296280229465,1.1766622765545227,0.028350848749825734,-2.3728400222403985,0.24391065092271655,1.3441975988019883,0.27778406033303055,-2.4951459238955085,0.30340859243047424,-0.12230590165511002
1785126550597735352,2.150446,0.28416334739864624,1.1676448471247856,0.0282573400610276,-2.3661786853451656,0.2389033737886325,1.334029616178422,0.27922948615303644,-2.4887081011281285,0.30449856271949743,-0.12252941578296284
1785126550631093750,2.171126,0.28301486585373525,1.161114887901916,0.03002467349961444,-2.3570913626478314,0.24050706853874407,1.320064838960521,0.2806984424715376,-2.4826775852813237,0.29984885896847163,-0.12558622263349228
1785126550664452148,1.378274,0.28263969123168503,1.1568500964611248,0.031427503217203424,-2.3485150755240007,0.23203351601209285,1.3183616834322918,0.2746832189157932,-2.47008520436442,0.2963449357021882,-0.1215701288404194
1785126550697810791,1.360462,0.28042487723450005,1.1490851773237543,0.032225919710252446,-2.339862346471728,0.22525877918127382,1.3114652884177027,0.2752723469837545,-2.459900059841189,0.2974595176889033,-0.12003771336946123
1785126550731169189,1.022469,0.2782301315925579,1.13958668920106,0.03185209886766232,-2.3298251719506773,0.22850863247461706,1.2942022026124327,0.28111333507426045,-2.4535236635892645,0.29750520724390567,-0.12369849163858726
1785126550764527832,1.339136,0.27542163317170637,1.130881599227607,0.030563249027964676,-2.319571056823699,0.2225612834451295,1.2896053970496757,0.274283832049239,-2.440835528321604,0.29561323237721765,-0.1212644714979052
1785126550797886230,1.507283,0.2736953042465863,1.1205095407476107,0.028426395887297954,-2.308947933423418,0.21278007550365008,1.283932457521904,0.2730729983532593,-2.4281498935944543,0.30044912201229673,-0.11920196017103635
1785126550831244873,1.499008,0.27186986129821783,1.1118730429740793,0.0244506637793613,-2.300547768320989,0.20996362643853278,1.2682596166267108,0.2713849588100037,-2.4208535768236854,0.2987736407308931,-0.12030580850269645
1785126550864603271,1.833068,0.26918144435995933,1.1009007273433165,0.025529789727080872,-2.2868487997906946,0.2147009793393216,1.2574084388810218,0.2776944640416572,-2.4098372667241814,0.3017446069307799,-0.12298846693348686
1785126550897961914,1.768864,0.2674964807330803,1.0933826080346898,0.027143357027107552,-2.2786091550645526,0.20883756721160887,1.2502079803128858,0.27222843061964275,-2.3989228966833473,0.29681940439191745,-0.12031374161879473
1785126550931320557,1.654354,0.264898585511117,1.0862171096984339,0.027316690583737088,-2.2706757123985226,0.2200975363638175,1.2312073790556115,0.2753083722489679,-2.3959299513734433,0.29073903485448055,-0.12525423897492072
1785126550964678955,1.731301,0.26233580784677585,1.076890410871807,0.027170690440072344,-2.2625528752513206,0.2070204624922519,1.227680069383443,0.2642708671061565,-2.3835383685336997,0.28638052014903953,-0.12098549328237906
1785126550998036133,2.346624,0.26057846087400566,1.0669879117287495,0.027310436835324033,-2.257727358067781,0.2160312184510336,1.217909996370852,0.2708926360211728,-2.3806312191133228,0.28999003465709555,-0.12290386104554196
1785126551031393066,1.672587,0.2590198356024187,1.0573147390525859,0.026779501798265867,-2.256007606808012,0.20680824144224258,1.2114430136673835,0.270105340332991,-2.3764318548632923,0.2927269022469724,-0.1204242480552802
1785126551064750244,1.615332,0.2565303015157029,1.0467434592225147,0.025729180234428654,-2.2559368448171715,0.20585180575850745,1.1973513967336449,0.266207351361273,-2.3779414960047496,0.2882374222096784,-0.12200465118757808
1785126551098107422,1.912605,0.25442700013938263,1.0356769781982587,0.024704532317776605,-2.2566471849790912,0.20220885688190496,1.185035779956122,0.26559293134471124,-2.3791896053835675,0.2882048003305338,-0.12254242040447627
1785126551131464355,1.561387,0.2523665302722091,1.0249006840677561,0.02386488864059702,-2.257214134350508,0.19237689976726968,1.1722649700698067,0.2579499781800922,-2.3782908184479545,0.2830385445513151,-0.12107668409744665
1785126551164821533,1.56469,0.24918800176854067,1.0130879227943437,0.023527979210509243,-2.2600562225434784,0.18886975592605051,1.1597305044291444,0.24258305288472234,-2.3812384364029717,0.27042089940026676,-0.12118221385949335
1785126551198178467,1.593748,0.24519521962797333,1.0024681323844238,0.023834869534234332,-2.2623439589117473,0.18353373029521147,1.1463985139551782,0.24329613796003485,-2.3846159317425464,0.26959477432787626,-0.12227197283079903
1785126551231535645,1.44804,0.24100288571071274,0.9883911637472649,0.02392634197815917,-2.2648313404215967,0.18331973127046472,1.1339890130058567,0.24906651699168358,-2.3880592536720338,0.27425203448657504,-0.12322791325043703
1785126551264892578,1.437283,0.23798562563175873,0.9784981087874989,0.027037825786851266,-2.265843182968879,0.17561926915492096,1.1193018478710097,0.24760701191403423,-2.391007002164436,0.2690093329773175,-0.12516381919555686
1785126551298249756,1.476349,0.2352946380246368,0.9702929631853114,0.028659219635126992,-2.265140359116685,0.16817825577689155,1.1100454739759995,0.2531012928919869,-2.3895290640089155,0.272781262710921,-0.12438870489223053
1785126551331606689,1.344952,0.2321955414468208,0.9613375166631214,0.029000975313971968,-2.2637461326305814,0.17042709662080657,1.0912270336355863,0.25405302718600586,-2.3918946623240567,0.2670862284869387,-0.12814852969347526
1785126551364963623,1.394991,0.22714611569755352,0.9475175899423715,0.02795087580302814,-2.2620676848717385,0.15921421080358447,1.0809859334914236,0.24764588958430642,-2.3884965245043714,0.2658842633790257,-0.12642883963263296
1785126551398320801,1.52418,0.22272791985371376,0.935435318963138,0.02659248463096196,-2.2602808653581072,0.1548162392823719,1.0688485866585105,0.2469581070530615,-2.387208712925375,0.2664059006491043,-0.12692784756726772
1785126551431677734,1.301945,0.21703858425010633,0.9225675707193374,0.024798241153961342,-2.257828482700812,0.15337365476120227,1.0511901246546511,0.24158208402825976,-2.386552773450842,0.25998503641367193,-0.1287242907500299
1785126551465034668,1.31646,0.21224854939938048,0.9108173657684976,0.022687107459092096,-2.254628642004054,0.1453762193254647,1.0371431148642745,0.24136729415323757,-2.383721307973539,0.2612491673990756,-0.12909266596948488
1785126551498391846,1.424906,0.20821057581704824,0.8987421209645181,0.02062373743633461,-2.251965488560759,0.12069116843987637,1.0334123813482132,0.2430077766729859,-2.375370706335457,0.27431803915650915,-0.12340521777469782
1785126551531748779,1.339047,0.20298979945043505,0.8870169473613227,0.01743621459411864,-2.2511401289497175,0.11755716163061497,1.0148199766712231,0.24208233946187743,-2.3773402953199274,0.27220990305964343,-0.12620016637020992
1785126551565105713,1.287281,0.19668590854265325,0.8790406618932327,0.016536084175342938,-2.246587246824319,0.11677090190683279,1.003242848426699,0.2384538483868889,-2.3743417984337234,0.2665709764733372,-0.1277545516094043
1785126551598462646,1.630576,0.19161345309665628,0.868949863524667,0.018471255914122776,-2.243532184969009,0.10271870278382277,0.9963116364863753,0.23748065325830187,-2.3679454593115423,0.2684928564602628,-0.12441327434253323
1785126551631819580,1.389983,0.18615874607162528,0.861734159262452,0.019254354066069186,-2.2428041297418924,0.09520322719064982,0.9885479882159877,0.23635555513612383,-2.3661021826691067,0.267371623652968,-0.12329805292721431
1785126551665176758,1.271454,0.18014527896294555,0.853239147678657,0.019494571345153547,-2.2422183089486922,0.0896757495383486,0.9765865378556624,0.23571711384051636,-2.3661151271333565,0.26486128879272897,-0.12389681818466425
1785126551698533691,1.867949,0.17487671116878548,0.8444337578482357,0.019510314956888895,-2.242896653896233,0.07943651983809817,0.9701005470700612,0.23536047516390496,-2.364766982842771,0.2673803726827297,-0.12187032894653793
1785126551731890625,1.066834,0.16882028840307323,0.8348262684663351,0.019020269168696355,-2.2448106360914513,0.07103483749423378,0.9608337204539563,0.24001730678505181,-2.366762986694782,0.27254277279183636,-0.12195235060333065
1785126551765247559,2.248167,0.16334606288452053,0.8268714709371736,0.018320180345293313,-2.2457814478988656,0.060167956734380794,0.953246664759986,0.2327479237483711,-2.3676649169972768,0.2694358334435475,-0.12188346909841119
1785126551798604492,2.310899,0.15626995961974535,0.8165993643229288,0.01726217690148575,-2.246488246613439,0.04996502447440223,0.9425898500010845,0.23081566021644162,-2.368308830050747,0.26977663344630926,-0.1218205834373083
1785126551831961426,2.215084,0.1490974999965135,0.8057183716680427,0.016060324438462493,-2.2470543429709315,0.044234156677107034,0.9278976840907862,0.23618248698351,-2.370535200567953,0.27272306759738235,-0.12348085759702167
1785126551865318359,2.348865,0.14190280044067327,0.7932541917299016,0.014789878263743556,-2.247244384900098,0.035117293028627865,0.9187980909765006,0.23307313750982622,-2.3710992393123766,0.27351781751538734,-0.12385485441227884
1785126551898675293,2.393717,0.13430582560295382,0.7828720434102144,0.014255243345325519,-2.2533168875720486,0.010010754885793461,0.9041797191511809,0.2292590311496503,-2.372788754325599,0.27639002436496596,-0.11947186675355058
1785126551932032227,2.369665,0.1262601408108959,0.7721709295324796,0.014685616026170488,-2.263140831115112,4.960619029468399e-05,0.8925937904723164,0.22706193092666307,-2.383087626343974,0.2748353390975521,-0.11994679522886198
1785126551965389160,2.428583,0.12150423602728881,0.7598710629451352,0.015651999603189137,-2.2755664641881648,-0.011810875236328075,0.8814171502544399,0.22185667962207908,-2.3966430472270823,0.2739831022036294,-0.12107658303891755
1785126551998747314,2.41648,0.11552648774539082,0.7507068622181,0.019540920597433953,-2.2862851709594625,-0.008442516992809073,0.8642413794648995,0.22680559562393146,-2.4117369847933374,0.2668652211437138,-0.12545181383387494
1785126552032105713,2.407722,0.10993041621460958,0.742788339967065,0.0204305835054543,-2.2958427089822058,-0.015410847835743034,0.8545123518264337,0.2280155992310055,-2.421747755410615,0.2669910598755508,-0.12590504642840905
1785126552065464111,2.520557,0.10385021333654794,0.7343862513759265,0.019948514356448663,-2.307856496100587,-0.026535735722616402,0.8445872154437429,0.22486214241919023,-2.433189944823599,0.26671022319995674,-0.125333448723012
1785126552098822510,2.477705,0.09683634011082773,0.7244546242876971,0.01903949201011241,-2.3209532506526553,-0.03740540737701608,0.8383474843097605,0.22266769766159927,-2.444981672708748,0.2691781500594719,-0.12402842205609277
1785126552132180908,2.614381,0.08986488291043777,0.7151285626871696,0.017877556975910307,-2.3327002819688616,-0.044711170017261964,0.8261172812755376,0.22281620289555068,-2.4582536303827007,0.2691264726236769,-0.12555334841383914
1785126552165539307,2.470917,0.08213437857901126,0.7053767225866758,0.015987459718070904,-2.343033404144367,-0.05241368628916665,0.8146018434704977,0.2177555825602639,-2.4694527909797723,0.265976848968325,-0.12641938683540532
1785126552198897705,2.643118,0.07420343662672765,0.6959024722996473,0.01362280158622859,-2.352844586015983,-0.060140372067638295,0.80496208986319,0.2169887761704493,-2.4794177340958155,0.2670205586396008,-0.12657314807983244
1785126552232256104,2.490832,0.06686609193275801,0.6875413062843097,0.01132983030526034,-2.3583835356279677,-0.06444119603108883,0.789625344023598,0.21518952805989808,-2.4887624353563145,0.2630998498710885,-0.13037889972834682
1785126552265614502,2.662555,0.058745317474384655,0.6785881670060894,0.008428632278404617,-2.3586789347442543,-0.08322096849599919,0.7858960237768078,0.2125701654369553,-2.486590942295947,0.2708194380713347,-0.12791200755169285
1785126552298972900,2.764184,0.051407964161721914,0.6697353141863154,0.006619993164648351,-2.355307872529226,-0.11436068783138002,0.7905169107157141,0.21676688283294418,-2.4771480407959174,0.2936480125610583,-0.12184016826669142
1785126552332331299,2.75638,0.04413341035222732,0.6617277080402241,0.005609680582155251,-2.352283590426131,-0.1314621441127247,0.7838189215814063,0.218656844253955,-2.471663235626413,0.3018760625164094,-0.11937964520028199
1785126552365689697,2.737607,0.03557551308428828,0.6536432129364704,0.004238238534645639,-2.350606910292768,-0.11588201299748274,0.7650811330103221,0.21572188126120645,-2.4778765890415118,0.28298961708531306,-0.12726967874874395
1785126552399048340,2.798712,0.02701108475833547,0.6438291887453529,0.004223526281967973,-2.347861490749488,-0.12082776875194404,0.7552711232327193,0.21095481704883956,-2.476929030826077,0.27751298699638755,-0.12906754007658885
1785126552432406738,2.839544,0.02091999645190492,0.638107321642207,0.004618940782747541,-2.346284679890212,-0.13050512151911237,0.7482196068776761,0.21121233936458958,-2.474506655341501,0.2788101756570403,-0.128221975451289
1785126552465765137,2.842945,0.015158772855959665,0.6333879098997257,0.004528279082871273,-2.3463456766268034,-0.13528997259833728,0.7415379846485861,0.2091024546222806,-2.474453623456909,0.2760106102572598,-0.1281079468301054
1785126552499123779,2.857795,0.009414376379139942,0.6269983167773215,0.004317945814029128,-2.347032684125906,-0.1504897179290619,0.7342715189945553,0.2075944519207152,-2.4734878274011525,0.27999678074114964,-0.12645514327524632
1785126552532482178,0.410383,0.002473006822577299,0.6185777960754967,0.004043699085510147,-2.3488707436327694,-0.15107313538558706,0.7285205048643465,0.20717078480549303,-2.4761343196323264,0.27735253731655846,-0.12726357599955707
1785126552565840820,0.352856,-0.004071521095001726,0.6108010725901384,0.0035541438503968875,-2.3503022177401913,-0.1630665356386382,0.7218143685790315,0.20773870791145285,-2.4772627907257143,0.28159315108299815,-0.126960572985523
1785126552599199219,0.755243,-0.011149791449195836,0.602676666606364,0.002547228325056521,-2.3510678836847037,-0.1721087768712963,0.7130783869468135,0.20586070642080886,-2.4783254669618633,0.2818380833344471,-0.12725758327715964
1785126552632557861,0.365361,-0.0187077728097164,0.5928697647493327,0.0010626940150532914,-2.3522124037080974,-0.1780005457994927,0.7021998553572723,0.20247737152598239,-2.480684118971981,0.2790969877228062,-0.12847171526388346
1785126552665916260,0.299494,-0.026253151288608643,0.583140069345692,-0.0006945693523072866,-2.352618520678604,-0.1873904620245176,0.6909407517309184,0.1994807970574938,-2.4816557923637954,0.27866897450419464,-0.12903727168519152
1785126552699274902,0.830622,-0.033291159701036424,0.5744344994708886,-0.0012189053223151604,-2.3541974838343203,-0.20876275101548514,0.6857427091975051,0.2004052939887957,-2.4794998347241317,0.28953776033328693,-0.12530235088981145
1785126552732633545,0.289582,-0.042134380079769204,0.5645167504814368,-0.0009131116569723353,-2.356800166223868,-0.22980770126886593,0.6775022516407039,0.20446188948274782,-2.479692360952646,0.30027635613130893,-0.12289219472877823
1785126552765991943,0.218709,-0.048852672901881534,0.5522753454583346,0.0012386035060166006,-2.359253084949827,-0.22610293408960172,0.6652215109676407,0.20258982894598776,-2.4865636996777636,0.29106151820628695,-0.1273106147279366
1785126552799350586,0.365744,-0.05537224861283213,0.5448881405587213,0.004147746597349811,-2.3580756908403124,-0.22748684321858845,0.6531145668168659,0.204807223007951,-2.488697468302145,0.28565821971420685,-0.13062177746183276
1785126552832709229,0.133455,-0.0615671084289674,0.5377180989960305,0.005392111385969723,-2.355319429824441,-0.2396123448202651,0.6440803294615501,0.20413133649666018,-2.4853611637564756,0.28724607894422355,-0.13004173393203455
1785126552866067871,0.165097,-0.06899887771788285,0.5291582132334124,0.005418541795675528,-2.355394960383988,-0.25129037863555403,0.6371666634676213,0.202908134333165,-2.4842015182022177,0.289651783680744,-0.1288065578182298
1785126552899426514,0.17671,-0.07636653129043738,0.5201476486491605,0.004915131161249663,-2.3560326347792526,-0.2656812854970638,0.6304883485375856,0.2026781247668859,-2.483688739086185,0.29517003210360937,-0.12765610430693242
1785126552932785156,0.073168,-0.08376471620094954,0.5109826300074135,0.0038625660877615866,-2.3557965392302704,-0.2731559989337917,0.620482122552179,0.20010896247212775,-2.484533753881958,0.29389087249624185,-0.12873721465168764
1785126552966143555,0.077158,-0.09244720126987875,0.5002153256765886,0.002207950360607294,-2.3540896447007684,-0.283956385081739,0.6087935166198273,0.19844458090782763,-2.4835657367557906,0.29491321808511317,-0.1294760920550222
1785126552999501221,0.132902,-0.09969521040149693,0.49177644493484857,0.0004024799615454551,-2.352011599269203,-0.28693802978833405,0.5982117274157318,0.19477937108485754,-2.4831187334463025,0.29012190295026163,-0.13110713417709974
1785126553032858643,0.017342,-0.10803421601612738,0.4822619733795592,-0.0019781530911619303,-2.348761891393386,-0.2967016347914492,0.5847492944535733,0.18984036520506659,-2.48072405938486,0.2879121217483405,-0.1319621679914742
1785126553066216064,0.003553,-0.11668800245189631,0.47267501685311153,-0.0049369197188894424,-2.3455936618992372,-0.3031059344663132,0.5754164103369575,0.1856460464427411,-2.4785580299398604,0.28570842882648634,-0.13296436804062317
1785126553099573486,0.026686,-0.123626278377028,0.4636688499440183,-0.007278485787539727,-2.3434887674583003,-0.32427931003581,0.570619828098702,0.18547803705662116,-2.4734047829409436,0.2980859405290282,-0.1299160154826433
1785126553132930908,0.043449,-0.1320842002405064,0.4560437331263323,-0.008797428653952041,-2.340327263944208,-0.34446094214846557,0.563109241869118,0.17851870835099917,-2.469117993109664,0.30274451084742904,-0.12879072916545597
1785126553166288330,0.143386,-0.14088035738612414,0.44750080775058476,-0.008129572226370356,-2.3364712238069965,-0.33919380487338835,0.5514713978591935,0.18391010862451757,-2.46787760506413,0.2949870269742843,-0.13140638125713355
1785126553199645996,0.089311,-0.14758182867160072,0.4410406729808146,-0.007185065315891465,-2.3346983336757323,-0.3497064250482528,0.5444667559701987,0.18179897364029418,-2.4649260088538965,0.2954086560734884,-0.13022767517816417
1785126553233003418,0.15134,-0.15413116967986717,0.4350238455819693,-0.007214725798408892,-2.3337217189529014,-0.3581179402120876,0.5364319769490771,0.18233837140723852,-2.463779785608018,0.2963521356761023,-0.13005806665511654
1785126553266360840,0.196918,-0.1607015328886521,0.42860012378802503,-0.007254892924472877,-2.332622120874791,-0.3676587473669726,0.5303608622331892,0.17620407376535344,-2.462019370158896,0.2946926008104538,-0.12939724928410534
1785126553299718262,0.296618,-0.1654566714360416,0.42347042965026693,-0.007442094546267597,-2.332154236369117,-0.3774127222230271,0.5224426745929873,0.180244962318162,-2.461070664177839,0.29991216055480086,-0.12891642780872203
1785126553333075684,0.146692,-0.17390004240642082,0.4139112614163793,-0.008595904523626827,-2.3327021341087883,-0.3874763826020982,0.516916732054258,0.17741680601041163,-2.4607320122829437,0.30137303886202327,-0.12802987817415534
1785126553366433105,0.35344,-0.18143123767012323,0.4055249696159773,-0.009907127107417386,-2.3335299875923656,-0.3965367475677305,0.5127415983752386,0.17683109673964043,-2.4607727365507577,0.3043631878469615,-0.12724274895839205
1785126553399790527,0.256206,-0.18790978453775542,0.3979294358335844,-0.011295174912924037,-2.334188059879209,-0.406613777443646,0.5042538848755374,0.17497120674543562,-2.4615563869351567,0.30631926141389215,-0.1273683270559478
1785126553433147949,4.160697,-0.19401105405407057,0.39023975627368923,-0.01264816562224046,-2.3347848303245375,-0.41340098138709325,0.49448197847300446,0.16843672245075528,-2.4635033389234264,0.3029688396397388,-0.1287185085988889
1785126553466505371,3.036513,-0.20353027283373995,0.3783420089212951,-0.014236166063042293,-2.33542356232971,-0.4222332892844161,0.4831165602611322,0.16923516139383368,-2.464435606934577,0.3040895328877288,-0.1290120446048673
1785126553499862793,2.93133,-0.2103013560854267,0.36922889701062844,-0.014849495959619641,-2.3374318634994777,-0.43960665659128706,0.47698031102954913,0.17405518352770827,-2.462860866885995,0.316032064821546,-0.1254290033865173
1785126553533220215,2.902203,-0.21764181285870707,0.36104035964545106,-0.014903876551587893,-2.3396562915921546,-0.4501716236734063,0.4679105666518499,0.1742323079007043,-2.465270450528845,0.31821981448722175,-0.1256141589366906
1785126553566577637,1.131428,-0.22014345014069,0.35488784843666227,-0.015084987489704828,-2.340886252957109,-0.4591061784879303,0.46293117268435513,0.17023113100962298,-2.4673177063696747,0.3211208638959885,-0.1264314534125659
1785126553599935059,0.235943,-0.22747333908428718,0.34488499836633807,-0.012252404793794823,-2.341577657020447,-0.4617641363188446,0.4500891587158448,0.17437981855275142,-2.470395275956826,0.31747705399748866,-0.12881761893637922
1785126553633292480,0.558086,-0.23232523750066936,0.338993423824682,-0.009729433598875684,-2.3397645531600872,-0.46777824401062756,0.44277640519151207,0.17411963444675066,-2.4691851595472722,0.31624279488584645,-0.129420606387185
1785126553666649902,0.514495,-0.23858136936593125,0.33160816640449997,-0.00895965947044431,-2.339835162627336,-0.47880206506918743,0.43906614447487113,0.1758669061687082,-2.466806053366941,0.32158056387333595,-0.1269708907396052
1785126553700007324,0.585584,-0.24370456273712615,0.32507368540572523,-0.008951368926706478,-2.342371895729459,-0.49017175087046616,0.43089353602227626,0.17007345804241028,-2.4696635151288393,0.3224807037361873,-0.12729161939938027
1785126553733364746,0.584909,-0.25016873687630886,0.31613180475011865,-0.009499419346710676,-2.3496144185991734,-0.4987660454221015,0.42410477921749434,0.170094871857087,-2.47475163948187,0.32513519413397723,-0.12513722088269663
1785126553766722168,0.608553,-0.25645633767812204,0.3078938405354897,-0.010593417995185973,-2.3554381211408075,-0.5035812856431279,0.4153747307452665,0.16504520128278402,-2.481641712312537,0.3216703378442977,-0.12620359117172963
1785126553800079590,0.63768,-0.26229148163656313,0.30061753548265735,-0.012181575413900771,-2.362495654728192,-0.5142229774646585,0.40787655825725877,0.16148214304922204,-2.4874255497221873,0.32424229160796236,-0.1249298949939952
1785126553833437012,0.72522,-0.26864572748582916,0.29320468033851244,-0.014111294650924052,-2.37207308212996,-0.5177708547500824,0.394459644108194,0.16252711199502373,-2.4983374127378357,0.32174061513096097,-0.12626433060787567
1785126553866794434,0.611296,-0.2747764737412507,0.2860785321337434,-0.01629279605307899,-2.3827537789095588,-0.5262685824759861,0.3866114344783358,0.1593161479236086,-2.5086166905481906,0.32279040632317235,-0.12586291163863184
1785126553900151855,0.617534,-0.28050950423895316,0.279684319756308,-0.018586291082920717,-2.3951157970800208,-0.5373407813587675,0.3793275331165808,0.15406236443881388,-2.520503093104916,0.325113262001442,-0.12538729602489518
1785126553933509033,0.712459,-0.2864221534925071,0.2734359999060596,-0.020212541046007372,-2.4071045209973603,-0.558242216431872,0.3779748779354906,0.16002246206305917,-2.529664837214352,0.34248967864993796,-0.12256031621699169
1785126553966866455,2.618685,-0.2925804282543322,0.26757325024572987,-0.02146760368619303,-2.421823988297466,-0.5670435586729371,0.3723788157677965,0.15799168141381761,-2.543087557223602,0.3442671223515066,-0.12126356892613588
1785126554000224609,2.538996,-0.29765933967101554,0.2642232833760129,-0.02326449055537757,-2.436265239843083,-0.5616625341014218,0.36255920240742673,0.150375618175937,-2.561834718502209,0.33093583517267267,-0.12556947865912615
1785126554033582520,2.617861,-0.3021938666010812,0.2606376046309972,-0.023415518653534074,-2.4477195881987592,-0.5721062830180056,0.3594699222079522,0.15208890401552666,-2.5738095283234466,0.33678233610160674,-0.12608994012468733
1785126554066940430,2.777073,-0.30823515516373473,0.2571628151738535,-0.022988178400435738,-2.460822098545737,-0.5778928255885307,0.3579946828969109,0.15199541846159814,-2.585406596910646,0.3368999613211952,-0.12458449836490892
1785126554100298584,2.58199,-0.3136807913778298,0.25395766037253736,-0.022254946319486983,-2.4735519818942233,-0.584056435869022,0.3556693167106424,0.1527633520159125,-2.598045068423848,0.33775679848270596,-0.12449308652962454
1785126554133656494,2.559288,-0.31748942239420586,0.2520586393490683,-0.02120455418317926,-2.484580218470471,-0.5897680721035701,0.352386014500617,0.15314129394695208,-2.60981172092872,0.33852285011882005,-0.1252315024582491
1785126554167014404,2.765469,-0.32185366301015467,0.24965627704792506,-0.02014267972717348,-2.4967320279945424,-0.5970573548960197,0.3516187650060383,0.15319331012184262,-2.6207528108852287,0.3408500936704532,-0.1240207828906863
1785126554200372559,1.039272,-0.3259311770387364,0.24717506378774984,-0.019473599423185828,-2.5075267187043115,-0.6017849800663995,0.34697470208892145,0.15305733629459542,-2.633459668344993,0.3403266258016298,-0.12593294964068136
1785126554233730469,0.88316,-0.3313135937147465,0.24351232158276628,-0.01950837664772154,-2.518623437650014,-0.6123512499853477,0.3443824777460809,0.1543252543412308,-2.643746237560013,0.3455069954563689,-0.1251227999099993
1785126554267088623,1.117582,-0.3369753415465844,0.23966329543210352,-0.01999041108859778,-2.5295911527022543,-0.6183504479996088,0.34056636113238425,0.15227738436274546,-2.6545535984373334,0.34500662681872046,-0.12496244573507909
1785126554300446533,2.35088,-0.34387983981467607,0.23299027398433148,-0.0205619316464074,-2.5401644177006073,-0.6247754429368191,0.3375586149848594,0.1532031283021941,-2.664801897426939,0.34645515417135336,-0.12463747972633188
1785126554333804443,2.237818,-0.3495601261972251,0.22739531271770014,-0.021450056322252505,-2.5503480129952196,-0.6313705798549962,0.3314997244927644,0.151859999993924,-2.675940057560046,0.346830269674011,-0.1255920445648262
1785126554367162598,2.295219,-0.35416367561345286,0.22409834589820124,-0.02234873008001447,-2.558718962811201,-0.6495834242835369,0.32953858642669254,0.15061584692397706,-2.682770111958714,0.35819996806975213,-0.12405114914751314
1785126554400520508,2.207668,-0.3595092066191372,0.21830277306941478,-0.023049005603622708,-2.567152220138424,-0.6593380493566916,0.326288316026661,0.15218349343571874,-2.689411087631668,0.36368206052084173,-0.12225886749324388
1785126554433878662,2.25005,-0.36451228394719126,0.2126697412882843,-0.023583364095888393,-2.5765651899193918,-0.6643634809523771,0.31996795846810755,0.14795667074493954,-2.7002391831549724,0.3617314353337345,-0.12367399323558059
1785126554467236572,2.073569,-0.37086500319353355,0.20670409931757444,-0.022497606646263733,-2.585674584199182,-0.6737049336926141,0.317142661892212,0.15040776260240077,-2.708134289926131,0.3657936116490515,-0.12245970572694898
1785126554500594727,2.235159,-0.3764511028353915,0.20153450638992457,-0.021886094095916256,-2.593588509324456,-0.6736252441876805,0.30949920632833294,0.1478346536848457,-2.7189019778012073,0.35885091465470986,-0.1253134684767514
1785126554533952881,1.989292,-0.3811212612950505,0.19815738474670938,-0.021695365862919456,-2.601220612473712,-0.676674914276441,0.30288464434781676,0.14803804555395114,-2.7280565964428303,0.3565518077999474,-0.12683598396911844
1785126554567310791,1.263027,-0.38513841537813737,0.1957726634595648,-0.0215754754384587,-2.6077083319597185,-0.6785173915317113,0.2987838428784256,0.14422693613468893,-2.736954238540798,0.35238184745763435,-0.1292459065810796
1785126554600668945,1.291694,-0.39073481859221765,0.19309696747647656,-0.022181803286751005,-2.616718486488221,-0.6918337410600328,0.2987359028113571,0.14090043945074768,-2.743730346250811,0.3583517317751638,-0.12701185976259
1785126554634026855,1.347058,-0.3965455424892493,0.18999821763506503,-0.02360840588654535,-2.627411778911843,-0.7028709204683439,0.298748173377803,0.13620546326775865,-2.7527008154106496,0.3622185291259292,-0.12528903649880663
1785126554667385010,1.961418,-0.4030079550462635,0.18657215061125512,-0.025429610615902074,-2.640102581321009,-0.7118241468370198,0.2951368909559211,0.12917405202624443,-2.764960235918204,0.36201662345894636,-0.12485765459719511
1785126554700743164,1.991402,-0.4108640658131213,0.18267763018804475,-0.027437802794255974,-2.6502060623920625,-0.7086398289286671,0.28845596261591905,0.13598812424069381,-2.7773514313137864,0.3557632560249867,-0.1271453689217239
1785126554734101074,1.919587,-0.41791490899249223,0.17996255950901147,-0.029100697491645046,-2.655475627695076,-0.7157725968551684,0.2837599875201654,0.1376071418095084,-2.784143967728503,0.3567696903677347,-0.128668340033427
1785126554767459229,1.887342,-0.42356278128575353,0.1770382274182448,-0.030510627105983425,-2.6596958625211014,-0.7431737923665291,0.2893995418880175,0.14008778278501793,-2.7823139159789423,0.3793152789577411,-0.12261805345784092
1785126554800817383,1.880848,-0.43047197253809333,0.17495048063662105,-0.03215174752495155,-2.6636170665241807,-0.7468013389251891,0.2857081520660198,0.1382442726040158,-2.7879180359374103,0.37598714538547134,-0.12430096941322955
1785126554834175293,1.831921,-0.4363596488115936,0.17310814491609508,-0.03405844857426099,-2.667545062516408,-0.7562181752969492,0.2848859013146651,0.13673405875905548,-2.7914701465325784,0.3794388282082923,-0.12392508401617032
1785126554867533447,1.736735,-0.441432539178501,0.17137602968717847,-0.03520202993561098,-2.6728564357294204,-0.7625275312659515,0.2834659422504409,0.13232973703740653,-2.796895215423722,0.37912139927361155,-0.12403877969430166
1785126554900891602,1.906669,-0.4472295685267393,0.16916117306052722,-0.0363191055673367,-2.67847416749318,-0.7678845033726707,0.2802392872601948,0.13236079722584418,-2.803838538420853,0.3789602146684001,-0.12536437092767327
1785126554934249756,1.716116,-0.45281926450514276,0.16699861896204085,-0.03680961901948729,-2.684542145795663,-0.7719748638492783,0.28035374587845,0.13173333678968555,-2.8085807393650577,0.37830729485940706,-0.12403859356939462
1785126554967607666,1.693177,-0.45714487484435307,0.16540996524191956,-0.03685956920534641,-2.690869858548603,-0.7786450878105772,0.2785282711524916,0.13016124568367665,-2.8148206122024013,0.3795445832515576,-0.12395075365379826
1785126555000965088,1.703613,-0.45962773568650944,0.16459640118270583,-0.036646943542642904,-2.697379622220332,-0.7827471058431754,0.27497644375392166,0.1277306949427641,-2.8234234670228844,0.3789589545089324,-0.12604384480255248
1785126555034322510,1.589623,-0.464135455125796,0.16298629217060823,-0.03665063199072715,-2.7065021759459924,-0.7885165555256638,0.27260477021835494,0.1258539135616105,-2.831573735975323,0.3790079634404866,-0.12507156002933062
1785126555067679932,1.673267,-0.4695131625484344,0.16048548894242426,-0.03673628012632342,-2.714048558967243,-0.794002380238578,0.2699056320445962,0.12783936604734988,-2.8401940387855142,0.3799357359174619,-0.12614547981827107
1785126555101037109,1.685155,-0.47658078929911396,0.1571521023913125,-0.037184390232870485,-2.7206133612978323,-0.8019810680397756,0.2686777034864872,0.13077332114966794,-2.846308803246332,0.38279641314542173,-0.1256954419484999
1785126555134394531,1.524897,-0.4832280549766717,0.15410637121792983,-0.03830567344660044,-2.7254487133113194,-0.8071662877026496,0.26554078685055393,0.13012615643976208,-2.852374131739671,0.38173667485307566,-0.12692541842835148
1785126555167751953,1.597336,-0.4910631498474226,0.14911090833076893,-0.04031037065557068,-2.7302822204110844,-0.8141186414762313,0.26031350848802115,0.12412430446193254,-2.8593715248324716,0.3791696603557091,-0.12908930442138722
1785126555201109375,1.565348,-0.4977922841074265,0.14569315304839053,-0.040301997979718715,-2.7362930436303268,-0.8227072776867297,0.2550325106942771,0.125925705547894,-2.866251202527966,0.3809940912968568,-0.1299581588976393
1785126555234466553,1.477814,-0.5042668578013246,0.13914776219700736,-0.03815934596002127,-2.742062392667163,-0.8379941817666879,0.253692077428736,0.12644278691062158,-2.8705698475115486,0.3893432792004415,-0.12850745484438564
1785126555267823975,1.779024,-0.5116020132891314,0.134810929446548,-0.03639305799569371,-2.7460126658498667,-0.8444641325669017,0.24717825572594615,0.1298210956457553,-2.8770627421750117,0.3886524814484175,-0.13105007632514498
1785126555301181396,1.902564,-0.518697601675389,0.13052374397407734,-0.03559335113036881,-2.7502318134031802,-0.851422764606265,0.24381226295768021,0.12713393391162442,-2.8811040759492568,0.38732478861804626,-0.13087226254607653
1785126555334538574,1.87375,-0.5252992949779093,0.12752690333538028,-0.03473510979425224,-2.755425204822269,-0.8560510535014828,0.23736641721867643,0.12455603867692036,-2.88886475877263,0.3831907025983541,-0.13343955395036078
1785126555367895996,1.9055,-0.5312099835849009,0.12473731233412776,-0.034304404390532596,-2.7608230460909207,-0.8685217805495564,0.23762372379088836,0.12123785313162186,-2.8927441788997235,0.388221565781962,-0.1319211328088028
1785126555401253174,1.977537,-0.5387392808607483,0.12157229388196379,-0.03495708908461125,-2.766481056546857,-0.8805294104249741,0.23770481201724736,0.12256053420262895,-2.8962854354197933,0.3938515660525335,-0.12980437887293617
1785126555434610596,2.012625,-0.5465552424874537,0.11790835631200533,-0.035943289075374966,-2.771730116817244,-0.8901578575491432,0.23511717448136943,0.12360811914430327,-2.9015065451400797,0.3965568256867773,-0.12977642832283554
1785126555467968018,2.010758,-0.5548040726565658,0.11421757551435154,-0.036984850205049435,-2.775279048564369,-0.8960450102083658,0.23071170230900703,0.12433017834867952,-2.9059485476253197,0.3950174647736111,-0.13066949906095093
1785126555501325195,1.996248,-0.563476741342087,0.11090791704112024,-0.037880881617828294,-2.7746527564997647,-0.9024072426972483,0.22436930644039477,0.12615330240929487,-2.9075438351924427,0.393261471749673,-0.13289107869267802
1785126555534682617,2.069959,-0.5718417470053898,0.10774206927400673,-0.03983667860766711,-2.773010757465882,-0.9190071831439658,0.22469379174792029,0.12804873093960564,-2.9030784744074243,0.4029727734943869,-0.13006771694154207
1785126555568039795,2.103134,-0.5784383124536191,0.10442176236516675,-0.04096518363957763,-2.7729082901384965,-0.9302314902571384,0.22287564674818838,0.12860568198793254,-2.903152660832543,0.40809807784917085,-0.13024437069404637
1785126555601397217,1.194393,-0.5866593153787685,0.10108870452778669,-0.04253898942944163,-2.7724096107945884,-0.9371368078324213,0.21941672128657297,0.1289358400177565,-2.903594990140256,0.407724918787917,-0.13118537934566762
1785126555634754395,1.219631,-0.5931544941536608,0.09896400430106628,-0.0445397322569738,-2.7692370436978533,-0.9442810824093342,0.21574481431552298,0.1322088240242981,-2.9012842193256385,0.4100825413440759,-0.13204717562778523
1785126555668111816,1.190982,-0.5995845910698143,0.09683577332287176,-0.04593793648191628,-2.766013835726615,-0.9525541810529937,0.2141539379748316,0.12736552697665965,-2.897443141687322,0.41034762538235325,-0.1314293059607068
1785126555701468994,1.151846,-0.6063056813997046,0.09386602911447862,-0.047207790603588075,-2.764471818273112,-0.9573245248789891,0.21159570870721497,0.12309620217208385,-2.8964877050064333,0.4075266321234465,-0.13201588673332143
1785126555734826416,2.191538,-0.6110034008816517,0.09160485881581608,-0.04770701506645115,-2.7628280658025273,-0.9631189163339439,0.20953403558912354,0.1239350455006744,-2.8947795633855216,0.40908877265502186,-0.1319514975829943
1785126555768183594,2.270489,-0.6167171854144344,0.0890969762361541,-0.04792763281223212,-2.7603147732228948,-0.969441233637031,0.20763474718304664,0.12174135841605148,-2.892505069146022,0.40896579798317856,-0.13219029592312737
1785126555801541016,1.062801,-0.6217074410908364,0.08732793485908454,-0.04780941941503403,-2.7599408377940677,-0.974731929892246,0.20601720054523937,0.11985649072650806,-2.8919513046939893,0.40844251603647586,-0.13201046689992157
1785126555834898193,1.038449,-0.6243867980826175,0.08638779040973288,-0.048032893608936596,-2.7603007827103236,-0.9825215652343764,0.20471728659474955,0.11603177084557202,-2.8915615785964643,0.41131447243297303,-0.1312607958861407
1785126555868255371,1.01648,-0.6294966464454906,0.08352942728819485,-0.04853841187154279,-2.7612424759207137,-0.9893228655601506,0.20198100230538873,0.11492813011777547,-2.8931539230395,0.412585741314882,-0.1319114471187861
1785126555901612793,1.007618,-0.6356053285478447,0.08019881719064016,-0.04904011030560026,-2.7631472242831974,-0.9936243024628499,0.19843172218837407,0.11319757824346398,-2.8960161003266016,0.41046031853651765,-0.13286887604340425
1785126555934969971,0.933674,-0.6429265495755663,0.07641132249110279,-0.05002434550264467,-2.7646415120090317,-1.0006575950358403,0.19469966273507833,0.11195038600609367,-2.89844013080777,0.41012125764352064,-0.1337986187987381
1785126555968327148,0.915044,-0.6511638752238091,0.07183996781411484,-0.051565039022995585,-2.765898194947217,-1.0063542245832195,0.19051892610637242,0.11121349227681022,-2.9007844997423855,0.40834021314526114,-0.13488630479516847
1785126556001686035,0.979342,-0.6586285745180515,0.06830069310861146,-0.052644804023164765,-2.7663603491055384,-1.0216123875040735,0.18835106832640194,0.10960758728418266,-2.8995621460011147,0.4153253899832712,-0.13320179689557632
1785126556035044922,0.799738,-0.665220564623702,0.06358647156578477,-0.05271813516492631,-2.7688899156099493,-1.0343818614826388,0.18594458315575893,0.10721309194333543,-2.9008807225661797,0.4205110794911247,-0.13199080695623033
1785126556068403564,0.869527,-0.6741071889107915,0.05727858091513038,-0.05052987299462246,-2.7727367399287948,-1.042175085914466,0.1811506132028807,0.10906131356395732,-2.906274227937627,0.41986617393519626,-0.13353748800883203
1785126556101762451,0.759064,-0.6826475988418407,0.05240041850200108,-0.04870768802822548,-2.7722407742443,-1.050634291429895,0.1774328202610233,0.11594491142922943,-2.9065282725169737,0.42208741502160635,-0.13428749827267383
1785126556135121338,0.802143,-0.688577257052297,0.04919129558802739,-0.04806369784769083,-2.7698827078487227,-1.0568178158594288,0.17260390105469609,0.11540259598430154,-2.9052213827508004,0.4213703947334549,-0.13533867490207774
1785126556168480225,0.704794,-0.6953708981616106,0.04603058159767019,-0.04764840324485027,-2.7684745782017988,-1.0640511819358383,0.16932931293250658,0.11127930663152108,-2.9037250988078513,0.4199830303228611,-0.13525052060605258
1785126556201839111,0.690415,-0.7022830817997043,0.042575375909980444,-0.04763248799222771,-2.7677125641170353,-1.0790699930332395,0.16893878438910975,0.1100465317696596,-2.9003379558818,0.4275497172872891,-0.13262539176476465
1785126556235197998,0.66483,-0.7086844402144855,0.03892287496356693,-0.04796860925958124,-2.7683782532756727,-1.0892374550495385,0.16756812347546537,0.1095814407706599,-2.900221620429945,0.43149995982533723,-0.13184336715427225
1785126556268556885,0.605866,-0.716063573403492,0.03489216558692417,-0.0486268630400229,-2.769258234005764,-1.0968578801853939,0.1632758833866476,0.10982895213395556,-2.902075189390624,0.43196635104604875,-0.13281695538486016
1785126556301915771,0.632495,-0.7241252009268097,0.0307624707323772,-0.04970469103014689,-2.7690748752819534,-1.1050998354679753,0.15838680585254114,0.10969678603070708,-2.902814800088613,0.43224816248056,-0.13373992480665953
1785126556335274658,0.642195,-0.7306423325980417,0.027713684905109157,-0.050767416362337996,-2.7678829208127422,-1.1117030526494167,0.15417491072495976,0.10853726829123876,-2.9020551649254993,0.43194640472459916,-0.13417224411275708
1785126556368633545,0.529825,-0.7370805653014066,0.024851733116867357,-0.05200173953343184,-2.7661541095184674,-1.117937000456072,0.15012890583752814,0.10539252877038324,-2.9011217935006375,0.43071910788644546,-0.13496768398217007
1785126556401992432,0.542625,-0.7420382522974398,0.02187603736942106,-0.0528739475610103,-2.765014612914759,-1.132856197722745,0.15086284151673524,0.10610273708336448,-2.8976560333529466,0.441191396528889,-0.13264142043818783
1785126556435351563,0.416899,-0.7461072861161654,0.019650462809900144,-0.053561773954877566,-2.7631095949571054,-1.135912376875977,0.14797314632704567,0.10742022714289146,-2.8969212758950738,0.44082867938094555,-0.13381168093796836
1785126556468710449,0.581095,-0.7499684579056098,0.01988874936578548,-0.05521258173638961,-2.759522208000445,-1.13516603826793,0.14541772059136837,0.10710540492390691,-2.8952059528428316,0.4364422382485356,-0.13568374484238666
1785126556502069580,2.932798,-0.7526853000845581,0.020906955582996593,-0.05418377555089955,-2.7558761268936514,-1.1363932708061752,0.14479795990836272,0.10718883646480908,-2.891483023405373,0.4343062371838812,-0.13560689651172186
1785126556535428467,2.847519,-0.7534316430953628,0.02122331592101295,-0.052777246784301755,-2.7530604367885636,-1.140048663869096,0.14653130693625224,0.10748886677352341,-2.887395869399674,0.4368753146140925,-0.13433543261111058
1785126556568787598,0.321699,-0.7529598867122196,0.02250871094024189,-0.05200368639939123,-2.750933539296718,-1.1386105570341218,0.146035289386644,0.10825202701332948,-2.8862782992596845,0.43550792046049835,-0.1353447599629667
1785126556602146484,0.429391,-0.7524658171430755,0.02413672340842919,-0.052022734876134485,-2.7495774157358492,-1.1376857624980934,0.14752081702927355,0.10682641456566482,-2.884619301531451,0.4345700094764287,-0.13504188579560195
1785126556635505615,0.306525,-0.7518411771099668,0.0251597609546468,-0.051676515383708405,-2.748655245886725,-1.1378413785127546,0.149025748661017,0.10713571435286119,-2.883146414183381,0.4353851888929714,-0.13449116829665586
1785126556668864746,0.32218,-0.7512966066469539,0.025827098142007832,-0.05126019474479977,-2.748360812270979,-1.1358853536624056,0.14929050125888502,0.10611305654947117,-2.883251641138309,0.43349516313685144,-0.13489082886733028
1785126556702223877,0.271317,-0.7510032783929008,0.026309479417065997,-0.05100667026148858,-2.748397086783088,-1.1356485499534184,0.14932407584664456,0.1064106155635206,-2.8833951489764993,0.4334337062863351,-0.13499806219341126
1785126556735582764,0.183027,-0.7509061764998686,0.02657264957268694,-0.05080994500553953,-2.747457453981215,-1.1363303122727546,0.14960225921892575,0.10863683719987142,-2.8822159176402966,0.43486932018899854,-0.1347584636590815
1785126556768941895,0.141224,-0.7509201047919375,0.026744393280261174,-0.05070734948963476,-2.7461309740585143,-1.1362975787124017,0.14972402240558252,0.10667083708203201,-2.881044367929757,0.4340595353101991,-0.1349133938712428
1785126556802301025,0.166417,-0.750951709453742,0.0269244469923243,-0.05065882680909529,-2.745446783826667,-1.1359936841732874,0.1492518576413988,0.10620026017160561,-2.880786449046016,0.4333890756127263,-0.13533966521934904
1785126556835660400,0.160132,-0.750945034596603,0.027091677719212018,-0.05063626037808162,-2.744695355992553,-1.135030676229754,0.14911381304326693,0.10748505382065413,-2.880256067355142,0.43291284529536256,-0.13556071136258918
1785126556869019531,0.121905,-0.7509077991901469,0.027269477958869838,-0.050628693533353884,-2.744331454925551,-1.1359283291407627,0.1494299637593603,0.10522558602505167,-2.8797882684363603,0.43296021668409035,-0.1354568135108094
1785126556902378662,0.194781,-0.750814285287847,0.027453421709199507,-0.050627962635448685,-2.7439659991620156,-1.1361377758942681,0.14958616657240856,0.10756119499588197,-2.8791045770254855,0.4340672866884216,-0.13513857786346994
1785126556935737793,0.098379,-0.7511171507270935,0.02702706620387486,-0.050668334168899425,-2.743330041510621,-1.136208701251959,0.14931133899831733,0.10733557373866082,-2.8787839527214154,0.43383658279653114,-0.13545391121079445
1785126556969096924,0.080179,-0.751953063479899,0.026904915343219347,-0.05040865343880398,-2.7433695233041218,-1.136351569468088,0.14931975470481018,0.10633519862150433,-2.878263813116313,0.4328004614837877,-0.1348942898121912
1785126557002454346,0.068695,-0.7529597420702038,0.026536709449166387,-0.05038518060978373,-2.7416566493272745,-1.1372710926204643,0.14792970099545327,0.11085234036477805,-2.8768870517631107,0.4340841055928498,-0.13523040243583617
1785126557035811768,0.061502,-0.7537043715710737,0.02569857056497763,-0.05035269989138371,-2.7388084039025182,-1.139146621789087,0.14650930673436338,0.11059435865823436,-2.874149688841622,0.434815958633867,-0.1353412849391038
1785126557069169189,0.068237,-0.7550810388317895,0.02419185537264462,-0.050641716631246045,-2.736580687854576,-1.1404788402834836,0.14516591949218494,0.1090793593576209,-2.8717317681087113,0.4343696716719982,-0.1351510802541354
1785126557102526611,0.052064,-0.7566505444750324,0.02251006720324084,-0.05137751530354761,-2.7344918891045147,-1.1423739496967595,0.14313253480991198,0.10790226568327267,-2.869796099042204,0.4343988647068228,-0.1353042099376891
1785126557135884033,0.507941,-0.758367712571869,0.02077126930162175,-0.05249814454941919,-2.7330969429199916,-1.1453275714531284,0.14163998716389298,0.10665504247841112,-2.8679644550713954,0.43551913423429406,-0.1348675121514038
1785126557169241455,0.033686,-0.7599920409894892,0.01898959945855354,-0.05343492920123878,-2.732319116563691,-1.1455929212998968,0.13979740924591932,0.10542243087003368,-2.8675993042348136,0.4341868568376932,-0.1352801876711225
1785126557202598877,0.094385,-0.7618773175999923,0.01719754175796185,-0.053449364528944526,-2.730914827841737,-1.1476917436122125,0.13837365813496613,0.10514072042316679,-2.866205978367521,0.434381442449456,-0.13529115052578433
1785126557235956299,3.278959,-0.7639540008439437,0.015082242324938233,-0.053582167695855575,-2.7293004823504554,-1.1490139000737678,0.13646929617098041,0.10570648819679046,-2.8650051690741365,0.43402628806604565,-0.13570468672368108
1785126557269313721,3.113457,-0.7657212104821495,0.013352501996364903,-0.05371184909677307,-2.727435950392287,-1.152200724835725,0.13536797395426303,0.10499296337950613,-2.862631162555967,0.4352486736512993,-0.1351952121636799
1785126557302671143,3.271726,-0.7673328666277522,0.011652552066387857,-0.05374508212486049,-2.725350819664703,-1.1542615408166066,0.13376841386733276,0.10636477553411879,-2.8603128095921875,0.43618946471975995,-0.13496198992748454
1785126557336028564,3.065455,-0.7688210293159976,0.009602396942038344,-0.05368236359297707,-2.7239641870081943,-1.1539547279533873,0.1310703961690394,0.10415467476753044,-2.8596239034510313,0.4335838688659239,-0.13565971644283703
1785126557369385986,3.033229,-0.7701084664465015,0.007579988993045917,-0.053616107981714095,-2.7228862285961166,-1.155609525759366,0.12918123767071607,0.10462031665479332,-2.8584599750299056,0.43409295835460665,-0.13557374643378894
1785126557402743408,2.941159,-0.7710764008438845,0.005259470851156023,-0.05362678842791119,-2.722207069232031,-1.1555745291237365,0.12684694483628678,0.1043204080300136,-2.8580965068125925,0.43309310933067574,-0.1358894375805617
1785126557436100830,3.217207,-0.7718576576823633,0.0024066617567929834,-0.05363546912488462,-2.721038648165478,-1.1549130541612838,0.12366209589311444,0.10451551277703794,-2.8578001353257925,0.43179399041180855,-0.1367614871603147
1785126557469458252,2.944178,-0.772621991726007,-0.0010571848341667796,-0.05364380964500728,-2.7190218178753276,-1.1565676092005681,0.11895916908300504,0.10426346863427657,-2.856513023297973,0.4321491304157224,-0.13749120542264537
1785126557502815674,3.046896,-0.7732367758126306,-0.005130668946105549,-0.05370336203931012,-2.717972575005366,-1.156589830958986,0.11256096143024974,0.10264668362852462,-2.8562638515572805,0.430414011773575,-0.13829127655191442
1785126557536173096,2.82465,-0.773823987301121,-0.009849007044578528,-0.05380228875460333,-2.718540531508056,-1.1579027389744836,0.10710501641016805,0.10162642710156333,-2.8568928905184485,0.4305262091927958,-0.13835235901039233
1785126557569530518,2.974336,-0.774661589683394,-0.014932571885665297,-0.05419472437514979,-2.720849035312895,-1.1586303777432876,0.10250026173326668,0.09896948108487623,-2.858643201589343,0.4297461744450511,-0.1377941662764477
1785126557602887695,2.800973,-0.7754367907706866,-0.019432652013631608,-0.054636481083596464,-2.7239529593951026,-1.1645249217878082,0.09780310792283982,0.09791221995290825,-2.860808832226925,0.43405633654423664,-0.13685587283182254
1785126557636245117,3.277531,-0.7760598260303809,-0.02385849355073351,-0.055459648285440304,-2.725692133091704,-1.1693110487470293,0.09347681998255106,0.09925681107017709,-2.862335469185723,0.4385787076063219,-0.1366433360940191
1785126557669602539,2.698134,-0.7767650329767221,-0.027506992236492618,-0.05587504220154754,-2.725571300136311,-1.173013706323575,0.09002684429032362,0.10121678682958564,-2.862031622752144,0.4421595375045077,-0.13646032261583319
1785126557736317383,3.040184,-0.7789614537184606,-0.034045723067023574,-0.0558938093470543,-2.7253303243195384,-1.1778565758769166,0.08316250197813585,0.1011799235141838,-2.861689355114134,0.44444037176544826,-0.13635903079459544
1785126557769674805,2.824375,-0.7799933041225611,-0.036831551546750683,-0.0556782364396598,-2.7256228146649604,-1.1770528813967518,0.080112640666183,0.097714874740791,-2.8629374944404957,0.44143141999082114,-0.13731467977553535
1785126557803031982,2.785956,-0.7806162164865419,-0.039472105945987816,-0.057094900202588325,-2.726519613908378,-1.1793063893483162,0.07790430117372313,0.09901771080528252,-2.863560304206655,0.44396196030806334,-0.13704069029827703
1785126557836389404,2.882237,-0.7808464079107924,-0.04187265873252538,-0.05806034436035191,-2.7272940324722708,-1.1798056668965455,0.07563894196918043,0.0987057230816228,-2.8646131750204225,0.4444694213679498,-0.1373191425481517
1785126557869746826,2.684786,-0.7807146076913605,-0.04388111515090623,-0.05847857130458389,-2.7279597933810806,-1.1796398305103324,0.07368193590605053,0.09913083157291795,-2.865433598273467,0.4447506360314617,-0.13747380489238648
1785126557903104248,4.046287,-0.7804761755483619,-0.04505711488989105,-0.05858265650053501,-2.7278427510648826,-1.1799356361213662,0.07204378527296969,0.09896908730068397,-2.8658611216203465,0.4450876693810252,-0.13801837055546384
1785126557936461426,0.753284,-0.7799555686925062,-0.04644723013114991,-0.05696482669083445,-2.7272674685019918,-1.1811203266182528,0.07167247414888253,0.0997221653672511,-2.864924289894721,0.4465828490000885,-0.13765682139272917
1785126557969818848,0.833433,-0.7794291642569321,-0.04737573822858896,-0.05546734936202527,-2.7274949001747126,-1.1789961409116354,0.0694830489576686,0.09917356554871157,-2.8658974606146805,0.44409858988748546,-0.1384025604399679
1785126558003176514,0.82132,-0.7787011757100836,-0.04824196553668607,-0.05500512387707116,-2.727230212884745,-1.1770688000091594,0.06696967645913873,0.10015363567509375,-2.8663072672794465,0.442769383773122,-0.13907705439470155
1785126558036533936,0.820645,-0.7779967358887633,-0.05002058257131616,-0.05497318911569981,-2.727298694147706,-1.1768458298206466,0.06519682267756097,0.09916210417476125,-2.8657459237734155,0.4428468570965641,-0.13844722962570932
1785126558069891602,0.916296,-0.7769440327494425,-0.052898373855034,-0.055115722174343205,-2.727772415656384,-1.1787724107217095,0.06231149877885757,0.10019905461560251,-2.8652775800213663,0.44593950260708154,-0.1375051643649825
1785126558103249023,0.834796,-0.775666742581817,-0.056720404895662005,-0.055581834265302575,-2.7281648739570925,-1.1798480149468231,0.05952382791306814,0.1008286971903263,-2.8649106410436067,0.44870867714154783,-0.1367457670865142
1785126558136606445,0.940456,-0.7746133070004833,-0.05996997964539843,-0.05596072384306729,-2.7270853897942584,-1.1735859488209515,0.051729126187434825,0.10238360032744749,-2.8665158515129803,0.4435411865453705,-0.13943046171872187
1785126558169964111,0.976503,-0.773850209187354,-0.06283104971946231,-0.05801527644380113,-2.7224854344701255,-1.1740106147145304,0.04826721504672649,0.10452660541993758,-2.8613334488335473,0.4459720147560136,-0.13884801436342184
1785126558203321533,2.296944,-0.7726196190533988,-0.06555822596905685,-0.05848041877364859,-2.7191815601503313,-1.1728207224818825,0.04452189385231454,0.1026347983561674,-2.8581171624123343,0.44523776699203216,-0.13893560226200297
1785126558236679199,2.274964,-0.7715023675336321,-0.0693778011336197,-0.05744432910991054,-2.7182664528729177,-1.1694770656409248,0.040947741701080294,0.10062956801505026,-2.85761147923942,0.4422023775237246,-0.13934502636650237
1785126558270036621,1.025266,-0.7703382366038592,-0.07263170375545222,-0.05632924171086735,-2.7189761028547736,-1.1661566449498375,0.037593123413274206,0.1004765319092928,-2.858518251992794,0.4397837827279857,-0.1395421491380202
1785126558303394287,0.937336,-0.768863524609856,-0.07540793947181111,-0.05528780359188517,-2.7210693645450603,-1.157729314873,0.030542744231057576,0.09846337960463383,-2.863117505022543,0.43137173823561314,-0.1420481404774825
1785126558370109131,1.067116,-0.7648488719433391,-0.08328316405178394,-0.054010826453323356,-2.7242450516049543,-1.1586060349042504,0.0185544514532643,0.10692964371897659,-2.865695961399706,0.4373984890852513,-0.14145090979475183
1785126558403466797,1.150608,-0.7628780023566069,-0.08989209154873738,-0.054264258417920194,-2.7267357730551747,-1.152592897174008,0.009194713899999712,0.1049798667281243,-2.8703168686135236,0.4324980758917929,-0.14358109555834897
1785126558436824219,1.17449,-0.7611968597769837,-0.0968227870032924,-0.05518994824867229,-2.7286943595972355,-1.1500323777422385,0.0010896559955183966,0.1085952806782049,-2.8728613321133407,0.4331345146024881,-0.14416697251610522
1785126558470181641,1.206001,-0.7586412280110905,-0.1030111688288533,-0.055585847353216505,-2.73049279506883,-1.1610242042983747,-0.0006234171496969612,0.10032090982780212,-2.8692818899866968,0.44351124927607743,-0.13878909491786695
1785126558503539307,1.193173,-0.7569990601878615,-0.11010682116307872,-0.05459784467630047,-2.7349439044989943,-1.1660561226907626,-0.0059203293718441035,0.1024472448705797,-2.8715677559643242,0.45038390913314724,-0.13662385146532996
1785126558536896729,1.1801,-0.756853895533952,-0.11513191678391646,-0.05418283267348072,-2.735389310542657,-1.1698718263610182,-0.011227534385285618,0.1140072158671833,-2.8710722038856673,0.4578949926505236,-0.1356828933430103
1785126558570254150,1.322236,-0.7567051331362193,-0.12047923415232982,-0.05272458820929576,-2.731695831095872,-1.168694964534629,-0.018844131951633997,0.11658775709659677,-2.868998876379427,0.45687195738852,-0.1373030452835553
1785126558603611816,1.99412,-0.7562380928606165,-0.12413931028282262,-0.05089006249121463,-2.727272649903788,-1.1703323076096113,-0.025543374989916896,0.11462050164732794,-2.8654755201086095,0.45671536429851806,-0.1382028702048217
1785126558636969238,1.954264,-0.7572047811368089,-0.12758448739206038,-0.050261379723752324,-2.723754017620888,-1.168785688761999,-0.03120186852900833,0.11341004792544798,-2.863004564854329,0.453295476449085,-0.13925054723344132
1785126558670326660,1.927283,-0.758472281719881,-0.13105768472066814,-0.05073040517663709,-2.7233711252459534,-1.1694768339645811,-0.03420026943706519,0.10665085474511217,-2.8615252428276716,0.4506383936548726,-0.13815411758171825
1785126558703684082,1.985417,-0.7580508147080841,-0.132773743368446,-0.051438220288570674,-2.7250211621915383,-1.1752572306053162,-0.03362369828370503,0.10676969524882735,-2.8608203601110387,0.4570795001362551,-0.13579919791950035
1785126558737041748,0.597417,-0.758824165480394,-0.13320966088896474,-0.053126520030819184,-2.721741178278708,-1.1711267844605542,-0.039322661896429974,0.11153557519846735,-2.8615772964062254,0.4537860991734123,-0.1398361181275174
1785126558770399170,1.435022,-0.758892278783436,-0.13309759397596893,-0.054136478188455774,-2.7155524927490085,-1.173223968031916,-0.0385315837091635,0.1155009571823479,-2.8549507240224035,0.4575918907634446,-0.139398231273395
1785126558803756592,1.440308,-0.7592078481478598,-0.13236997675742168,-0.05322804936532408,-2.709907587408543,-1.1733317200596884,-0.03844272534239194,0.11300868045214989,-2.8491160103238626,0.45602144706804604,-0.13920842291531965
1785126558837114014,1.431526,-0.7592826462987603,-0.1313526075990523,-0.05246922549511908,-2.7067296580153193,-1.1716636150560316,-0.037838058674682554,0.10988865158205101,-2.8465441332734027,0.452949350924272,-0.13981447525808344
1785126558870471680,1.469719,-0.7592139363198278,-0.13003571597068384,-0.051960580306259094,-2.7059497242787036,-1.1707406522331487,-0.03500100128089566,0.1084533483853134,-2.8450939178000154,0.45179471380798325,-0.1391441935213118
1785126558903829102,1.535086,-0.759167058260137,-0.1289316733405841,-0.05179244486575154,-2.705698747940432,-1.1714749570362373,-0.03515509158631701,0.10795021580770313,-2.8449147896141063,0.4520061596015172,-0.1392160416736741
1785126558937186523,1.527972,-0.759106367387938,-0.12831604951125963,-0.051719160204639895,-2.7054144678732754,-1.1703404768088332,-0.035669106892429615,0.10917152365727018,-2.8452698552594913,0.45120146374027503,-0.13985538738621583
1785126558970543945,1.622903,-0.7590473901089139,-0.1279227465068804,-0.05167257935172055,-2.705172614963127,-1.172554571126919,-0.03601269814589295,0.1102898437771098,-2.844725025926131,0.4535057576800305,-0.13955241096300375
1785126559003901367,8.257894,-0.7590438019861296,-0.1278423085447812,-0.05170241317132419,-2.704661263556143,-1.1691625792130758,-0.037099634663000314,0.11003302060174859,-2.8450006085344346,0.45009998315385963,-0.1403393449782917
1785126559037258789,1.531192,-0.75903751656118,-0.12802759975886893,-0.05173335646408924,-2.7030973492403905,-1.1700473474262734,-0.036988465591165205,0.10950842774837077,-2.843392656185253,0.4507949844372443,-0.14029530694486247
1785126559070616211,1.685489,-0.7590748044452567,-0.12813429222180298,-0.05172059980114356,-2.700663609590128,-1.1677598933199416,-0.03907196746749972,0.11123636965303722,-2.842354667695362,0.4488992909916888,-0.14169105810523375
1785126559103973633,1.680941,-0.759114666898434,-0.12815026461333429,-0.05174663876797947,-2.697277831231981,-1.1677682614586091,-0.039356172284273,0.11141147691649315,-2.839432067686236,0.44889054556005253,-0.14215423645425496
1785126559137331055,6.559422,-0.7591408078689862,-0.12817657205693078,-0.05177129633708821,-2.6953260996068464,-1.1718873765872269,-0.037962154722079595,0.10975113503111265,-2.8351384654606235,0.4523139030793142,-0.1398123658537771
1785126559170688477,1.781454,-0.7591463842652593,-0.1281015088808449,-0.05178947687335955,-2.692070887096935,-1.1673470705862101,-0.03971194284754034,0.1108407053654172,-2.834031662866987,0.44820652814463663,-0.14196077577005184
1785126559204045898,1.816303,-0.7591668727055992,-0.12806498950504552,-0.051777835987597706,-2.689024982045202,-1.1681462608632232,-0.03987704383829659,0.11206026719783471,-2.830830594207023,0.44931523205218216,-0.14180561216182097
1785126559237403320,1.869748,-0.759149258618761,-0.1280003099682244,-0.05181532360422833,-2.6867376681406037,-1.166768432164104,-0.039794464673233165,0.11067497134201437,-2.828744454817169,0.4475899437405954,-0.14200678667656552
1785126559270760742,1.831165,-0.7592078145774012,-0.127940299013372,-0.051908753862015496,-2.6839912076627903,-1.1671092737194655,-0.0406187200260499,0.1123816396315558,-2.8262320278470163,0.448330226419474,-0.14224082018422599
1785126559304118164,1.920612,-0.7592060612370852,-0.12800649838843076,-0.05187912374131429,-2.6813445284214326,-1.1701904609213722,-0.0391235743095644,0.11125962091313528,-2.822116063512826,0.4510239472401582,-0.1407715350913934
1785126559337475342,1.828855,-0.7592506002231592,-0.1279923838997369,-0.05184692255639911,-2.678722311348956,-1.167408911457224,-0.040425104620518786,0.11144385814261983,-2.8208193989609045,0.44824671163445623,-0.14209708761194847
1785126559370832764,1.978146,-0.7593245739538583,-0.1278546183836235,-0.051910062055294075,-2.6752084138282837,-1.1700053275059443,-0.038957732496817714,0.11091177807276772,-2.8164369372490383,0.4506354283466504,-0.14122852342075465
1785126559404190186,1.476738,-0.7593791325710246,-0.12773176564043026,-0.051961744662166805,-2.6710590154275144,-1.1673063198324005,-0.04002904133962336,0.11104984486977948,-2.8135248758501503,0.44796108790663136,-0.14246586042263587
1785126559437547607,1.32721,-0.7594521505026169,-0.12756763942858895,-0.05202761217828262,-2.666411368263293,-1.1660978666893151,-0.04025500464540044,0.11372522797332445,-2.8095580561295574,0.4477256288220492,-0.1431466878662646
1785126559470905029,1.861704,-0.7595591064044893,-0.1273143651982053,-0.05199061924121891,-2.6606764905688647,-1.1663149412336271,-0.03907246863242151,0.11460535242623382,-2.803325222159149,0.4483203756833923,-0.14264873159028424
1785126559504262207,1.314738,-0.7596646163368396,-0.12712280521902447,-0.05193044276732205,-2.654849879531119,-1.165659434700967,-0.04070751755219944,0.11448191520022062,-2.798469844080091,0.44720517367912743,-0.14361996454897197
1785126559537619629,1.589832,-0.7597992657962956,-0.1267696841931113,-0.0518928281512113,-2.6477560330197663,-1.164550699426177,-0.039159308871543286,0.11234167550836616,-2.791476937919808,0.445502270568555,-0.14372090490004163
1785126559570977051,2.205355,-0.7600391655783432,-0.12653965337996637,-0.05190775118148296,-2.6410062756651054,-1.1633779119571266,-0.03877932045109932,0.11139275534241572,-2.7841989762403454,0.44390435433453007,-0.14319270057524003
1785126559604334473,2.05686,-0.7601462211264828,-0.12630791897283145,-0.051803527508995466,-2.6347085550946066,-1.1643318122920923,-0.038325900963087446,0.11173474603024866,-2.7776261075952546,0.4448051196998038,-0.14291755250064808
1785126559637691650,2.116975,-0.7602673294520494,-0.12627458901617084,-0.051646888788834576,-2.628395928332399,-1.1636680269731023,-0.039007430823480224,0.11075370105841179,-2.771797707471143,0.44353312304971504,-0.14340177913874363
1785126559671049072,2.234556,-0.7603283811441881,-0.1263997776748587,-0.05144515479446093,-2.620938822785804,-1.1636900781942168,-0.03866020609599395,0.1138296609866414,-2.7640875523534443,0.44465116192291587,-0.14314872956764013
1785126559704406494,2.175945,-0.7604353783251588,-0.12659054801720232,-0.0514181301901149,-2.613110032707989,-1.1638409163188383,-0.03935326571770603,0.11451461838401339,-2.7563800753681598,0.44483710339441884,-0.14327004266017074
1785126559737763672,2.102308,-0.7604697100094657,-0.12690708121984584,-0.051413768839872004,-2.6059650988120127,-1.1653773197325377,-0.037349637531918056,0.11268537138155652,-2.7475765078785788,0.4459812058293263,-0.1416114090665661
1785126559771121094,2.366278,-0.7603510165599944,-0.12739237392092803,-0.05131314778452588,-2.5988375490224227,-1.1636108578963433,-0.0394393508395842,0.1125486091706409,-2.741584962178406,0.44407759377860856,-0.1427474131559832
1785126559804478516,2.154841,-0.7601554781154201,-0.1279525648257909,-0.05119590411977367,-2.591359565252783,-1.1622381743696277,-0.04065422296130136,0.11390781042659329,-2.7344820730035777,0.44334042413967956,-0.14312250775079471
1785126559837835693,2.255487,-0.7599479873443392,-0.12846386637958326,-0.05112763106140174,-2.5835574304136153,-1.1625641423809974,-0.04115157631793033,0.11531104930281418,-2.726311184902922,0.44432537471282707,-0.1427537544893065
1785126559871193115,2.402393,-0.7598396406863628,-0.12897028956777062,-0.051029210555206886,-2.5761101172789096,-1.1613641778629744,-0.040979493886165924,0.11384955155862647,-2.718798147992758,0.4428875029573132,-0.1426880307138485
1785126559904550537,2.328285,-0.7596327475959687,-0.12941433257602064,-0.0509001975639307,-2.5686724095618727,-1.1596732351935481,-0.04274732196688433,0.11513407795362926,-2.7117884648976576,0.441713643769212,-0.14311605533578486
1785126559937907715,2.260847,-0.7593717669400121,-0.13020874080616726,-0.05079779616813303,-2.5615682964536894,-1.1619573865683166,-0.04300334610226941,0.1135848861833386,-2.7039263084629863,0.44351057287739304,-0.14235801200929687
1785126559971265137,2.431595,-0.7590120425257268,-0.13101607920461972,-0.05065921392796696,-2.5543358139356047,-1.159232832342093,-0.04470156708584388,0.11494047636008742,-2.6970654764337416,0.4416448041435989,-0.14272966249813693
1785126560004622559,2.467398,-0.7585591327172985,-0.13373640606997564,-0.051110267259808106,-2.54608798339547,-1.1594739362125213,-0.046082345431885316,0.11544215576638858,-2.6895243026818196,0.4428945965168872,-0.1434363192863497
1785126560037979980,2.380414,-0.7584599290854056,-0.13508994767567847,-0.052409475985633155,-2.534297600795422,-1.1578565881789373,-0.047518657811575986,0.11372089823505964,-2.6783269004021193,0.4413453560900408,-0.14402929960669741
1785126560071337402,2.575719,-0.7591839365955589,-0.135801550928349,-0.053149820569398376,-2.5197300236418347,-1.1577126226785457,-0.05106222996793168,0.11593233130904866,-2.6653294908711147,0.44112882498393896,-0.14559946722927997
1785126560104694824,2.317552,-0.7595044830011867,-0.13592030596460994,-0.05151536953693511,-2.506191423811353,-1.1614922575732927,-0.04817643860844449,0.11507386140008441,-2.649750614550846,0.4438976560292229,-0.14355919073949286
1785126560138052246,2.431556,-0.7604063833778887,-0.136922845646808,-0.04998406816841007,-2.4951245718736232,-1.1577735945313044,-0.049158215017956634,0.11391587902867266,-2.638579306039431,0.4387100677901847,-0.1434547341658079
1785126560171409912,2.647848,-0.7611393237110627,-0.13809906169971364,-0.049284541622678486,-2.483595650290936,-1.1659958345107986,-0.050431738359473906,0.11442242154978098,-2.625817910102115,0.4454147771568965,-0.14222225981117909
1785126560204767334,2.564203,-0.7616665693137425,-0.13931977078374905,-0.04893930877967746,-2.4716111864882073,-1.1603509851032634,-0.05255886984321512,0.11526394747089048,-2.615554037510158,0.4398174924769755,-0.1439428510219507
1785126560238124756,2.581171,-0.7617882694379828,-0.14066360023617439,-0.04884781995625022,-2.4598091733544556,-1.1646987155356705,-0.05315932249665589,0.11318952370870664,-2.6022242367703954,0.44300104620570346,-0.1424150634159398
1785126560271482178,0.624327,-0.7613078790134182,-0.14233811348568598,-0.048756792532727806,-2.4462137278137925,-1.1624812538119729,-0.050944599597647355,0.11580428073493561,-2.589213470973071,0.4431401560037975,-0.14299974315927866
1785126560304839600,2.434122,-0.7604408780132439,-0.14389308597876527,-0.048686317683439895,-2.434899670651724,-1.1627395866892154,-0.057096724841705165,0.11274181120853927,-2.578393967397718,0.44208245849225297,-0.143494296745994
1785126560338197021,0.886031,-0.7589874178541154,-0.14567702403294855,-0.048694957208518734,-2.4212712169611263,-1.1586154390212524,-0.0541997290979984,0.11247980736303478,-2.564565000390803,0.4405087462528676,-0.14329378342967658
1785126560371554443,0.585583,-0.7571614495175006,-0.14750783365838013,-0.048680880042081806,-2.4072855482090905,-1.1561398850074007,-0.06369545922080594,0.11076918330393568,-2.5537823674739886,0.4377586421715527,-0.1464968192648981
1785126560404911865,0.494229,-0.755418434645254,-0.14908173164091837,-0.049400939141513105,-2.395058196928774,-1.1553089560274423,-0.06540793454468279,0.10926967093740053,-2.540173969172628,0.4382808413730117,-0.1451157722438543
1785126560438269287,0.627465,-0.7529432563780859,-0.15126524057079188,-0.05203531183147024,-2.3814540538785236,-1.1486090612908284,-0.07281618719603379,0.11292448863312186,-2.5296281415800648,0.43579515706575045,-0.14817408770154117
1785126560471626709,0.403311,-0.7505075593897912,-0.15344885934737948,-0.053276599577202315,-2.3668002021379078,-1.1463066935094086,-0.07295841384206206,0.10917360427238759,-2.5146869902737796,0.4353455353144864,-0.14788678813587186
1785126560504984131,1.041756,-0.7486909768567281,-0.15511506185140816,-0.05381135672919067,-2.3533995310188924,-1.1449266032617815,-0.0778487088626712,0.10938731088621975,-2.5008472342985386,0.43543836079085907,-0.14744770327964618
1785126560538341553,0.625675,-0.7463361318666236,-0.1572114454058927,-0.05401900646974637,-2.3408401761975544,-1.1420121223825688,-0.07825022315232529,0.10957022896381899,-2.4872401732624914,0.4353800661953761,-0.14639999706493703
1785126560571698975,0.404859,-0.7442803942298597,-0.15959465553093063,-0.05405196037520291,-2.331553042821068,-1.1417706366556508,-0.0759838993370307,0.11043481515931941,-2.4744332748378475,0.43822956392828444,-0.14288023201677946
1785126560605056396,0.324712,-0.7418645552125007,-0.16117498567044086,-0.054222534893315945,-2.327361457123245,-1.1426479870935013,-0.08186399359622572,0.10745335640370639,-2.47031563004964,0.4393821645911398,-0.142954172926395
1785126560638413574,0.412892,-0.7386235411078119,-0.16438922795296354,-0.05297786441808941,-2.3249564331887367,-1.1409862409550267,-0.07637360844008527,0.10872878492663797,-2.4648512043091246,0.4424833691212295,-0.13989477112038795
1785126560671770996,4.849821,-0.7370454040257708,-0.16653093697323484,-0.0517357889625703,-2.323813131077208,-1.1350440723672,-0.07806447897403138,0.10925500894108274,-2.4632904712310584,0.4383460861033558,-0.13947734015385027
1785126560738485840,7.713487,-0.7329266992141162,-0.16820876167992863,-0.050307575740281066,-2.311399508961299,-1.1285085297355322,-0.09816512238397819,0.11096147928888539,-2.4531901981915056,0.4328958352242439,-0.14179068923020655
1785126560771843262,3.020258,-0.728457628345296,-0.17381779968093108,-0.050437591140167964,-2.308393302243034,-1.1264234139706324,-0.08140168944319277,0.10744281210023773,-2.4430815647072053,0.43799968685744295,-0.13468826246417145
1785126560805200684,5.907286,-0.722757449808126,-0.1813634250496497,-0.050014448157959995,-2.3079384603088062,-1.1216235324391883,-0.09811429286861932,0.0925656350376555,-2.4471079595736716,0.43168698151138724,-0.13916949926486535
1785126560838558105,3.136924,-0.7201996016193523,-0.1854760854789695,-0.050496567925942815,-2.307608509686947,-1.1199971026058038,-0.10876461763849725,0.10377129744163283,-2.447564950366753,0.43534040172986466,-0.13995644067980617
1785126560871915527,2.955289,-0.7171115984395063,-0.1915017238791557,-0.049935318439745614,-2.3104494339906503,-1.1274570591264654,-0.1211657699758892,0.11429679173494071,-2.4489944065785676,0.447551929423062,-0.13854497258791731
1785126560905272705,3.219253,-0.7132946186899047,-0.19887897749655947,-0.04777510975223248,-2.3130097618984276,-1.1239504876354016,-0.12724801348776849,0.1159215103921858,-2.451671012921383,0.44784575598180654,-0.13866125102295523
1785126560938630127,3.098892,-0.7100002257182922,-0.20346140278276387,-0.04655108059968499,-2.31227762809938,-1.1170182008038698,-0.1420879974058861,0.11939136095917842,-2.454723423219452,0.4438098926802277,-0.14244579512007194
1785126560971987549,0.001463,-0.7062908894584616,-0.20977935004684473,-0.04580119356693246,-2.3099369067006243,-1.1092073757901055,-0.14912735782905487,0.1165643734133885,-2.4531151481981603,0.43861479279507404,-0.143178241497536
1785126561005345703,0.117754,-0.7029447339141732,-0.21622511033196667,-0.04554551849103807,-2.306927203103216,-1.1114543358754576,-0.16107983141303756,0.11155790024021597,-2.4497600548150658,0.44113782524134254,-0.14283285171184978
1785126561038704102,0.093611,-0.6981839703728517,-0.22369304228271586,-0.0458670841110099,-2.3045832716347383,-1.1090554344349468,-0.16927127450996146,0.1164085233091398,-2.4470877631403543,0.4450960138572571,-0.14250449150561598
1785126561072062500,0.046642,-0.6923952305857789,-0.23077171547868403,-0.046131631372626145,-2.3051871011957283,-1.1070515357747504,-0.1791245379256737,0.1239812246557339,-2.447977932199519,0.4511603552710357,-0.1427908310037909
1785126561105420654,0.012667,-0.686930915979517,-0.23747641732136363,-0.046835348642566124,-2.3057922639756323,-1.1013275783752405,-0.19080763487831534,0.11762910621642911,-2.450990658279646,0.44827572538728694,-0.1451983943040136
1785126561138779053,0.391928,-0.6821801028349809,-0.2431400933591868,-0.04853082442986578,-2.303282261835934,-1.0898591550157852,-0.19473096534144926,0.1164417577716481,-2.4497475850026023,0.4424495520855592,-0.14646532316666816
1785126561172137451,0.137662,-0.6770047935133959,-0.2488851452683773,-0.048869655232389876,-2.297673200891996,-1.0862809787042,-0.19680897927697238,0.11601976711495927,-2.4420312870670062,0.44430557551165645,-0.14435808617501023
1785126561205495605,0.091466,-0.6718338208674652,-0.25453104398405046,-0.04709811357593234,-2.2959368257646595,-1.0800510878840428,-0.20614960529601836,0.1176737001534813,-2.440243163217515,0.44286775825260544,-0.14430633745285573
1785126561238854004,0.133014,-0.6669817701944426,-0.25860518177397596,-0.04597035648724885,-2.2967516921751296,-1.0767297444066017,-0.20380157421306228,0.11796638290287005,-2.4357291358348196,0.44471574325013796,-0.13897744365968998
1785126561272212402,0.169078,-0.6618620629945143,-0.26345510377288306,-0.045695719951114044,-2.298838765976703,-1.071002201876505,-0.21000563131414268,0.11720336874646407,-2.4371267218624033,0.44360862530951056,-0.13828795588570042
1785126561305570801,3.209488,-0.6561220425860723,-0.26934598660794845,-0.04559959556530859,-2.301948908961207,-1.0652953258106388,-0.21552085404804625,0.11338043845426686,-2.4388883793528895,0.442260750934025,-0.13693947039168242
1785126561338929199,3.084256,-0.647960088285389,-0.27986478040317236,-0.0454726716848678,-2.3035922541591116,-1.0562999284829768,-0.22908895043480448,0.1062148508653124,-2.4437927755741398,0.43855297798439313,-0.14020052141502815
1785126561372287598,0.302067,-0.6420528683468484,-0.2866423311130729,-0.04572452184406479,-2.3028112350889227,-1.0478121768796194,-0.24085710288050316,0.11047461531702804,-2.4450106001711966,0.43718997476517096,-0.14219936508227393
1785126561405645752,0.331926,-0.6355954767339047,-0.29303579399324914,-0.04574267800287956,-2.3055264130481294,-1.0461426473903206,-0.2627900936534288,0.1316073016059778,-2.448684727450312,0.448237433722683,-0.14315831440218263
1785126561439004150,0.311246,-0.6262976284314753,-0.3025420712493574,-0.04343649096847503,-2.3136453620438298,-1.0444970469662753,-0.2719510233225107,0.13494659885454308,-2.4548535487409624,0.455683105470144,-0.14120818669713264
1785126561472362549,2.965038,-0.6177694825168022,-0.3119033526569543,-0.040770262431294946,-2.3132780854498427,-1.0314135821033246,-0.28696312179649247,0.13116127639844197,-2.462521164244139,0.44864675445441404,-0.1492430787942962
1785126561505720947,3.070357,-0.6135342875239194,-0.3168325687653851,-0.039174852504916396,-2.311511304741168,-1.0248303839911668,-0.30253044188417744,0.13466446069241497,-2.4620380099502697,0.4467540001112931,-0.1505267052091015
1785126561539079346,2.88838,-0.6068789640223974,-0.3242113136027476,-0.03784906820752841,-2.310963926288499,-1.0172548381465023,-0.313891854306801,0.13791309918501307,-2.4618131918103776,0.44655032055727795,-0.15084926552187872
1785126561572437988,2.922644,-0.6003269321373467,-0.33203053855855075,-0.0370730375926469,-2.310147990683232,-1.0104518098562996,-0.3252138803528067,0.1392738051542517,-2.46177484478277,0.44648302442520627,-0.15162685409953802
1785126561605796387,0.506832,-0.5940296899993439,-0.33843098178988684,-0.03690988340733331,-2.3091579562900684,-1.0052516115642254,-0.332945829517614,0.13842295218579062,-2.4585187989499757,0.44707399712809176,-0.14936084265990734
1785126561639154785,0.35836,-0.5860956361295673,-0.3471664602475016,-0.037731932215059515,-2.306847597866747,-0.9981478975298743,-0.34139785964901187,0.13553234400856956,-2.4560921027266693,0.44703562754356607,-0.14924450485992224
1785126561672513184,7.187924,-0.5800389417203783,-0.35274315147897006,-0.03893438141994346,-2.306059238991189,-0.9892444588367332,-0.35257609843028226,0.1364518374939972,-2.4555052401941553,0.4452072651362657,-0.14944600120296636
1785126561705871582,0.583315,-0.5709809712830001,-0.35915325086387107,-0.03915114860166892,-2.297916577685895,-0.9820114045101016,-0.3502915463537851,0.12862481036728055,-2.4434937580041565,0.444042024197748,-0.1455771803182615
1785126561739229980,0.516381,-0.5643568139600934,-0.3648879562607249,-0.03703226372199068,-2.293632478795559,-0.9797946421174769,-0.35562908146044453,0.13475065798503133,-2.436407596074317,0.4496484048864088,-0.14277511727875813
1785126561772588623,0.605381,-0.5590297702518107,-0.36773397225252663,-0.03644807682856892,-2.2949495586811643,-0.9678251085919464,-0.3545331588660255,0.1428546963068283,-2.4352279977840503,0.4465841181420752,-0.14027843910288595
1785126561805947021,0.346759,-0.5539659519326937,-0.3730220818415958,-0.036128048661509676,-2.2954854617663805,-0.9614422672846334,-0.3615825764755837,0.14464460384580727,-2.4359764452090884,0.44592214763380345,-0.14049098344270794
1785126561839305420,0.586672,-0.5476828330295205,-0.3785316533603964,-0.035446184352947094,-2.295140730215015,-0.9560748328031986,-0.3678856810439568,0.14133035908177982,-2.435571876506714,0.4451374040837685,-0.14043114629169873
1785126561872664063,0.364311,-0.5425447790003874,-0.38325333901935543,-0.03527649718007572,-2.293404489771805,-0.9470332451218215,-0.37171682150015756,0.13678470515203378,-2.433701434671117,0.43971475732537385,-0.14029694489931188
1785126561906022461,0.83762,-0.5388252172007718,-0.3855720435271227,-0.03548677822505856,-2.2920720133252948,-0.9488747407053774,-0.38194824990364085,0.15188337323475218,-2.432479771109672,0.4508451144957124,-0.1404077577843772
1785126561939381104,2.52759,-0.5361254270712483,-0.3876918540424816,-0.036262619141261214,-2.292913164377099,-0.9473069171460442,-0.38215043023418155,0.15278575066361,-2.431480462100932,0.4525927653905131,-0.1385672977238328
1785126561972739502,2.556614,-0.5337214039965963,-0.38943641578916083,-0.03596446739959171,-2.2929371049084453,-0.9463426778857122,-0.38232544899190496,0.15317062821790253,-2.4312275953210745,0.4539592117238147,-0.1382904904126292
1785126562006097168,2.564913,-0.5328287486625577,-0.39029352265519884,-0.03651352750843326,-2.291894646520787,-0.9460925116466969,-0.3860863434934298,0.15262830156408325,-2.4319068343626564,0.4545099225068767,-0.14001218784186964
1785126562039455078,2.498105,-0.5329709378021983,-0.3900501474531702,-0.03486375418960641,-2.2917135838635803,-0.9462076711871944,-0.38315188882149404,0.15548075543468928,-2.431044760176771,0.4550200172904105,-0.1393311763131906
1785126562072812744,2.4406,-0.5332933968433644,-0.38933213307886166,-0.034106105196637544,-2.2916236819448987,-0.9479386949953291,-0.38355594716369523,0.15225808029111973,-2.4314783880023785,0.45463798481404244,-0.13985470605747974
1785126562106170410,2.497536,-0.5334101376464833,-0.38829495198377645,-0.03387607752336921,-2.291414403068608,-0.947569741716506,-0.3805679766155199,0.15296179483119812,-2.4310685407851698,0.4544186113461477,-0.13965413771656188
1785126562139528320,2.474597,-0.533064290582751,-0.38700055479638346,-0.033719605778934125,-2.291568369774479,-0.9473929979235045,-0.38105906517396915,0.15392645233840346,-2.432361160206901,0.45487868949047094,-0.14079279043242202
1785126562172885986,2.446179,-0.5324457468511828,-0.38504394100813794,-0.03350713559606294,-2.291259166737615,-0.9460895526775641,-0.377408280685089,0.15246903175655446,-2.431640138526128,0.45359302930079376,-0.14038097178851316
1785126562206243652,2.346951,-0.5311908386721823,-0.3833345514197535,-0.033436150021834136,-2.2907937241455207,-0.945111145006752,-0.37612684375578687,0.15303465415539216,-2.431307069279979,0.45404111251777046,-0.14051334513445823
1785126562239601563,2.363588,-0.5295466663788163,-0.3814498874674856,-0.03328420081070523,-2.2910936572022638,-0.9426267305019294,-0.3736998176346027,0.1515597991767547,-2.431326938578753,0.4526173961413037,-0.14023328137648905
1785126562272959229,2.405027,-0.5270907757839746,-0.37892380027822103,-0.03308700293983066,-2.2913670411337805,-0.9396966735963428,-0.3709286008360688,0.15345206162006242,-2.4315986701023244,0.4528845026389733,-0.1402316289685439
1785126562306317139,1.04804,-0.5247238539213145,-0.3762386660207129,-0.032820030614271065,-2.2916062727471513,-0.9347726836140542,-0.3686324597287243,0.15166351937994335,-2.4324387650841897,0.44970220960654567,-0.14083249233703832
1785126562339674805,1.006363,-0.5211462550213564,-0.37245119359785045,-0.03250844671110757,-2.291459641565687,-0.930245866976265,-0.36425619995221564,0.15245017266312974,-2.432334829946294,0.44904269429903076,-0.14087518838060697
1785126562373032471,2.139524,-0.5166694853671746,-0.3674683025965484,-0.03200726262458852,-2.290991981795213,-0.9252511330583999,-0.35948414811953233,0.15397220723582908,-2.4317587685524606,0.4489889450335625,-0.14076678675724752
1785126562406390381,2.373839,-0.5120696356114841,-0.36214335739778414,-0.031011014197914397,-2.2896894648285158,-0.9179105740395546,-0.3511866998417351,0.1540475043253937,-2.429834282726839,0.4461766140521251,-0.14014481789832312
1785126562439748047,2.153732,-0.5073670994761323,-0.3563054877247017,-0.0299185237175107,-2.286676010998156,-0.9079644181173863,-0.3474464862912469,0.1499158849475545,-2.4290675267860484,0.439200532956045,-0.14239151578789233
1785126562473105713,2.179197,-0.5025987846076195,-0.3498789285833521,-0.028951351986837764,-2.2839403993367364,-0.8989630419940281,-0.3372069010132615,0.15304467007939052,-2.424881639146263,0.43633445527960235,-0.14094123980952666
1785126562506463623,2.068758,-0.4946389759231107,-0.3407945551102037,-0.028488826489545427,-2.2823067801885837,-0.8933360481861761,-0.3331518648440638,0.15651677545064827,-2.4238226120262345,0.43959622256668396,-0.14151583183765082
1785126562539821289,2.28162,-0.4855087823843762,-0.3317888231563109,-0.028174907157209494,-2.2792203187142905,-0.8850554901363841,-0.3294392121074549,0.16241290037605557,-2.4231738824734914,0.44268138059770046,-0.14395356375920088
1785126562573179199,1.391746,-0.47795506690511047,-0.32317425186918536,-0.02840396273470946,-2.2771372682859807,-0.8747966175915096,-0.3275122311061369,0.16040312489386802,-2.4233665278318206,0.4394885103774972,-0.14622925954583987
1785126562606536865,1.289033,-0.46740373042366895,-0.3113790796684624,-0.029335977493068207,-2.276018834078254,-0.8592063907435674,-0.30928477692286693,0.1557692091278487,-2.419380019164334,0.4333331753416814,-0.14336118508607987
1785126562639894531,1.158903,-0.45842472382488136,-0.30400490175074235,-0.030471747143324172,-2.2735266548085127,-0.8459263852303466,-0.29459318388724287,0.15084634208657705,-2.415245277613755,0.42792799336701537,-0.1417186228052425
1785126562673252441,1.34039,-0.44940581891484477,-0.29705549350041305,-0.02991418613775139,-2.2716520187842857,-0.8341215804531894,-0.2781216847330633,0.15815715065696237,-2.4104886882650733,0.42864383118647315,-0.13883666948078766
1785126562706610107,1.909447,-0.4386472124862344,-0.28732745652406383,-0.029088065884196473,-2.2701045498325723,-0.8191884956783305,-0.27309185641946965,0.15645573246428573,-2.41096462998964,0.4236045580838422,-0.14086008015706764
1785126562739967773,2.093699,-0.4281173979914817,-0.2783714241059836,-0.029197902511363946,-2.2702003735943834,-0.8055212497803201,-0.26187572494140193,0.1587528173593088,-2.409823193610469,0.42193749363606453,-0.1396228200160854
1785126562773325684,1.831625,-0.4162100015002966,-0.26638318046147086,-0.029521572573757992,-2.2753580254019217,-0.8023612918116236,-0.2747979103303246,0.1859907301040662,-2.4173607478086336,0.4422998748511768,-0.14200272240671197
1785126562806683350,1.92647,-0.40439204932785705,-0.2609504472181476,-0.027932200539684298,-2.280075111925204,-0.7862289382507994,-0.2610628896694358,0.1995503845592203,-2.4228888236556476,0.44446343933886917,-0.14281371173044377
1785126562840041260,1.838203,-0.39622296775975635,-0.2531525874979456,-0.025326680942351083,-2.280121009630385,-0.764950198019307,-0.2544763884965057,0.1754380188489755,-2.4285859331582818,0.4198428128076804,-0.14846492352789653
1785126562873398926,1.807879,-0.38914093454609916,-0.24411853866419583,-0.023204644870634394,-2.2786018493915297,-0.7523650976474001,-0.24673121876846701,0.17814052596915475,-2.4277576129840206,0.41530530526164916,-0.14915576359249094
1785126562906756592,1.548386,-0.38239196246455404,-0.23711430126900207,-0.021920357713298203,-2.278207610182603,-0.7424058886388916,-0.23502750366213862,0.18567986948375673,-2.426189322645222,0.41558661683935655,-0.14798171246261882
1785126562940114502,1.757237,-0.3735484908149443,-0.22889870256094214,-0.020480556459494644,-2.279846542713263,-0.7340098031203548,-0.23073564547832595,0.18625831657137432,-2.42873966563905,0.4155438528606748,-0.14889312292578705
1785126562973472168,1.584337,-0.3677836113745218,-0.22629989453880628,-0.020028388253132263,-2.281628044571131,-0.7261764932878376,-0.22052954700833763,0.19165034461091687,-2.4300541635194213,0.4162771200338589,-0.14842611894829005
1785126563006830078,1.804823,-0.3658748861355514,-0.226737783443404,-0.0210493615486744,-2.2827299569240482,-0.7153858706048913,-0.215306624529816,0.18768943635685892,-2.4320086925877735,0.40725972721333736,-0.1492787356637253
1785126563040187988,1.665774,-0.36523151166185913,-0.22623520986606258,-0.02217524967901509,-2.2826340663382547,-0.7101523699778038,-0.2097160329713681,0.18633713669026858,-2.430847013571816,0.40338653544224756,-0.14821294723356138
1785126563073545898,1.67216,-0.363166647215677,-0.2244852438798534,-0.023239196440116072,-2.2817909099349403,-0.708325795672982,-0.20840011724673813,0.18942164958449717,-2.4301454485947653,0.4057316902763199,-0.14835453865982506
1785126563106903809,1.560528,-0.3615298068594057,-0.22316162996382358,-0.021971397880594812,-2.280504906452491,-0.7075118067311496,-0.20770452708693268,0.18982786138674262,-2.4295578058094534,0.40595737767749823,-0.14905289935696242
1785126563140261719,1.686361,-0.36091119020405804,-0.2220545105707371,-0.021815752289869636,-2.279365524415874,-0.7056049669657251,-0.20419944577176197,0.186844220393841,-2.4274476995868133,0.4033256590865059,-0.14808217517093916
1785126563173619629,1.471972,-0.36052042128440426,-0.22129423338994206,-0.02213628120973737,-2.277904821445764,-0.7059848927862961,-0.2051869157583985,0.18603619854961354,-2.4266781323826883,0.40365942089900764,-0.14877331093692447
1785126563206977539,1.503868,-0.3605273772643299,-0.2209851112915638,-0.022194116251502475,-2.277057163955299,-0.7066198819923999,-0.20477433166841574,0.18345366173973188,-2.4255085432431343,0.4029067135177465,-0.14845137928783547
1785126563240335449,1.452796,-0.3603705926397548,-0.22047821312449012,-0.02222326327229318,-2.27641444921646,-0.7055909548715312,-0.20555623025789735,0.18533912084785234,-2.425536254323581,0.40309044564929675,-0.14912180510712103
1785126563273693115,1.458233,-0.3603248734706916,-0.22024476504414384,-0.022275529569400626,-2.2755229561471175,-0.7059750487510674,-0.2028493680616643,0.18725749569679553,-2.4237389255274655,0.4045747547545904,-0.14821596938034798
1785126563307051025,1.854644,-0.360232645454713,-0.22004131566261328,-0.022309200931185862,-2.2748776757730726,-0.7059556122400954,-0.20299264639776243,0.18570855020920127,-2.423008377409145,0.40383958656388913,-0.14813070163607245
1785126563340408936,1.808205,-0.35986389497395893,-0.2194764979364424,-0.022283017090102053,-2.2738279531047705,-0.7058367339728895,-0.2017949365092392,0.18895327528016997,-2.421734886928157,0.4057469829263342,-0.1479069338233865
1785126563373766846,2.059311,-0.35937256526087735,-0.21884907689033886,-0.022245784564487458,-2.272679865701769,-0.7046221176733558,-0.20151241450379184,0.18772009848668036,-2.421069600560169,0.40445455288471965,-0.1483897348583998
1785126563407124756,1.940153,-0.358479927900033,-0.21768210034572616,-0.022169119193181073,-2.2721272373288115,-0.7034966222272783,-0.2010794074990611,0.18556973001709015,-2.4207836005792465,0.4030726959810951,-0.14865636325043496
1785126563440482666,1.901342,-0.35722431094926627,-0.21623661943473038,-0.02208098124703842,-2.271539827082206,-0.7014948878044884,-0.2000755924935953,0.18485457551317339,-2.420512096350109,0.4020021561281461,-0.1489722692679032
1785126563473840576,1.968151,-0.35571545927129794,-0.21459455407905678,-0.021909968644223756,-2.271126932731562,-0.6999764579603462,-0.19749325761501324,0.19088036668653288,-2.419559882501487,0.4050775436497411,-0.14843294976992505
1785126563507198486,1.242343,-0.3533297438019122,-0.2120145328877306,-0.021748272510796814,-2.2705147379460406,-0.697262805219043,-0.19632933993623003,0.18703746292401116,-2.4194664004239117,0.4026505424493296,-0.1489516624778711
1785126563540556396,1.289975,-0.35102047454137564,-0.20958612565356394,-0.02161796134019605,-2.269519278364226,-0.6950563252763015,-0.1944206433482683,0.1868559533487896,-2.4184393359267893,0.40255686747366126,-0.1489200575625631
1785126563573914307,1.229364,-0.3483977804411167,-0.20692214623139343,-0.021501189930516258,-2.2689798426522683,-0.6906559541436388,-0.19021371113431265,0.18895243072309398,-2.4178861342528513,0.40213251014534107,-0.14890629160058297
1785126563607272217,1.159456,-0.34499877983125726,-0.20340329648430305,-0.021351116505845622,-2.2684171508644835,-0.6880312662098095,-0.18719085647668515,0.18806436180654448,-2.4169530668470043,0.40222999947649274,-0.1485359159825208
1785126563640630127,1.218056,-0.3421559571621207,-0.20081145297258612,-0.021244175861480134,-2.2673994013834124,-0.6833792259449769,-0.18495713623724883,0.18770861077364812,-2.416670313964444,0.40043219845635186,-0.14927091258103165
1785126563673988037,2.27602,-0.3388521313371822,-0.19772953100550128,-0.021039503425236115,-2.266354424257357,-0.678930402256132,-0.18260255574213527,0.1895515412208686,-2.415949152179564,0.4002882009464915,-0.14959472792220696
1785126563707345947,2.240785,-0.33569459753318087,-0.19449631923912206,-0.02093358735975173,-2.2650992732668587,-0.6724948530864738,-0.17744478515464027,0.1924305772921103,-2.4147803260286786,0.3990606892603988,-0.14968105276181998
1785126563740703857,2.236306,-0.3315563158816251,-0.19033953005865836,-0.020821371219246456,-2.264416191096905,-0.6648252295497901,-0.16965932935738953,0.19020538772642517,-2.4130023047977516,0.39500396518227276,-0.1485861137008464
1785126563774061768,2.338402,-0.3260476368469235,-0.1851748606946148,-0.020936218993552413,-2.263909570815267,-0.6594408573392153,-0.1660896890532117,0.19221355840911622,-2.412864423941625,0.39616677151625285,-0.1489548531263578
1785126563807419678,2.340122,-0.3191912399844459,-0.1792590439566132,-0.021961958320979375,-2.2627911688039863,-0.6527359127731465,-0.1646420568988562,0.19057267534119227,-2.41355732937466,0.3957735154886965,-0.1507661605706736
1785126563840777832,2.385002,-0.3127042641289026,-0.17186773244909426,-0.023165669931718088,-2.2612535206083315,-0.6411985553668258,-0.15538919719315214,0.1855243684386725,-2.4116473011071107,0.3895273720999873,-0.15039378049877916
1785126563874135742,2.345476,-0.30828596447056045,-0.16587128669926304,-0.024674566158614165,-2.2594476867218223,-0.6353666324973536,-0.15300934931802573,0.18918955916637217,-2.4104948864295,0.39100518785698174,-0.15104719970767766
1785126563907493652,2.396072,-0.30280197051058966,-0.16010739391283363,-0.024954533690235408,-2.258136481884472,-0.6290647601529921,-0.14542878332725162,0.19067783048830697,-2.4078773464229677,0.39135685249551105,-0.1497408645384959
1785126563940851563,2.475517,-0.29852011235385323,-0.15622910798209894,-0.024854750720762774,-2.2577266212901184,-0.620919010812773,-0.13791792743821232,0.19189879058259024,-2.4074726284431263,0.38891958902577795,-0.1497460071530079
1785126563974209473,2.40309,-0.29394468680080443,-0.15220981135098052,-0.02439813430037759,-2.2565707362588925,-0.615910507599679,-0.13373474093969107,0.19187238247792354,-2.4061590565158593,0.3882991815816106,-0.1495883202569668
1785126564007568359,2.460861,-0.2892874108784969,-0.14810242330517753,-0.023670402055663748,-2.255352837367003,-0.6083821361575653,-0.12793091652002878,0.19152822724717347,-2.404649527046519,0.385407295520891,-0.14929668967951581
1785126564074286133,0.742144,-0.27631149673804517,-0.1352376304516249,-0.024724069099450956,-2.257821382601199,-0.5937362546930806,-0.12285554208145424,0.20031218370571643,-2.407648020941383,0.38929822521019886,-0.14982663834018384
1785126564141003662,2.530532,-0.26881136548424545,-0.12668473264448304,-0.02373349855318586,-2.2579454556927785,-0.5805978882631524,-0.10740538055829432,0.1989996534317971,-2.406772278441283,0.38365685996289783,-0.14882682274850456
1785126564207721436,2.570736,-0.2627541637212597,-0.11903338409270496,-0.02105223731310042,-2.2559375313958925,-0.5705033311621429,-0.10150277850534282,0.19896238551649767,-2.4060961031648587,0.37871269644899247,-0.1501585717689662
1785126564241080566,2.477117,-0.26013744052112,-0.11583001729885367,-0.020054217668769077,-2.2548266153610927,-0.5680505676009222,-0.09926635938659095,0.1996360368395246,-2.4048651417179485,0.3786141261461539,-0.15003852635685577
1785126564274439453,2.729438,-0.25715573002616615,-0.11237059332477786,-0.019254014634445024,-2.2537271131237646,-0.5647280560167334,-0.0921879596520046,0.20403003108372664,-2.4023065959514427,0.3806098257920987,-0.14857948282767808
1785126564307798340,2.639391,-0.2544030584095117,-0.10931089888573425,-0.01881762726667788,-2.2533011639028406,-0.5626047917150925,-0.09201484125822544,0.2040586614828212,-2.4025085536045503,0.38073783908191805,-0.14920738970170966
1785126564341157227,2.772026,-0.25142160688360676,-0.10611430806570817,-0.018626719429242943,-2.2530662294220147,-0.558894662198033,-0.08686315033447917,0.20227432007290388,-2.401610189261206,0.3790877946749405,-0.14854395983919133
1785126564374516113,2.727516,-0.24855510148579404,-0.10315799985801036,-0.01844199629673709,-2.2534820066614234,-0.5561594214819667,-0.08815409710894931,0.20512904647870955,-2.4033255467226042,0.38056477233936364,-0.14984354006118084
1785126564407875000,2.720199,-0.245416770321306,-0.1000801437376955,-0.018231183056109723,-2.254278877141817,-0.5523398108406814,-0.08489547563523862,0.20667158874888344,-2.404094047952735,0.3808064911639621,-0.14981517081091766
1785126564474593018,2.874373,-0.23945169353045195,-0.09472805731489331,-0.018183271874029325,-2.2549820588407212,-0.5447910170032091,-0.07955307082875357,0.20597408383502588,-2.405063265606087,0.3790895709355923,-0.15008120676536588
1785126564507951904,2.797199,-0.2365225347583891,-0.09218621459914583,-0.018179458327531976,-2.2550043041618055,-0.5409165955011107,-0.07848259480628576,0.20514841337885853,-2.4057490903316525,0.3777815131683616,-0.150744786169847
1785126564541310791,2.902654,-0.23383347351431194,-0.08976735133554445,-0.01822301597012656,-2.2538158123525234,-0.5372688487966589,-0.07563111344615052,0.2039554443906383,-2.404548100854766,0.3763457565094686,-0.15073228850224263
1785126564574669922,2.868879,-0.2314678956338698,-0.0874733645934327,-0.018217852812856962,-2.252805251324705,-0.5344273092581451,-0.07242044946507879,0.20550083397070446,-2.4031706461526454,0.3769098663786707,-0.15036539482794042
1785126564608028809,3.049437,-0.22889698484956142,-0.0850443138164967,-0.018103994404668797,-2.251889451758426,-0.5310146380073313,-0.07019736531163469,0.20480193532631838,-2.4024681357381894,0.37574268021972207,-0.1505786839797634
1785126564641387695,2.986329,-0.22647917663526523,-0.0829231101290456,-0.017918550371505006,-2.250835197237165,-0.5275024886569543,-0.06823494340800101,0.20407739802582536,-2.4018092587995685,0.37431668106960253,-0.15097406156240334
1785126564674746826,3.100612,-0.22396421694515165,-0.08071618258823351,-0.017724960643939924,-2.2501624960072455,-0.5242885792186532,-0.06670189028169729,0.20428082996298402,-2.4013008778298266,0.3737347910308108,-0.1511383818225811
1785126564741464844,3.112211,-0.21833230895080294,-0.07653089883718188,-0.017344129907576427,-2.2474931648199687,-0.5176246617793687,-0.06332078362279517,0.20556636296005534,-2.399066437626845,0.373415997831007,-0.15157327280687613
1785126564774823730,3.18381,-0.21525875767538297,-0.0743594795064597,-0.01735744558036197,-2.2464613409400234,-0.5134176141139946,-0.0637649125694506,0.2061902489506374,-2.398794970527333,0.37280627710848485,-0.15233362958730945
1785126564808182861,0.115107,-0.2115076511930092,-0.0719153461417689,-0.01878420102144192,-2.244770040809199,-0.5081169161223181,-0.060473785770203584,0.20798784153243158,-2.3974301165443412,0.3735418646279115,-0.1526600757351422
1785126564841541748,0.217553,-0.2085454949627205,-0.07011381356027026,-0.019591718213243993,-2.243312066228407,-0.5047305213712221,-0.056748331249511876,0.20614855909154775,-2.395085714904847,0.3726430983979822,-0.1517736486764396
1785126564874900879,0.155722,-0.20618222232546748,-0.06828000105966771,-0.02002892604530525,-2.242232578213625,-0.5025157589650472,-0.055684131954919024,0.206278973886939,-2.3940279449280983,0.3730783917993212,-0.15179536671447336
1785126564908259766,0.118454,-0.2044046401481347,-0.06658778805323189,-0.020256133137375995,-2.2418458547169355,-0.49981081453499765,-0.05394066002709767,0.20943495618726568,-2.3937334537179114,0.3744098746405223,-0.15188759900097581
1785126564941618896,0.089288,-0.20342317824655398,-0.06505431341405181,-0.019874544759818424,-2.2425622384319777,-0.49997666411820174,-0.05209227686596486,0.20828983957952915,-2.3936007674097506,0.3743941381152395,-0.1510385289777729
1785126564974978027,0.014821,-0.20220067515468917,-0.06297786178546413,-0.019752929871885514,-2.2425564544448973,-0.49811383461148895,-0.05034682322172682,0.20701028532134907,-2.393807917180081,0.37302238115115455,-0.15125146273518375
1785126565008335449,0.078918,-0.20240992275137504,-0.06244487502089053,-0.019593270783488156,-2.2429779295824965,-0.4986200250363912,-0.040488078305883246,0.20659718426890555,-2.390729658543337,0.3733425338405642,-0.14775172896084054
1785126565041692871,0.67063,-0.20207616737198233,-0.06209933765264238,-0.019268589068331784,-2.2427543447476594,-0.49556074591481214,-0.0450502927059613,0.2061249731335574,-2.393346333056533,0.3704404481939213,-0.15059198830887377
1785126565075050293,0.153623,-0.20017832953395048,-0.06015176937991821,-0.018755892911836273,-2.2413538175784335,-0.4941151220797467,-0.04526314270435231,0.20974326050553718,-2.392645833983842,0.3726021636126811,-0.15129201640540835
1785126565108407715,0.101927,-0.1976695615739951,-0.05765876658308219,-0.01901456072510011,-2.2403460251575282,-0.4888884833365557,-0.04539688722705078,0.21245358360699565,-2.392513812727822,0.37220466939364716,-0.1521677875702938
1785126565141765137,3.122644,-0.193464461411138,-0.05363682022647115,-0.019521964609468076,-2.2396318188777866,-0.48471124844751473,-0.04068406562239181,0.20891793251827795,-2.3911386781426045,0.37037447456672995,-0.15150685926481788
1785126565175122559,3.473246,-0.19115540995665448,-0.05074266928926681,-0.019809652138951923,-2.237817403609464,-0.48164074957321756,-0.03930402801265232,0.20790045379857341,-2.389596962733723,0.36927559815466293,-0.15177955912425922
1785126565208479736,3.176215,-0.18784947631391932,-0.04683695423133789,-0.018970039126043624,-2.2350822375220343,-0.47677805498380144,-0.03229396687908378,0.2055556491019421,-2.386311698532291,0.3662007737943445,-0.15122946101025692
1785126565241837158,3.147326,-0.18609209019723624,-0.04422781637150372,-0.017633797869479016,-2.231936618921352,-0.4723240983557425,-0.028299961542392914,0.20225319866036542,-2.3832358765637744,0.3612931639220762,-0.15129925764242236
1785126565275194580,3.031414,-0.18452479917021883,-0.041488790106993204,-0.016465854950559085,-2.2282023665721433,-0.4698686429460354,-0.025312153042057813,0.20926614045168201,-2.3797911607135833,0.3641946272472531,-0.15158879414144
1785126565308552002,3.063084,-0.18292937403200873,-0.038784198392745294,-0.015175898094919222,-2.22465476966668,-0.4667578353133396,-0.023101861509812065,0.2085292452822926,-2.376648988821303,0.3617299024090442,-0.15199421915462308
1785126565341909424,3.113588,-0.18050922198646194,-0.03496640625999805,-0.014170296047329133,-2.219754598300642,-0.4636198716391787,-0.019233102221304442,0.2084180237707939,-2.3718729484864554,0.3604784832999223,-0.15211835018581343
1785126565375266846,3.027479,-0.17860516042076147,-0.03170370231749241,-0.013684103750805896,-2.2153948434617585,-0.46098300356210903,-0.01687426207796242,0.2098610525199709,-2.3679552178250347,0.36045748083110063,-0.15256037436327619
1785126565408624268,2.907991,-0.17675745935709217,-0.02872293315555168,-0.01347309986826356,-2.2114872516816173,-0.4600932724934629,-0.011806622454685747,0.21109929302291952,-2.3630845464482917,0.3619366024903374,-0.15159729476667438
1785126565441981689,3.104171,-0.17448747399721787,-0.0255007924575872,-0.013241001321630246,-2.2070343699499566,-0.4561049427716287,-0.011294672634960102,0.21393837919414763,-2.3600692432326036,0.36210590093348893,-0.15303487328264698
1785126565475339111,2.969662,-0.1720578873365594,-0.022139263232508977,-0.013026547111016262,-2.203036401932231,-0.4529190205354562,-0.0070587028400633,0.21172025586739543,-2.355822432490588,0.3600298944428582,-0.15278603055835704
1785126565508696289,2.88332,-0.1693643130764683,-0.018668120441397377,-0.012727305302536988,-2.1989802923945962,-0.44593556900789993,-0.004738234321575907,0.21314307089306425,-2.3531022477864694,0.3573557445705093,-0.15412195539187312
1785126565542053711,2.870167,-0.1664874842288525,-0.015628407738762454,-0.012631381453517446,-2.1946384578351794,-0.44465534708000565,-0.0033728001706833386,0.21465695181233513,-2.34871885554095,0.3594266911051682,-0.15408039770577053
1785126565575411133,2.882048,-0.1635844091501855,-0.012645626499007821,-0.013084912192304033,-2.189847448629343,-0.4397732248602023,0.002051850569467357,0.21502954847427982,-2.3439044297671123,0.35851427436112837,-0.15405698113776944
1785126565608768555,0.533339,-0.16112149854888275,-0.010506180773296429,-0.014282806633033015,-2.1848674125053105,-0.4349972501234187,0.0035638678647960187,0.21147644538902757,-2.339201987795835,0.35520857737779293,-0.15433457529052452
1785126565642125977,0.523365,-0.1585264090831469,-0.008393317948240874,-0.014680376835494446,-2.178753942426077,-0.431106361954034,0.008664988222251861,0.2149202588723593,-2.332098538258066,0.3568014411881654,-0.15334459583198878
1785126565675483398,0.622825,-0.15618914887142885,-0.006357002013926418,-0.014727340551394769,-2.1716685303700753,-0.42902789070510516,0.007451492829601607,0.21301197911244085,-2.3259258444318607,0.3556639583879338,-0.15425731406178533
1785126565708840576,0.533214,-0.1538208527967198,-0.004689805595606589,-0.014654991930340497,-2.163822211836247,-0.4270814150351528,0.010021649228690291,0.21503120262953893,-2.3176293688893055,0.35727231875603044,-0.15380715705305859
1785126565742197998,0.585468,-0.15190316193541628,-0.003333578793816529,-0.014521181260227785,-2.1567382196172535,-0.4233855321906995,0.011706636703739814,0.21279934869683764,-2.3101567829184835,0.3544058531988442,-0.15341856330122994
1785126565775555420,0.517797,-0.15006346594049466,-0.0017458162334357216,-0.014310825839805271,-2.147673851113256,-0.41993768686427957,0.011632014201070566,0.2114915552505016,-2.302827771546926,0.3521331804479754,-0.15515392043367005
1785126565808912842,0.53548,-0.14822966514747066,-0.000478858832632111,-0.014162642295592921,-2.1384090922983834,-0.41845518983721375,0.013738732371358248,0.2113895319336178,-2.2931237311679364,0.3522751160570598,-0.15471463886955303
1785126565842270020,0.503567,-0.1467397924627758,0.0006187479353550741,-0.014031194754666226,-2.1298550478921956,-0.4171717617135249,0.014483893536628819,0.21185557450437237,-2.284018110555474,0.3526336977398342,-0.15416306266327862
1785126565875627441,0.720567,-0.14530581778242932,0.0017911295065716018,-0.013789774494019255,-2.120828031504372,-0.4145251254335886,0.014989293642834833,0.21126346439681343,-2.2757811693759384,0.35114411213060587,-0.1549531378715665
1785126565908984863,0.73682,-0.14400745476758503,0.0028002120976481546,-0.013496997696957823,-2.1110941253291675,-0.4126419703304596,0.01638820296035079,0.20713544701035097,-2.2663206565627068,0.34789051741159727,-0.15522653123353924
1785126565942342285,0.71421,-0.1430444055103982,0.0035714858936402726,-0.013234996142521728,-2.1014582733914877,-0.41131739368095055,0.017959225030951882,0.2066711308485411,-2.255464569767339,0.3471831042946216,-0.15400629637585128
1785126565975699463,0.819149,-0.14230088460262239,0.004290775104952332,-0.013023750728366288,-2.090403392353654,-0.4105237170725765,0.01812504048393533,0.209123255813246,-2.244847767132359,0.34854578934794256,-0.1544443747787052
1785126566009057129,0.774372,-0.1419042775690291,0.004870398330014626,-0.012691365990703881,-2.0794096348432705,-0.40992774328781634,0.019397688130878776,0.20900847492175492,-2.234096512867942,0.3481356629038136,-0.15468687802467151
1785126566042414795,0.679527,-0.1419675851285366,0.005382966463922494,-0.01238041988002763,-2.0689931582977295,-0.41013235740585435,0.019499835211527435,0.2097806740704696,-2.223506966799398,0.34852142364432126,-0.1545138085016684
1785126566075772461,0.783046,-0.14244035659038673,0.00576211916709005,-0.012053119409716574,-2.057475047814778,-0.4110393234585476,0.02351220981462885,0.21043310232325213,-2.2110990232986665,0.3492285635248797,-0.1536239754838884
1785126566109129883,0.88513,-0.14354531273490864,0.005934915179885016,-0.011825037058506464,-2.045827973915206,-0.40976670048430014,0.01819995889499854,0.2124742198786406,-2.202222919273622,0.3483308990817522,-0.15639494535841614
1785126566142487549,2.423836,-0.14521636118166037,0.00622694662103423,-0.011654848164768835,-2.033340599654099,-0.4109405208741389,0.02079990929394469,0.21097932575180467,-2.190217588188694,0.34696927195481586,-0.15687698853459464
1785126566175845215,2.304819,-0.14725850414621783,0.006177459666529697,-0.011639329409114236,-2.0214325555768435,-0.4133067574986745,0.020321930239036154,0.2106404319149846,-2.1785473730900775,0.346972666724582,-0.15711481751323397
1785126566209202881,0.851889,-0.14957661931549407,0.005844301653587792,-0.01169067094385511,-2.0109306847252912,-0.4157741153615522,0.02060584493399861,0.21010046228118373,-2.1670337396021346,0.3468001107820721,-0.1561030548768434
1785126566242560303,1.03265,-0.15111281125363174,0.005959977996281735,-0.010718829677313127,-1.9987929585364976,-0.41765893355146644,0.02144116305218235,0.21051478540580965,-2.154409753948114,0.346743153999462,-0.15561679541161633
1785126566275917969,0.910387,-0.1528718708356409,0.005866870376595516,-0.010849285788202906,-1.9862925549074426,-0.4196227477094831,0.022074240345806673,0.21188265957523067,-2.1421484459777607,0.34789111606889617,-0.15585589107031805
1785126566309275635,1.087578,-0.15420783915077835,0.0061449358041755,-0.011920286885878246,-1.9734596376021116,-0.4171788138258588,0.018364281200586655,0.21178023256945763,-2.13202060773467,0.3454634109830818,-0.1585609701325583
1785126566342633301,1.012522,-0.15484146771384244,0.006337569325623897,-0.01188333452851598,-1.9599699104239334,-0.41974516627857983,0.020023661898136334,0.21130982453641317,-2.1174413801430085,0.34666477308282045,-0.1574714697190751
1785126566375990723,1.03545,-0.154670330190208,0.0065152919421530425,-0.012769193569575297,-1.9481210280448995,-0.4198487918054205,0.02538048032639204,0.2126308435124826,-2.104116134340702,0.34854079898051626,-0.1559951062958025
1785126566409348389,0.969215,-0.15364221335679207,0.007091952772482146,-0.013218373774682081,-1.9375092777632055,-0.41821087251096617,0.02129010556677164,0.21358077046590943,-2.0950703330343625,0.3487635513892932,-0.15756105527115705
1785126566442706055,1.162142,-0.15237503950219086,0.007801432706284041,-0.012488378850438275,-1.926812049418142,-0.4156441945478777,0.024648399045894585,0.21068188867286053,-2.083781631399964,0.34554223559463554,-0.15696958198182198
1785126566476063477,1.201521,-0.1514519179611652,0.007942018093211453,-0.01146923904125974,-1.9145120979689145,-0.4124316594712953,0.025720485933344892,0.20956461381177433,-2.0726811354949777,0.3424652734285532,-0.15816903752606312
1785126566509421143,1.276907,-0.15029480766768039,0.008997859572501625,-0.010299192736889184,-1.9002288242985939,-0.4158669346963827,0.027744886222962298,0.20857907614120938,-2.056531366746308,0.34465591863459344,-0.15630254244771424
1785126566542778809,1.066429,-0.14950217095036827,0.010769742372834588,-0.009724757654613586,-1.8860842692606212,-0.4122668997611819,0.02966784492923489,0.21166614626135627,-2.0428486799709296,0.344116801862366,-0.15676441071030833
1785126566576136230,1.291297,-0.14814757463819617,0.012886472167643886,-0.009854778581707503,-1.872766933171968,-0.41534249939926554,0.033061463639108335,0.21100059365442472,-2.0277056819481056,0.3472423556314922,-0.15493874877613756
1785126566609493896,1.268932,-0.14560144357621388,0.014585211089322182,-0.010103457165226077,-1.86065289104161,-0.4115461060013706,0.035929089361009296,0.21250819757869668,-2.0167793327920447,0.3474738456919234,-0.15612644175043466
1785126566642851563,1.234646,-0.14516575736580484,0.016250600980199384,-0.010198068515318754,-1.8484120649567097,-0.4053734236336263,0.03462941742257148,0.21049364970455742,-2.006982022538535,0.3416879350653306,-0.15856995758182513
1785126566676209229,1.274746,-0.14547177272770542,0.015043584219328993,-0.011032022382514774,-1.8362241422724894,-0.4079797523458826,0.041310860506588214,0.21481378994975722,-1.9921732114116348,0.34728481123537835,-0.15594906913914539
1785126566709566650,1.374206,-0.14347419548030468,0.014464940232547992,-0.010401917972408881,-1.829567809978307,-0.41053614937410066,0.048999575338554424,0.2195503417538199,-1.981051756514371,0.35410841559143436,-0.15148394653606398
1785126566742924316,1.297958,-0.1431390932946635,0.01324189139554701,-0.01050291849392215,-1.8293553129050157,-0.40911093370156376,0.04767580152364204,0.22214454698482178,-1.9802028399181757,0.35503740260686156,-0.15084752701315993
1785126566776281982,1.435333,-0.1419881685923992,0.011892226645819067,-0.011177431262376202,-1.8257010859009941,-0.40824592243697283,0.04743534665444149,0.2147037031024401,-1.9761544473479087,0.3509683628537494,-0.15045336144691457
1785126566809639404,1.454685,-0.14046768159951595,0.010816668800751168,-0.011254679784840342,-1.820248162501542,-0.404500132292318,0.04172339518500591,0.21614576037171415,-1.9727337552978508,0.34982755886012307,-0.15248559279630866
1785126566842997070,1.415391,-0.13905211098451703,0.009409519083867217,-0.012370599746281694,-1.8192561964465184,-0.40741411052705223,0.04247604214742614,0.21958012595885076,-1.9686870421464704,0.35624808336483454,-0.14943084569995202
1785126566876354736,1.55372,-0.1370327935881564,0.007288897332588725,-0.011985120445835096,-1.8208449860445144,-0.40711572844143923,0.0391524212428688,0.22169775968840907,-1.96998295304812,0.35856347321329196,-0.1491379670036057
1785126566909712158,1.547323,-0.13549722892936367,0.00440407698300494,-0.011758061757746179,-1.8228746652963759,-0.4087020483018462,0.03978036411831863,0.2228249581237779,-1.970322712820212,0.3618308282009239,-0.14744804752383622
1785126566943069824,1.534017,-0.13444405098370762,0.00205223096473977,-0.011622228818012944,-1.8234568255138672,-0.40602013445656776,0.03613956358948155,0.21934606326056683,-1.9718644437076818,0.3581366600972648,-0.14840761819381454
1785126566976427490,1.706201,-0.13354139001423648,-7.09044613186568e-05,-0.011487578802248356,-1.8236298856780189,-0.4047355733086263,0.030021510252825716,0.22076031885007813,-1.9737495345057459,0.3583167934104745,-0.150119648827727
1785126567009784912,1.960398,-0.13294355473473068,-0.0021653850054385347,-0.011411401884366998,-1.8243126410318258,-0.404135450067392,0.028047464446959654,0.2218243253905692,-1.9749524807015797,0.35896624471337524,-0.15063983966975392
1785126567043142334,1.666865,-0.13232218674051313,-0.0040469917812547855,-0.011441961036864474,-1.8244906134074554,-0.40368033209432086,0.02756131386631456,0.21759252828119047,-1.975137431815499,0.3564984226233696,-0.15064681840804361
1785126567076499756,1.622955,-0.13134800057981386,-0.005536707874714337,-0.011523739864504202,-1.824171465371443,-0.4049006132151232,0.02782455249083191,0.21973631139752117,-1.9742461767794743,0.3597571637681396,-0.1500747114080314
1785126567109857178,1.722336,-0.13079247478891304,-0.006767401013126332,-0.011656833350658133,-1.8243644324766366,-0.40402324361997544,0.025326926575242773,0.21746657093878544,-1.97451808743927,0.35802602320578153,-0.15015365496263344
1785126567143214600,1.724441,-0.12984922369102597,-0.007795823665883373,-0.011676243631605049,-1.8243757562508873,-0.40438923896804874,0.022830331788162177,0.21773380844586068,-1.9736312265963603,0.3590809844316304,-0.14925547034547293
1785126567176572021,1.85283,-0.12842637734467494,-0.008788259924692506,-0.011642567300142029,-1.8241493743617512,-0.4000784249395488,0.020015017320732742,0.22067537247178934,-1.9755574809530583,0.3586029683123652,-0.1514081065913071
1785126567209929443,1.82283,-0.12639777382172623,-0.009863786144528198,-0.011447078508969777,-1.8233399698327477,-0.4006787223608189,0.018741183469113906,0.21744797395814272,-1.974147065885481,0.35838698087685045,-0.15080709605273324
1785126567243286865,1.832645,-0.12385734694882462,-0.010901633441211055,-0.011251431778622294,-1.8216150943500835,-0.397571339892442,0.016431163071699277,0.2159684606718342,-1.972375012849802,0.35678468468188457,-0.1507599184997186
1785126567276644287,1.885852,-0.1206722981225778,-0.011927482133485526,-0.010982864995705083,-1.8188083505419066,-0.39071986939469133,0.014503687340399463,0.21607054310991397,-1.971154846281385,0.35380439172246186,-0.15234649573947845
1785126567310001709,1.943828,-0.11694488198112434,-0.013167943178974328,-0.010632370100144522,-1.8135235718802676,-0.38334725787001783,0.009215581235103546,0.21757021568390553,-1.968521643301386,0.35149348244735584,-0.15499807142111835
1785126567343359131,1.950544,-0.11296599142012158,-0.014492983247059806,-0.010405876178218162,-1.8055254278334913,-0.37500176288998394,0.005973351176991504,0.21507550934895184,-1.9619510513616132,0.3462996846574009,-0.15642562352812184
1785126567376716553,1.929604,-0.10791755848806017,-0.01625878069129751,-0.01025484427226951,-1.796011774944061,-0.3697940140922759,0.005589556465146748,0.2161509731694197,-1.951762627408027,0.3468662883702709,-0.15575085246396614
1785126567410073975,2.022627,-0.10234876690202122,-0.017838315930053878,-0.010111028611320797,-1.7855849173066178,-0.3635387857654298,0.002460444366296723,0.21542247162274342,-1.9411799532269827,0.34568428565855447,-0.15559503592036483
1785126567443431396,1.903457,-0.09609624826931036,-0.019229792706535152,-0.009849146099141235,-1.772110383083294,-0.3580193288127625,-0.00039111727170335146,0.21195461655828202,-1.9274078383142326,0.34373755241826753,-0.15529745523093852
1785126567476788818,2.092563,-0.08941222867679816,-0.021054972357539573,-0.010907036226804978,-1.7566699011548923,-0.3534081004863325,0.00016490610819096794,0.21175505384465326,-1.9110211224033182,0.3460094072847827,-0.15435122124842593
1785126567510146240,1.952413,-0.08401768015359927,-0.022440311503684297,-0.011666034728853351,-1.7420922033700532,-0.34532809322047864,-0.0038845298881979686,0.21353893381252426,-1.8975361805736974,0.34546306150479766,-0.15544397720364422
1785126567543503662,1.968904,-0.0788178531157619,-0.024276381892610305,-0.0123029364262084,-1.728563926928376,-0.34250747730269027,-0.005021612211580685,0.21275355892207007,-1.8817592866568853,0.34720799264671703,-0.1531953597285094
1785126567576861084,9.903586,-0.0734205564489709,-0.02600016591544264,-0.011216257367848221,-1.7179858214422548,-0.33488425345827344,-0.003570777102450351,0.2117964742849061,-1.868347915163288,0.34438498924244676,-0.15036209372103326
1785126567610218506,1.222248,-0.06707090755208465,-0.028026277553589257,-0.010390788658354692,-1.6997627907854127,-0.3266175844081729,0.0012515502751743169,0.20676353771123251,-1.8534926870005366,0.33967288695219494,-0.1537298962151239
1785126567643575928,0.3701,-0.061708928946146865,-0.02909917838295651,-0.009859869941892935,-1.6874841942625447,-0.32107456201161594,0.0006638701457406728,0.20593229113014594,-1.838449367238684,0.33870728875138467,-0.1509651729761392
1785126567676933350,2.192463,-0.05600409869858831,-0.029818387129879692,-0.009644024492885553,-1.6752227370967674,-0.3084084985598308,-0.007724201478189685,0.20808032994816122,-1.8286871686012751,0.3340659046141882,-0.15346443150450773
1785126567710290771,2.226596,-0.047329499374052925,-0.031395901921763246,-0.009941880103083032,-1.6632289318227027,-0.2972839663199336,-0.012260904021181785,0.20786254983426797,-1.817874660078477,0.3320875688597648,-0.15464572825577427
1785126567743648193,2.281234,-0.03772750890790626,-0.033701122802769615,-0.010620159503092166,-1.6526928973166362,-0.2853682429142014,-0.014144990309377135,0.203985352645119,-1.8091199599674785,0.3282741252393672,-0.15642706265084239
1785126567777005615,2.363767,-0.028028281995377328,-0.0341252525515548,-0.010991439891145661,-1.6415706244123536,-0.2956624065208754,-0.02086708359719457,0.21897291185636,-1.787623181386255,0.35311104022559625,-0.14605255697390152
1785126567810363037,2.253181,-0.021074223291741016,-0.035986276903078276,-0.009568869982746576,-1.6354454739355606,-0.27677029814484616,-0.03789401790260614,0.2279075775555236,-1.7918938171484113,0.34896874545781725,-0.15644834321285073
1785126567843720459,2.266334,-0.012421221689425362,-0.037476429200592305,-0.004361506732638765,-1.6274536395766392,-0.27241797381473476,-0.034786771870206755,0.2374074270581627,-1.7803389313570335,0.35504614167542425,-0.15288529178039423
1785126567877077881,2.372232,-0.006680901633611696,-0.037544098048743015,-0.0008352146445417272,-1.6165840453878058,-0.2679962499302437,-0.03501097251271462,0.23971696352739089,-1.7662246571535487,0.3551865402906374,-0.14964061176574292
1785126567910435303,2.403267,-0.0011077365854495439,-0.03997348470581816,0.001179177163743344,-1.6083405738533503,-0.259795122587259,-0.037100926829394934,0.23994191492846273,-1.7572393762018967,0.352044116852003,-0.14889880234854647
1785126567943792725,2.480078,0.007245689772689682,-0.042803798024759594,0.002379655045011124,-1.599954263058668,-0.2489230775834021,-0.04069304563320369,0.23974407219235672,-1.7504065191646838,0.34924025995308305,-0.15045225610601579
1785126567977150146,0.913533,0.016022604800363535,-0.04525882277588249,0.0029261623740713043,-1.5908034136707958,-0.2415466164314457,-0.04579186731992934,0.24043972615261291,-1.7414628326970703,0.35036392628412816,-0.15065941902627444
1785126568010507568,0.832907,0.024129567540675766,-0.04679425818118083,0.0028140153125186234,-1.5833773854103765,-0.23463766554735133,-0.04712712443600526,0.2419341969569043,-1.7327562286432927,0.35233372388918566,-0.14937884323291617
1785126568043864990,7.006716,0.0309299799309768,-0.04714940726457377,0.001857758711571883,-1.5776561943006662,-0.22452854067188732,-0.04934414852575198,0.2392943525724602,-1.726067282276082,0.3487692772336289,-0.1484110879754159
1785126568077222412,0.886471,0.03685014670431395,-0.04749579245681055,0.0006545344285379949,-1.5662383792999668,-0.21703734789460757,-0.04809456825759198,0.24148464116708704,-1.715979650688394,0.3499405074550214,-0.1497412713884272
1785126568110579834,0.76293,0.04303249269470018,-0.04853972186229387,0.0016882434984664585,-1.5606119220763957,-0.21021256596213986,-0.04973627768030105,0.24339658147047769,-1.7087518320256836,0.350082007714084,-0.14813990994928794
1785126568143937256,0.702332,0.04783465547279978,-0.049374968080409316,0.0023561740506040435,-1.5579638926856216,-0.2034686841611671,-0.04445992759264263,0.2448166839685313,-1.7051225675890083,0.3492343411004173,-0.14715867490338663
1785126568177294678,0.71755,0.05315840692706962,-0.05060164778557956,0.0029651663895336987,-1.5556955034813995,-0.1985571035233496,-0.04652987164145922,0.24436702797264276,-1.7021990368435032,0.348786663073681,-0.14650353336210362
1785126568210652100,2.646099,0.05766505643789979,-0.051394312024976116,0.0035311864801760946,-1.5538630908566513,-0.1932230573281473,-0.05005283288094958,0.24426270136398917,-1.6997517618846478,0.3477043391354706,-0.14588867102799652
1785126568244009521,2.655437,0.06393127797796463,-0.05265609143510005,0.00420316871796489,-1.551158211322156,-0.1864769806603713,-0.0511156851333906,0.24612321381789085,-1.6971346546080075,0.3481838265442671,-0.1459764432858515
1785126568277366943,2.733678,0.06963010867381066,-0.054139820510612544,0.004613363541674848,-1.5503581205957968,-0.1819230832652302,-0.0544624228581872,0.24825122563723237,-1.6953909606625408,0.3501978302238443,-0.145032840066744
1785126568310724365,9.408008,0.07423761486841506,-0.05542034135501606,0.005138553839014807,-1.5511968165194396,-0.1768678912486025,-0.057110962804532,0.24987762849517206,-1.696052785455952,0.3506480401581067,-0.1448559689365123
1785126568344081787,2.856067,0.0802075723615869,-0.05737933011325736,0.005853941912407147,-1.5526186268312245,-0.17194073002606813,-0.06130153957597723,0.25049404766268346,-1.6973474698052584,0.351344462693739,-0.14472884297403388
1785126568377439209,2.729507,0.08476375224396213,-0.05921616953695709,0.006582609092632521,-1.5526898693496523,-0.1668229974558536,-0.06453566254815397,0.25340698682421503,-1.6979410455493336,0.35248611756067333,-0.1452511761996813
1785126568410796631,0.185621,0.08892252589167193,-0.06137288782725192,0.006230456957418602,-1.5516140006332324,-0.16578687680864274,-0.06756637880897166,0.25290018085765187,-1.6957823226533644,0.3546282445653603,-0.14416832202013197
1785126568444154053,2.869301,0.09206056527389768,-0.06304872239891106,0.0061659542029122785,-1.551184248477903,-0.16197805438727947,-0.07100102089134525,0.2534230760925374,-1.696164778640287,0.35459123460092734,-0.14498053016238388
1785126568477511475,2.874586,0.09493297210007245,-0.0648675640819043,0.006288769303737172,-1.5505719107085683,-0.15924692290241524,-0.07206578189924374,0.2533555473538662,-1.6953375202785737,0.3545436872647618,-0.1447656095700054
1785126568510868896,2.87248,0.09661807579603424,-0.06631474257401021,0.006136508385095461,-1.5483762853175043,-0.15718445785746574,-0.0759271764944692,0.2542063122739839,-1.6938342922577967,0.35503063610945285,-0.14545800694029243
1785126568544226318,2.829366,0.09860109567893893,-0.06819366518184612,0.004597021872748337,-1.5452196443938921,-0.1550422756469815,-0.07767375857577899,0.25486697717038065,-1.6917103168470637,0.3564546009143595,-0.1464906724531716
1785126568577583740,0.414517,0.0998162973551896,-0.06997165823993699,0.003589999418363107,-1.5406977029441837,-0.15506283913604255,-0.07949049234306858,0.25226030993673815,-1.6875801317274928,0.3562174978219124,-0.14688242878330904
1785126568610941162,0.357733,0.10014331156148225,-0.07134986798514155,0.0030837310857972627,-1.533923543015934,-0.15262406471340134,-0.08108295912358308,0.2536358788013253,-1.683314499557839,0.3560371585900292,-0.14939095654190515
1785126568644298584,0.294274,0.0998080483144837,-0.07241268851859768,0.002692005229533702,-1.5250969038489104,-0.1530796904909047,-0.0837367210534871,0.2519654171414481,-1.6753275782293595,0.35527127105517625,-0.15023067438044913
1785126568677656006,0.398184,0.09955163993006248,-0.07326178545472681,0.002638984777150438,-1.5145341998178627,-0.15036423545007868,-0.08570606576512015,0.24981169414555576,-1.667233859527081,0.3517202768337135,-0.15269965970921828
1785126568711013428,0.387892,0.09861986106617289,-0.07376292534729777,0.002730254004003028,-1.500549303579436,-0.1498123175673704,-0.08427533154499622,0.2533162205176273,-1.654492290189655,0.3530189579586929,-0.15394298661021913
1785126568744370850,0.21619,0.09795726961754025,-0.07414361821948115,0.005119626656697173,-1.484960083992871,-0.1525341148736635,-0.08465851161255758,0.25242383733029367,-1.6383522051446309,0.3521588694102116,-0.15339212115175993
1785126568777728271,0.170852,0.09744969463954785,-0.07459320833239844,0.006157005926159568,-1.4686891739965717,-0.1484663782065625,-0.08383784399649462,0.25363136867326175,-1.6240290413487284,0.34900392317236156,-0.15533986735215666
1785126568811085449,0.239243,0.09739132219050818,-0.07470230464455192,0.006828739485828577,-1.450107786190704,-0.14916006826765935,-0.08463934823706659,0.2528370814646668,-1.6047041621646474,0.3484342653864461,-0.1545963759739435
1785126568844442871,0.155041,0.09746191688660229,-0.07456810702861466,0.007104168665541126,-1.427934508559793,-0.1495585692944389,-0.0860123906979164,0.25169840364079393,-1.5835467400504724,0.3478166643577484,-0.15561223149067938
1785126568877800293,0.268011,0.09776168332920335,-0.07447431556996935,0.0071432718578774024,-1.4057786228115765,-0.1463999739610566,-0.08470298652368398,0.2527957157898762,-1.5625756731339135,0.34650348311376256,-0.15679705032233704
1785126568911157715,0.26511,0.09742283175036763,-0.07452145382710453,0.005766045673216653,-1.3818970784986473,-0.14541301645503735,-0.08408421454155923,0.2521125966900951,-1.5390791479766397,0.3460452553699182,-0.1571820694779924
1785126568944515137,0.071236,0.09764171615904069,-0.07450620481560287,0.00450853967244445,-1.356535669672402,-0.14282695004259718,-0.08239877524722196,0.25281567433918717,-1.5153543711931943,0.34575121868074554,-0.15881870152079225
1785126568977872559,0.003485,0.09782718267661998,-0.07440947133188487,0.003296254676755093,-1.3316280401280685,-0.14711525233889514,-0.08338527538918442,0.25137683382489273,-1.4858230428144468,0.3487425056976569,-0.1541950026863783
1785126569011229980,0.027764,0.0986543651018883,-0.07432041090717052,0.002416058015183681,-1.3053915046507727,-0.1443553762288867,-0.08243362334438406,0.25162047601752136,-1.4615816859292954,0.34817007417293255,-0.15619018127852272
1785126569044587646,0.014005,0.09989465694675347,-0.07409251359758964,0.0023587268143809076,-1.277866198162378,-0.14543734849073636,-0.07950054237803526,0.251060381287044,-1.434304412484614,0.3493845340090351,-0.15643821432223604
1785126569077945313,0.016704,0.0996832863322031,-0.07618049517226942,0.002149539999241944,-1.2555697301102253,-0.13991558528585946,-0.08113018366603843,0.24678383260581246,-1.4120290278635586,0.3424588381337987,-0.15645929775333323
1785126569111302979,0.154288,0.10077476910796121,-0.07569591915181985,0.0014919815887405373,-1.2467760979370934,-0.13135067936981676,-0.07823844264846201,0.24600205321559152,-1.4074912664510082,0.3371555477575719,-0.16071516851391476
1785126569144660400,0.105928,0.102125014410301,-0.07453820840642912,0.0019509006918768262,-1.246819691667802,-0.12897790428475586,-0.0772478566617641,0.24507761059752792,-1.4077450884087526,0.3354496956215467,-0.16092539674095052
1785126569178018066,0.089046,0.10369243240985504,-0.0742655732129603,0.003443892997580373,-1.245592666931101,-0.12625200879032675,-0.07675106356934633,0.24771948990227727,-1.4070256657400373,0.3354864989002113,-0.16143299880893625
1785126569211375732,0.202579,0.10516779822740978,-0.07387135329704839,0.004097325094699372,-1.2424225752775047,-0.12482490450570881,-0.07567672554581885,0.24673389873140358,-1.4040219603127408,0.33432380942074863,-0.1615993850352362
1785126569244733154,0.209056,0.10661669796619415,-0.07355195226495308,0.004383506206214508,-1.2404103394916262,-0.12363823866982267,-0.07561847400008934,0.24545861575976793,-1.4018989005788558,0.3333748862820889,-0.16148856108722964
1785126569278090820,0.186214,0.10837622693939922,-0.07308812923537286,0.005199052019884276,-1.2399587097409808,-0.1224874514293977,-0.07631443691496771,0.24520203213993522,-1.4009090288271457,0.3330313461488577,-0.16095031908616497
1785126569311448242,0.308563,0.11045453772248905,-0.07268746095290374,0.005863505853191414,-1.2391156626227826,-0.12190116513886687,-0.07507356387291675,0.2443572574902662,-1.399858588952593,0.33297768049715637,-0.16074292632981035
1785126569344805908,0.212049,0.11276583061293352,-0.0724358747870813,0.006299441609075512,-1.2385878713142855,-0.11898892057407051,-0.07380116514438449,0.24643418057930566,-1.399754344390974,0.33373166103294793,-0.1611664730766884
1785126569378163574,0.269792,0.11467944802134046,-0.07154493411694306,0.006384423256703235,-1.2375514741700875,-0.11439269095578758,-0.07305687589225185,0.2483698046218989,-1.3991264418857237,0.3332165296289303,-0.16157496771563618
1785126569411520996,0.297012,0.11757496784967758,-0.07056977376034212,0.0066563526803742525,-1.2336747050804922,-0.1094511339738605,-0.07123352313553566,0.2502676528211023,-1.3956743906534783,0.33299813367146736,-0.16199968557298616
1785126569444878662,0.30874,0.12300255620164795,-0.06980272265863137,0.006934192686922882,-1.2313019522736015,-0.10419290759548902,-0.07059818155611396,0.2470658962975831,-1.3923061989446324,0.33057774668572554,-0.16100424667103086
1785126569478236328,0.233923,0.13051257711015768,-0.06857723138127768,0.006652870495915954,-1.2315243970888645,-0.09988363840968266,-0.06844962101830682,0.2469991079544201,-1.3910767230335754,0.3329395534788997,-0.15955232594471092
1785126569511593750,0.42589,0.13773996703434846,-0.06757842013666539,0.005771788130883483,-1.23156779457134,-0.09009432211766794,-0.07500053042454892,0.2526790088541858,-1.3906498855604286,0.3360457211152013,-0.15908209098908865
1785126569544951416,0.450016,0.14553719248758137,-0.06667045205813205,0.0044741397811392455,-1.2342361445556083,-0.08314986855291336,-0.07808112354506287,0.25565848750962133,-1.3922741869691193,0.33988461550194443,-0.15803804241351105
1785126569578309082,0.488924,0.15311366011692887,-0.06583334364386915,0.006297322725083903,-1.2358266152823782,-0.07695925899939225,-0.07931365543845698,0.26074483701705575,-1.394410001561076,0.3433057011559053,-0.15858338627869784
1785126569611666504,0.459638,0.15801463948966865,-0.06470552006467756,0.008342851312140579,-1.2335691412268426,-0.06568132680192673,-0.07916709673728572,0.2639024199036046,-1.3946221823844693,0.3399407531227221,-0.16105304115762675
1785126569645024170,0.479711,0.16344463826568031,-0.06474931033845178,0.00969883149850339,-1.2325220827676822,-0.05822015493366133,-0.07943071508401796,0.2630107764340154,-1.3931521534777362,0.3369239760486361,-0.1606300707100541
1785126569678381592,2.815193,0.1699459606782435,-0.06523640379386061,0.010321675814114181,-1.2297473676652688,-0.05110208183012786,-0.07883856576495481,0.2662951533726459,-1.3907240712341495,0.33848142802889314,-0.16097670356888072
1785126569745096924,2.971504,0.1849537438124759,-0.06342486868234531,0.010159659071550843,-1.2262013472230762,-0.03556928249668652,-0.08398457088852725,0.26498811611816525,-1.386285880887134,0.3376250124148337,-0.16008453366405773
1785126569778454346,2.785974,0.1928084915837732,-0.062436243363567824,0.009786369962398279,-1.226291830519804,-0.028588446260580876,-0.08590224305881332,0.26691441635430757,-1.3864646076773655,0.34012069838496145,-0.1601727771575614
1785126569811812012,2.709873,0.19959877943606597,-0.060953305957695825,0.008340258393585782,-1.2254751845207688,-0.01700883920390876,-0.08075739284276504,0.2663165090684491,-1.3889864703544015,0.3374356356736674,-0.16351128583363272
1785126569845169678,2.686224,0.20469964075074432,-0.05967197142988229,0.007739563249345353,-1.2202466041044953,-0.010742126550328223,-0.0784627020137581,0.2625904244845878,-1.3832600545692277,0.33424124240738173,-0.16301345046473248
1785126569878527100,2.833765,0.21262953612979402,-0.058084895976163384,0.010341440330795775,-1.2172042057314028,-0.005620231112539832,-0.0791522907287831,0.26521122761704463,-1.3782877606077673,0.3362073831645185,-0.1610835548763645
1785126569911884766,2.556915,0.21818054074878018,-0.05661760464782748,0.0124016918349388,-1.21724802464083,-0.0006654769667272545,-0.07463797529414622,0.2626140943491336,-1.3779481640283462,0.33290322858165905,-0.16070013938751626
1785126569945242188,2.580002,0.22327845354926265,-0.055232560565753056,0.013404456686311753,-1.2180198306998455,0.007178763379576617,-0.07260750351263028,0.2643485763541514,-1.3783620646598356,0.3316231534885774,-0.16034223395999003
1785126569978599854,2.613334,0.23057853000855097,-0.05319873663572148,0.013891043080501762,-1.220321034921013,0.015248564472273697,-0.0714216841060517,0.26290714465399606,-1.380425226645813,0.32970909710716445,-0.16010419172480006
1785126570011957520,0.836867,0.2383284536383137,-0.05182502997965184,0.014346200284124623,-1.2217932617963834,0.02361603707327921,-0.0706990473335761,0.26629303703433066,-1.3817751556149118,0.3315642605992209,-0.15998189381852845
1785126570045314941,0.844297,0.24797300160826433,-0.05039218253874056,0.014716988923065354,-1.2220527675449648,0.03300590093863378,-0.07067878059555285,0.267517734727919,-1.3813319015753807,0.3324614526686003,-0.15927913403041583
1785126570078672607,0.870092,0.2561327899541426,-0.04853164850961389,0.014713725169226014,-1.2228222184080408,0.04568638229348724,-0.07111519097061131,0.26882093857132483,-1.3824125905585571,0.33070860707024574,-0.15959037215051627
1785126570112030029,0.845813,0.26572588096959227,-0.04659520259761955,0.014717895634030304,-1.2292886139820665,0.05405046345578073,-0.07539135780191693,0.2765562410893996,-1.3863024894714393,0.3379275367368006,-0.15701387548937284
1785126570145387695,0.81248,0.27701106965184624,-0.04414223414724006,0.017065012009849095,-1.2348868030145568,0.06346034780296912,-0.07373706492203583,0.28250895837901463,-1.3926980562308906,0.34196528109561314,-0.15781125321633382
1785126570178745117,0.963678,0.2867871927942082,-0.042487194396363885,0.019453286911756133,-1.2344249107711691,0.07536706237143115,-0.07581334593545876,0.2910200823553573,-1.3944565949666596,0.3457710634392322,-0.16003168419549052
1785126570212102783,1.003778,0.29295653854488446,-0.04041605729711355,0.021003001344494388,-1.232862891090286,0.08590234998908797,-0.07619680952236332,0.29473840877714225,-1.3926298263291734,0.3450837181186933,-0.1597669352388875
1785126570245460449,1.03911,0.30144320232034133,-0.04043548703987694,0.022553344872287617,-1.2326247996065893,0.09664558295811423,-0.07547881591909826,0.2953954313786453,-1.3926151764437908,0.3429473778358944,-0.15999037683720152
1785126570278817871,0.971677,0.3103222750043272,-0.03942998308870033,0.023401479105027757,-1.2323125324177249,0.10583045621306535,-0.07515032204218453,0.2978765275984979,-1.3916546928978004,0.3441357273126446,-0.15934216048007555
1785126570312175537,1.117397,0.3195351577947377,-0.038071992846779125,0.02312333794192718,-1.2310414763357507,0.1165810005332074,-0.07586908140112734,0.30050734751668534,-1.391038848002959,0.34577579241568185,-0.1599973716672083
1785126570345532959,1.058786,0.324516442511162,-0.037308438707690184,0.019665870099188472,-1.228691823190758,0.1268742812289908,-0.06671768076031737,0.29805367103011193,-1.3912324861299539,0.3426763708538324,-0.1625406629391959
1785126570378890625,1.143232,0.3309556287102982,-0.036116939146693686,0.019779934547657193,-1.2205205312804763,0.13340530905321202,-0.06963496001766846,0.29990497857696663,-1.3797179388025282,0.3444120015506814,-0.15919740752205191
1785126570412248047,1.06364,0.33636099590727175,-0.03425652007964062,0.02140522563195745,-1.2168425137547343,0.13775188973010313,-0.07201298325329192,0.3027672435842211,-1.3755062451281839,0.34646170454185415,-0.15866373137344955
1785126570445605713,1.128059,0.3377777918604387,-0.03416111639368347,0.02239115626508367,-1.2148486467512136,0.14296662507757296,-0.06749093876582496,0.2980002401631926,-1.3740112540072134,0.3391498708385644,-0.15916260725599973
1785126570478963379,2.145144,0.3414822492521831,-0.03462489291339152,0.02347673998797464,-1.21434236342055,0.14497694903802127,-0.06918617585445194,0.29882013526430656,-1.3729906730744674,0.34003352866017245,-0.1586483096539175
1785126570512320801,2.120308,0.3425370592571929,-0.0354382118393004,0.024650117861815566,-1.2130158543503529,0.14719411997921364,-0.06806591040627483,0.29817376488496766,-1.372364960591721,0.33769604101970685,-0.1593491062413681
1785126570545678467,2.140051,0.3432551863658616,-0.03607859376673649,0.025081305432780046,-1.2102606347841147,0.1487042185866463,-0.07122410458105143,0.2988256645451055,-1.3696215932536298,0.3376703424052018,-0.159360958469515
1785126570579035889,2.021994,0.34411258950690293,-0.03665921093948314,0.02532925625167593,-1.2062099480668023,0.14963980959518863,-0.0723640981520109,0.30191411276638974,-1.365744942732557,0.33999071156535177,-0.15953499466575471
1785126570612393555,2.024094,0.3451170423023056,-0.03730057919213022,0.025229535983721175,-1.201439923350057,0.15095812601761374,-0.07222198745057373,0.3023248467277613,-1.361422090757783,0.34014555820109577,-0.15998216740772597
1785126570645750977,2.092718,0.346673737659359,-0.037210606945313376,0.02492891251579658,-1.1969794932004285,0.14956908219194529,-0.069775437293304,0.2991563980634217,-1.3564503623217334,0.3392807498404444,-0.15947086912130493
1785126570679108643,2.007795,0.3476728906998016,-0.0372527293578157,0.02559108387553393,-1.192143199542396,0.15164990225480995,-0.0733072819082687,0.3011662503874048,-1.3517160973587297,0.3400979493565994,-0.15957289781633377
1785126570712466064,1.997504,0.3489718351245023,-0.03721931880366129,0.02600859774260183,-1.1881718566651929,0.15260203676156278,-0.0744327372037965,0.30152279560531525,-1.347481103757826,0.34037333832434563,-0.15930924709263314
1785126570745823730,2.135503,0.35050311028044784,-0.03704967835035107,0.02523136810312564,-1.1843918058735177,0.1547432145643042,-0.07391597356704069,0.3009849101319584,-1.3440153218248743,0.34017800698347145,-0.15962351595135657
1785126570779181152,1.910395,0.3516613611235583,-0.037020162074050345,0.025141224007624485,-1.179647682631255,0.15608604285898917,-0.07377782281819498,0.30379048755730065,-1.3399302107685445,0.34241238706338595,-0.1602825281372895
1785126570812538818,2.025267,0.35229381402344856,-0.03705801740358321,0.025326284551645283,-1.1751036689973893,0.1566724610217611,-0.07372098511417088,0.3037146380942135,-1.3354833490284663,0.342216250841044,-0.16037968003107705
1785126570845896240,1.900773,0.3526391477265612,-0.037189920147807864,0.025527284194316907,-1.1705329911983944,0.15647954423104266,-0.07268846373813018,0.30329688616533335,-1.3309947435744074,0.3418986522636349,-0.160461752376013
1785126570879253906,1.9198,0.3529268334106069,-0.0372137691103129,0.025727385160938022,-1.166549641138472,0.15631314655660067,-0.07358831188232125,0.30291182856499554,-1.3265512365896304,0.34177663010424664,-0.16000159545115844
1785126570912611328,1.739516,0.35320551782042836,-0.03721257989795884,0.025913024686245616,-1.1640242469557736,0.15611900778722862,-0.07372331140053,0.3027534823333558,-1.3234392472537986,0.3417846762834472,-0.15941500029802502
1785126570945968994,1.779286,0.3535399453081158,-0.03721734679543304,0.026053450627739304,-1.1616653447387342,0.1566893945805438,-0.0744240986359091,0.3036273003728402,-1.3212214904988766,0.3423181616078572,-0.15955614576014243
1785126570979326416,1.741814,0.35392868213568524,-0.037310756382774736,0.026190942144214528,-1.1596904770770704,0.1568086571260651,-0.0732399675358841,0.3003937629941279,-1.3193862402514993,0.3396091863244098,-0.15969576317442888
1785126571012684082,1.699091,0.35425574921392783,-0.03740262257117828,0.02631799352609198,-1.1569691418486079,0.1586635746226583,-0.07359275945811773,0.30395922526587416,-1.317845549045631,0.3415416202034834,-0.160876407197023
1785126571046041504,1.585564,0.35456756344804147,-0.03754583416069395,0.026427981054445684,-1.1530607417839922,0.15708673668931977,-0.07235100889518215,0.30387123223293616,-1.3131130489825795,0.34232270557194633,-0.1600523071985873
1785126571079399170,1.626765,0.35495907805844756,-0.03773570614159228,0.026554306984577135,-1.149042073015173,0.15687185627652567,-0.07281386967538561,0.3032713500419963,-1.3087852435683436,0.34211306158728494,-0.15974317055317067
1785126571112756592,1.146561,0.35533823635336587,-0.03789844510428886,0.026687544739658748,-1.1453607377156019,0.15698114671040914,-0.07274634074643971,0.3053994266445682,-1.3051631127249612,0.3438607624566758,-0.15980237500935934
1785126571146114258,1.709751,0.3557347601172572,-0.03807474985391233,0.02685538956714103,-1.1403453182898584,0.1578354644795272,-0.07312921898974763,0.3043110847563793,-1.3005952000423533,0.34259978081319375,-0.16024988175249488
1785126571179471680,1.554636,0.3562512132685213,-0.03832240147258241,0.02702948720919581,-1.1352573235170742,0.15762681895439554,-0.07348319559389445,0.3054195865773635,-1.2955636993816704,0.34378624010584385,-0.16030637586459617
1785126571212829346,1.554352,0.3566296277916524,-0.038577778740568475,0.027513200160221955,-1.1303838378010864,0.15780606169461778,-0.07393889175387265,0.3058478503418364,-1.2907097517124635,0.34387700743260413,-0.16032591391137707
1785126571246187012,1.437243,0.3571172751751606,-0.038749806065084144,0.02775006561848187,-1.126112235444052,0.15858966107980987,-0.07422548563043536,0.3054413066953277,-1.2864392155852633,0.3431969737189052,-0.16032698014121127
1785126571279544434,1.555458,0.35769860768953105,-0.03886424353396871,0.02822149438028281,-1.1216594838565546,0.16116195541242506,-0.07397629534347241,0.3064098637725199,-1.2831928355815154,0.34241536287917496,-0.1615333517249609
1785126571312902100,1.455753,0.3581097046874961,-0.038990606330070406,0.028463146826609,-1.1167716294573444,0.15993383625348628,-0.0747423805661751,0.30734334466854407,-1.2775044740424624,0.34398550687341495,-0.16073284458511794
1785126571346259521,1.477172,0.3586471799323094,-0.03912187206711707,0.028645633577357214,-1.1124943633962008,0.16065305639470678,-0.07531970737148723,0.30623102059462165,-1.2731885613967324,0.3428784089464809,-0.16069419800053164
1785126571379617188,1.377466,0.35914489377022996,-0.03921374410961123,0.028897456652959574,-1.10795988315106,0.15922393285447176,-0.07513740601064531,0.3045092191431838,-1.2681636872584081,0.3423751505597737,-0.16020380410734814
1785126571412974609,1.335465,0.35967081982521815,-0.03922438085843854,0.029097497893659875,-1.103021378675592,0.16046121816712758,-0.07397013579708875,0.3075550640085023,-1.2641127578129707,0.3441371078591114,-0.1610913791373787
1785126571446332275,7.628239,0.3603844409095647,-0.0392908320283274,0.029255783501352783,-1.0976724192347675,0.16117428721878813,-0.07494476554569153,0.30700501799731766,-1.2594074587532398,0.3436575702234099,-0.16173503951847226
1785126571479689697,1.516577,0.36090616921335145,-0.039288579483057744,0.028960212762093752,-1.0938718374444854,0.1625750150300395,-0.07385423866938265,0.3068111947775678,-1.2558715839393884,0.3431198037444547,-0.16199974649490298
1785126571513047363,1.301955,0.36150608262696676,-0.03930248688007105,0.028970556862671967,-1.0893268745548728,0.1620345651024011,-0.07406863154265687,0.30672672808503104,-1.2508835983307147,0.34372381612329017,-0.16155672377584196
1785126571546404785,1.297623,0.36195559228688867,-0.039344325439577846,0.029602621383737166,-1.0852576459183452,0.1629746515696093,-0.07584298728483181,0.307067640025834,-1.2463902894731136,0.34338375566599944,-0.16113264355476842
1785126571579762207,1.271595,0.36242631555084137,-0.03936531575668722,0.029538338297110618,-1.0805026514357619,0.16342753536901064,-0.07413283344358627,0.30576427911030474,-1.2422998408062016,0.3422134789544381,-0.16179718937043974
1785126571613119873,1.332108,0.36288745048917737,-0.03941759089597508,0.02938113945559926,-1.0758931668030705,0.1627091747256641,-0.07618304808257015,0.30605406375744487,-1.2367698051767222,0.34346899128091213,-0.16087663837365174
1785126571646477295,1.438402,0.363346914959986,-0.039546487932437153,0.029366804703171705,-1.071701604410338,0.1642517103260713,-0.07484702353220829,0.30471279425133213,-1.2334193807186764,0.3416144643924006,-0.1617177763083384
1785126571679834961,1.162983,0.36383873766687314,-0.0397294691019416,0.029293563227813072,-1.0665794538169027,0.1643430594209511,-0.07519243948815374,0.3060454550481172,-1.2283016335359096,0.34299818881960753,-0.16172217971900693
1785126571713192383,1.171288,0.36439359992835446,-0.03992596230124055,0.029174349583175316,-1.0616557572505259,0.16484304870040914,-0.07561409441750395,0.30511005097081445,-1.223384370950572,0.3423953512675268,-0.1617286137000462
1785126571746550049,1.131188,0.36487185387460497,-0.04008281571713123,0.02903464034880833,-1.0574993440593363,0.16550579844919375,-0.07522095235594867,0.3050401144531833,-1.2192052932064723,0.34228721045040106,-0.16170594914713599
1785126571779907471,1.084656,0.3653639872957397,-0.04030039092707155,0.028894014744973003,-1.0530080986527994,0.16677821117299907,-0.0755272127042505,0.3051412058463498,-1.2157798776468194,0.34203764418875443,-0.16277177899401996
1785126571813265137,1.070305,0.36573262593191536,-0.04046070606729203,0.028789715202567775,-1.0489251914614022,0.1670468472865185,-0.0757748530456719,0.3044934088670114,-1.2113923265005,0.3416659981809071,-0.16246713503909782
1785126571846622559,1.00017,0.3661515372029272,-0.04051329973902507,0.02873651878810252,-1.0449372789073434,0.16695463991457263,-0.07673939435923699,0.3047376359540952,-1.2069379770338977,0.3422986276595567,-0.16200069812655427
1785126571879980225,1.029688,0.36661894283180374,-0.04059953546946783,0.028693339643819756,-1.0408176754225051,0.16790734620734757,-0.0744598951743267,0.30515227673413203,-1.2037752914948865,0.34214378043373556,-0.16295761607238135
1785126571913337646,2.289138,0.3668842700494682,-0.04068246060883675,0.028631380016886625,-1.0376682114013482,0.16826935258469156,-0.07550272790249844,0.30503284347644694,-1.2003428191608025,0.34213755341460067,-0.16267460775945433
1785126571946695068,2.461793,0.36731341643268445,-0.040803364055162106,0.028546031963498614,-1.0335285550632065,0.16697626815143035,-0.07674782605202882,0.30425572313427357,-1.1949683875205308,0.34269930133455695,-0.1614398324573243
1785126571980052734,2.475429,0.3676174491457411,-0.040852342020056526,0.02846832212661984,-1.029835386836957,0.16767730555409757,-0.07777857645736885,0.3044603541410191,-1.1912786715060557,0.3427990804313856,-0.16144328466909874
1785126572013410156,2.376525,0.36799744618309005,-0.04102031112384513,0.028430570857739958,-1.0259192656397762,0.16805651802976804,-0.07438856759127332,0.3047008202009943,-1.1882751222414671,0.3426588185975546,-0.16235585660169094
1785126572046767822,2.48672,0.36810777377035825,-0.04112905904223369,0.02847649600425489,-1.0213604924975004,0.16869740619847198,-0.074728884689276,0.30602773133792205,-1.1840063007315698,0.34340665575074564,-0.16264580823406938
1785126572080125244,2.471979,0.36841495471568986,-0.041237487031277734,0.028554171037059414,-1.0180321087094404,0.17000296519471075,-0.07705391236764662,0.30496881921798347,-1.180339469841596,0.3421332951329537,-0.16230736113215571
1785126572113482910,2.541881,0.36873506432498343,-0.041354532438259595,0.028632659776446318,-1.0148384723647763,0.17023928521709528,-0.0744686824381073,0.30378852724149064,-1.1777710204564744,0.3408927582896137,-0.1629325480916981
1785126572146840576,2.424625,0.3690213957336381,-0.04138867139247977,0.028734621475644522,-1.011245798112387,0.1697770827226758,-0.07480672982533947,0.3046088526194213,-1.1742026453603636,0.341938085485958,-0.16295684724797654
1785126572180197998,2.544113,0.369348071911642,-0.04141673705536233,0.028819647224400197,-1.0080188957783964,0.17187010692581325,-0.07575758695769699,0.3034618054295505,-1.1716765712754427,0.34000758181332025,-0.16365767549704624
1785126572213555664,2.621406,0.36961661912199795,-0.04144885992902249,0.02891087795003189,-1.0044480660458186,0.1711780637667515,-0.07839538055413166,0.3031507798308739,-1.167293998892234,0.34051494742726446,-0.16284593284641535
1785126572246913086,2.627645,0.37003952465605083,-0.04149367885877161,0.028723725623892513,-1.0013561082018911,0.17226115776454146,-0.07707005556541713,0.3025523739005548,-1.164664034997647,0.3396528957728311,-0.1633079267957558
1785126572280270752,2.665123,0.37051689247840425,-0.041691842185350894,0.02829965155746513,-0.9984808054767444,0.17206969387059348,-0.0763097865991996,0.30252528824909247,-1.1618996302617683,0.34026371027433505,-0.1634188247850239
1785126572313628174,2.756716,0.37085899189080096,-0.04169124183810372,0.028013497078166957,-0.9951627605532686,0.17260314167911245,-0.07757156489431492,0.3023307238109988,-1.1587037125734447,0.3403567549031008,-0.16354095202017616
1785126572346985840,0.499083,0.37121164237537313,-0.04174968289263482,0.027901812491544782,-0.992053076700127,0.17097132641357843,-0.07709841976135628,0.30335058323298253,-1.155258479093403,0.34237076779080106,-0.16320540239327608
1785126572380343262,0.622782,0.37149151868894253,-0.041872464096621806,0.027757697372622802,-0.9890331100371851,0.1739147890965697,-0.07750216723689607,0.30389513022152614,-1.1534985510799927,0.341405802004981,-0.16446544104280758
1785126572413700928,0.577913,0.3717737179766448,-0.041988474816469966,0.027629163190883176,-0.9854996919002683,0.17513992438213274,-0.07480867532285304,0.30319495938544144,-1.1510502218132885,0.34011545448125285,-0.16555052991302022
1785126572447058350,0.495142,0.3720026322424689,-0.04210668058767077,0.02763758901154776,-0.9827475170839517,0.17339416981537603,-0.07789364727935462,0.3022168153768655,-1.1467339460376802,0.3407635248732206,-0.1639864289537285
1785126572480416016,2.27346,0.37233013003562726,-0.04223970684153954,0.02767702583870632,-0.9797662872443902,0.17476106979782038,-0.07484077012617359,0.3023433911628826,-1.1446498768396756,0.33990877471894243,-0.16488358959528537
1785126572513773438,0.493149,0.3726714743813262,-0.042533761193086356,0.027722641307554922,-0.9762193221170016,0.17498963409058893,-0.07487551640649387,0.30211102910653326,-1.1415652093601423,0.33972501596134935,-0.1653458872431407
1785126572547131104,0.436359,0.3729254748295585,-0.04267812555200214,0.027800870142103702,-0.9734629708542469,0.1750700760977967,-0.07587209600570788,0.3016370857674425,-1.1385375673220017,0.3394626216092031,-0.1650745964677548
1785126572580488525,0.440135,0.37324897192561585,-0.042964402983683786,0.027866939663218685,-0.9700437147620572,0.1759939613213794,-0.07551914283952067,0.3018902866915871,-1.135549370903467,0.3392022184659002,-0.16550565614140977
1785126572613846191,0.291316,0.37350247525896274,-0.0432016945055693,0.027917499327062875,-0.9665148623049633,0.1752670139276782,-0.07704229847242239,0.3026018369831766,-1.1316170590327082,0.3404320342735779,-0.16510219672774484
1785126572647203613,0.378775,0.37365894527881255,-0.04352184490481397,0.027950517801324216,-0.9635287252591479,0.1762237591993432,-0.07483439351761445,0.3017653645179355,-1.1294565362758577,0.33902167878368045,-0.16592781101670984
1785126572680561279,0.400664,0.3738038698549352,-0.04382923866908045,0.028045638101323524,-0.9600099498550082,0.17491466089405056,-0.07744708375364989,0.30216228876858264,-1.1247066681680802,0.34033368202729025,-0.16469671831307198
1785126572713918701,3.026643,0.37388402227416223,-0.044124339652820574,0.02805585393507525,-0.9567347170479975,0.17554217221662266,-0.07732187590248772,0.3028883486092371,-1.1215896106393939,0.3405502400911188,-0.16485489359139635
1785126572747276367,3.068889,0.3740032877509211,-0.04442332733491795,0.027990548256500616,-0.9526970613522714,0.17583701689528733,-0.07620182472532917,0.3017941253827389,-1.1182891758644276,0.3394821683805273,-0.16559211451215616
1785126572780633789,3.042226,0.37412067047971015,-0.044724095199812255,0.0279579825443776,-0.9489829840009488,0.1763554975553979,-0.0765158234775386,0.30269378879827635,-1.1147173742334788,0.34000226594340177,-0.16573439023253
1785126572813991455,3.092817,0.37427350429089484,-0.04508286813429629,0.027967218052291153,-0.9448272491032591,0.17465840140185054,-0.07776213749885952,0.30281459094519186,-1.1095947323592417,0.3412553330480487,-0.16476748325598256
1785126572847348877,0.176577,0.37459264005403536,-0.04546446178396507,0.027499241914617487,-0.9401873010978588,0.17624088221196846,-0.07777578908902988,0.30383969227555413,-1.1061589674297423,0.3416891660807206,-0.16597166633188354
1785126572880706543,0.220162,0.37499008520320215,-0.04571481605202772,0.02655561839288028,-0.9357317415774001,0.17613542399124035,-0.07730238226657468,0.30302478813125716,-1.1017344092988686,0.3420177662650143,-0.16600266772146843
1785126572914063965,1.568256,0.37538443498226143,-0.04594780086437127,0.0266134845392282,-0.9312500885245378,0.17746218108108908,-0.0768083814594837,0.3037053963708844,-1.097559555053305,0.3419144946130683,-0.1663094665287672
1785126572947421387,3.174761,0.37577252592619775,-0.046169790187324845,0.028191712839298916,-0.9254149491287937,0.17710040041083838,-0.07969412669535278,0.3043793508094966,-1.091073124702571,0.3418685507072143,-0.16565817557377716
1785126572980779053,3.251816,0.3763242499077862,-0.04640769251806466,0.02792145781272308,-0.9197547054159996,0.1785442673680735,-0.07695825176766413,0.3049216885629639,-1.0861925888883106,0.34172998990366504,-0.16643788347231103
1785126573014136475,0.46056,0.3769813817932229,-0.046495212568215864,0.02708908858914503,-0.9134985309768354,0.1780722904478811,-0.07657714563294925,0.30510586193516026,-1.0794774122693398,0.3431662506402257,-0.1659788812925044
1785126573047494141,0.075945,0.3773202438312264,-0.046742795724514195,0.02884669419569875,-0.90536033244236,0.17888581105959514,-0.0758208412386334,0.30634370551087214,-1.072497103274848,0.3423833350634545,-0.167136770832488
1785126573114208984,0.152636,0.378170964761367,-0.04729068345432532,0.029740391808943476,-0.8888421130757912,0.18144576343308194,-0.07649686920165816,0.3065990060779062,-1.057163785225538,0.34088780913739386,-0.1683216721497468
1785126573147566406,0.015029,0.3786167319875436,-0.0473866196144886,0.02982362466848482,-0.8829055235908969,0.1815903487328285,-0.07871168114856396,0.30566084738176624,-1.0476803535731098,0.3404215454590439,-0.16477482998221293
1785126573180924072,0.125847,0.379297329947083,-0.04775467862350924,0.02977717776936334,-0.8708159569123126,0.18215937589986597,-0.07586968746883982,0.3082779846960953,-1.0397109305415284,0.3423689911588613,-0.1688949736292158
1785126573214281494,0.167209,0.3800257855514773,-0.04794079478054775,0.029683388135479633,-0.8615364071012923,0.18259775622285937,-0.07637507785049663,0.3077547143212874,-1.0301358389323854,0.34221338031266035,-0.16859943183109305
1785126573247638916,0.077842,0.3807272981617893,-0.04809055243447767,0.029537360101397164,-0.8519671598234556,0.18404383166946459,-0.07602549579273767,0.3074981358831767,-1.020444342321673,0.34165324515519435,-0.1684771824982173
1785126573280996338,0.118175,0.3814404388212147,-0.048304874985271605,0.02945470494584175,-0.8414063537001,0.1853898589195671,-0.07474319565617775,0.30835598154973626,-1.011194279676915,0.3419367438152151,-0.16978792597681513
1785126573314353760,0.001152,0.3819229361018207,-0.04856055733434033,0.028245462956842424,-0.8306034495655166,0.18495755706559627,-0.07557197705951613,0.3088754275367219,-1.0000095933946889,0.34391591174959846,-0.1694061438291723
1785126573347711426,0.024324,0.38266919212618844,-0.04855398824433888,0.02723727283392557,-0.8209269861404447,0.1845120477707833,-0.0741291112931906,0.30972211710067477,-0.9899032645170905,0.34600293065010634,-0.16897627837664586
1785126573381068848,3.08366,0.38364462848947295,-0.04844437816639342,0.026452348873043697,-0.8089203903917817,0.18794082131732376,-0.07425287618592587,0.3067859785112481,-0.9804711377098831,0.3428600335673843,-0.1715507473181015
1785126573414426270,3.167782,0.3842778744606075,-0.04852487153561908,0.02590488515992173,-0.798141582728958,0.18901449800310482,-0.07786797590913488,0.30832486168635004,-0.9688114981730669,0.3446009969530671,-0.17066991544410892
1785126573447783691,3.123158,0.3852121714447915,-0.04848136019997579,0.02555818383085708,-0.7873348943835143,0.18840031679611882,-0.0770460656663964,0.30735793004558565,-0.9574418892740683,0.3449086045539007,-0.17010699489055392
1785126573481141113,2.985312,0.3861937589491115,-0.04836558757813957,0.025427035055853843,-0.7762899118898077,0.19019468257471808,-0.07538844844544593,0.3077731022167355,-0.9474120839661513,0.3447682911613047,-0.17112217207634364
1785126573514498535,0.409809,0.3869316092968021,-0.04821081288518175,0.02548685297102257,-0.7664206797337401,0.19194873068416807,-0.07515627816717908,0.3093234266810702,-0.936621135274093,0.3454092958025186,-0.1702004555403529
1785126573547856201,0.329269,0.3878621028296618,-0.048164333051415195,0.025494417187462818,-0.755758930308246,0.19150089027124204,-0.07487152628033307,0.30721054061354847,-0.9252298637779289,0.3444342813452244,-0.1694709334696829
1785126573581213623,0.373178,0.3888728995685973,-0.04798689926869778,0.02534464503642025,-0.7436773904633335,0.19230981148239637,-0.0750485680176484,0.31009508279036047,-0.913357724021703,0.3470622326248163,-0.16968033355836953
1785126573614571045,0.436876,0.389808443231319,-0.04770332423303,0.02515540272971284,-0.7322074157503771,0.19261398545695238,-0.0758849939971498,0.30708810382343305,-0.9013692492089478,0.34520415500631124,-0.16916183345857072
1785126573647928467,0.442161,0.39045866614192987,-0.04744388411461532,0.024919053146073098,-0.721548364958497,0.19457663556571406,-0.0724696456084196,0.30885815337294376,-0.8915622997366968,0.34585758814669837,-0.17001393477819982
1785126573681285889,0.432556,0.39110113883493486,-0.046991435445913055,0.02471158511044942,-0.7095551485464233,0.19481350569756153,-0.07385572547777805,0.3097613732359339,-0.8794401715689957,0.34713672625058245,-0.16988502302257236
1785126573714643311,0.557875,0.3918191596814918,-0.04649994296632123,0.024531792032227554,-0.6975087567846827,0.19600865613777096,-0.07114954194088705,0.31004615197191726,-0.8683690095710045,0.3470847241804559,-0.17086025278632178
1785126573748000732,0.509515,0.39210551227139806,-0.046248891576363034,0.024515301496714024,-0.6839800699759678,0.19967839333970552,-0.06636093466473328,0.3103867375540253,-0.8574889743904793,0.3451885982054007,-0.1735089044145115
1785126573781358154,0.555332,0.39201083516517304,-0.046314860873669345,0.02443945832831237,-0.6716861296760708,0.1992045170015622,-0.06824294826105394,0.3105486104254096,-0.8431119277915317,0.3457073390224689,-0.17142579811546088
1785126573814715576,0.560855,0.3922336762645741,-0.04554900917079513,0.02606177670356451,-0.6588428582351908,0.1964775665943766,-0.07129852196362214,0.30799184768255156,-0.8275346654842717,0.34419188951004503,-0.16869180724908084
1785126573848072998,0.64911,0.3927318817182135,-0.044231203946938455,0.028297602790113577,-0.6445554393497507,0.19360877438434712,-0.07141314542154971,0.30793151773855654,-0.8125849179438834,0.34436027094602056,-0.16802947859413275
1785126573881430420,0.531372,0.3933324072674979,-0.04352060925426771,0.029335076109827368,-0.6267681837584789,0.21350661548788205,-0.036972366066503004,0.3052753653865867,-0.8107673657738874,0.3294286540727043,-0.18399918201540855
1785126573914788086,0.752908,0.39468373451404504,-0.042803875980288536,0.028980037511145633,-0.6019136263491417,0.20989987938100133,-0.038446465010274045,0.3136477021875366,-0.7854104843825427,0.33941087115839624,-0.183496858033401
1785126573948145508,0.77536,0.39725388822640517,-0.041808919538340435,0.027869091446913005,-0.5760213868242647,0.21158983788234148,-0.02962798851479496,0.3154279479588528,-0.7603158254461144,0.3425049059929183,-0.1842944386218497
1785126573981502930,0.663582,0.40066875342834546,-0.04070282950672021,0.023545767173053032,-0.549413581667517,0.20970909367286028,-0.02934294431809618,0.3241513597577568,-0.7327755202824753,0.35631216782286607,-0.1833619386149583
1785126574014860596,0.764717,0.4019400560390535,-0.040158824004046245,0.02031432330213885,-0.5277858514035543,0.19915987441585892,-0.06988088527049015,0.3121746700558609,-0.6919844160640012,0.35663099275338495,-0.16419856466044694
1785126574048218262,0.785982,0.40430714900032155,-0.037153976205967935,0.02184878715887987,-0.5112373115479621,0.2046896219681646,-0.06115330735636509,0.3015551462865707,-0.6797497103580619,0.3444688263552583,-0.16851239881009972
1785126574081575928,0.683746,0.4038843889477752,-0.03615211694446858,0.024468465667810378,-0.49309775327478533,0.20484179551952922,-0.06422962069404436,0.3186491280257044,-0.661759432259435,0.35629841751090996,-0.16866167898464968
1785126574114933594,2.522699,0.403465966037976,-0.03587707991118935,0.024848586309460248,-0.47095253782021007,0.20286620086306867,-0.05963441577729265,0.31146722830916146,-0.6422305447213732,0.3506492873761983,-0.17127800690116313
1785126574148291016,2.560568,0.4040098660055726,-0.03715930658715975,0.025247705857820015,-0.44974879675877955,0.20228904716212823,-0.049593011430415106,0.3036163461400416,-0.6240387667423858,0.3439985256706369,-0.17428996998360624
1785126574181648682,2.445843,0.4057210119567218,-0.037261839920666506,0.025404789046092953,-0.4317453786987819,0.20335399464816928,-0.050572865935223504,0.3160681833261839,-0.6062856332872395,0.35442178528180773,-0.17454025458845762
1785126574215006348,0.020405,0.40636624698819523,-0.03644959347050445,0.02591969841293431,-0.4197746323072302,0.21007435708597802,-0.0592040883544956,0.3488937758699447,-0.5900570060343803,0.3786298030900588,-0.17028237372715005
1785126574248364014,0.858492,0.4058135296821916,-0.03635956768602004,0.0266057216461045,-0.39900428018135164,0.21409240840364543,-0.041570563040181224,0.3146855854456212,-0.5789535492151527,0.34608402266448557,-0.1799492690338011
1785126574281721680,0.869028,0.40620849447760604,-0.03623946791353952,0.026763021959767395,-0.38220614444884715,0.2065691705062914,-0.05291564044391975,0.32229009451745005,-0.5568076712400503,0.35702969767303727,-0.1746015267912031
1785126574315079346,0.968018,0.4072297032770895,-0.03498531871942288,0.026983659240750798,-0.3669653854356767,0.21772163947698406,-0.04666211342184063,0.3180662588223196,-0.5468704958600988,0.34753234893884505,-0.17990511042442214
1785126574348437012,0.991905,0.40797107271462635,-0.03458946536580672,0.026976266532252317,-0.35326744435469776,0.22164106860877553,-0.038667957485831315,0.3119734098098646,-0.5358326387513517,0.3405273501562824,-0.18256519439665392
1785126574381794678,2.210011,0.40883387604778026,-0.03422101416922158,0.02670920169015092,-0.3368287115650269,0.21435258877169122,-0.04631996653345859,0.31754907752282113,-0.5165587650013479,0.35008168921444577,-0.17973005343632095
1785126574415152344,2.230469,0.40954242295099075,-0.03366435440566063,0.02692148009179593,-0.32321016504932626,0.21827438160378945,-0.038982915590541345,0.3191861254648366,-0.5052318790776219,0.3493284610061156,-0.18202171402829562
1785126574448510010,2.435463,0.41010657081301205,-0.03306528551177882,0.02712433704201063,-0.30886794397746425,0.21897695650315843,-0.04264609299942477,0.3200883454148822,-0.4896944396051484,0.34992889497760643,-0.18082649562768416
1785126574481867676,2.247782,0.4107906516181182,-0.03244498043419325,0.027297496641802095,-0.2950034361330842,0.21989593071630154,-0.04043160583035963,0.3181402048686851,-0.4760050329417314,0.34798572037103614,-0.1810015968086472
1785126574515225342,2.129242,0.4113619878570841,-0.03197445168976051,0.027533912937028775,-0.28048040873072155,0.2230142231556386,-0.04076178840876863,0.31219041192836183,-0.46161155634559986,0.3414402146388839,-0.1811311476148783
1785126574548583008,2.156376,0.4119054844805652,-0.03162299160482929,0.02793131640875903,-0.26604716364161074,0.2236561341100443,-0.03713877412157496,0.3153506730100725,-0.4486022110233216,0.3436249820964829,-0.18255504738171086
1785126574581940674,2.141787,0.412269749351828,-0.03122029386179494,0.028319175577384694,-0.2522301599377961,0.2236349507666054,-0.034760390056358864,0.3139192252085013,-0.43474410236701844,0.3422908235224113,-0.1825139424292224
1785126574615298340,2.079514,0.4126603730742891,-0.03090236721345494,0.028551716027358603,-0.23792317729519025,0.2236480778121837,-0.03153401077659917,0.3184155277080557,-0.42231250754429966,0.3460449046813185,-0.18438933024910942
1785126574648656006,2.12286,0.41270700260259413,-0.030696487273239967,0.02876351604352073,-0.22317891953827285,0.22085741170159615,-0.03691006700374905,0.31720450041347337,-0.4044204278844882,0.3464723301596463,-0.18124150834621533
1785126574682013672,2.065355,0.4127074416068582,-0.030548613421459977,0.028910975237808816,-0.21224920361762006,0.2222196036638474,-0.033746534519100486,0.32339617847316177,-0.39127977303418826,0.35073833270419214,-0.1790305694165682
1785126574715371338,1.906046,0.41205931144989405,-0.03017410661045441,0.028735258561751312,-0.19546427992024035,0.21888538422351578,-0.04156639419850875,0.32105639357631277,-0.3743650084881955,0.35056753465310003,-0.17890072856795514
1785126574748729004,2.101027,0.41157777964470127,-0.029739801713696726,0.029331032215825722,-0.18369634334785434,0.22030246291540914,-0.03376128505763618,0.32165165751563035,-0.3666545234198603,0.3493619428241224,-0.18295818007200598
1785126574782086670,2.240933,0.41123135112775716,-0.02997415666557713,0.029551113988568006,-0.17425783715434448,0.2161848748241311,-0.04105638524404277,0.32330455164989613,-0.353303797440719,0.3527846734859298,-0.17904596028637454
1785126574815444336,1.854172,0.4107142605514128,-0.030266544741161968,0.029585337576899337,-0.1660630639093502,0.21605017436012777,-0.04195183373159272,0.32239200441242893,-0.34528461207167954,0.35180448629147804,-0.17922154816232935
1785126574848802002,2.019589,0.41037854544701075,-0.030256126194555064,0.029664647314779167,-0.1587490600517837,0.21541385327635534,-0.04349578120731665,0.3224748319880797,-0.3372814341198534,0.3520288680015713,-0.17853237406806968
1785126574882159424,1.843834,0.41023698298197275,-0.029938749154888006,0.02857044386701072,-0.1519038827737631,0.21740834743677098,-0.03427269000292979,0.3256972615520708,-0.33393189174083004,0.3542400478731188,-0.18202800896706695
1785126574915517090,1.755097,0.4101977246700062,-0.029410298576586974,0.02771735137320238,-0.1438672367695832,0.21693476917586807,-0.036730802439590135,0.3208497062766089,-0.3245391110155489,0.3511847622468181,-0.18067187424596567
1785126574948874756,1.81704,0.4105657302525359,-0.028621776687242254,0.027016114394147694,-0.13484332578982738,0.21610926116061538,-0.0385482645159638,0.31785684484507754,-0.31477670492236987,0.3500002628878173,-0.17993337913254248
1785126574982232422,1.702315,0.41138293756840927,-0.02706110339069836,0.02548630782209334,-0.12659580635852047,0.21691441430727193,-0.03391307801477883,0.3214335745972309,-0.3079272750329206,0.3541888490724842,-0.18133146867440014
1785126575015590088,1.851996,0.41197969769514176,-0.026891115862230544,0.024545354042315705,-0.11662876636290012,0.21721786167807566,-0.033169800987191016,0.3209445012176009,-0.2976895700817908,0.35471685765110356,-0.18106080371889066
1785126575048947754,1.67552,0.4126446829270401,-0.027171206346252936,0.024018847418554607,-0.10511544889943428,0.22143328221733033,-0.024049651671918505,0.3186485251142816,-0.2908830444885846,0.35125231791981393,-0.18576759558915032
1785126575082305420,1.674759,0.4134285657273396,-0.027634651611783887,0.023529197232050214,-0.09434558727665397,0.22163801085888404,-0.022977139840696534,0.3171016961788123,-0.28026583126207594,0.35069947460823847,-0.18592024398542195
1785126575115663086,1.694979,0.4141580498809137,-0.02760015392137753,0.02409164118358661,-0.08309071692499564,0.22117390749829036,-0.024877631159954467,0.3179414826438983,-0.2689490537418133,0.3515651016065068,-0.18585833681681768
1785126575149020752,1.746908,0.414750674841288,-0.027481822096149043,0.025206995750333555,-0.07310516135977292,0.22156229890947818,-0.028727769567840924,0.32119991751432986,-0.2571870732935993,0.3534616113733707,-0.1840819119338264
1785126575182378418,1.725167,0.41535417402175023,-0.027487695415190277,0.02497718912937841,-0.06307815120676515,0.2222462150378499,-0.031462063607357434,0.31484331662914633,-0.24615681971167705,0.34832291239188723,-0.1830786685049119
1785126575215736084,1.583262,0.4161074595321692,-0.02743990918512906,0.02559038549251551,-0.05269038931239357,0.22337273774265115,-0.026009440169014228,0.31405473225017455,-0.23734642852566892,0.34692996206037313,-0.18465603921327536
1785126575249093750,1.810196,0.4167574033667119,-0.027034892927053713,0.026073823275112137,-0.041612142184804794,0.2246291569486809,-0.020871405278190116,0.3161296055893722,-0.22775004552209616,0.34797070064245744,-0.18613790333729135
1785126575282451416,1.795698,0.4170723735052882,-0.026970207477335795,0.026530561662375673,-0.028099936848408197,0.22565949803865493,-0.016870705889377113,0.31365956317970856,-0.21543061490571314,0.34523028884944407,-0.18733067805730494
1785126575315809082,1.816486,0.41708893865516283,-0.026281232998929902,0.0268802193802272,-0.013995945608038327,0.2239248028488358,-0.0147811514534938,0.3163234489657542,-0.2013988732965588,0.34816952536121953,-0.1874029276885205
1785126575349166748,1.874468,0.416767452239461,-0.024313938921252116,0.028190821783652505,0.00214043951626576,0.22559720635405206,-0.014275344475944453,0.30469517943804963,-0.18572952817044497,0.33630565872758644,-0.18786996768671071
1785126575382524414,1.900024,0.41671492810928473,-0.02311105094157303,0.029180637196019907,0.021796213982414138,0.2138521311208863,-0.03187132730808466,0.2959519726799026,-0.15723496333818354,0.3352566215301766,-0.17903117732059765
1785126575415882080,1.686222,0.41733985726532746,-0.023000523937775175,0.028656559347137386,0.04756116053403608,0.21699542369085745,-0.02650621426873833,0.2883056815678449,-0.13542558400494056,0.3279753780376749,-0.18298674453897665
1785126575449239746,3.252587,0.4184919190897778,-0.021740843865032233,0.026624972744329747,0.07319037822980956,0.21892764897839423,-0.026108070595991226,0.286758417845913,-0.1092011904710329,0.32789385452433734,-0.18239156870084244
1785126575482597168,1.371186,0.41990313725319667,-0.02053541044276211,0.023787994503265707,0.09674388248610027,0.24276314334446328,0.011115893064589039,0.29457246563983336,-0.10271859213311198,0.32512245733632616,-0.19946247461921224
1785126575515954834,1.251454,0.41917316600020216,-0.018401279256814913,0.02133415857956933,0.11608550245413807,0.21713293703006295,-0.020895620689243995,0.295706784735326,-0.06900974633323494,0.3407444993614635,-0.18509524878737296
1785126575549312500,1.386591,0.41880440258292445,-0.016148698873096317,0.024837378657445817,0.13387976647976452,0.2305083470068386,0.0015299421536495881,0.29830535999591523,-0.06168428779334762,0.33249462508648525,-0.19556405427311213
1785126575582670166,1.259945,0.41756981477506033,-0.016234457276535233,0.025958560735364403,0.1534343648831523,0.22820504164940744,-0.0026922541640647087,0.2971296241288135,-0.038948693160261984,0.3310228907311447,-0.19238305804341427
1785126575616027832,1.398659,0.4175383781622577,-0.015917400949543574,0.026119631196476305,0.174969665447174,0.22721879446188528,6.051281940175217e-05,0.2991847136857733,-0.018879319424116685,0.33322871566414786,-0.1938489848712907
1785126575649385498,1.259615,0.419057077388636,-0.01654810066702604,0.026583401222091962,0.19463147259212457,0.2243671158244987,-0.002219062977033958,0.2976057893491309,0.001820140343395601,0.3340099359615666,-0.19281133224872898
1785126575682743164,1.224522,0.419537702042119,-0.014943302924239989,0.026496971395068424,0.20713117425315658,0.22430120181165622,0.0014345351681542132,0.31475658724646105,0.010795342121078853,0.34853856419858714,-0.19633583213207773
1785126575716100830,1.117188,0.41886485529004025,-0.014304960064842652,0.026769690473319604,0.21251906406918133,0.2245315203611655,0.009892216897270217,0.3227201214624059,0.011632515882091982,0.35487688856861327,-0.20088654818708934
1785126575749458496,1.252802,0.4189431953515901,-0.014078938525600111,0.02677580928955651,0.21320003416736064,0.2201580885944014,0.0007414152052837941,0.328797212300698,0.017024808265027794,0.3618730294315864,-0.1961752259023328
1785126575782816162,1.093493,0.41909981695639964,-0.013389822907415545,0.025470897912364943,0.21124113148791837,0.22075305832246384,0.005247549032354359,0.3314392520765589,0.012960419202622869,0.3651101505619307,-0.1982807122852955
1785126575816173828,1.204073,0.419038698243496,-0.01266480696738951,0.024896547088748958,0.20895431079664614,0.22123763631390492,0.0071214752240037985,0.33095461657107417,0.010164780013737877,0.36494972113796603,-0.19878953078290823
1785126575849531494,1.084818,0.41888215237871035,-0.01235029729460277,0.024765676392750124,0.2073248785180407,0.221879214034162,0.009678495554217638,0.33219936939950223,0.006933833603522154,0.3658017236516691,-0.20039104491451856
1785126575882888916,1.02875,0.4187812122671444,-0.012418533210969992,0.02467450216177522,0.20564920933056416,0.22125930262553672,0.007832750727514987,0.33363416756564873,0.0061137788716329935,0.3672616153862231,-0.19953543045893116
1785126575916246582,1.167225,0.418571026769676,-0.012850770898231523,0.024626762766235263,0.20455093016015652,0.22183823766135008,0.006572433459231642,0.3302831839957032,0.005791723880321106,0.3640149708688624,-0.19875920627983537
1785126575949604248,2.38788,0.41840935814483843,-0.013829261767515942,0.024503648392594037,0.2043080084576647,0.22152569869870772,0.005694118237976005,0.3293981452719269,0.005450366900758859,0.36346250418858933,-0.19885764155690583
1785126575982961914,2.223894,0.41824481390636603,-0.015163252616643225,0.02508275446356449,0.20446497407492698,0.22053281362527632,0.0066097730164644,0.32879357741601695,0.005077157987779585,0.3630487070336782,-0.1993878160871474
1785126576016319580,2.359838,0.41814823524625033,-0.01613080445354691,0.025916916067683732,0.2053827195710003,0.22152661884708053,0.005118081177922425,0.3253276093117007,0.007088896068254405,0.3588291214559715,-0.19829382350274585
1785126576049677246,2.315981,0.418183681213816,-0.017115870172354903,0.026302795516125757,0.20654967240800515,0.22138274789284815,0.006444642017451014,0.32591894337063626,0.0075933980665478336,0.3592430112692882,-0.19895627434145732
1785126576083034668,0.885191,0.41841366536147984,-0.017446687821418415,0.02642046140736695,0.2080962679575286,0.2208188515362108,0.005721561071620398,0.3271038560425604,0.009858323667743484,0.36054262163682677,-0.19823794428978514
1785126576116392334,0.797884,0.4186279333427778,-0.017211116570730253,0.02611046049939218,0.20994801480594086,0.22222134027673798,0.006947827017090292,0.3243061935323585,0.011785009390674868,0.35788252200150344,-0.198163005415266
1785126576149750000,0.840992,0.4190242612794804,-0.016433634379993664,0.025288276347675456,0.210092913422916,0.22179755081589986,0.006992656847827077,0.328861872376721,0.0122997704245453,0.362772786530332,-0.1977931429983707
1785126576183107666,0.78611,0.41936209252867507,-0.015542005905488165,0.02493069575345515,0.20897942389010435,0.22331186712016873,0.009256774834668316,0.331959439493414,0.010786906854674764,0.3651264437033585,-0.1981925170354296
1785126576216465088,2.661463,0.41956822854582543,-0.014918483540311328,0.024830998053343264,0.20769350097837105,0.2232885668929379,0.01090130339381914,0.33134207416337896,0.00848573712467261,0.36488547073572003,-0.19920776385369846
1785126576249822754,2.638143,0.41973092186341104,-0.014653167928993637,0.024796010884140237,0.20633908309814397,0.22431278713984296,0.008661348310855405,0.3300139648203006,0.008321704327210199,0.36316637158651255,-0.19801737877093376
1785126576283180420,2.60791,0.41985006361407273,-0.014803386538460382,0.024715820259092428,0.20613411478015137,0.2242846552197957,0.013411603142367556,0.3306695858858785,0.005517981646454068,0.36421095714478435,-0.2006161331336973
1785126576316537842,0.80072,0.4198236618497983,-0.015100929943712241,0.02465204769852651,0.20650045632945502,0.22450631395176662,0.010949233560176621,0.3292073528593627,0.006775060132752654,0.36274152134834264,-0.19972539619670238
1785126576349895508,0.690048,0.4197672606976379,-0.01530224040160554,0.02460889483302757,0.20647473463354293,0.22448926988603632,0.010365615182805698,0.3303579283106287,0.006890493721366018,0.3636960323927186,-0.19958424091217689
1785126576383253174,0.650902,0.4196904988194452,-0.015358137589792075,0.024602621967540747,0.20653205981593528,0.22348887900394576,0.011145786808131209,0.3322309004839633,0.006409504236929446,0.36583150680291915,-0.20012255557900582
1785126576416610840,0.685188,0.41964995259916105,-0.015211331889538441,0.0246070170306327,0.2062197704710685,0.22448525608901612,0.00897139432392924,0.32638600612471785,0.007605152697451739,0.36020080686980765,-0.19861461777361675
1785126576449968262,0.583582,0.4196456883345508,-0.015005363487086271,0.02465398772486371,0.20596914812200015,0.22389595425374575,0.011254559062809515,0.32798337260187244,0.006148127797976395,0.361961679815553,-0.19982102032402377
1785126576483325928,0.61763,0.41966892807551115,-0.014811578119289286,0.024691343350203607,0.20603364219302778,0.22383371435687185,0.008366764260686945,0.32745795129587846,0.007619835348737424,0.3613257330645556,-0.19841380684429036
1785126576516683594,0.514587,0.4196908246185276,-0.01472462938362891,0.02471278453218138,0.20556456627810485,0.22376837758960516,0.009514225249629757,0.32861404854397946,0.00660470593942469,0.3623935782981008,-0.19895986033868013
1785126576550041016,0.468532,0.41966721294461357,-0.01474688854959357,0.024713215480732787,0.20556292135246354,0.22427519806710353,0.009460810166899328,0.326934013894812,0.00642517199182783,0.36069580417449426,-0.19913774936063575
1785126576583398682,0.586742,0.41970856560041486,-0.014837176825703067,0.024713971363363653,0.2058509398397159,0.2239974466642981,0.010240156854864391,0.32829298588062866,0.006059447207901284,0.36206619946499724,-0.19979149263181462
1785126576616756348,2.23761,0.41973289444390105,-0.014897768493990066,0.02471922075935025,0.20572620891130788,0.22413707096542584,0.008869912148318108,0.32773564122503424,0.0065485462788083685,0.36144374372393523,-0.1991776626324995
1785126576650113770,2.847286,0.4197271523652328,-0.014910634793071286,0.024709440233876057,0.20584704169908993,0.2244332902553002,0.010838979424314214,0.3283313840338242,0.005521468620331354,0.36192405276109574,-0.2003255730787586
1785126576683471436,2.845902,0.4197554665057971,-0.014838116527561946,0.024717709235687318,0.2060003869170862,0.22391678995929046,0.010263391674221892,0.32833689147843526,0.005911371071811066,0.36217051339285816,-0.20008901584527516
1785126576716829102,2.708618,0.419755169357671,-0.014727555945776292,0.02475234880681131,0.20580504931257662,0.22377741153435066,0.008514146089013535,0.32805619129857744,0.006706378499781987,0.36185726349653397,-0.19909867081279464
1785126576750186523,2.865299,0.4197631957237297,-0.014651178255813215,0.024767339479755218,0.20599114976222346,0.22404931956852275,0.010309423628725561,0.3277702650865852,0.0059407675385837145,0.3615767220002309,-0.20005038222363974
1785126576783544189,3.070623,0.4198331609430161,-0.01459346634041204,0.024773139311371005,0.205825165933754,0.22393018395879755,0.008655889758352046,0.3279576020925094,0.006606671424957685,0.36171719259965224,-0.1992184945087963
1785126576816901855,2.831296,0.4198259114202482,-0.014598806829152414,0.024787036051163037,0.2057577084791647,0.2246513573348128,0.01151203054705338,0.3272906161467267,0.004937583425068721,0.36094777788700727,-0.20082012505409597
1785126576850259277,3.136512,0.4198622336450926,-0.01465755062777452,0.02479842137459422,0.20605738697614318,0.22352804831652756,0.009284167564560124,0.3291746757567015,0.006104841680584428,0.36299479669867696,-0.19995254529555875
1785126576883616943,3.127975,0.41987685161904187,-0.014662690854365444,0.02479786187797864,0.2058535601682541,0.2236507513619708,0.009022181969061589,0.32911108667394157,0.006155925670236151,0.36286663446571976,-0.19969763449801795
1785126576916974609,0.20984,0.4198928155835411,-0.01465381923048789,0.02481195210510965,0.2060046507866678,0.22365660464328713,0.01069908922246051,0.32811982627736513,0.005305773656530287,0.36214235734874234,-0.2006988771301375
1785126576950332031,0.215998,0.41992943840673885,-0.014606583439915877,0.024828841370724865,0.2061909508711768,0.22350141514045996,0.01039071659618546,0.3282297296420233,0.005611948482341319,0.3622995063993403,-0.2005790023888355
1785126576983689697,0.168746,0.41994273875313554,-0.014536403518730584,0.024841257970924395,0.20599252150645353,0.2244353857204062,0.009425702221930924,0.32637702200991525,0.00605045824068355,0.3601681893171146,-0.19994206326577
1785126577017047607,0.112666,0.4199615782180312,-0.01448969970218702,0.024854404081544098,0.20610722940572598,0.22410494814105048,0.01030324741902814,0.327835384939871,0.005478151258744731,0.3616240928560216,-0.20062907814698125
1785126577050405518,0.20059,0.41997777775706907,-0.014449392621937136,0.024862047987552125,0.20599858430090282,0.22389278106449997,0.008507776123006312,0.3282090172583573,0.0064928695326976465,0.36193333818604145,-0.19950571476820517
1785126577083763428,0.175743,0.4200049918276532,-0.014463227137781233,0.02486174240458487,0.2059626640982648,0.2243201276875731,0.009790683639301865,0.3276307336560699,0.005632782473730527,0.3613168696655972,-0.20032988162453427
1785126577117121338,0.073649,0.42002139795250576,-0.014470294639744124,0.024871129828600704,0.2063189564479708,0.2235671814735317,0.009316687574729166,0.327735669907833,0.006024764767312499,0.36178309707978923,-0.2002941916806583
1785126577150479248,0.061915,0.420049684806794,-0.01444574189743619,0.024874758927447196,0.20613332152535502,0.2241031431978919,0.009502262483983948,0.3280872356965494,0.005850960518358039,0.3618098397650278,-0.20028236100699698
1785126577183837158,0.001079,0.4200605759312398,-0.014424906127484566,0.024883591052790335,0.20617717779253616,0.22419949125524796,0.0096896623279644,0.3262124449364454,0.005793492517088938,0.3601973835067181,-0.20038368527544723
1785126577217195068,3.124414,0.42009894204006953,-0.01436174582099498,0.02489621388418715,0.20638574576991292,0.22406243978475954,0.009115189257620058,0.3262274941603296,0.006161271767028768,0.360252712925303,-0.20022447400288415
1785126577250552979,0.082245,0.4201136142492002,-0.014305228408592715,0.02490873330550274,0.2060606010292697,0.22430220367037748,0.010650760236797051,0.32719457899754595,0.005003899144815313,0.36102858943287425,-0.2010567018844544
1785126577283910889,0.090641,0.42011414148607534,-0.014296005955581214,0.024933516913735125,0.20632357697161838,0.2243026844821432,0.010854574307255373,0.3261546279105681,0.005146964214192595,0.3601511295161054,-0.2011766127574258
1785126577317268799,0.118111,0.42014823795654493,-0.014287495192612274,0.02494523949463392,0.20635915416857922,0.22383685770781186,0.009173369051202406,0.32883831211065767,0.006087518585060772,0.36254595536323014,-0.20027163558351846
1785126577350626709,0.218775,0.42014376122114194,-0.014290581831453658,0.02494416916817612,0.20627666006976722,0.22372426491616626,0.010403312555359668,0.32847577389685206,0.0050481451005864085,0.36238355649484516,-0.20122851496918082
1785126577383984619,0.214057,0.42013106354650404,-0.014304999190244997,0.02494912624317254,0.20657972728832055,0.22395933831596943,0.009531503364291387,0.3268243413290271,0.005882986863327232,0.36080489203596966,-0.20069674042499333
1785126577417342529,0.787488,0.42016543590686023,-0.014316164467686614,0.02495698643055603,0.20645424120138625,0.22441329170557753,0.008656605452389757,0.32814637926209705,0.006296140547277963,0.3616219822449391,-0.2001581006541083
1785126577450700439,0.230849,0.4201653325060346,-0.014277359831671525,0.0249621051808689,0.2065050577113802,0.22336957314749256,0.009972872049437899,0.3279739175937867,0.005499294514327067,0.36212263545593787,-0.20100576319705313
1785126577484058350,0.247353,0.42018645297281426,-0.014261632412145987,0.024962093290605482,0.206806986850257,0.22409609066515507,0.007149992590280439,0.32766564202333387,0.007216357517724494,0.36130226444153496,-0.19959062933253252
1785126577517416504,2.197674,0.42021139446198646,-0.01423059687982667,0.024963316357988964,0.20668038736617997,0.2241940717891804,0.008690426850518972,0.32696297699107213,0.006246699828269122,0.36076579541187026,-0.20043368753791085
1785126577550774414,3.068941,0.4202307582015264,-0.014230981251742865,0.02496347622022655,0.2069002606878277,0.22472641889576095,0.009182670524738923,0.3258381094228792,0.006144997246645815,0.3595770997737829,-0.20075526344118186
1785126577584132324,2.961602,0.42026276176969085,-0.014204513726070485,0.024983911744649284,0.2069250537661328,0.22339841153890586,0.007702014194207829,0.3278957830769484,0.006756793034476316,0.3619268850905476,-0.20016826073165647
1785126577617490234,3.100548,0.4202909166950273,-0.014184847542719604,0.025012381479653283,0.2067723927689854,0.22386445479901607,0.00747796592417475,0.32816930198652117,0.006779362164846838,0.36187947008844534,-0.19999303060413856
1785126577650848145,3.085953,0.42030772837438624,-0.014174808109043296,0.02502815274687377,0.20711704169349043,0.22394630351062667,0.008959710012033778,0.32621451755028646,0.006155235006679104,0.3602863325838419,-0.20096180668681132
1785126577684206055,3.023674,0.42033865579513735,-0.014135055973504587,0.0250348214508063,0.2070386507928968,0.22384124083523843,0.007490321531952984,0.3279410250618909,0.006823123981090211,0.36170576332739857,-0.20021552681180657
1785126577717563965,2.915857,0.4203268793417394,-0.014129082048979898,0.025041336914205903,0.20704525189852757,0.22369413466428845,0.00913554328117646,0.3274490446431579,0.006000706166518075,0.36146383050731284,-0.20104454573200947
1785126577750921875,2.959914,0.4203289108045293,-0.014119257340890047,0.025052635266134847,0.20735408686073217,0.22329212305151275,0.007819675410702913,0.32716803356664154,0.006856568267503809,0.36135650871207514,-0.20049751859322837
1785126577784279785,2.795353,0.4203461537348089,-0.01408526377022137,0.025051400045563298,0.20716705754076023,0.22380270269588332,0.010689527225170779,0.3287246187926029,0.005044227473730051,0.36257487805878563,-0.2021228300670302
1785126577817637695,2.835118,0.4203493596268036,-0.014087718867937289,0.02506555282056273,0.2072498234934625,0.22358752454547734,0.009426471560686347,0.3290478241561613,0.0058639828066970635,0.36286823804575963,-0.20138584068676543
1785126577850995850,2.689863,0.4203814776281862,-0.014084862831725138,0.025066956386900045,0.20740387343216246,0.223842183774684,0.008634513002967885,0.3267890464562883,0.006364738711485971,0.36080477228355967,-0.2010391347206765
1785126577884353760,3.913906,0.4204119620226926,-0.014078658304751433,0.02507549319459045,0.207263380234603,0.22334927152548462,0.011358877037140313,0.32806302906117996,0.004648996966164421,0.3623288824821673,-0.20261438326843859
1785126577917711670,2.732199,0.42042151686394325,-0.014071356489779282,0.02508016474387064,0.20766890309627234,0.2237559083659456,0.009023135581836983,0.32766257733141696,0.006224513608730095,0.36161697075390936,-0.20144438948754223
1785126577951069580,4.058252,0.42046828493257016,-0.01405037848990488,0.02508430684716204,0.20766306084550187,0.2239546546381931,0.009075377520608548,0.327500837924059,0.006058794556798064,0.3613975176327539,-0.20160426628870382
1785126577984427490,0.643672,0.42047851815881704,-0.014014134113244951,0.025096567238510864,0.20738584528679646,0.22402130540187246,0.00922301669357063,0.3281064923736337,0.005682146091288896,0.3618707177325057,-0.20170369919550757
1785126578017785400,0.659936,0.42049115000116,-0.01401220822536315,0.025110719059634076,0.20773484286351807,0.22399030986059165,0.009245476198628495,0.3276697494485884,0.005906981660170152,0.3615182802163942,-0.20182786120334792
1785126578051143066,0.561754,0.4205194021915059,-0.013972505204739598,0.025129849006191758,0.20754257836373288,0.2234710660293751,0.009564610568833122,0.3286242964089369,0.005521250021867782,0.3626167704443637,-0.2020213283418651
1785126578084500977,0.21973,0.4205038081277724,-0.013973320152678914,0.02513308180042964,0.20756160101036494,0.22360257738091466,0.009555696252994543,0.3279515899661866,0.005672295867718696,0.3619706592672676,-0.20188930514264625
1785126578117858887,0.735664,0.4205110654817054,-0.013969426017075796,0.02512747078261951,0.20793059619549203,0.2240115718893857,0.009866559217524717,0.3265198762950116,0.005688738362685502,0.36057951588337406,-0.20224185783280654
1785126578151216553,0.134518,0.4205250913947692,-0.013956908894314215,0.02513476101758113,0.2077246227827333,0.22415138574562538,0.009838456713561114,0.3269796593436895,0.005559543245278493,0.36088667797563234,-0.2021650795374548
1785126578184574463,0.825407,0.4205090286040526,-0.013946567243896252,0.025143622998400967,0.207783312571472,0.2238308987023801,0.007668116726658809,0.32668975889572666,0.006759002094969085,0.3606654314172271,-0.20102431047650293
1785126578217932373,0.830942,0.4205406569750918,-0.013902302555125916,0.02516179942086247,0.20784734485110215,0.2234497931588978,0.008316443551918724,0.3285676523875192,0.0063537260267024975,0.36248254150070097,-0.20149361882439965
1785126578251290039,0.94519,0.42053694985812906,-0.01389471624089972,0.02516780555762206,0.2076490635997531,0.2232086633700318,0.008577197066974976,0.3296760556672295,0.005925630229121918,0.3635501532400454,-0.2017234333706312
1785126578284647949,0.85798,0.42054889566030035,-0.01390109744448111,0.025183934073519876,0.2080317455880834,0.22323237059619047,0.009022305334891756,0.3277462151289603,0.005929570208247537,0.3619436798396018,-0.20210217537983588
1785126578318005859,0.969373,0.4205653432896679,-0.013871612562392865,0.02517933841623904,0.2079517112701573,0.2235275300648055,0.009260368102910895,0.3283088059964884,0.005909655158508261,0.3622795363878854,-0.20204205611164905
1785126578351363525,0.991353,0.4205684421931241,-0.013846586472143683,0.025198085375116287,0.2078716597918594,0.2239726571556081,0.008474328332634392,0.32702148046518487,0.006202933371752167,0.36089539724958397,-0.20166872642010725
1785126578384721436,1.01787,0.42059602073061253,-0.013828967979217894,0.025200152249563464,0.2081097320411621,0.2236175245011352,0.007876861223792567,0.3276614290790826,0.006618308886892835,0.36159991009340625,-0.2014914231542693
1785126578418079346,0.800007,0.4206582103378773,-0.013808655488957046,0.025206289045798854,0.20801260437416724,0.22366289305454848,0.007750493893187094,0.3281102341179691,0.006528025469713417,0.361970650597428,-0.20148457890445381
1785126578451437256,2.213553,0.42068965108854844,-0.013797308806653502,0.02521151434661632,0.20811630499957867,0.22374430994223352,0.009527415739578445,0.32782060049234196,0.005701777565291599,0.3618062591945407,-0.20241452743428706
1785126578484794922,2.401858,0.4207329895118352,-0.013764553043122449,0.025234005434533704,0.20829190180505036,0.22334194652152506,0.008610493008165694,0.32677009878186836,0.006101400283136451,0.3610926226465618,-0.20219050152191392
1785126578518152832,2.130247,0.4207160550445667,-0.013727960940325695,0.02523437650546099,0.2080012881719113,0.22351044154269062,0.009295474437361402,0.32798151596048486,0.005554745100053809,0.3620441451279685,-0.2024465430718575
1785126578551510742,2.357647,0.4207370752398424,-0.013738986222984861,0.0252499848465771,0.20830803465090725,0.22360404968550757,0.009074177470873494,0.328456250292431,0.0058137199684489774,0.36237537113820306,-0.20249431468245827
1785126578584868408,2.139687,0.42074607794352525,-0.013712579042596467,0.02524863863817599,0.20838649425413242,0.22275856196988314,0.00796300111778774,0.328569256087362,0.006446709077622356,0.3628667582273938,-0.20193978517651007
1785126578618226318,2.162047,0.4207423301409664,-0.013709288133739783,0.02525456068251355,0.2082304891280458,0.22319416710826082,0.009003416738790168,0.328768192613121,0.005664645031997821,0.36285213027889385,-0.20256584409604797
1785126578651584229,2.071157,0.4207299230687378,-0.013694559422051207,0.02526003596719787,0.20843425886959518,0.22266699029207407,0.008812870070847214,0.3292981465945959,0.005863523673195145,0.36355836180226814,-0.2025707351964
1785126578684941895,2.203434,0.42078676329444303,-0.013642443116830612,0.025276127861676913,0.20823329422130618,0.2228967266368053,0.007835482334397532,0.328446909736785,0.006186184726721516,0.36267656510010965,-0.20204710949458465
1785126578718299805,2.095856,0.4208140029613339,-0.013637134034642806,0.0252790106680304,0.20838393553250015,0.22357561042223864,0.007764915823027723,0.32655668140287775,0.006371966874691107,0.3607343428520932,-0.20201196865780904
1785126578751657715,2.073393,0.4208551091882384,-0.013637454167424184,0.025291135604475202,0.2087577361123844,0.223928755599749,0.007750403870873877,0.3265446648496012,0.006704164353509025,0.3605428103454139,-0.2020535717588754
1785126578785015625,2.051646,0.42088627349014157,-0.013607233397978306,0.025308038380435816,0.20853757736311837,0.22382723891352585,0.007672921906027798,0.32864470278586955,0.006525914538842133,0.3623509901885811,-0.20201166282427624
1785126578818373291,2.065666,0.42087177795656505,-0.013607961896897591,0.025315702899772998,0.20870866608482755,0.22340733743652674,0.009019205261825716,0.32927396842881884,0.00588987854626566,0.36317326601354694,-0.2028187875385619
1785126578851731201,1.920418,0.4208767038857378,-0.01362405015776137,0.02531209171671429,0.20873481988527243,0.22349729259241188,0.008532963825324624,0.32744461339726577,0.006091651485702899,0.3615710523924661,-0.20264316839956953
1785126578885089111,2.09179,0.4208760251438849,-0.013625249826288252,0.025315169722199216,0.2084836966028778,0.22385756030561288,0.010299657899070112,0.3272006394951483,0.00487369867457099,0.3612803808082173,-0.2036099979283068
1785126578918446777,1.871684,0.42088932860338935,-0.013620826191248343,0.0253339042445082,0.20882475292222336,0.22306550548354098,0.008431570235313783,0.32864301663998907,0.006137957062983669,0.36279056057736914,-0.20268679585923968
1785126578951804688,1.92003,0.42092655223578884,-0.013570155279571757,0.025342510922541736,0.20876261429468548,0.22286221407963877,0.008643586105875543,0.32768247636228476,0.005817674182749066,0.3621220609928071,-0.20294494011193642
1785126578985162598,1.813406,0.4208918045787899,-0.01356473205575751,0.02535059546286029,0.20864237405240804,0.22329662402545697,0.008113677081104649,0.3272212933650406,0.0061312686920407975,0.36144118062633485,-0.20251110536036723
1785126579018520264,4.806332,0.4209035828898407,-0.013545461579052478,0.025352477050963454,0.2089258960743795,0.22315865321020675,0.008725321895412523,0.3271656708705057,0.005775494735400753,0.3615110634187043,-0.20315040133897874
1785126579051877930,1.526453,0.4209225705744398,-0.01350790164980524,0.02536498518027631,0.20875799172460946,0.22362641783047688,0.007717383869095654,0.3272506745692118,0.006257793472488273,0.361263413717416,-0.20250019825212118
1785126579085235596,1.62425,0.4209286889065558,-0.013490576943307258,0.025384430192753105,0.20886965770626195,0.22324615512004317,0.008171626797111682,0.32762432073161885,0.006126802720508093,0.3617963331324582,-0.2027428549857539
1785126579118593018,1.701777,0.42097027381189167,-0.013468992064260627,0.025394370193896475,0.20913844737557827,0.2231573330289009,0.007802386365042233,0.32855573689669226,0.006387534608213672,0.36261445826470384,-0.2027509127673646
1785126579151950684,1.564016,0.4209673064438401,-0.01346463868088465,0.025393037927208515,0.20888154549671606,0.22366697599479274,0.007905998343519662,0.3270166507068897,0.006200212460702597,0.3610552981309085,-0.20268133303601346
1785126579185308350,1.675881,0.4209734939933989,-0.013482483481519253,0.025403343983045116,0.20915697332899696,0.22317956236501282,0.009170625359974309,0.3285250849010269,0.005492748243782616,0.3626546463873685,-0.20366422508521434
1785126579218666016,1.661383,0.4209897763414041,-0.013473843655994657,0.025400249291392573,0.20914581268183005,0.22299822341493156,0.008632999095773055,0.32759130081161597,0.005756007187766378,0.36195137676984446,-0.20338980549406369
1785126579252023682,1.821646,0.4210079070452705,-0.013444232731550496,0.02541114361821495,0.20898342989676436,0.2228517840425456,0.007916702309878567,0.328355238657324,0.006149425888543345,0.3626255139236344,-0.20283400400822102
1785126579285381348,1.577442,0.4210020866808548,-0.013448189771092115,0.025417711972922336,0.20929178610789118,0.22329463926428858,0.009298522166288247,0.3281115390386127,0.005436186841271057,0.3622557116342136,-0.2038555992666201
1785126579318739014,1.483698,0.4210105489795319,-0.013424539149389195,0.02542194261555442,0.2090521059177826,0.22401749375363345,0.008727252349698098,0.3277707339522839,0.005587912422497016,0.36154081000162913,-0.20346419349528555
1785126579352096680,1.630518,0.4209987787836894,-0.013426628235835356,0.025432363552133998,0.2090813834797864,0.22270458480879085,0.007609847055495118,0.3286926184771311,0.0062885175803551584,0.3629461432141299,-0.20279286589943124
1785126579385454346,1.387762,0.4210240278570782,-0.013416497397451937,0.025443658667381894,0.2094232432275538,0.2229478309758195,0.007722595845348375,0.32949527108569027,0.0062229417919945395,0.3634947373047431,-0.20320030143555923
1785126579418812012,1.36149,0.4210121512116934,-0.013387513528806277,0.025449637882917778,0.2091248281068922,0.22245954847665936,0.009504307031592309,0.32937250648018424,0.004952434978765661,0.36375305023850596,-0.20417239312812652
