stamp_ns,elapsed_sec,time_gap_ms,go2_x_m,go2_y_m,go2_yaw_deg,vo_x_m,vo_y_m,vo_yaw_deg,xy_difference_m,yaw_difference_deg
1785126491924572998,0.0,25.143666,0.0,-0.0,0.0,0.0,0.0,0.0,0.0,0.0
1785126491957916504,0.033343506,2.319961,5.475735357829878e-07,-1.2622946762358987e-05,0.016094518589643562,6.093834466669571e-05,0.00041542107903143273,-0.0055983541626516125,0.0004322831632802075,-0.021692872752295173
1785126491991260010,0.066687012,2.171856,5.980018292242682e-06,-1.1234938984652352e-05,0.00799585708558083,0.00020844669676562481,0.000672542223245297,-0.023979870952428664,0.0007131226847319374,-0.03197572803800949
1785126492024603271,0.100030273,2.262878,-3.33498279282223e-07,-8.413040221274288e-06,0.014479698908342288,0.0008133734087001672,0.0012484462179656733,-0.035715670550546974,0.001497268888795966,-0.050195369458889263
1785126492057946289,0.133373291,2.223718,1.4051917076298958e-05,1.659773113733675e-05,0.029662995413781562,-0.0006178095713524319,-0.0002347866832608099,0.014062907202254001,0.0006800316642345931,-0.015600088211527561
1785126492091289551,0.166716553,2.262051,2.941624788739326e-05,1.057904415361642e-05,0.016037657531008002,0.0006638585614952495,-0.0012718945510786475,0.04738948653279928,0.0014308233894384235,0.03135182900179129
1785126492124632324,0.200059326,2.31253,7.560056439046865e-06,-1.2230414037110215e-05,0.03177868321974037,-7.537690010563546e-05,0.00027220000765344505,-0.0061839293060830195,0.00029627555340250674,-0.037962612525823385
1785126492157975098,0.2334021,2.290531,2.5261434175068986e-05,-1.7504685193244713e-05,0.03971144745129717,0.0002407507463706098,1.827202803435015e-05,0.004045082198161128,0.00021843904614303006,-0.03566636525313604
1785126492191317871,0.266744873,1.996496,1.9879200022415742e-05,-4.4972395546326904e-06,0.0295305071497716,0.0006833419634036069,0.00015502830625306445,-0.005398171920790468,0.0006823717741514885,-0.03492867907056206
1785126492224660400,0.300087402,2.394107,2.6015882844443425e-05,-4.517661814419311e-05,0.05074047689870135,0.0001863793612338614,0.0004948829025385282,-0.013902554448093558,0.0005633655394867563,-0.0646430313467949
1785126492258002930,0.333429932,2.451735,4.171982508546834e-05,-4.8767474191118564e-05,0.04456690043852693,0.00018892479656253713,0.00081371181038081,-0.01963810179040651,0.0008749513243279711,-0.06420500222893342
1785126492291345215,0.366772217,2.403498,3.534126559114142e-05,-5.526070027762449e-05,0.041876493489023045,0.0006683030793639418,0.0006883936798661798,-0.011098515089272357,0.0009765564473196718,-0.05297500857829541
1785126492324687500,0.400114502,2.453727,6.27268634381273e-05,-6.109871216856714e-05,0.06294451870069263,0.0003583084689594789,-1.1981174726578964e-05,0.006641024784500795,0.00029963480773592547,-0.05630349391619184
1785126492358029541,0.433456543,2.387842,6.534691696191458e-05,-4.05972083746817e-05,0.04663842191890946,-0.0003848199270309434,-0.0006080163892863762,0.009568234608794855,0.0007243029161179654,-0.037070187310114605
1785126492391371582,0.466798584,2.441166,3.9749923212872485e-05,-8.34398675249065e-05,0.06211396870045052,-0.00015594545175626407,0.0015417255515104964,-0.04751792856340867,0.0016369054093052621,-0.1096318972638592
1785126492424713379,0.500140381,2.423197,7.707529064340218e-05,-9.302056212607975e-05,0.07692528460837234,0.0002142166869931812,0.00021067356892080395,0.00310317208543639,0.0003332234803027676,-0.07382211252293595
1785126492458055176,0.533482178,2.35516,8.208288364411012e-05,-5.875853081604506e-05,0.059393613651882664,0.0002922296845640118,0.0009825376722393283,-0.026413456096118067,0.001062289725279505,-0.08580706974800073
1785126492491396729,0.566823731,2.458779,9.370817723345972e-05,-5.608672310249635e-05,0.07444562985327309,0.00036008102245796496,-0.00012202326532652293,0.017485771035060393,0.00027441231800606015,-0.05695985881821271
1785126492524738281,0.600165283,2.364271,0.00011914250998614067,-3.6416881168819604e-05,0.0743834815179625,0.0002978407045901312,0.0002076480179659576,-0.005127576155533423,0.0003024908589435301,-0.07951105767349591
1785126492558079590,0.633506592,2.492441,8.431787276034488e-05,-5.945459666183836e-05,0.07390010341769163,0.0004781227255634154,0.0006599121817764524,-0.024367914848547625,0.000820104154368171,-0.09826801826623925
1785126492591420898,0.6668479,2.391013,7.6540488188306e-05,-7.214540204053308e-05,0.0952681431121981,-8.578756877185746e-05,-0.00032924957252689074,0.019489861125603528,0.00030406077115922094,-0.07577828198659457
1785126492624761963,0.700188965,2.497721,7.18527012823899e-05,-8.786006124888521e-05,0.08704799138571055,-0.00013982643938836194,0.00023133675318988978,-0.0036427326375374006,0.00038300739541550594,-0.09069072402324795
1785126492658103027,0.733530029,6.119309,5.7446235636780574e-05,-9.376167265130962e-05,0.08904613143193203,0.0003866855255285476,0.000651021276877875,-0.01728413838153394,0.0008143096167415849,-0.10633026981346598
1785126492691443848,0.76687085,2.571177,8.715726562766886e-05,-9.607837156841731e-05,0.10256699849192501,0.00015870230073530776,0.0015291328111123152,-0.039353450830442914,0.0016267851979776121,-0.14192044932236791
1785126492724784668,0.80021167,2.457578,9.899021875359746e-05,-0.00010225189623295899,0.09334663106344028,0.0004476706521719058,-0.0004818488917854179,0.017190463463981932,0.0005154337238493741,-0.07615616759945835
1785126492758125244,0.833552246,2.445779,9.043658396466888e-05,-0.00010332173478232019,0.10938449985330224,0.0008533381872550512,0.0016093107139612149,-0.04291664327327682,0.001874867664874594,-0.15230114312657908
1785126492791466309,0.866893311,2.533175,9.690849718208312e-05,-0.00011260964412552542,0.11231806085126127,0.0005456063875249981,-0.0004690097928696384,0.017101574292342055,0.0005730190771894147,-0.09521648655891922
1785126492824810547,0.900237549,2.727217,8.605972386593044e-05,-0.0001103563394014087,0.10027787857692969,5.898699402444456e-06,-0.00029439818048791473,0.005546077072138923,0.000200741597865381,-0.09473180150479077
1785126492858154785,0.933581787,2.59987,8.964470594910489e-05,-0.00011580535878052565,0.12629266018179314,9.214076537563984e-05,0.0009918990855870536,-0.02317203509667929,0.0011077072566271057,-0.14946469527847245
1785126492891498535,0.966925537,2.665155,9.783366515704682e-05,-0.00011666241561324078,0.12060528623569082,-0.00041703653505699363,-0.0005364765899812071,0.019462543000043613,0.0006643306887903819,-0.1011427432356472
1785126492924842529,1.000269531,2.693729,8.271368812229464e-05,-0.00012483523448374967,0.11801787916860836,-0.0005928991394171977,0.0005492769486917694,-0.01976167915728798,0.0009544002976956641,-0.13777955832589633
1785126492958186279,1.033613281,2.58926,0.00010752004941500525,-0.0001363041888081781,0.13941149344280832,-8.061948321880866e-05,0.0007118115210374855,-0.01639586542688379,0.0008687328363925723,-0.1558073588696921
1785126492991529785,1.066956787,2.665506,0.00012780842265021518,-0.00011137033185041532,0.12868568032523484,0.0005618168961729627,-0.00032938443777283535,0.006535031152224079,0.00048568869193208277,-0.12215064917301077
1785126493024873291,1.100300293,2.717434,0.00011998025529866979,-0.00012030043337161539,0.13979257204279275,0.00037365656979865204,0.0012161112403608072,-0.03395749284280749,0.0013602749112685232,-0.17375006488560027
1785126493058216797,1.133643799,2.617727,0.00013489449327190334,-0.00011799346904184084,0.15411027968544266,-0.00014810220941287552,0.0012651074101808994,-0.034861737104648335,0.0014117560610237075,-0.188972016790091
1785126493091560059,1.166987061,2.665596,0.00012243341050662676,-0.00012158588595863546,0.14071394681707017,-4.923965431533233e-05,-0.0005932415341710158,0.01811109534068903,0.0005019269784301351,-0.12260285147638114
1785126493124903076,1.200330078,2.676027,0.0001112527221673741,-0.00012545010254060048,0.15212742315494254,0.00014285491315717041,-0.0004035368834658666,0.01770928630686979,0.0002798766803446342,-0.13441813684807274
1785126493158246094,1.233673096,2.137142,0.00012535859999163816,-0.00013812753814192188,0.15268337408354857,0.0005966772055358806,0.0010232709698695388,-0.02029412568104008,0.001253390490766312,-0.17297749976458865
1785126493191589111,1.267016113,2.75554,0.00013720724405866616,-0.00013076796661437497,0.14677309620399734,0.0007788279886647853,0.00015365707217108624,0.0011195358719274938,0.0007018367207527844,-0.14565356033206983
1785126493224931885,1.300358887,2.523733,0.00015064673047700806,-0.0001563656617974175,0.16453123029609493,-0.0003385254252491318,-2.1205743577265774e-06,0.010734839723799317,0.0005129141691716429,-0.15379639057229558
1785126493258274658,1.33370166,2.438791,0.00016855679350523877,-0.00014589698223856773,0.1540713687013043,-5.1215438668276396e-05,-0.0003978882255937395,0.011339911224682397,0.0003343642037692056,-0.14273145747662191
1785126493291617188,1.36704419,2.693352,0.00014582928069005403,-0.00014382944878830732,0.15828522305820553,0.00048719808708535644,0.0007696360586907574,-0.021270251592676946,0.0009751676242235172,-0.17955547465088245
1785126493324959473,1.400386475,0.567337,0.00016533831411382125,-0.00017529413300247518,0.17608418143016238,0.0008226124328818358,0.0011046023881865145,-0.020696056517038715,0.001438799628910832,-0.19678023794720112
1785126493358301758,1.43372876,0.592447,0.00015492877922060184,-0.00018341690526137996,0.16708015082673297,0.0001946405289584147,-0.0009357745644449632,0.0331148009953252,0.0007534049843208097,-0.13396534983140776
1785126493391644043,1.467071045,1.012856,0.00016470343916837098,-0.00018137195178626847,0.18489174550714785,0.0004810168727069592,0.0013182557542935128,-0.03244980879411843,0.0015326243652895115,-0.21734155430126628
1785126493424986084,1.500413086,0.742571,0.00020296521366301043,-0.00016537808560490377,0.18895173394473527,0.00024728403693771386,0.00046775533194299234,-0.009093303071829609,0.0006346826628420955,-0.1980450370165649
1785126493458328125,1.533755127,0.462511,0.00019211329236122835,-0.0001355420518707259,0.17360255139254513,8.432608778659062e-05,-0.0008300751653240626,0.02407122084311449,0.0007028473000255462,-0.14953133054943063
1785126493491669922,1.567096924,6.050043,0.00018488388896776138,-0.0001282230528223325,0.18669872867679244,0.0005269737895754184,0.0008888570084600054,-0.023162827375307768,0.0010730691269232571,-0.2098615560521002
1785126493525011475,1.600438477,0.411909,0.00020155975896542677,-0.00015088158272826753,0.1889199374419424,0.0006039880233895849,0.00017856849373739286,-0.0024522825157817095,0.0005200825519959977,-0.1913722199577241
1785126493558353271,1.633780273,0.577222,0.00019872333630930022,-0.00015861658103298143,0.19670293395962835,1.886321811698203e-05,0.00035698123134785654,-0.011375726055802806,0.0005460684629678411,-0.20807866001543115
1785126493591694580,1.667121582,0.476708,0.00021214769997028813,-0.00016028881621045127,0.21318603501608988,-0.0001614874465749394,0.00046104984266253854,-0.0001587100108734585,0.0007250275524033271,-0.21334474502696332
1785126493625036133,1.700463135,0.20262,0.00023423243796330344,-0.0001433715487521757,0.1981596416937111,2.9722773777960245e-05,9.614954021610854e-05,-0.007750983809082598,0.00031495167058733723,-0.2059106255027937
1785126493658377197,1.733804199,0.506947,0.000246370690402872,-0.00012706697348094321,0.21019591818139988,-0.00022291974606007637,0.000509627010235519,-0.015481421650234499,0.000790956852588258,-0.22567733983163438
1785126493691718262,1.767145264,0.52231,0.000247601807024023,-0.000159661165364748,0.224382796011476,-0.0003385205527370502,0.0013825279776296323,-0.03260471861485071,0.0016498141632867718,-0.25698751462632674
1785126493725059326,1.800486328,0.356238,0.0002365464090637228,-0.00013132827105713472,0.20875335332760853,-1.3112464745930824e-05,0.00014579180446618482,-0.00015765111286584343,0.00037299475804621556,-0.20891100444047436
1785126493758400146,1.833827148,0.463876,0.00023109764781737465,-0.00013108069668457472,0.2214188705945775,0.0008803808514258921,0.0015661828716501934,-0.04184207828959536,0.0018172155345155428,-0.26326094888417284
1785126493791741455,1.867168457,0.525725,0.00023800184515748127,-0.00012085755217899899,0.21955426609973736,-0.0002834626337737193,-0.0008980376109146762,0.03239015008415142,0.0009359134823707688,-0.18716411601558594
1785126493825085938,1.90051294,0.50143,0.00020727929029012093,-0.00013433946821840939,0.21822100170584624,0.0005201428492474241,0.0010185268313277465,-0.027195863933993272,0.0011945644859749835,-0.2454168656398395
1785126493858430176,1.933857178,0.356026,0.0002243971793119881,-0.00014531662551331873,0.23800173049918313,-0.00047456842220721,0.0014540202070125413,-0.040723594772502265,0.0017454028807071867,-0.2787253252716854
1785126493891774414,1.967201416,0.254252,0.0002422053325339733,-0.00012364896544859408,0.22487346386832108,-0.00021098466877272069,3.8286269813940686e-05,-0.005431487914024762,0.0004812527378663874,-0.23030495178234586
1785126493925118408,2.00054541,0.298634,0.00021876780439999965,-0.00014339249283394195,0.22772669258624084,0.00046093948149901904,0.0011245057333941026,-0.03160522847581022,0.0012908187453167749,-0.25933192106205105
1785126493958462158,2.03388916,0.315604,0.00023274664044366602,-0.0001372457026003224,0.24392185007305117,0.0002613167636880414,9.627118900037312e-05,0.009279570134474585,0.00023525813610808402,-0.2346422799385766
1785126493991805908,2.06723291,3.176471,0.0002222225269537615,-0.00012564553906485246,0.23400206319198152,0.0002947616446860969,4.026429720571129e-05,-0.0040770508185356,0.00018107456301952213,-0.23807911401051715
1785126494025149658,2.10057666,3.052452,0.0001941022200435958,-0.0001381306960472561,0.2433339654211751,0.00010954356800341167,0.0017825138273248472,-0.051307434002531495,0.001922505019705828,-0.29464139942370665
1785126494058493164,2.133920166,3.054073,0.00021235204014262584,-0.00013879338305734052,0.25013850502917984,0.00011411789448481448,0.00015598672798252687,-0.0005322647860487822,0.00031071733333980044,-0.2506707698152287
1785126494091836670,2.167263672,3.101232,0.0002046071901117043,-0.0001434943614118787,0.24535923287319591,0.0006934748494436324,1.1033262622621428e-05,0.00322124578100933,0.0005127088598126874,-0.2421379870921866
1785126494125179932,2.200606934,3.093788,0.00019215404059358756,-0.0001868574746784307,0.2638782486943641,0.0002657945324568759,0.0001142960233728327,0.006745801654041011,0.0003100263721530466,-0.25713244704032306
1785126494158523193,2.233950195,3.098741,0.00020443573085025937,-0.00016504398775956424,0.2608441151764476,-0.00030704231827815496,-0.0005514221896955476,0.020899666455393925,0.0006410131899356612,-0.23994444872105372
1785126494191866211,2.267293213,3.185705,0.00018293145794482605,-0.00018383720930809335,0.25675033000441316,0.00017697817805041954,0.0015461598628146447,-0.04504515941727779,0.001730007315329836,-0.30179548942169093
1785126494225209229,2.300636231,3.102677,0.0002091390938403277,-0.00017739216680568004,0.2733504113024594,0.00039998234702868325,0.0006631061940155174,-0.013215674561594644,0.0008618924769544253,-0.2865660858640541
1785126494258552002,2.333979004,3.164123,0.0002130702342922072,-0.00016341799564755977,0.2646609479023787,9.490699295453941e-05,0.0004008691797925658,-0.01809714422039373,0.0005765262942569219,-0.2827580921227724
1785126494291894775,2.367321777,3.151899,0.00020379165831855038,-0.00016857870617338183,0.2722274442299148,-0.0003524475556175844,0.0010707798664784038,-0.03453391719748088,0.0013584593239128512,-0.3067613614273957
1785126494325237549,2.400664551,3.244102,0.00023264206123826083,-0.00015293042457435003,0.27893830441153195,4.593482157275854e-06,9.37274098312827e-06,0.007687729736418625,0.00027990797053823683,-0.2712505746751133
1785126494358580078,2.43400708,3.121961,0.0002526892433579055,-0.00013725118386835033,0.26477006623590643,-0.00015447317175574225,-0.0003078799836250209,0.010308723409457342,0.00044146961343628213,-0.2544613428264491
1785126494391922363,2.467349365,3.191026,0.00025000922584435394,-0.00014754209217238227,0.28085356795073013,0.0005800011347053207,0.0001878014503121559,0.0023294460058570937,0.00047047842819813096,-0.2785241219448731
1785126494425264648,2.50069165,3.108457,0.0002410063177059419,-0.00013270380639390892,0.28297282280939834,0.00017948965219573968,0.0007711589715720228,-0.026416948816201054,0.0009059537634602471,-0.3093897716255994
1785126494458606689,2.534033691,3.255956,0.00022884742278769224,-0.00014828492092145085,0.2746244677618335,-0.00013253904066137318,0.00019698004867342778,-0.009530205997381627,0.0004998080383442979,-0.28415467375921516
1785126494491948730,2.567375732,3.28663,0.00019984966177908096,-0.00015174006435343424,0.2910920879477562,0.00012681719127893628,0.00023681284576067884,5.790470437065111e-06,0.0003953569345610376,-0.2910862974773192
1785126494525290771,2.600717773,3.304191,0.00020816607423380603,-0.00014338485890117456,0.28096348755768386,0.00016299637235909725,-0.0008491149779699518,0.029504776123493958,0.0007071741673225065,-0.2514587114341899
1785126494558632568,2.63405957,3.291705,0.00021031534650391083,-0.00012394593222754454,0.2834916806972955,0.0005850397001389844,0.0006265340656088108,-0.01068116541346836,0.0008388316686676055,-0.29417284611076383
1785126494591974121,2.667401123,3.201728,0.0002348743148892754,-0.00010834885275556653,0.29649787828938484,-0.0003512822249897497,-0.000511307591727491,0.020219775939028895,0.0007113053033380216,-0.27627810235035594
1785126494625315674,2.700742676,3.272207,0.00020717329541193987,-0.00011784805955332935,0.2780079768985821,0.00013215801527498777,-0.0006873743541506578,0.01978805190138029,0.0005744453781620916,-0.25821992499720176
1785126494658657227,2.734084229,3.341971,0.00018143407247841667,-0.00012552474998193882,0.28927452662312686,-0.0002616987316360112,0.0012894896964161498,-0.033188812851930594,0.0014827786637248343,-0.32246333947505745
1785126494691998535,2.767425537,3.202634,0.00021410199363926404,-0.00011157211482620176,0.3036965361533191,-0.00017556307500332508,0.0002947467427018744,-0.009227527918942232,0.000562968808819063,-0.3129240640722613
1785126494725339844,2.800766846,3.262184,0.00020844727749155798,-0.000139022258902237,0.2998422532678165,1.0093414848412228e-05,0.00048243025564702644,-0.021619201841803812,0.0006523400054151657,-0.3214614551096203
1785126494758680908,2.83410791,3.274194,0.000220396429495633,-0.00013090908977097724,0.32044632471734413,0.0010474525932555327,0.0007708083611026117,-0.011843673603015862,0.0012235670227752975,-0.33228999832036
1785126494792022217,2.867449219,3.325832,0.0002446748478355716,-0.00011002354768751422,0.31376769478391664,-0.000421216417833551,0.00024000049554072023,-0.01112282246544055,0.0007522818677412523,-0.3248905172493572
1785126494825369141,2.900796143,3.320291,0.00023357160095650414,-0.0001112576465790597,0.31822094239615395,-0.0001844576461544947,-9.934447393631026e-05,0.006078185134223319,0.0004181989659511421,-0.3121427572619305
1785126494858716064,2.934143066,3.277106,0.00022953186043802828,-0.0001402204741498985,0.3332826848124345,0.00036460725229572243,0.0003748717087598312,-0.003054723296248354,0.0005325085148429272,-0.33633740810868284
1785126494892062744,2.967489746,3.26635,0.00025618610670786503,-0.00012439975472694178,0.3174570745614137,0.0004333565146485375,0.0006523329450885454,-0.014210621831384511,0.0007966825217189845,-0.3316676963927982
1785126494925409180,3.000836182,3.328079,0.0002284927034723043,-0.0001410357123446386,0.3320526076843616,0.000248217258742586,0.00034584382210574045,-0.002195718075790618,0.00048727891309518844,-0.33424832576015223
1785126494958755859,3.034182861,3.211228,0.00022071615476464365,-0.00014223725344661051,0.33541930639660533,0.0003331556165612808,0.0009280607682893682,-0.023337674523065406,0.0010761879426480615,-0.35875698091967073
1785126494992102051,3.067529053,5.247307,0.0001940802037527516,-0.0001374049710332688,0.3231882364309755,-5.516641769888277e-05,-0.0003670244258571274,0.005927197002142985,0.00033889374786009313,-0.3172610394288325
1785126495025448486,3.100875488,3.228017,0.00021991599371634177,-0.0001227632410959103,0.34044179632623095,0.00032975650285167735,0.0008517562277175052,-0.015943843512075558,0.000980690130746451,-0.3563856398383065
1785126495058794678,3.13422168,0.221813,0.00024153693645369368,-0.00011864051959952621,0.3411600530122496,-0.00022122832582435032,-0.0005196642084751419,0.02125221844229001,0.0006123493178004475,-0.3199078345699596
1785126495092140625,3.167567627,0.138376,0.0002390854202083957,-0.00011850683248678126,0.33370975955295956,0.00032931378250521896,0.0007177781959877739,-0.028254467622413945,0.0008411383989650302,-0.3619642271753736
1785126495125486572,3.200913574,0.265224,0.00028268446174602196,-0.00012854563047796133,0.3574908758428809,0.0004721480037210114,0.002648437523695474,-0.07747665690887814,0.0027834388572951898,-0.4349675327517591
1785126495158832520,3.234259522,0.02014,0.00029079690934088575,-0.00012100332130029164,0.35005969718761926,-0.00011861762766952442,-0.0005163871812668248,0.01688429491888235,0.0005691648793078185,-0.3331754022687369
1785126495192178223,3.267605225,0.264523,0.00028621247304739096,-0.0001304535599838884,0.34935643572360164,0.0008657014004569519,0.0009477118128499973,-0.019684414400402462,0.0012240294065782552,-0.36904085012400417
1785126495225523926,3.300950928,0.22328,0.00029341112758568316,-0.0001381815054959338,0.3598111028737117,-0.0001629238733280807,0.00015769082351698387,0.0020295097325603354,0.0005438585001031914,-0.3577815931411513
1785126495258869629,3.334296631,0.253563,0.00031167319549276265,-0.00011496384373174212,0.34683330754772973,0.0003741084147041911,-4.1228235951545975e-07,-0.005866019570388727,0.00013046155299855253,-0.35269932711811847
1785126495292215088,3.36764209,0.05686,0.0003092026144866202,-0.00012330180975185138,0.36210968517371106,0.0002850493286244546,0.002071214557442009,-0.06370553085356821,0.002194649281115248,-0.42581521602727923
1785126495325560303,3.400987305,0.215645,0.0003242077849539331,-0.00012987760511290326,0.364981440983249,-0.0009758292426717943,4.426872205006804e-05,-0.0001428356898376755,0.001311649044699949,-0.3651242766730866
1785126495358905518,3.43433252,0.127661,0.0003168049207873349,-0.0001572042653776065,0.35481927969059995,0.0001894986842284908,0.0008316786503110348,-0.032605299123102525,0.0009970437797848424,-0.38742457881370246
1785126495392250732,3.467677734,0.307182,0.0003147827932347048,-0.00016857948545077553,0.3711864779577122,0.00033787439297089324,0.0013859424987804525,-0.038013218532801325,0.0015546934815057825,-0.4091996964905136
1785126495425595703,3.501022705,0.283088,0.0003268848147414893,-0.00016669340441228793,0.3665118890801165,0.0006881136396932417,-0.0008483823189463378,0.023880077445064426,0.0007714830135360305,-0.3426318116350521
1785126495458940674,3.534367676,0.150753,0.0003123228097723213,-0.00018911499841568264,0.36785858176383746,0.000878574648652547,0.0005107557581313373,-0.011040801474800696,0.000900255641973398,-0.37889938323863814
1785126495492285645,3.567712647,0.346482,0.0003116649629793677,-0.00018366431386497334,0.3883709457088451,0.00021605270066962909,0.0009772446335246053,-0.024678537065034367,0.0011648395978988548,-0.4130494827738796
1785126495525630371,3.601057373,0.129263,0.00032031379610285624,-0.000159999906958669,0.3736041309412518,-0.00021633068656338596,0.0006607928021628836,-0.025951769938714512,0.000980656908466573,-0.39955590087996634
1785126495558975098,3.6344021,0.486395,0.0003055543017485623,-0.00018922020369132128,0.38625215380245465,0.0007592006838194504,0.0006174545652015472,-0.014318302255522936,0.0009254832374140381,-0.40057045605797753
1785126495592319580,3.667746582,0.307317,0.00032552041171710826,-0.00018535761023083118,0.3970973650819767,-0.000582659073950442,0.0006651339488951318,-0.01893742124579606,0.001244237063558182,-0.41603478632777274
1785126495625664063,3.701091065,0.442533,0.000335715520050049,-0.00019848383424644794,0.38687155915110066,0.0005155819252696756,0.0008713265605324754,-0.030333296387963244,0.0010848254258191347,-0.4172048555390639
1785126495659008301,3.734435303,0.251234,0.00033410851573338585,-0.00023168602739477248,0.40638274499485366,0.001346066877120683,0.0013368343722970862,-0.028816611858468833,0.001866632253399467,-0.4351993568533225
1785126495692352539,3.767779541,0.486999,0.0003538532971461819,-0.0002221729524830978,0.4021098599486488,-0.0005186142043810335,-0.00034736210793842197,0.011563097186365367,0.0008814033502686264,-0.39054676276228345
1785126495725696777,3.801123779,0.331281,0.0003467833690774423,-0.0002222409932097476,0.3954781356000053,0.00042661755797211205,0.00021001983360234458,-0.0025666174893944228,0.00043957129127451366,-0.39804475308939974
1785126495759040771,3.834467773,0.48574,0.0003410287276266418,-0.00022309796739763998,0.41882641465582293,-0.00024363685151930698,0.0008598734090958635,-0.023126401418076765,0.0012307155811731242,-0.4419528160738997
1785126495792385010,3.867812012,0.537209,0.00037093817471312447,-0.00021953674395979445,0.40644048216905626,-0.0003828272120133888,-0.00011189045763757645,-0.004806172220015236,0.0007614131475000514,-0.41124665438907154
1785126495825729492,3.901156494,4.988167,0.0003395135507907156,-0.00024128386012995282,0.4157908494158982,0.00021447090007228566,0.001405250182080475,-0.04910300726753864,0.0016512752698010415,-0.46489385668343686
1785126495859073730,3.934500732,2.951865,0.00035680007115807986,-0.00025759483229512175,0.42896004625377204,0.000222924380446443,0.0004406350191779349,-0.005483681152928059,0.0007109483990076949,-0.43444372740670006
1785126495892417969,3.967844971,0.571932,0.00037880839161912044,-0.00024193049310039695,0.414768341979039,0.00011950198192736266,5.9234868257664214e-05,0.0033866420154925665,0.0003974171473265356,-0.41138169996354645
1785126495925762207,4.001189209,0.52827,0.00036031469997096084,-0.0002514372558965896,0.4318734446257436,0.0005362286063101785,0.0004944247177326632,-0.0032692416501971483,0.0007663261617285731,-0.43514268627594077
1785126495959106201,4.034533203,2.672059,0.000381169065304731,-0.0002432933336385769,0.4315452361612495,-9.910650202100574e-05,0.0005447882618298174,-0.013516113738919125,0.000922896105575307,-0.44506134990016866
1785126495992449951,4.067876953,2.81086,0.0003466793516317713,-0.0002526346627143944,0.427827586092497,0.001178390383123953,0.0010993277803136128,-0.0353023587937192,0.0015873076851272553,-0.4631299448862162
1785126496025793701,4.101220703,2.693839,0.0003341289675617156,-0.00026274446858346644,0.4521952278238442,-0.00017917575723442307,0.0006400155594044927,-0.018985325881924774,0.001038488039714883,-0.47118055370576895
1785126496059137207,4.134564209,2.753729,0.00034048785054998645,-0.00026977776981697944,0.4451827057923397,0.00015824917261256298,-7.523884262277077e-05,0.005517903734267523,0.00026656393216309963,-0.4396648020580721
1785126496092480713,4.167907715,2.697748,0.0003549531911889307,-0.00027891102866401556,0.450475697136766,0.00032031252467244737,0.000787750899090209,-0.02667712377459293,0.0010672242706652921,-0.47715282091135897
1785126496125824219,4.201251221,2.670855,0.0003487939055905187,-0.00029288985248870095,0.4662508313765901,0.0003374788437652041,0.0007881518689035318,-0.018702889295741282,0.0010811009360900546,-0.48495372067233133
1785126496159167480,4.234594482,2.668525,0.0003705552777136125,-0.0003000295981538197,0.455726082421599,-0.00027122718433699225,0.0008760645920765562,-0.034236007099314,0.0013398068043152264,-0.48996208952091297
1785126496192510498,4.2679375,2.615416,0.0003796889810240253,-0.00031048719930068454,0.46818130754310344,0.00043180480685696475,0.0011531737626326753,-0.03221480358685393,0.00146458849879068,-0.5003961111299574
1785126496225853516,4.301280518,2.785229,0.0003817603688106424,-0.00030011241961671014,0.47133746386149944,-0.00027555900496334585,-0.0005220464741571385,0.021862540036224135,0.0006937748076309646,-0.4494749238252754
1785126496259196533,4.334623535,0.596441,0.0003814793672376464,-0.0003001089080960328,0.4656120202777909,0.00022183697372716614,-2.796127181455636e-05,-0.0020293130722051317,0.0003155154984138653,-0.467641333349996
1785126496292539307,4.367966309,0.556561,0.00039657444894162635,-0.000302006822480894,0.4811986114748684,-0.0001822406635215878,0.0002902184958357013,-0.006280189606027978,0.0008281049221390947,-0.48747880108089636
1785126496325882080,4.401309082,0.615385,0.00038455321422195174,-0.00030655399476569976,0.4758377454248681,-0.00013196929818436762,-8.369755112441364e-05,-0.003392876245142303,0.0005625482204175728,-0.4792306216700104
1785126496359224609,4.434651611,0.682786,0.00037924502788974396,-0.00033825228286530874,0.47508823496560204,0.0006218965483772721,0.0011113980333924281,-0.035770342276183094,0.0014698182880278315,-0.5108585772417852
1785126496392566895,4.467993897,0.753998,0.0004177322660677299,-0.0003552634412804761,0.49692850390335414,0.00020254331367470453,0.0008831893824773348,-0.01769173257736369,0.001257009022205371,-0.5146202364807179
1785126496425909424,4.501336426,0.74439,0.00044526826840201065,-0.0003422748791246839,0.48711173204205965,-0.0002470054617571339,0.0008578584267706745,-0.03600005004558705,0.0013854829011531605,-0.5231117820876466
1785126496459251465,4.534678467,0.694479,0.0004342393395262616,-0.00034822772317955985,0.49556532988989455,0.0001931234940623584,0.0021780893845389196,-0.06683884909922988,0.0025377972692247966,-0.5624041789891244
1785126496492593506,4.568020508,0.598076,0.0004362725375022167,-0.00036398866393094645,0.509415889775613,-0.0003741513461096501,0.0003298538354373469,-0.006492503678768213,0.0010668665732218724,-0.5159083934543812
1785126496525935547,4.601362549,0.726024,0.00042525006137166844,-0.0003504180519163816,0.4940308929745184,7.756503792481084e-05,-0.0010370225148709227,0.02652789417388936,0.0007696171542256161,-0.467502998800629
1785126496559277344,4.634704346,0.748348,0.00039615888298438144,-0.0003677378111568979,0.5072959894603685,0.0009572731873018232,0.0006324712667039338,-0.01295579292691234,0.0011468511071385256,-0.5202517823872808
1785126496592619141,4.668046143,0.744684,0.0004322348958798629,-0.000380774870395664,0.5089427298646133,-0.0005260475336491884,-0.0004496210633222533,0.009089978295868386,0.000960752316169254,-0.49985275156874504
1785126496625960693,4.701387695,0.836858,0.00042696865534314017,-0.000376231863656377,0.5008455451158543,0.0005158798324726284,0.0010875264433824377,-0.037658684258022525,0.0014664561291916265,-0.5385042293738769
1785126496659302246,4.734729248,0.76214,0.0004290285921999215,-0.0004030678907611652,0.5243030567603418,-2.9167085371854687e-05,0.0013953205325484845,-0.036612948435855726,0.0018558405642833725,-0.5609160051961974
1785126496692643555,4.768070557,0.857409,0.00046878369841431083,-0.0004223985188194322,0.5213157375391578,-6.0178821069238226e-05,-0.0010309228135474034,0.033623914303754845,0.0008062897520696631,-0.4876918232354031
1785126496725984863,4.801411865,0.724271,0.0004241239603089833,-0.0004483008224612484,0.5182777477235458,0.0010860719475412053,0.001049580608833692,-0.027440608219349946,0.0016376275278643093,-0.5457183559428957
1785126496759325928,4.83475293,0.843853,0.0004558178142293239,-0.00045250666704256076,0.5392565387023288,0.00035309018201938884,0.00164303063538571,-0.041307909497587135,0.0020980537534314543,-0.580564448199916
1785126496792667480,4.868094482,0.743146,0.00045463042801678437,-0.00042572987108492605,0.5252874999787003,0.00017789378499055876,0.0004423040128030391,-0.018502418302788717,0.0009110795756524509,-0.543789918281489
1785126496826011475,4.901438477,0.694473,0.0004679542490524314,-0.000431373026431605,0.5355895308855473,-1.1286829811774541e-05,0.0005978998293261193,-0.01494510684959348,0.00113537422168666,-0.5505346377351408
1785126496859355469,4.934782471,0.793858,0.0004825636329598425,-0.00042373754243381833,0.5426293048399892,-0.0005242189835887278,-0.0017247649300220088,0.05540881162252085,0.0016450785696248485,-0.4872204932174683
1785126496892699219,4.968126221,0.827909,0.0004899293376125173,-0.0004255358676035411,0.5303477296169954,0.0006012544094624069,-0.00045184146076821235,0.011186582155230117,0.00011439080318857924,-0.5191611474617653
1785126496926042969,5.001469971,0.868399,0.00047371268628850806,-0.00044523032998480025,0.5510923843417225,0.0002934840928502273,-0.00016703293026328376,0.0019704488883528735,0.000331475699116171,-0.5491219354533696
1785126496959386475,5.034813477,0.95895,0.0005076659977485221,-0.0004359241724513001,0.550244741930117,-0.00015212059792035846,-0.0016851031993384098,0.04845638703720228,0.001412716034112644,-0.5017883548929148
1785126496992729980,5.068156982,1.28724,0.000507943157659686,-0.0004458033043271947,0.5468944046012869,0.00025454113001381693,-7.360311006526015e-05,-0.0011583934099141436,0.0004502727753525186,-0.548052798011201
1785126497026073242,5.101500244,0.882316,0.00048724266940722717,-0.00044753626922279174,0.5611679489908017,-0.0007396760952204474,-0.00010252143007321612,-0.0038534102894641218,0.0012745057450748924,-0.5650213592802658
1785126497059416504,5.134843506,0.850792,0.0017139762591621087,0.0002874381258651872,0.5449119211113026,0.0011942824469698213,0.0016231100080403042,-0.0748869997712187,0.001433213534426804,-0.6197989208825213
1785126497092759521,5.168186523,1.020009,0.0029856010192369975,0.0005747487516618844,0.5718337042228061,0.0022066046636533975,9.783112908095475e-05,0.0005529497518639922,0.0009133924352329488,-0.5712807544709422
1785126497126102539,5.201529541,1.006837,0.00537822592757396,0.0008026389065746333,0.6322160866967509,0.005320890413153536,0.0005374583480956086,0.031001793601208145,0.00027130810863131623,-0.6012142930955428
1785126497159445313,5.234872315,1.002005,0.00876829826618061,0.0011182100032948732,0.6985911230655925,0.009846300104178633,-0.0006519349100713201,0.14316488480678533,0.0020725590406652657,-0.5554262382588071
1785126497192788086,5.268215088,0.931129,0.012400090516591631,0.0012982924823259287,0.827960765585744,0.01624086719509386,0.00368682956051912,0.16346791204762118,0.004522905578058233,-0.6644928535381228
1785126497226130615,5.301557617,1.080547,0.01656034087363227,0.0011497466534722816,1.0390460369166525,0.019715640147416037,0.0016653530843103146,0.4187728942794219,0.0031971492768811875,-0.6202731426372307
1785126497259473145,5.334900147,1.00466,0.020825983594129824,0.0008008384406654311,1.2138139164954713,0.02361903663995091,0.0005266971856964979,0.6137855040754568,0.0028064744332429595,-0.6000284124200146
1785126497292815674,5.368242676,0.998629,0.02479129679861847,0.0005146451320028247,1.3511913397746054,0.028980073316295336,0.0005601368696897309,0.7406559988795809,0.004189023539351253,-0.6105353408950244
1785126497326157715,5.401584717,2.375792,0.029245800374085373,0.00036464740816060347,1.4477623951247016,0.03272780118923407,-0.0011698618195743775,0.8650353212130244,0.003805134458425875,-0.5827270739116771
1785126497359500000,5.434927002,2.290037,0.03283389693778693,0.00017895416883752062,1.5557627691005282,0.037352148745689734,0.000715433346682022,0.9193293241956191,0.004549990033821793,-0.636433444904909
1785126497392842041,5.468269043,2.426256,0.03643100545863456,3.471187487779151e-05,1.682489976097033,0.040721840899725296,0.0013185145409571881,1.0164116109182135,0.004478774170233734,-0.6660783651788196
1785126497426183838,5.50161084,2.246338,0.03996160092698686,2.0087839812270303e-05,1.8036500894495078,0.04544032634124968,0.00312201722255518,1.0932396776945426,0.006295903275973438,-0.7104104117549651
1785126497459525635,5.534952637,1.078798,0.04249841168377434,-5.148385081861148e-05,1.9547488523375638,0.04855756457628806,0.0029160549294402352,1.2747760310326888,0.006746822969902023,-0.679972821304875
1785126497492867188,5.56829419,1.194815,0.04526602822277671,-0.00018654984640220987,2.1628976488129497,0.05162366922809585,0.0023662916385827366,1.4952306976579908,0.0068510290321947675,-0.6676669511549591
1785126497526208740,5.601635742,1.143699,0.04783362572412964,-0.000405614403140131,2.3834186360627787,0.055218852259729216,0.002316746804302339,1.7334550366358839,0.007871011467779201,-0.649963599426895
1785126497559550049,5.634977051,2.132509,0.050320312783843676,-0.0006156538783271166,2.671763786172927,0.05737201689778977,0.003424790174809002,1.9368978144542688,0.008127220869225057,-0.7348659717186582
1785126497592891357,5.668318359,2.205327,0.052203783132762534,-0.0007996936565168623,2.9313476503629294,0.06008941207349811,0.001294647135954002,2.261333579633889,0.008159007730476422,-0.6700140707290408
1785126497626232666,5.701659668,2.250487,0.05347683246859859,-0.0010007851210554856,3.2107156439431987,0.06328041401603875,0.0005178091031219629,2.556368705152945,0.009920500973993914,-0.6543469387902539
1785126497659573486,5.735000488,2.290175,0.054107675843883915,-0.0013655593249138447,3.4921459264898487,0.0627539423975157,0.001559746264741096,2.802466028274006,0.009127723599524582,-0.6896798982158424
1785126497692914551,5.768341553,2.243788,0.05454603459270675,-0.0015558007127031218,3.751727351249854,0.06283920830654395,0.00201487030448907,3.0397801240875,0.009029198290041956,-0.7119472271623535
1785126497726255371,5.801682373,2.176426,0.05433927955115431,-0.0023866199632668027,4.011071287056501,0.061553266934798685,0.001777973559877723,3.293071564136606,0.008329793105737837,-0.7179997229198943
1785126497759595947,5.835022949,2.173443,0.053795168805931354,-0.0023957574212749994,4.245975638909521,0.061243116013981753,0.0019450911882448246,3.5331853076248723,0.008620608114551776,-0.7127903312846493
1785126497792936768,5.86836377,2.249132,0.05259194186485331,-0.002410632679662149,4.512860914745297,0.0596512848678906,0.00547758415024969,3.6762876336747765,0.010585758753638584,-0.8365732810705206
1785126497826281006,5.901708008,1.220304,0.051290575493101564,-0.0024641546745854045,4.798583639879591,0.05695602020185358,0.0038199024008785474,4.04155678233671,0.008460888669378339,-0.7570268575428808
1785126497859624756,5.935051758,1.203335,0.04955891066944794,-0.00235772613791721,5.141168144903576,0.05547301943409133,0.006231816235621837,4.297351209784437,0.010428658622606005,-0.8438169351191394
1785126497892968506,5.968395508,1.087421,0.04784039133586178,-0.0021723055258915935,5.451354414476199,0.05297637521287015,0.006414502821627761,4.642204350687947,0.010005578842921484,-0.8091500637882527
1785126497926312256,6.001739258,0.284624,0.0460105365045588,-0.0018817517261085874,5.8483027274518316,0.05068466191619165,0.008157177428433455,4.960226803504216,0.011073732294650532,-0.8880759239476164
1785126497959655762,6.035082764,1.299763,0.04445094885469737,-0.0015407069609149095,6.17873795060308,0.04940164881055355,0.006647250291331075,5.3423245010670435,0.009568284800188691,-0.8364134495360358
1785126497992999268,6.06842627,1.302815,0.0431121899677655,-0.001087222608317881,6.479834297908725,0.04774585566943626,0.008231890027604084,5.61911664611426,0.010407531799415287,-0.8607176517944647
1785126498026342529,6.101769531,1.416725,0.04233485371158585,0.0001328262510111207,6.839827050850031,0.04676704157415803,0.011741781542106373,5.8843487351735835,0.012426267830679516,-0.9554783156764476
1785126498059685791,6.135112793,0.608432,0.041452140558937416,0.0005220417962443248,7.338722491393064,0.044140104445964966,0.011055310520084068,6.410130501162271,0.01087082792921426,-0.9285919902307924
1785126498093028809,6.168455811,1.225878,0.04180120329907785,0.0008032409558226122,7.916850585784718,0.044370420045655085,0.010331571302066443,6.973528590272989,0.009868634853820663,-0.9433219955117289
1785126498126371826,6.201798828,0.579942,0.04272204430863365,0.0010086789094105493,8.291307824007237,0.045433957992111564,0.008500546243754861,7.396522311116582,0.007967593864025081,-0.8947855128906556
1785126498159714600,6.235141602,1.460119,0.044182650766708534,0.0009107464324483484,8.47997203727022,0.04672320579730403,0.007767100335049799,7.607719769699767,0.007311908690704654,-0.872252267570454
1785126498193057373,6.268484375,0.862339,0.04626083448297153,0.0007307420844202793,8.585453579261662,0.045810738871670566,0.004999261666666541,7.76628910317662,0.004292184232221654,-0.8191644760850413
1785126498226399902,6.301826904,1.316455,0.04857948124825321,0.0008199527299008191,8.570100149918208,0.0495792053938461,0.008304392143772545,7.6753948723634995,0.0075509126406811235,-0.8947052775547086
1785126498259742432,6.335169434,1.367169,0.051104414828556745,0.0009490491126469547,8.574053075379219,0.0540900314275691,0.00790284050693019,7.6972371882639745,0.007567636436266326,-0.8768158871152444
1785126498293084717,6.368511719,1.382351,0.05363962329918291,0.0009309068926408835,8.637351346296255,0.056197972080123774,0.009446938483970057,7.699925516341834,0.0088920156629112,-0.9374258299544211
1785126498326427002,6.401854004,1.419229,0.05631028960307082,0.0010751336400555492,8.678362690177014,0.0579951193211559,0.0037478483464766224,7.923709075940035,0.003159439045283533,-0.754653614236978
1785126498359769043,6.435196045,1.360973,0.05889342662359885,0.0013305301147808757,8.686907897073212,0.06259699109598546,0.011031491786548888,7.7151875706723585,0.010383884011208731,-0.9717203264008534
1785126498393111084,6.468538086,1.435755,0.06084014506043794,0.0015997729437150603,8.665484451539763,0.06190087938602335,0.00040061253554790486,8.012768626905569,0.0016009818843418437,-0.6527158246341948
1785126498426452881,6.501879883,1.511722,0.06274878213449633,0.0019071902007414057,8.61387397232004,0.063368549508416,-0.00256484685144256,8.062670150789021,0.004514778731442055,-0.551203821531019
1785126498459794678,6.53522168,1.332821,0.06447197917291721,0.002304219324336599,8.590067091968319,0.06430125448214886,0.001220056958185524,7.939212470300196,0.0010975221893958426,-0.6508546216681232
1785126498493136230,6.568563232,1.427617,0.06603523788538344,0.002763537289045631,8.547263217252183,0.06718148837549176,0.005039002920737712,7.7788812296459104,0.0025478685262558965,-0.7683819876062736
1785126498526477783,6.601904785,1.567953,0.0675442561586585,0.003213662785851435,8.475562134205251,0.06956388632754852,0.005743721162439764,7.710353729103916,0.003237298473733231,-0.7652084051013344
1785126498559819092,6.635246094,1.208557,0.0689280612800698,0.0036683846518910275,8.415362164112466,0.07153868832644134,0.004667400094483221,7.705728154093267,0.0027952469353858963,-0.7096340100191992
1785126498593160400,6.668587402,1.529607,0.07049265233188909,0.00425833852096617,8.329108247309296,0.07333832205814077,0.007064987569783284,7.559940877922336,0.003996888173833654,-0.7691673693869615
1785126498626501465,6.701928467,1.542377,0.07204419204883189,0.004822691522659631,8.256708637379246,0.07644215128067892,0.012192724726311423,7.363135715446909,0.008582507490699815,-0.8935729219323375
1785126498659842529,6.735269531,1.544895,0.07375275357662842,0.00543596592801843,8.22350135716886,0.07654756347447966,0.005765397767782474,7.538738385552161,0.002814158435869882,-0.6847629716166981
1785126498693183350,6.768610352,1.756836,0.07567006179529143,0.006079326466311229,8.189284977845627,0.07838836893958154,0.004965291254251547,7.554169584737269,0.0029377318094760655,-0.6351153931083577
1785126498726524170,6.801951172,1.809876,0.07780353659680012,0.0068598167880672585,8.170963584917457,0.08152193224358664,0.008518612406284223,7.45316479784192,0.004071617502793797,-0.7177987870755379
1785126498759864746,6.835291748,1.785435,0.07979723903600698,0.007524347197207407,8.16810228059856,0.08458402562988002,0.010761794160101553,7.391673513495615,0.005778787825559539,-0.7764287671029462
1785126498793205566,6.868632568,1.837998,0.08207891010419688,0.00830625541680774,8.166262480611408,0.0857381416675293,0.009367630099730425,7.447804784761569,0.003810051423752371,-0.7184576958498388
1785126498826549561,6.901976563,1.711672,0.08437828021587636,0.009108632250377686,8.203073065399392,0.08914423698669341,0.009933675446846982,7.485726840857373,0.004836841967372633,-0.7173462245420194
1785126498859893555,6.935320557,1.71147,0.08655182707364414,0.009968778516860274,8.25729321753689,0.09397388891284485,0.015657196160853874,7.403531524724541,0.009351208330339828,-0.8537616928123496
1785126498893237305,6.968664307,1.549816,0.08877774168893063,0.010771110825522616,8.350201043342787,0.09612849911127538,0.018490673407525974,7.438340708179871,0.010659515989932323,-0.9118603351629164
1785126498926581055,7.002008057,1.774496,0.09177151539668305,0.011687220653524746,8.591575340829404,0.09919748924137127,0.016482856140287105,7.723002705677835,0.008839864663211086,-0.8685726351515689
1785126498959924561,7.035351563,1.666063,0.09396262696031045,0.012297567233878273,8.79600115089956,0.1021426466249029,0.021762835002114244,7.795145224202181,0.012510156499321896,-1.0008559266973798
1785126498993268066,7.068695068,1.938624,0.09621860506157165,0.012749524926049714,9.048740279318045,0.10362834184243853,0.019516074994674146,8.13018779846473,0.010034460573091753,-0.9185524808533136
1785126499026611328,7.10203833,1.64733,0.09867345075924444,0.012847517172814536,9.340923398637024,0.10738846767048718,0.017772984245777078,8.489534843274477,0.010010581683902547,-0.8513885553625479
1785126499059954590,7.135381592,1.658827,0.10112672180800114,0.011814437970342172,9.721726255616229,0.10845522473538234,0.02464975854916064,8.605638990238093,0.014780135639353102,-1.1160872653781373
1785126499093297852,7.168724854,1.601898,0.10438319782140165,0.010507099004514145,10.28393282308928,0.11473821275665497,0.023932732675737357,9.200306609202839,0.016955057469180152,-1.083626213886441
1785126499126640625,7.202067627,1.57073,0.11003629150801086,0.010651257578814223,10.867274073699656,0.12090409558805816,0.016810505321041194,9.938202355118102,0.01249181725260263,-0.9290717185815531
1785126499159983643,7.235410645,1.620142,0.115368847349115,0.010945213940080967,11.398318827067337,0.13247551707726615,0.020473264381561544,10.302949557504272,0.01958116172251895,-1.0953692695630644
1785126499193326172,7.268753174,1.613299,0.1222026218873136,0.010320056383168873,12.081668261634913,0.1381488087774096,0.028642673422094842,10.725951453926404,0.024289898548347413,-1.3557168077085093
1785126499226668945,7.302095947,1.506314,0.12619841650312155,0.009966388690314895,12.91265482374254,0.14035582419190776,0.027533014176655487,11.561667097406396,0.02256143886022905,-1.3509877263361438
1785126499260011230,7.335438232,1.695456,0.13075087934930507,0.010786766070521266,13.476711840727926,0.14733830464283146,0.028771857340988728,12.206100328135252,0.02446642977378113,-1.2706115125926742
1785126499293353760,7.368780762,1.723396,0.13574686105327693,0.011770122755176471,14.015300840147116,0.15249016015746697,0.026139686528548967,12.880564251689037,0.02206405284460201,-1.134736588458079
1785126499326695801,7.402122803,1.841093,0.14221911130811013,0.014175914013074963,14.471451692267271,0.16199388111148041,0.026821145560028264,13.37736120675714,0.023472183572312743,-1.0940904855101308
1785126499360038086,7.435465088,1.8465,0.14933726158898578,0.018513224877274477,15.023213503211066,0.16970072366768657,0.032074227031474625,13.824589691217877,0.02446571820439585,-1.1986238119931885
1785126499393380127,7.468807129,1.768694,0.1564579553569601,0.020718506582170657,15.69624507222714,0.18510358041415814,0.03959341544708936,14.54364918786638,0.03430501449608436,-1.1525958843607593
1785126499426721924,7.502148926,1.83894,0.16422390701249948,0.025049409028333226,16.315867715976392,0.19501070408133725,0.042727752355317394,15.154456843370781,0.03550141823286112,-1.1614108726056092
1785126499460063721,7.535490723,1.867224,0.1723498489569269,0.027847742702128607,16.992153152731202,0.19877655197052774,0.04752372891862846,15.735530461446384,0.03294715565509338,-1.2566226912848195
1785126499493405273,7.568832275,1.399443,0.1773936232692135,0.030713552004576088,17.667368509790137,0.2024788885157786,0.05310822668968104,16.265900508544917,0.03362725065690336,-1.401468001245221
1785126499526746826,7.602173828,1.419087,0.18168470372236248,0.032015749369886166,18.38203759892785,0.20870552365130007,0.05713189664902665,16.91864050828836,0.036890995700570986,-1.4633970906394904
1785126499560088135,7.635515137,1.48785,0.18591526021307608,0.034487019400478984,19.08130835262394,0.2147935092525963,0.056184026029632045,17.684979626761685,0.0361208162179935,-1.3963287258622572
1785126499593429443,7.668856445,1.366595,0.19055228189301873,0.037169010182170455,19.814812541306036,0.22033178835913905,0.05620525945251203,18.44932887042948,0.03534399229923357,-1.3654836708765579
1785126499626770508,7.70219751,1.510227,0.19565037637808882,0.03975937224440147,20.52206789206343,0.22407213191755185,0.060366606026192676,19.05615878994867,0.0351063280917044,-1.4659091021147563
1785126499660111572,7.735538574,1.43833,0.20039058034409243,0.04202517195556884,21.176815645087206,0.22813145794529766,0.06274143614783091,19.714031820145117,0.03462253445616957,-1.4627838249420906
1785126499693452393,7.768879395,1.432241,0.20483496077445176,0.04411001237003354,21.908472770722597,0.23258455874730957,0.0661197194953515,20.37143913650804,0.03541846122289203,-1.537033634214554
1785126499726793213,7.802220215,1.483851,0.2090885999858338,0.046222419526206045,22.58492527098756,0.2368684688162671,0.0680819257521569,21.065250309570473,0.035349103590875744,-1.5196749614170895
1785126499760134033,7.835561035,5.304769,0.21197174433827426,0.047707180261404705,23.094079773271506,0.24131316551541052,0.07026838033949362,21.70344503953485,0.03701252147122186,-1.3906347337366565
1785126499793474609,7.868901611,2.009231,0.2158208452539139,0.04983297572360464,23.71308897543546,0.24513594143289028,0.0746082498173371,22.189842359629868,0.03838214520323487,-1.5232466158055935
1785126499826818848,7.90224585,1.934576,0.21955856942380536,0.05173602943676625,24.300809491770504,0.24972479735027808,0.07691611177009357,22.749156161862913,0.03929424708052116,-1.551653329907591
1785126499860162842,7.935589844,2.010595,0.2226640827777303,0.053243132499346105,24.880093467102665,0.25693827291179344,0.0739214971441506,23.497539915804513,0.04002892546308745,-1.3825535512981502
1785126499893506592,7.968933594,1.972406,0.22554655458425865,0.05435325771097311,25.42372266564789,0.25829287740115947,0.07673800318286243,23.990869851414327,0.039666087377884254,-1.4328528142335617
1785126499926850342,8.002277344,2.081798,0.22899829639643754,0.055636506424192,26.057727804040766,0.26042872894777574,0.08051542372332708,24.512758498601432,0.040085316717489244,-1.5449693054393312
1785126499960193848,8.03562085,0.359892,0.23208748182420275,0.054727150519294665,26.64821503081768,0.2639701464358661,0.08125546721447062,25.14520587955576,0.04147596761281599,-1.503009151261921
1785126499993537354,8.068964356,2.06406,0.23533209666962962,0.0542540472376241,27.112712965388194,0.26788047894455264,0.07951956020107999,25.693141006533725,0.041203681073674475,-1.4195719588544686
1785126500026880615,8.102307617,1.801031,0.23878365448005323,0.054532168048266286,27.505879216831985,0.27235655727748026,0.07867080641462929,26.152461828750166,0.04134989316101718,-1.353417388081822
1785126500060223877,8.135650879,2.062046,0.24189753003922704,0.054872058173778104,27.84705811756627,0.2754850599793342,0.0798357107986913,26.46945141347158,0.041848609533112695,-1.3776067040946909
1785126500093566895,8.168993897,2.069617,0.24509143354143353,0.05541419684326425,28.218704871724075,0.27989271103450525,0.07956222971163943,26.890392800374403,0.04235866389018789,-1.328312071349671
1785126500126909912,8.202336914,2.130115,0.248127023922364,0.05624644802391969,28.505601301913867,0.28365923811066657,0.07845427229534477,27.252904965420193,0.04190138069316938,-1.252696336493672
1785126500160252686,8.235679688,2.073069,0.2511580217901515,0.057267131131738855,28.813691492032934,0.28593640117282937,0.07953134274630183,27.54163161791489,0.04129444019845182,-1.2720598741180416
1785126500193595459,8.269022461,1.158522,0.254085418716825,0.058470745853556896,29.176239323441298,0.28864668839599994,0.0801917917621378,27.901175404790074,0.04082015675128326,-1.2750639186512251
1785126500226937988,8.30236499,2.088191,0.25630938645591056,0.05975199951257694,29.43844623973618,0.29074345795976675,0.08199134497491711,28.17449596353606,0.040991386496750645,-1.263950276200119
1785126500260280518,8.33570752,2.230219,0.25864667888100645,0.06133092075706495,29.711308282688403,0.29392292190997893,0.08322674064010266,28.484967974684317,0.04151915522490262,-1.2263403080040847
1785126500293622803,8.369049805,2.146934,0.26080547431775786,0.06306798544241428,29.953198104738764,0.2954440941750892,0.08662754196280875,28.676058883274393,0.041891367715298715,-1.2771392214643704
1785126500326965088,8.40239209,2.233642,0.2631527035350439,0.0649883477947025,30.136547908795148,0.29992169095896815,0.08815962823290178,28.91290172834615,0.043461093788886365,-1.2236461804490013
1785126500460332764,8.535759766,2.250946,0.2710513531907775,0.0708726287249588,30.446890895344698,0.31153217708715253,0.09439043193135208,29.235788865344098,0.04681649464648085,-1.2111020300006021
1785126500493674561,8.569101563,2.219626,0.2727179105223136,0.07186859772388313,30.472367775272634,0.31278000978184917,0.09643622683177483,29.219658144114486,0.04699510822483345,-1.252709631158149
1785126500527016113,8.602443115,2.121065,0.2742117804731193,0.0728564026109887,30.495249480690564,0.3144595337716783,0.09668685709587217,29.25583528179079,0.04677362725444511,-1.239414198899776
1785126500560357422,8.635784424,2.24399,0.2755333060635713,0.07363691973942844,30.542732619029955,0.31696140718241594,0.09812718480751986,29.308635353652388,0.048125467742335726,-1.234097265377567
1785126500593698730,8.669125732,0.90848,0.2765565298901364,0.07429249980381071,30.560101384465653,0.3164172330165959,0.09896147202583315,29.290294305012885,0.046876794304076014,-1.269807079452766
1785126500627039795,8.702466797,1.059027,0.277638184026597,0.07499724855330246,30.579983781241772,0.31732450764637066,0.09947319860809122,29.2953322078692,0.04662699232781284,-1.284651573372571
1785126500660380859,8.735807861,2.496796,0.2786275256293767,0.07561077187282093,30.58886019573798,0.31978440622714677,0.0993642846728673,29.358433511712096,0.04751966109812936,-1.230426684025883
1785126500693721680,8.769148682,1.247831,0.27927866985119,0.07614351031525857,30.603383794180125,0.31912117358360165,0.10085325141710333,29.30912849209286,0.046882794381173924,-1.294255302087266
1785126500727062500,8.802489502,1.040041,0.28006607224719554,0.07656841760959926,30.658928678800404,0.31980313857067544,0.10193315539841262,29.319127912393174,0.04714238393517978,-1.3398007664072287
1785126500760403320,8.835830322,2.31249,0.2808223842022781,0.07691093094152049,30.680257739422117,0.322970483931213,0.10088297106025684,29.42682084478775,0.04848835961562886,-1.2534368946343695
1785126500793743896,8.869170898,2.082538,0.28132539851204225,0.07718865856192308,30.696534023196786,0.320787781025107,0.10121895378532941,29.388298321867143,0.046203189523359806,-1.3082357013296417
1785126500827088135,8.902515137,0.925619,0.28187545947667214,0.07747697871576648,30.754607493477277,0.32243443477656325,0.10183504116597737,29.434831451427073,0.047311158131095786,-1.3197760420502014
1785126500860432129,8.935859131,1.116867,0.28210784661644744,0.07769929318346826,30.790207601242717,0.3242295936517313,0.10172891970792981,29.521853056540078,0.048493963791481846,-1.2683545447026372
1785126500893775879,8.969202881,0.962652,0.28218708687736593,0.0778167750502271,30.812714969996264,0.32451950947300917,0.10259307500164032,29.52217372114342,0.049049964751246504,-1.2905412488528427
1785126500927119629,9.002546631,1.026591,0.2819947644135074,0.07803286653201777,30.7898979116737,0.3245761694737786,0.1027516000000596,29.501304485894778,0.04923608271553476,-1.2885934257789267
1785126500960463135,9.035890137,0.944145,0.28175110917512297,0.07841158439859777,30.74168963511248,0.3243736046776154,0.10210520406779422,29.479887805100223,0.048765405113548675,-1.2618018300122575
1785126500993806641,9.069233643,0.948723,0.281449178327343,0.0786435528709255,30.732343239380555,0.3229782889456102,0.10383765974079313,29.40087986895355,0.048573758859229585,-1.3314633704270056
1785126501027150146,9.102577148,0.937089,0.28121383033866665,0.07911923389388596,30.719052834892565,0.3221320240181308,0.10405900793446701,29.37135751480818,0.047919629622790075,-1.3476953200843824
1785126501060493408,9.13592041,0.929989,0.28093270582703267,0.07950202431476433,30.682214617449656,0.3225518681682187,0.10475487551332362,29.343909007518832,0.04868121986596652,-1.3383056099308257
1785126501093836426,9.169263428,0.781036,0.28058066432772366,0.07992264207677309,30.65468360882676,0.3225514612029295,0.1043462411030033,29.342788151681845,0.04855985975817744,-1.3118954571449162
1785126501127179443,9.202606445,0.904835,0.2801532897427108,0.08040284385070956,30.60632779694626,0.3219058432869196,0.10475515687602863,29.300731742037318,0.048335399834336205,-1.3055960549089416
1785126501160522217,9.235949219,0.86413,0.2796657083396867,0.08089839476024226,30.59212278527213,0.3217386481136424,0.10546768766808341,29.279817952954627,0.048721477966233724,-1.312304832317506
1785126501193864990,9.269291992,0.891614,0.27904332938442583,0.08150304647605368,30.600001495956516,0.32110633435384023,0.10568970757404211,29.28656405101411,0.048521036284542886,-1.313437444942403
1785126501227207764,9.302634766,0.80537,0.2781982193495425,0.082009884579798,30.5642316622013,0.3187947727536831,0.10698090051178802,29.218445378356183,0.04766163850489136,-1.3457862838451193
1785126501260550293,9.335977295,5.831417,0.27742632721113514,0.08245982050933988,30.547684816013373,0.3174780817296198,0.10815029078195967,29.161444556521857,0.0475830148565359,-1.3862402594915157
1785126501293892578,9.36931958,2.500633,0.27619008355465563,0.0832899184379671,30.5262000146021,0.31720781525282543,0.10730944025228689,29.198768569321945,0.04753305946235344,-1.327431445280156
1785126501327234863,9.402661865,1.176573,0.27492359625082124,0.0840009504772367,30.480345833079763,0.31544942968891987,0.10769789376901213,29.184199679699354,0.046945588687608696,-1.2961461533804088
1785126501360576904,9.436003906,0.246585,0.27317387726729325,0.08522483942786152,30.46099945963195,0.3137390113073885,0.11000191663893431,29.12231627243766,0.047533500342541134,-1.3386831871942888
1785126501393918945,9.469345947,5.742647,0.2721193119396142,0.08608137594343451,30.462917292899533,0.3111199058872798,0.11169359340964469,29.079057787847805,0.04665867563280307,-1.3838595050517293
1785126501427260986,9.502687988,0.745997,0.27021106679565476,0.08755597090804743,30.464305538599113,0.30991982333283163,0.11248224813512209,29.11546883185722,0.046883948661879664,-1.3488367067418912
1785126501460602783,9.536029785,0.04275,0.2686311319102322,0.08889001989241921,30.480633653220103,0.30938649685701297,0.11360468955883982,29.162050820257203,0.047663557029092765,-1.3185828329628997
1785126501493944336,9.569371338,2.585722,0.2670482286588913,0.09035076204048959,30.47967356150949,0.30697185387620435,0.11584697680680568,29.116047957008618,0.04737037911926177,-1.3636256045008726
1785126501527285889,9.602712891,2.640465,0.2652982227911273,0.0919442032423817,30.49450963331144,0.3061791989885974,0.11771964971227726,29.147299041835286,0.048328333879625616,-1.347210591476155
1785126501560627441,9.636054443,2.753619,0.2636370988106283,0.09370944313384366,30.507151584113185,0.30390237649456303,0.11905787129130804,29.149152424001283,0.04757977928719831,-1.357999160111902
1785126501593968750,9.669395752,2.566839,0.26205358967126796,0.09558208924091277,30.4768481496284,0.30039131733400226,0.12219474012302235,29.046575437664966,0.04666920343561727,-1.430272711963432
1785126501627309814,9.702736816,2.646842,0.26052994403121793,0.09763598240969813,30.459348170073373,0.29908201592441824,0.12473366338475032,29.01773485297189,0.04712267566134367,-1.4416133171014833
1785126501660650879,9.736077881,6.020122,0.259188278485357,0.09975120798313283,30.42535520698983,0.29929001484815065,0.12598259303034492,29.042389383490157,0.047919044447965645,-1.3829658234996733
1785126501693991699,9.769418701,0.82737,0.2573105104505577,0.10265142966529152,30.34993857674034,0.2963505929075684,0.12933337813900941,28.90718284026415,0.047286937018634755,-1.4427557364761914
1785126501727332520,9.802759522,4.598547,0.2557695223916436,0.10556858624572857,30.33283105890328,0.2958505693479757,0.13142838979918914,28.921437705430275,0.047699263777748954,-1.411393353473006
1785126501760673340,9.836100342,2.62018,0.25467713950469417,0.10806190012702208,30.298092504786258,0.29501135773340303,0.13552762850374367,28.829373245058694,0.048797698668942985,-1.4687192597275645
1785126501794014160,9.869441162,2.732603,0.2531010834084382,0.11147166053941232,30.25664983776422,0.2922418178849347,0.1397668998598553,28.7491638996799,0.048297180699920214,-1.5074859380843175
1785126501827358154,9.902785156,2.817443,0.251921340654203,0.11506934582261819,30.228125014990322,0.2914803113856779,0.14396373893034997,28.714472117962462,0.04898773436685786,-1.5136528970278622
1785126501860702148,9.93612915,2.701535,0.2514833289194268,0.11853522709789245,30.194828480669454,0.2894629675689025,0.14758945759328213,28.63511873516148,0.04781841968973858,-1.5597097455079743
1785126501894045898,9.9694729,2.737256,0.251001581817762,0.12218488055093618,30.235954823532456,0.2877559706286443,0.15262502604394432,28.623622845650974,0.04772302960308589,-1.6123319778814833
1785126501927389648,10.00281665,2.757241,0.25102782899007287,0.12481273547846329,30.395961171323048,0.2890415864609006,0.15732918019390243,28.78274677073752,0.050023643749562294,-1.6132144005855256
1785126501960733154,10.036160156,0.436185,0.24975847160947728,0.1279010856238589,30.492228529959228,0.2863479336587364,0.16361661483203616,28.81374103289531,0.05113108408467725,-1.678487497063918
1785126501994076660,10.069503662,0.583098,0.2502381558661064,0.13330325296776924,30.664283897915205,0.2866599165324433,0.16819807206674595,29.048455597483922,0.05043999454784106,-1.6158283004312823
1785126502027420166,10.102847168,0.566218,0.2508975972553507,0.13955338886610802,30.81878614256401,0.28499552675357354,0.17631594329981845,29.1844060638868,0.05014134226920233,-1.6343800786772136
1785126502060763184,10.136190186,0.539335,0.2507230830242676,0.14560920460012358,31.039612694340374,0.2816960132228049,0.18236415125133956,29.35135775277608,0.04806504455856873,-1.688254941564291
1785126502094106445,10.169533447,0.557747,0.25052576931104326,0.15235193383697895,31.51914743275039,0.2748809800604327,0.19287375695264186,29.59667003460353,0.04727784300562208,-1.9224773981468597
1785126502127449463,10.202876465,0.497963,0.25012421944424007,0.1578563707467362,31.662053951146746,0.2798151004694744,0.2025987536290643,29.846632059675656,0.05369757203117721,-1.8154218914710876
1785126502160792236,10.236219238,2.862958,0.2501646105737605,0.16201697681573918,31.60403499613731,0.2792393963087897,0.20936000612252098,29.848560930965103,0.05555812802354537,-1.755474065172208
1785126502194135010,10.269562012,2.856695,0.2501235563832954,0.16930501559379416,31.497964733842643,0.2819760877139231,0.21558240744445048,29.85536951039909,0.05617989630346258,-1.6425952234435526
1785126502227477539,10.302904541,2.895248,0.2503709765130671,0.17898807810553927,31.429055447305878,0.2732332535776028,0.22448354235168907,29.547979904126073,0.050916804490740486,-1.8810755431798027
1785126502260820068,10.33624707,2.766193,0.2503802299232177,0.18769204094609904,31.53315465222331,0.2743947601813954,0.23399881151024182,29.623497176826984,0.05216334597781372,-1.9096574753963258
1785126502294162354,10.369589356,2.912983,0.2512097687867719,0.1965093239696233,31.589615357777756,0.27503605482773363,0.2452181835599352,29.62898096145391,0.05422402520188301,-1.9606343963238486
1785126502327504639,10.402931641,2.988962,0.25176501887055025,0.20652258455194106,31.56295380968895,0.268393953913582,0.25924245512280175,29.33983452758515,0.0552802517511785,-2.2231192821038013
1785126502360846924,10.436273926,2.884935,0.2515181340049758,0.21554000427983577,31.465519508734815,0.29183345538606725,0.2660409793060874,29.889787849065684,0.06461945230859496,-1.5757316596691329
1785126502394188965,10.469615967,2.838838,0.25188338992732145,0.2254911223863426,31.181991053233304,0.29603322150940664,0.27758398227837794,29.710845190857878,0.06828523764663713,-1.4711458623754268
1785126502427530762,10.502957764,2.956768,0.25221437716678224,0.23594582184293583,30.926033507184986,0.2914856391257596,0.288745070335538,29.288068767701773,0.06580267971165134,-1.6379647394832153
1785126502460872559,10.536299561,2.935223,0.25397357952666905,0.2487459137321475,30.884116668498173,0.2932920844715925,0.3001787918625561,29.228010144583482,0.06474014043760974,-1.65610652391469
1785126502494214111,10.569641113,2.986389,0.2542041423329243,0.2569012717122085,31.009760578452795,0.2992678608800852,0.3115781005431617,29.426563620056132,0.0708540354553436,-1.583196958396664
1785126502527555664,10.602982666,2.980096,0.2546292893440437,0.2644419920298174,31.05648214622324,0.29656858831429384,0.3246164197453972,29.358124668214074,0.07334757357277444,-1.6983574780091641
1785126502560896973,10.636323975,2.992157,0.2565625040037201,0.27370515472134826,31.094654541846094,0.30408734865966675,0.33247129754521815,29.634764775701548,0.07557824026773403,-1.4598897661445476
1785126502594238281,10.669665283,2.930545,0.2585234471567314,0.2846466721706419,31.164597729600647,0.3045588069266784,0.3460199552516834,29.650419138274877,0.07671984244831391,-1.51417859132577
1785126502627579346,10.703006348,0.299177,0.26069304933287174,0.2966261495402116,31.27748055126764,0.3067022034469464,0.35746843896117575,29.804971914697468,0.07627992163260944,-1.4725086365701738
1785126502660920410,10.736347412,0.274487,0.2619966616681914,0.30850294282351676,31.40751327204165,0.3079241143716363,0.36913924066334064,29.90993326452401,0.07606636265490153,-1.4975800075176422
1785126502694261475,10.769688477,0.253611,0.26234856202056034,0.317905218033839,31.622398391503843,0.3026071746642501,0.37933603420137185,30.02800046994864,0.07344726725347836,-1.5943979215552013
1785126502727602051,10.803029053,0.246098,0.2633244821017515,0.3280428187697264,32.02391568547334,0.3040086685545546,0.3884637592488224,30.496041165108814,0.07284156145844836,-1.5278745203645245
1785126502760942871,10.836369873,1.082343,0.264022422418263,0.33623461906575,32.157384578700075,0.30435072291005916,0.4043914409166097,30.515759465139382,0.07919421813091179,-1.6416251135606938
1785126502794283447,10.869710449,0.271597,0.2653972595447809,0.3439677011515442,32.13396503204124,0.30649941719915175,0.41141532027130795,30.613982697634135,0.07898461045526198,-1.5199823344071064
1785126502827629639,10.903056641,0.193619,0.26632788534073437,0.3532600135896288,32.070483244948925,0.30671528607639387,0.42162899462387926,30.50331320627885,0.07940692479780621,-1.5671700386700778
1785126502860973633,10.936400635,0.226795,0.26687695760562147,0.36336871680513927,32.025420183269375,0.3068152465196916,0.4314639590369801,30.419590190939587,0.07894320069516321,-1.6058299923297885
1785126502894317383,10.969744385,0.385624,0.2679002382793763,0.37331254866541547,32.02509794971946,0.30469914410262644,0.4446425556649532,30.262390982471246,0.08026287665130458,-1.7627069672482156
1785126502927661133,11.003088135,3.203726,0.2687436624408621,0.38173913096716494,32.01301078280316,0.30926858870777973,0.4548380430486855,30.328328259488263,0.08358062333125414,-1.6846825233148919
1785126502961004639,11.036431641,3.131914,0.2699070004025688,0.39298624079058464,31.956327795893674,0.3105260218558114,0.46780421795433075,30.25715199593973,0.08513304065222747,-1.6991757999539447
1785126502994348145,11.069775147,3.100395,0.2702615238491345,0.40356577541523864,31.870514596481904,0.322313914363241,0.4818941270351284,30.38217944629831,0.09404670130165192,-1.4883351501835942
1785126503027691406,11.103118408,3.107971,0.27136660662771683,0.41372570804380293,31.629812119707477,0.3318243944789081,0.4929296411138325,30.378081173205178,0.09964139263188451,-1.251730946502299
1785126503061034668,11.13646167,2.383363,0.2727882305111228,0.428389705394982,31.392806484414045,0.32731925541325907,0.5052584561621312,29.970384081397846,0.09424668440523255,-1.422422403016198
1785126503094377686,11.169804688,3.09713,0.27334209805333753,0.4388667088145974,31.430939576577888,0.3294203147632183,0.5196983060936249,29.93214219364557,0.09837943640842449,-1.498797382932318
1785126503127720703,11.203147705,3.185524,0.2735211629596369,0.4465062131153376,31.449788575486732,0.3295964613700677,0.5333181939525722,29.872892339820645,0.10334775812132184,-1.5768962356660878
1785126503161063721,11.236490723,0.237749,0.27583759446070166,0.45684711878629436,31.41790418403336,0.33241168702988605,0.5443940801119529,29.899935214621816,0.10423578266307111,-1.5179689694115477
1785126503194406250,11.269833252,0.002268,0.27829725964097685,0.46856845510334943,31.433219605548576,0.33364492395475376,0.5578016970344076,29.860928215157468,0.1050044542413192,-1.5722913903911078
1785126503227749023,11.303176025,0.187102,0.28031187050661843,0.47916998910960956,31.485667800025922,0.3365132627346578,0.5691796376519936,29.977722646449056,0.1061147177308286,-1.5079451535768669
1785126503261091309,11.336518311,0.064154,0.2823882741477212,0.4899559102635678,31.62887148848554,0.3362426737920457,0.582224644111242,30.0162100274805,0.10683546043755114,-1.6126614610050423
1785126503294433838,11.36986084,2.427965,0.2829263670114486,0.4993096189647971,31.75925444976618,0.3435025064239114,0.5941133733875343,30.267198966148147,0.11250431333404423,-1.4920554836180322
1785126503327775879,11.403202881,0.086956,0.28454886005000746,0.5091902716086909,31.844748278456507,0.334515327823808,0.6064221026014245,30.08850494329718,0.10931915138707286,-1.756243335159324
1785126503361118164,11.436545166,0.107775,0.2858145630737489,0.5159288811919558,32.203207044051574,0.33348946991459283,0.6155206390872172,30.37695510556118,0.11041474078650691,-1.8262519384903968
1785126503394459961,11.469886963,0.119307,0.28685716632870456,0.5244716413425208,32.30874588097995,0.33718094899871554,0.6220577465756958,30.620838838527515,0.10979768229247285,-1.6879070424524312
1785126503427802002,11.503229004,6.603538,0.2881547876710383,0.5291783811722777,32.364630008653066,0.33184455005532787,0.6280678579301469,30.616202172716495,0.10811070229464256,-1.7484278359365684
1785126503461143555,11.536570557,3.073658,0.2891928950318102,0.5366172913220497,32.435554230090084,0.3382980918099794,0.638465969060584,30.725501690285775,0.11306844611875815,-1.7100525398043105
1785126503494485352,11.569912354,0.034931,0.2903349468830413,0.5448367684885985,32.45087197320963,0.3359852933549966,0.64535674368997,30.65064270334829,0.11040026968940744,-1.8002292698613356
1785126503527826660,11.603253662,0.00809,0.29180910627840634,0.5525309393736082,32.463022957993275,0.3341508205043681,0.6504370086024988,30.684848180894374,0.10666967308211517,-1.7781747770988987
1785126503561168213,11.636595215,0.007467,0.2932262032507918,0.5607223652206745,32.55204830109098,0.3349868543545511,0.6596594700537831,30.69287737098607,0.10738949060949787,-1.8591709301049097
1785126503594509277,11.669936279,0.08398,0.2951743122077668,0.5691430757481268,32.616557465463764,0.33916025563255814,0.6684815614374804,30.812911614696397,0.10864114302612451,-1.8036458507673674
1785126503627850586,11.703277588,0.008302,0.29668831441411736,0.5764052574081467,32.56159709699008,0.3493092242493833,0.6793810327707739,30.866301601379355,0.11564156027754657,-1.6952954956107207
1785126503661191406,11.736618408,0.015889,0.29842943969040947,0.5832802330607324,32.36709060094574,0.35834834283247496,0.689168917924286,30.784825125291192,0.12166629991859372,-1.5822654756545445
1785126503694532227,11.769959229,0.085806,0.2996971679922252,0.5924460052287174,32.1550163515501,0.3579376277471438,0.6963719516351122,30.480871975279488,0.11913250391446137,-1.6741443762706143
1785126503727873047,11.803300049,0.139816,0.3028636522048189,0.600026769920337,32.06534629317399,0.362673990792213,0.7045336893207123,30.401446557231395,0.12041168051520273,-1.6638997359425896
1785126503761213623,11.836640625,0.051274,0.30478341589317276,0.6065633106834355,32.01717409341643,0.3664275446882604,0.7123630596189114,30.3342625143421,0.12244829721035362,-1.6829115790743294
1785126503794554199,11.869981201,0.127901,0.307240578557219,0.6120107444429588,32.00975715085161,0.3699123856367246,0.719071794520289,30.33862396188716,0.12405572879263331,-1.6711331889644498
1785126503827894775,11.903321777,0.144473,0.3091500459182015,0.6170116397250398,31.94726939506314,0.3689588371770105,0.7263135567337504,30.219060569058904,0.12459534731930744,-1.7282088260042372
1785126503861315918,11.93674292,0.258302,0.3115376363467234,0.6225138738231233,31.926878703254268,0.37084908421282253,0.7334783288713861,30.19962308378989,0.1258211354746528,-1.7272556194643762
1785126503894738037,11.970165039,0.290615,0.3135634384217252,0.6307971108799956,31.941453316875844,0.3774475751325708,0.7419751706994917,30.280939935868194,0.12822536374882107,-1.6605133810076504
1785126503928161133,12.003588135,0.428093,0.314727319401635,0.6379453031850599,31.917265599711968,0.38083897973334624,0.7509091049279656,30.22435414170172,0.1308876317152467,-1.6929114580102487
1785126503961584961,12.037011963,0.443279,0.316007628355684,0.6454771691324881,31.944711767362193,0.3814719258385374,0.760240428631456,30.186426292694204,0.13212183761873347,-1.7582854746679892
1785126503995009766,12.070436768,2.684584,0.31691704834528167,0.6528538957906159,31.970170619075954,0.3794889552135115,0.7671445378698378,30.17988275879604,0.13029809820564242,-1.7902878602799155
1785126504028435547,12.103862549,2.640026,0.31740819782426055,0.6593563550695366,32.14541100000346,0.374357172244591,0.7724156459835776,30.27264639479806,0.12659221520106675,-1.8727646052054023
1785126504061862061,12.137289063,2.512958,0.31799491023591575,0.665487125220547,32.439548818287186,0.37710978854985405,0.7796027121924956,30.60755230466976,0.12851823227863077,-1.8319965136174248
1785126504095289551,12.170716553,2.478375,0.31858777464135357,0.6710892981020484,32.62316117101499,0.37507623596802847,0.7845379815003796,30.766498733682557,0.1267341707191475,-1.8566624373324323
1785126504128718018,12.20414502,2.275921,0.31846457497300595,0.6766037859096476,32.609758368176,0.3738233267967606,0.7886093766545585,30.777145227744995,0.12493936033772755,-1.8326131404310075
1785126504162147217,12.237574219,2.291842,0.31806944327783426,0.6811959739366278,32.471861026951856,0.3691084695882698,0.792486398460443,30.5824843220932,0.12243586401626096,-1.8893767048586554
1785126504195577393,12.271004395,1.203928,0.31773684019544,0.6845492544853664,32.400068053854774,0.37104365739510153,0.799287146465054,30.538489242018247,0.12651640453277432,-1.8615788118365295
1785126504229008545,12.304435547,1.233591,0.3169056027037107,0.6894995259450054,32.33624094162782,0.3688984919130429,0.8053707453884354,30.491277024262775,0.12700157488646122,-1.8449639173650456
1785126504262440674,12.337867676,1.233951,0.3158698921462443,0.6969719783035082,32.18675309953676,0.36636654237995864,0.8124429277544244,30.291030788412073,0.12602956737179624,-1.8957223111246913
1785126504295873535,12.371300537,1.495636,0.31556947249209033,0.7063480070463031,32.06001633398096,0.3602534644358324,0.8254602436776871,29.86358273472633,0.1272178605831714,-2.1964335992546324
1785126504329307129,12.404734131,1.634313,0.3137582773022169,0.712963395614526,32.16466541526965,0.36873650737832575,0.8353347849342588,30.139401264607113,0.1341542496767925,-2.02526415066254
1785126504362741943,12.438168945,1.661439,0.31385291857445674,0.7205595726724882,32.06175651996744,0.38116223513843367,0.8440198985159906,30.2915783886878,0.1406164860665116,-1.7701781312796356
1785126504396177490,12.471604492,1.740558,0.314216061335505,0.7302179448705952,31.973881800372705,0.3785878213535154,0.8533418163006942,30.086484499213718,0.13893599678899582,-1.8873973011589846
1785126504429614014,12.505041016,1.929373,0.3137617617728701,0.7366043595422542,32.09783874805863,0.3784713776585521,0.8625758166835136,30.156209750452007,0.14161971050092093,-1.9416289976066174
1785126504463051514,12.538478516,1.846651,0.3139708703462742,0.7416564088159129,32.207882524849246,0.3789869516126674,0.8708698890774447,30.27553944770456,0.14464858901674607,-1.932343077144688
1785126504496489746,12.571916748,2.079851,0.3156227771705934,0.7485166430363361,32.24389339752368,0.3771358078006028,0.8782345090714632,30.301210031966082,0.14356384539986256,-1.942683365557598
1785126504529928955,12.605355957,2.134021,0.3167091396549324,0.7556799903880222,32.35224847135833,0.3812556499562848,0.8867570495762082,30.496042779035093,0.1461076570118958,-1.8562056923232384
1785126504563368896,12.638795898,2.308372,0.3178761469218587,0.7638057097505624,32.514159672819176,0.3818283229523522,0.895551539058984,30.624250190263748,0.1464474115824482,-1.889909482555429
1785126504596810059,12.672237061,2.408842,0.3181746560091849,0.7715135542462113,32.660815721709184,0.387008416522229,0.9043725595679266,30.815398707818794,0.14963155376270976,-1.845417013890393
1785126504630251709,12.705678711,2.518144,0.31757106788701556,0.7789843784585274,32.729991211196676,0.3904207453979934,0.9130248531953852,30.897443988159004,0.15255793778475008,-1.8325472230376711
1785126504663694580,12.739121582,2.687557,0.31695958488709264,0.7853027189288466,32.82776830068301,0.3824723876443106,0.9202064387913056,30.864793921637407,0.14996980015268058,-1.9629743790456093
1785126504697138184,12.772565186,2.784031,0.3172295000753667,0.7891747731949843,33.14114923093206,0.3750927276851219,0.9249552048507712,31.13919472449982,0.14759565959082319,-2.0019545064322415
1785126504730582764,12.806009766,2.903177,0.31565078121255213,0.7957141470776535,33.22044561888356,0.37692431710831853,0.9290691967848241,31.272101061004225,0.1467583574573241,-1.948344557879339
1785126504764028320,12.839455322,2.977046,0.31482378570192737,0.8001500003017029,33.159137963585025,0.3737325126469099,0.9360651189463406,31.15821416917182,0.14813223007321683,-2.000923794413206
1785126504797474609,12.872901611,3.077874,0.3142980441656941,0.8049637748619446,33.13737269441857,0.37268733705490864,0.9413924175995909,31.134768665047936,0.1483983964985431,-2.0026040293706355
1785126504830919678,12.90634668,3.239471,0.3131322256414244,0.8099579497011402,33.12229559832822,0.3693672185115131,0.9483517954309494,31.043028458919878,0.14938283354852105,-2.079267139408343
1785126504864277344,12.939704346,3.284101,0.31160319940658104,0.8162981024372009,33.05724654300246,0.36800820295219294,0.9549275833180276,30.977602318174444,0.14966515090116334,-2.0796442248280123
1785126504897634766,12.973061768,3.309891,0.3105476347058534,0.8224812793638043,33.01651246669907,0.3698118875942319,0.9615467105901362,30.975419774847605,0.15116694689178356,-2.0410926918514596
1785126504930992432,13.006419434,3.354282,0.3095375975073729,0.8281659892610496,32.83784332070917,0.37191368983961437,0.9674552870781711,30.865229925709627,0.15261810305801565,-1.9726133949995421
1785126504964349854,13.039776856,0.593412,0.3087945949462036,0.8350847683150233,32.69117405041304,0.373987566658773,0.9732177840876473,30.760995673112596,0.1527444061403096,-1.930178377300441
1785126504997707520,13.073134522,0.085888,0.30874272668683855,0.8393952499365134,32.75578002736963,0.37195928054592375,0.9792161597579512,30.74210358323745,0.1534477745199104,-2.0136764441321806
1785126505031064941,13.106491943,0.123359,0.3095926174879573,0.8439926040208268,32.854639595409914,0.37432044073756365,0.9856021817249188,30.82125283938809,0.155701520866572,-2.033386756021823
1785126505064422607,13.139849609,3.208733,0.31085582827255276,0.848477295183882,32.86092063414182,0.37641907658257207,0.9883859857508249,30.883685024115294,0.154508838663417,-1.9772356100265263
1785126505097780029,13.173207031,0.361625,0.31182795273464436,0.8522286778167127,32.80634984395937,0.3794554069475679,0.9939013225331927,30.815338244740197,0.15698602111106275,-1.9910115992191735
1785126505131137451,13.206564453,0.080331,0.31281231888104166,0.8556662982224259,32.76560673569506,0.3800932540020852,0.9973401881361413,30.733815051602903,0.15683818193936588,-2.0317916840921573
1785126505164495117,13.239922119,0.280172,0.3136087756909945,0.8580137194749786,32.794659003959644,0.3822609136045603,0.9999832967186465,30.75251604907262,0.15769742199176576,-2.042142954887026
1785126505197852539,13.273279541,0.100921,0.31437160520294033,0.8600166897530506,32.79304753466852,0.38439454065768897,1.0022692682764542,30.749372431137907,0.15855285423560506,-2.043675103530607
1785126505231210205,13.306637207,0.278589,0.3153272923782232,0.8619524095160421,32.722666753115064,0.3857292770574185,1.0046043855555462,30.699772334122994,0.15907867775017773,-2.0228944189920703
1785126505264567627,13.339994629,2.988182,0.3161735532780705,0.8645417814703917,32.61227288779087,0.38462653560048704,1.0071434024328276,30.585365913744663,0.15818038149513772,-2.0269069740462067
1785126505297925049,13.373352051,2.994341,0.31621557477573603,0.8676103875682872,32.51296548660285,0.3849294117816597,1.0112501570911814,30.46792148691992,0.15922931509199803,-2.0450439996829326
1785126505331282715,13.406709717,0.349287,0.31576335568366604,0.870943067475358,32.49190979130976,0.38538372613175,1.0154596077031848,30.440384711283812,0.16041205185630386,-2.0515250800259484
1785126505364640137,13.440067139,0.399157,0.3150695618789282,0.8746468995664738,32.52831982134316,0.3817633577661611,1.0199831865466829,30.413259477229218,0.1599084072931801,-2.115060344113941
1785126505397997559,13.473424561,0.312889,0.3139376383425349,0.8782460904346978,32.766098542120865,0.3800970289183502,1.0262900457998054,30.56856294724612,0.16215448708410524,-2.1975355948747413
1785126505431355225,13.506782227,0.460993,0.3139031014710306,0.8809552828949473,33.14859116127411,0.3797514916155558,1.0289412839370853,30.973023034649223,0.16197489616934246,-2.175568126624884
1785126505464712646,13.540139648,0.422885,0.31353613973836963,0.8835646391752818,33.356054296461885,0.3789883787232401,1.0314833793811462,31.216489353910596,0.1617527412201184,-2.1395649425512926
1785126505498070068,13.57349707,1.196652,0.31287318778968204,0.8857092622075696,33.47641339026715,0.3803081097560791,1.033782620850194,31.39800647980798,0.16270583345510786,-2.078406910459164
1785126505531427734,13.606854736,0.476615,0.3126003393261285,0.888803647872728,33.64099692043113,0.37818867821067337,1.035421669234239,31.57151536656354,0.1606196575316932,-2.0694815538675884
1785126505564785156,13.640212158,0.524101,0.31198032521960106,0.8920239235640759,33.690122611033026,0.37618854627459164,1.0372074150594954,31.625124766246053,0.15874804519693178,-2.064997844786976
1785126505598142578,13.67356958,2.898596,0.311250741414894,0.8947571819950293,33.609067398554046,0.3714658975866505,1.0400411798928328,31.50698240824229,0.15726825832938449,-2.102084990311754
1785126505631500000,13.706927002,2.791268,0.3105504659407389,0.8974529366397402,33.509791793241874,0.37071514852789533,1.044451876009924,31.39253149555334,0.15883474810875683,-2.1172602976885324
1785126505664857666,13.740284668,2.801712,0.3093171551134246,0.9007774153970496,33.42674807282859,0.3691424468318797,1.0492851504918033,31.30493520277514,0.16010500589354407,-2.1218128700534464
1785126505698215088,13.77364209,2.685324,0.30793489468552654,0.9060275494614962,33.31657772000756,0.3661824710216019,1.0563445155892488,31.160388763812225,0.16120784861438614,-2.1561889561953334
1785126505731572510,13.806999512,2.691721,0.30696413235988607,0.9130929357015127,33.16636829501876,0.3625198403262141,1.0638241448688457,30.96698512239871,0.16064350003870745,-2.199383172620051
1785126505764929932,13.840356934,2.638275,0.30594137819251205,0.9192000883013314,33.126410462220434,0.3636831376746366,1.0715393677646092,30.95808635318415,0.16291521370173564,-2.1683241090362846
1785126505798287598,13.8737146,2.617964,0.3047903343963431,0.9262866030862278,32.944329366912555,0.37628161755317785,1.0793284329959572,31.009008466991766,0.16891656304083758,-1.9353208999207847
1785126505831645020,13.907072022,2.5371,0.3040550535355969,0.9332211522891922,32.75170485184453,0.37778529024361734,1.0877011932057858,30.76940305017519,0.1711731019950657,-1.982301801669341
1785126505865002441,13.940429443,0.756692,0.3051390808899637,0.9398605831389841,32.83499212270076,0.37232364672505197,1.0941079655590975,30.738035999584337,0.16824393263920695,-2.096956123116424
1785126505898359863,13.973786865,0.790826,0.30567028738660873,0.9465460240195862,33.01383324369472,0.37425195983937054,1.101799150263309,30.905575697874067,0.16972618832951875,-2.108257545820656
1785126505931717529,14.007144531,0.84237,0.30562735097985694,0.9513000312663518,33.17040629051539,0.3751376725448938,1.1099338659688587,31.040025600258186,0.17319462554160597,-2.1303806902572044
1785126505965074951,14.040501953,0.820476,0.30698131759909336,0.9564093812142798,33.20302308721204,0.37633132651059537,1.1169698217539923,31.13129381497245,0.17489733789378262,-2.0717292722395877
1785126505998432373,14.073859375,0.810503,0.3090874685363023,0.9637522829866874,33.28067843112486,0.37844154661427126,1.1250067576066543,31.223288739710625,0.1755363031711861,-2.0573896914142358
1785126506031789795,14.107216797,1.233021,0.3115473740969188,0.9721481760647249,33.41166485802168,0.38034859417307926,1.133669506874609,31.37587533367805,0.175564085708223,-2.0357895243436337
1785126506065147217,14.140574219,0.888784,0.3127561270286653,0.9807287202002526,33.609795313319076,0.38274971674089114,1.1422892562161753,31.573629951685707,0.17607075111600923,-2.036165361633369
1785126506098504639,14.173931641,0.833273,0.31290371710375336,0.9887849855772136,33.7001139857246,0.39392890449322654,1.1547360565644424,31.77415423002966,0.18467495486206978,-1.925959755694941
1785126506131862305,14.207289307,1.020716,0.3142273997582345,0.9965195886420546,33.83339499524556,0.38819058508976156,1.1649216394180055,31.761249570395034,0.18392880005570575,-2.0721454248505307
1785126506165219727,14.240646729,1.02624,0.31574056334639855,1.0030406846562827,34.18847233630069,0.38203147682048855,1.1710371135028728,32.07493333318074,0.18060256176044867,-2.113539003119954
1785126506198577148,14.27400415,2.31325,0.31643195183277334,1.0114818291812733,34.34659250747355,0.3870357739680456,1.1800208080061632,32.28731013903169,0.18273009353537212,-2.0592823684418633
1785126506231934570,14.307361572,2.232386,0.31752407503604263,1.01759129746863,34.35908014945823,0.38193048526305745,1.1881098342227392,32.244985092485415,0.18227659491852755,-2.1140950569728165
1785126506265291992,14.340718994,2.211365,0.3185511167178502,1.0242528336460899,34.27532602187561,0.38304813919674796,1.1962196587267129,32.169871871962066,0.18366397261562495,-2.105454149913547
1785126506298649414,14.374076416,2.236121,0.31933807304704276,1.0326318388437632,34.17589471307591,0.3849130382888279,1.204501790085449,32.059623572202824,0.18395476673976355,-2.116271140873086
1785126506332006836,14.407433838,2.20294,0.3201024034763291,1.0410510079375532,34.09697981732288,0.386167901850114,1.2133334895144186,31.982094045563628,0.18451532059333045,-2.1148857717592584
1785126506365364258,14.44079126,2.091559,0.3214172664480915,1.0492924064021387,34.048839488571105,0.3861764825659571,1.2239491933219786,31.86861121383631,0.18627600298847616,-2.180228274734796
1785126506398721680,14.474148682,2.239576,0.3228235730188698,1.058903187668856,33.99824373236809,0.387636719219071,1.2347445428358998,31.795346475612813,0.18740577927948524,-2.202897256755278
1785126506432079102,14.507506104,2.030443,0.3240367643893783,1.069206849741092,33.96438689901806,0.38957332528696154,1.2457063504658972,31.77183475334058,0.1882740411485028,-2.192552145677476
1785126506465436523,14.540863525,2.030881,0.3254981387399387,1.0788382144937319,33.78918019369284,0.40851438997249034,1.2564443026649532,31.918542868926053,0.196050045968344,-1.8706373247667862
1785126506498793945,14.574220947,2.043238,0.32739866063915934,1.0891320222931087,33.555915019740574,0.41674236782015023,1.2678677163480976,31.784672781849334,0.19982178645523424,-1.7712422378912394
1785126506532151367,14.607578369,2.051781,0.330065266485025,1.1019632094265979,33.54262907288341,0.4167913538715314,1.2806350121400645,31.59352693272824,0.19860772220196243,-1.9491021401551734
1785126506565508789,14.640935791,1.860768,0.33176925395907264,1.1102750539873716,33.63268820676419,0.4183383345524224,1.2927053885447553,31.629397368324014,0.20192828598662652,-2.0032908384401824
1785126506598866211,14.674293213,1.983752,0.33355738577035404,1.1183539914609848,33.63757071083878,0.42058197826744503,1.3044961702123483,31.648443870764815,0.20548038935526017,-1.9891268400739621
1785126506632223633,14.707650635,1.884052,0.3368789052896711,1.1289760697803661,33.62006921487991,0.4228696356763455,1.3163486841431489,31.61900359406873,0.20616232033419157,-2.00106562081118
1785126506665581055,14.741008057,1.909523,0.3397084856590776,1.139323654279439,33.67465792535631,0.4268572855907691,1.3285825626949719,31.66665021633215,0.20835989955884765,-2.008007709024157
1785126506698938477,14.774365479,1.896847,0.34345499822026637,1.1507068832313163,33.79723773769224,0.4276726267648707,1.3410325648657115,31.75254304317412,0.20812610131185882,-2.0446946945181197
1785126506732295898,14.8077229,1.576236,0.34633735623226986,1.1603205008287207,33.920108314680625,0.43164288786999017,1.3531601158944555,31.912937939809908,0.21086524338234328,-2.0071703748707233
1785126506765653320,14.841080322,1.725106,0.347912641252426,1.1729156602647088,34.05045148659307,0.4499637745316395,1.3627622592681186,32.27042036848145,0.21553692249063325,-1.7800311181116149
1785126506799010742,14.874437744,1.819956,0.34966343693809143,1.1829871362403055,34.123054169765226,0.450600080373538,1.3759761092674794,32.26381829792741,0.21779106891261113,-1.8592358718378184
1785126506832368164,14.907795166,1.833983,0.3526032633749813,1.1919943580574504,34.45485513580495,0.43375729137787544,1.386874256337876,32.334667279880875,0.21110222882500213,-2.1201878559240734
1785126506865725586,14.941152588,1.859453,0.3540062983100365,1.2001643193304203,34.60507884277501,0.44056838206247456,1.3957080747712618,32.58602712923467,0.2138465679768364,-2.01905171354034
1785126506899083008,14.97451001,2.431856,0.35626720160100717,1.2078223292096284,34.62274603223445,0.43620951214756637,1.4086133256622124,32.48945337969145,0.21611986783251586,-2.1332926525430076
1785126506932440430,15.007867432,1.713699,0.35863394189922776,1.2150981513415098,34.60283277931427,0.44589557867819496,1.4174596673430906,32.61792040163556,0.2203741736497325,-1.9849123776787052
1785126506965797852,15.041224854,1.691486,0.36038394050888817,1.225096079498453,34.53869044904319,0.4451548610982312,1.4281998962989626,32.47452286858082,0.22008468682872898,-2.064167580462368
1785126506999155518,15.07458252,1.653055,0.3625292887301428,1.235500923858917,34.503544005143105,0.4506726904425175,1.4376373280023018,32.43790556102375,0.22051844627025394,-2.065638444119357
1785126507032512939,15.107939941,1.727164,0.36398188103715845,1.2445259234929245,34.52116962151124,0.44855206505744927,1.4503270789601248,32.326900496980514,0.2224999586895706,-2.1942691245307264
1785126507065870361,15.141297363,1.69756,0.36533928175185815,1.2539291818755405,34.54334585120139,0.45230001769647715,1.4615562411911764,32.36959341356157,0.2251025663027598,-2.1737524376398203
1785126507099227783,15.174654785,1.632432,0.3672649377125374,1.2641303163100917,34.38745190721885,0.4685168696815641,1.469808491827087,32.5302932020785,0.22924978868356757,-1.8571587051403609
1785126507132585205,15.208012207,1.561343,0.3687275952039627,1.2747274230026817,34.19373735279055,0.4741990045127072,1.480053498765853,32.40934034006727,0.23083114081483078,-1.7843970127232855
1785126507165942627,15.241369629,1.73058,0.37015083784012537,1.2855684012085393,34.039246822035075,0.4730995534528776,1.4908589639637446,32.12993706238,0.22965768700974112,-1.9093097596550717
1785126507199300049,15.274727051,1.619675,0.3707729278231062,1.2943142760035733,34.03261840889995,0.4772795282979466,1.5007339687756083,32.123215169544046,0.23227730304273939,-1.9094032393559073
1785126507232657471,15.308084473,1.501379,0.3716305603029231,1.300777303205253,34.03831950978259,0.47317612010682436,1.5126906851096358,32.00010238959287,0.2349867701510885,-2.0382171201897186
1785126507266014893,15.341441895,1.643198,0.37277605131054914,1.3081636134938077,34.03174679556254,0.4708844286687304,1.5228498124027827,31.950614478166145,0.23604113563071857,-2.0811323173963956
1785126507299372314,15.374799316,1.789309,0.3738237817374188,1.3162528331999321,34.03844308001482,0.4715867007734197,1.5315448874793924,31.956002684570148,0.236449269346111,-2.0824403954446757
1785126507332729736,15.408156738,1.37299,0.37419817793812116,1.323795615712691,34.1147368787911,0.47437499144867523,1.5392401282185257,32.07844072477641,0.23759573214602375,-2.0362961540146944
1785126507366087158,15.44151416,1.461403,0.37451050338172776,1.3318148364287243,34.217275315171044,0.4815740823219535,1.54555405964851,32.31895623470444,0.2390545240694836,-1.898319080466612
1785126507399444580,15.474871582,2.630806,0.37386336973786777,1.339132214301347,34.29662914472022,0.48613640762317906,1.5526509724441486,32.47730646166526,0.24123742478073487,-1.8193226830549614
1785126507432802002,15.508229004,1.40291,0.37319447030622105,1.3462741528972746,34.357026456424975,0.47720130321367604,1.5631041874296556,32.332952695685115,0.24048427218168097,-2.0240737607398582
1785126507466159424,15.541586426,1.239315,0.37271396374072374,1.350780170145589,34.534924839901066,0.45761373820883855,1.5728179301339447,32.13849209310785,0.23771566747983477,-2.3964327467932196
1785126507499516602,15.574943604,1.266937,0.372816649682564,1.354014282459615,34.83474090540723,0.4682568923961691,1.5775840579786793,32.65261286019664,0.24308904634902126,-2.1821280452105887
1785126507532874023,15.608301025,0.108539,0.37234709059286086,1.3589437843679109,35.034421235133046,0.4658054237909189,1.5820183437656765,32.83180144376289,0.24186094991682,-2.2026197913701484
1785126507566231445,15.641658447,2.168277,0.372314071272248,1.361946014962778,35.16129968404871,0.4618741857679773,1.5857432293142637,32.92532022671926,0.2410522915468197,-2.2359794573294494
1785126507599588867,15.675015869,2.213378,0.3724052539568802,1.3650348278262976,35.24516022580264,0.4576704712613248,1.5884715182946783,32.94192309393718,0.23915290491532215,-2.30323713186547
1785126507632946289,15.708373291,2.037704,0.3727310371652903,1.3681629382132152,35.36302211508656,0.4644484975516286,1.5909861845985882,33.136455719438764,0.2409611829101031,-2.2265663956477946
1785126507666303711,15.741730713,2.233963,0.37259009843790003,1.3712517447392405,35.51930868288611,0.4613656348750101,1.5967884191078117,33.200033999692046,0.24237963477761815,-2.3192746831940614
1785126507699661133,15.775088135,2.288839,0.37221107452565494,1.3751374257328135,35.679421567187916,0.4567767037143817,1.600548146627579,33.27546168410663,0.2407516121117014,-2.4039598830812836
1785126507733018311,15.808445313,2.245958,0.37191959347611026,1.3793135412797741,35.69878505553186,0.4530608553451766,1.6064606724037733,33.228224049363895,0.24120473369228823,-2.4705610061679644
1785126507766375732,15.841802734,2.211904,0.3716579335511301,1.3831945782038169,35.657492876405854,0.46248707702795017,1.6083022636019626,33.36747003682297,0.2427414330724018,-2.2900228395828783
1785126507799733154,15.875160156,2.325431,0.37161938484351476,1.3868332537411479,35.614790068362844,0.46533823581440314,1.611337348466785,33.378328068238275,0.2432803148137585,-2.236462000124569
1785126507833090576,15.908517578,4.322354,0.37201811563315546,1.3906421470637984,35.58072572158016,0.4692578701144359,1.614523150016699,33.402556771383715,0.24408661031440537,-2.178168950196442
1785126507866447998,15.941875,2.421117,0.3723694764819906,1.3931633362067868,35.613810141299574,0.46903617888430854,1.6193842390696944,33.4083906030046,0.24600883773849955,-2.2054195382949735
1785126507899805664,15.975232666,1.596473,0.3730681750246255,1.396038258415072,35.656818679334854,0.47008258630634925,1.6222457843320386,33.443752282145965,0.24613338005604726,-2.2130663971888906
1785126507933163086,16.008590088,2.456728,0.3738250306369937,1.398395047036313,35.65131245399678,0.47383104491780276,1.624369263206792,33.491791170105074,0.24711444568498186,-2.1595212838917064
1785126507966520508,16.04194751,2.390488,0.374701325481705,1.4002922177391013,35.69614900937479,0.47303486403782996,1.6269418898709045,33.493630240874054,0.2470618519367626,-2.2025187685007404
1785126507999878174,16.075305176,2.461105,0.3755177971568121,1.4019404524824304,35.74335131127266,0.47434067192127466,1.6280718130620702,33.55747335038314,0.24678199450995553,-2.185877960889523
1785126508033235596,16.108662598,2.587984,0.37651359413938923,1.403662352428758,35.77659199970147,0.47915882059006126,1.629388876653741,33.645298090333355,0.24796876063690282,-2.131293909368113
1785126508066593262,16.142020264,1.711365,0.37723394503879604,1.4048667281562066,35.81446279606099,0.47524836997483594,1.6319222566778733,33.56738573119617,0.24730758283521348,-2.247077064864818
1785126508099950684,16.175377686,2.604044,0.3782266793019182,1.4061846378464178,35.826496331866565,0.47707857729394604,1.6326853949769768,33.608907838991954,0.24713213210212623,-2.217588492874612
1785126508133308105,16.208735107,2.610044,0.3791121893163797,1.407271841446096,35.853431822797106,0.4785468719529238,1.6344042642980876,33.62375723278093,0.24794433573212785,-2.229674590016172
1785126508166665771,16.242092773,2.677562,0.38011075633422853,1.4083545764882466,35.89341294840708,0.47860670943098294,1.6353300190387259,33.645632881529075,0.24742535095948429,-2.2477800668780077
1785126508200023193,16.275450195,2.534313,0.3810618702052073,1.4094029426225134,35.9202385189026,0.47838023114165107,1.6370388585544764,33.64188110888025,0.24756609945131755,-2.2783574100223545
1785126508233380615,16.308807617,2.779447,0.38197997836360376,1.410360868103838,36.00708388660766,0.4813982603002759,1.6381404189597077,33.749296677048314,0.24853071957273487,-2.257787209559346
1785126508266738281,16.342165283,2.391824,0.38272405299123324,1.4112706487694178,36.08752373048441,0.48672608227419883,1.6384312378874133,33.90573323242833,0.2498366573251604,-2.1817904980560807
1785126508300095703,16.375522705,2.818634,0.38349993324220066,1.412212694523603,36.155631542754996,0.48348451042621315,1.6400141246957767,33.8892542433751,0.24877782711317628,-2.2663772993798985
1785126508333453125,16.408880127,2.760023,0.3841554335249331,1.413101501372868,36.240206613935854,0.48516354103290554,1.6410194394373958,33.9832327707232,0.24929746142696285,-2.2569738432126547
1785126508366810547,16.442237549,0.50341,0.38468282565913314,1.414003353031437,36.352913184093794,0.48716138302539297,1.641557560644835,34.10858945398222,0.24956516608379298,-2.244323730111576
1785126508400168213,16.475595215,0.630919,0.38513535959351597,1.4146822841979612,36.50142115015529,0.4869155312096281,1.6420331879461494,34.26096116967748,0.24909363052740466,-2.240459980477806
1785126508433525635,16.508952637,0.452541,0.3855199961807865,1.4152936663533748,36.701969779777805,0.48734357188478633,1.643453747828806,34.42186346355597,0.2498500817450809,-2.280106316221831
1785126508466883057,16.542310059,0.517351,0.38587100677775654,1.415925222173712,36.84782362733691,0.49017680010060743,1.6433349196474036,34.626140444765774,0.2501896661051076,-2.221683182571131
1785126508500240479,16.575667481,0.445308,0.38616973956470846,1.4164157417780718,37.03755291370923,0.48695615312533047,1.6448543784775898,34.7400906312576,0.24968402410956747,-2.297462282451626
1785126508533598145,16.609025147,0.479595,0.3865026011719086,1.4167904611745188,37.228323430154404,0.48739356314902627,1.645507822652222,34.93221096540963,0.2499812345957003,-2.2961124647447733
1785126508566955566,16.642382568,0.453091,0.38668577266006754,1.4173081916704917,37.391860679242214,0.4878225199682821,1.6457535745085474,35.1118062267886,0.24983181261823217,-2.2800544524536117
1785126508600312988,16.67573999,0.421818,0.3869590367020298,1.4176170513723167,37.60090406132841,0.4881243026941001,1.6462699839298156,35.31146561638773,0.2500331470233306,-2.2894384449406773
1785126508633670410,16.709097412,3.131851,0.3872321885968316,1.418031953449949,37.759454673351755,0.4871271437862157,1.6467686900939595,35.46416388598108,0.24959867139638478,-2.295290787370673
1785126508667027832,16.742454834,3.113771,0.3873725431749805,1.4185209167155677,37.897719442530025,0.48786798249787505,1.647955113103618,35.60258316696545,0.250478310032889,-2.295136275564569
1785126508700385498,16.7758125,3.107618,0.38740134944033955,1.4190700620677115,38.05723064831518,0.4896544073603451,1.6474107818623656,35.79293746385094,0.25019027193384785,-2.2642931844642415
1785126508733742920,16.809169922,3.158441,0.38733322776784884,1.4195686245369536,38.21381416190392,0.48912742727744657,1.648312817574463,35.93439400409246,0.2503716535516374,-2.2794201578114595
1785126508767100342,16.842527344,3.040703,0.38707932342950824,1.4200622497956896,38.39330576738997,0.49353764487591906,1.6485537086558109,36.200744966414995,0.25207483209795817,-2.192560800974975
1785126508800457764,16.875884766,3.241253,0.3866187458246113,1.4206500900592824,38.60856464187362,0.48871044422897414,1.6496402659074199,36.33448770487044,0.2507174017056819,-2.2740769370031737
1785126508833815186,16.909242188,3.249638,0.3859918562462422,1.4212356039206404,38.82472489755161,0.4852724035095982,1.650327137446201,36.510727714588164,0.2496789093976592,-2.3139971829634494
1785126508867172852,16.942599854,3.153601,0.3852654847557365,1.421791434429697,39.117362554044455,0.4815466976646585,1.6535834456725256,36.714100860050976,0.2509932438039095,-2.403261693993479
1785126508900530518,16.97595752,3.274525,0.3844867056863447,1.4223691500929774,39.45010596067034,0.48524835304263975,1.6527838126141694,37.15049727125889,0.251483252489523,-2.299608689411453
1785126508933888184,17.009315186,3.29722,0.38366269562742694,1.4228283711444742,39.82407121311469,0.4837357349356223,1.6538649496059974,37.479002509781765,0.25177870001965447,-2.3450687033329225
1785126508967245850,17.042672852,3.28463,0.3829685468729416,1.4236865275214923,40.181213691933536,0.47883761680267795,1.6551252240581156,37.79122499672193,0.2505089795272096,-2.389988695211603
1785126509000603271,17.076030273,3.305412,0.3823873785494436,1.4243015947325077,40.57465265963474,0.48269019773963046,1.6540525394522154,38.26149719644236,0.25069134834911533,-2.3131554631923748
1785126509033960938,17.10938794,3.288961,0.3816697836477043,1.4244991025081952,41.07524920630881,0.47625571649786436,1.6561229979519054,38.55552159253635,0.2501921813999266,-2.519727613772461
1785126509067318604,17.142745606,3.199169,0.38134016222327705,1.4242812618904455,41.502521211825496,0.4800276639883944,1.6528386564671722,39.13281891981283,0.24895321974286977,-2.3697022920126707
1785126509100676270,17.176103272,0.082855,0.3811869573717237,1.4237857568330319,42.071132098378314,0.47509770316533895,1.65464349213422,39.55860011522574,0.24922785182219587,-2.5125319831525723
1785126509134033936,17.209460938,0.010412,0.3810773876097444,1.4232252570227129,42.66425076611925,0.47547595713807,1.6542891652889626,40.16100428304522,0.2496029239257185,-2.503246483074033
1785126509167391602,17.242818604,0.040976,0.38055909369258245,1.4234350674337324,43.27879469916722,0.480411955745055,1.6510821873485848,40.900811932169084,0.2485835981427522,-2.3779827669981364
1785126509200749023,17.276176025,0.110156,0.3794609194202302,1.4240756955959526,43.76319564767251,0.47828409108298336,1.652651263352062,41.35183264922386,0.24902371259081685,-2.4113629984486504
1785126509234106689,17.309533691,0.225358,0.37849642525480875,1.4250705863198014,44.27768898507557,0.47171681915241515,1.6561150949178245,41.75526155619164,0.24914174036424896,-2.522427428883925
1785126509267464355,17.342891357,0.218728,0.3777782812709938,1.4260511096160915,44.84765355791171,0.4780913926581398,1.6554051968652506,42.48485640910674,0.2503318151056011,-2.36279714880497
1785126509300822021,17.376249023,0.17562,0.37671458193369145,1.4272366535582885,45.40120107523862,0.46934618196868977,1.6598450588222535,42.84859312453562,0.2503742868676591,-2.552607950703
1785126509334179443,17.409606445,0.302499,0.3756137054634342,1.4286341713503425,45.917604673838625,0.474453106660173,1.6586125932212248,43.538936976527204,0.2503184007522247,-2.3786676973114185
1785126509367537109,17.442964111,0.252954,0.3744923688389987,1.4298045445716907,46.47446117773665,0.46630693365056586,1.661344892507005,43.93281345791391,0.24908000127176774,-2.5416477198227407
1785126509400894775,17.476321777,0.380792,0.3736915269525274,1.4305350810725779,47.031224954601655,0.4615628599239475,1.6644745436592172,44.377428779272236,0.24989806584585605,-2.653796175329423
1785126509434252441,17.509679443,0.340545,0.3729979024365151,1.4313144955920334,47.5754238792966,0.46521188017285947,1.6605577283332968,45.1089508064918,0.24709487539733418,-2.466473072804808
1785126509467610107,17.543037109,0.437866,0.37167866242578507,1.4327355528996066,48.06096582198789,0.4620608386086441,1.662985414108153,45.5701516541,0.24735386869443593,-2.490814167887892
1785126509500967529,17.576394531,0.355413,0.3699355186993095,1.4345412345930941,48.518981351985076,0.45162206105960345,1.6701948490032252,45.783480249933554,0.24940993802841707,-2.7355011020515234
1785126509534325195,17.609752197,0.550008,0.3683054884150596,1.4365012990128443,48.880278521784604,0.45035105373237333,1.6728014077476252,46.14041409438485,0.2501383940467894,-2.7398644273997554
1785126509567682861,17.643109863,0.427507,0.36642489906917286,1.4388173040118126,49.15324278117854,0.4323081566914026,1.6792963390786364,46.11991267305539,0.24934067045227049,-3.033330108123149
1785126509601040283,17.676467285,2.819476,0.36491221459901646,1.4412246238079305,49.445800230359204,0.4182836798210203,1.6898227019860257,46.05777966815475,0.25426269442013294,-3.3880205622044515
1785126509634397949,17.709824951,2.865206,0.36266717918680236,1.443826912406038,49.84205488969213,0.43012663498258097,1.6876261542270554,46.7278352633079,0.25296017174402274,-3.114219626384228
1785126509667755615,17.743182617,2.701129,0.3596774076295053,1.4487215736550758,50.20446744513072,0.4039544274367861,1.7050767930092725,46.59576704478478,0.26015082735434963,-3.608700400345938
1785126509701113281,17.776540283,2.750912,0.356446724556561,1.4560051423615827,50.38434698764245,0.40782718275986146,1.705444863678245,46.98778758948233,0.2546765125717629,-3.3965593981601225
1785126509734470703,17.809897705,2.669571,0.3533014805816683,1.4623143046460276,50.34862412823807,0.423319899675924,1.7045252110564515,47.42582588386427,0.25212834469098855,-2.922798244373801
1785126509767828369,17.843255371,2.669287,0.35054985609003075,1.4700267155728346,50.264120035020504,0.4310713519282081,1.716270567188773,47.45903810942403,0.25907478794871164,-2.805081925596474
1785126509801186035,17.876613037,2.82469,0.3486568978017066,1.4755998193829636,50.38354623079602,0.43051576597660873,1.7293941905226695,47.4599766559328,0.2666691904234061,-2.9235695748632233
1785126509834543457,17.909970459,2.666817,0.3466651003242792,1.4801554503783716,50.47632711491836,0.42628180858267195,1.7349560970308218,47.59451255776438,0.26694978885252707,-2.8818145571539744
1785126509867900879,17.943327881,2.776211,0.3456583608896322,1.4877777351093096,50.55906808960956,0.4228958199257629,1.743849434500072,47.67024055785114,0.2674665218438205,-2.8888275317584236
1785126509901258545,17.976685547,2.591629,0.3444262361524095,1.4952225555087812,50.69306552675731,0.4187658582588964,1.7520498767531674,47.79780898480698,0.2673698792917826,-2.895256541950328
1785126509934615967,18.010042969,2.615908,0.3428290977014591,1.5036255336661544,50.8587278091504,0.40953466510918884,1.7667597011191776,47.780061059072146,0.27145758932913044,-3.078666750078255
1785126509967973389,18.043400391,0.37664,0.3405584508491373,1.5113677712732405,50.99600195882715,0.4105503889786448,1.7727593246424282,48.04410161280174,0.2706001026900798,-2.951900346025407
1785126510001330811,18.076757813,0.726086,0.3365253663020623,1.5193690782061926,51.00965012192154,0.405812078412954,1.7834308689718041,48.039844251439945,0.2730005088227478,-2.969805870481588
1785126510034688232,18.110115234,0.838659,0.33399914643222883,1.528099203540167,50.97625485285922,0.41309887911256366,1.7881590421202147,48.23352384247242,0.2718232649211264,-2.7427310103867937
1785126510068045654,18.143472656,0.816287,0.3326059801648271,1.5334929624062839,51.35275822902039,0.3569491483048517,1.822612589387121,47.36298038134823,0.290142634820586,-3.9897778476721615
1785126510101403076,18.176830078,0.80083,0.32933304288676724,1.5416223659125268,51.58335789480624,0.39173307843755556,1.8072887879803248,48.57985123239079,0.27289633975384325,-3.003506662415453
1785126510134760498,18.2101875,0.817083,0.3274552661511072,1.547007797969572,51.562561235038295,0.367519598840458,1.829363582059299,48.03087494559584,0.2851840450704905,-3.531686289442451
1785126510168117920,18.243544922,0.908199,0.32514619632746233,1.5538039388399398,51.49008637852957,0.37254853542343574,1.83016533611543,48.191544068566024,0.280397224764852,-3.298542309963542
1785126510201475342,18.276902344,0.739439,0.32207831539561094,1.5613897217144999,51.37355818165191,0.3738426609312749,1.8371482023213792,48.12587097182154,0.280574922427772,-3.247687209830362
1785126510234832764,18.310259766,0.885391,0.3188454221714446,1.5690541421644064,51.299050578097095,0.3660057078620427,1.8389916687360912,47.98224703122137,0.274026204582806,-3.3168035468757244
1785126510268190186,18.343617188,0.916426,0.3160671856999526,1.5775539734863444,51.25235990460896,0.35921720350606773,1.8464780709515816,47.88955059705505,0.27236390038725844,-3.3628093075539076
1785126510301547607,18.376974609,1.038774,0.31350674755087715,1.5865210142043014,51.29867663642892,0.3484865534238683,1.8621690102784778,47.712339208456555,0.27785860533483814,-3.5863374279723654
1785126510334905029,18.410332031,0.838781,0.31142217668386973,1.5937320980362788,51.23456264801715,0.3783498153508334,1.8638096489289806,48.350924693794504,0.2782466393574873,-2.883637954222653
1785126510368262451,18.443689453,1.082962,0.30843472442048336,1.6014451819928273,51.13273246031145,0.3673953506889946,1.874372654126362,48.11118861637814,0.2792234956001668,-3.021543843933306
1785126510401619873,18.477046875,0.957117,0.3070190178040273,1.611556172093333,51.289400144610305,0.3500736639906844,1.8883676987025517,47.86851105188883,0.28013982905325063,-3.4208890927214712
1785126510434977295,18.510404297,1.21751,0.306027791020165,1.6187829481863365,51.71125088812914,0.36404701081321716,1.892824058506803,48.58984108079459,0.28011561900591797,-3.121409807334548
1785126510468334717,18.543761719,1.018232,0.30527486393560777,1.6241497842384425,52.19535733980482,0.34238028397555087,1.9187886744763938,48.50882577092729,0.2969661392094933,-3.6865315688775318
1785126510501692139,18.577119141,1.228081,0.3055654658872292,1.6316775607676979,52.64281465279315,0.3451629107036202,1.9212056873892756,49.08807283096116,0.29222336275696276,-3.554741821831992
1785126510535049561,18.610476563,0.993517,0.3053032109459263,1.6400401818343426,53.0955226134017,0.34965820827958455,1.9269964515346747,49.71465939536126,0.2903640241297095,-3.380863218040435
1785126510568406738,18.64383374,1.251281,0.3051171612299919,1.6486091112425096,53.671903525362396,0.34587214307578923,1.9381051012276698,50.21602948745244,0.29235064009291856,-3.4558740379099566
1785126510601764160,18.677191162,1.189333,0.30350686851479025,1.6564434380804212,54.378773158922186,0.342578764906267,1.9447941013379064,50.82873270037805,0.29098576956383615,-3.550040458544138
1785126510635121582,18.710548584,1.295469,0.3017016611490041,1.6635546321457326,54.97269306404675,0.3510268253456287,1.9520083822915701,51.64858433382629,0.2926406290934689,-3.324108730220458
1785126510668479004,18.743906006,1.333179,0.30049488064641583,1.6708854336320185,55.5848725422522,0.33350740403245976,1.967385501837347,51.89046644054635,0.2983322261273135,-3.6944061017058543
1785126510701836426,18.777263428,1.292211,0.2990945022336037,1.677008526264804,56.25872148222464,0.33929358011525107,1.9691077161908026,52.72817474666437,0.2948523403637138,-3.5305467355602644
1785126510735193848,18.81062085,1.29106,0.2972288247554179,1.6821701152979562,56.95967561676832,0.3286132842271012,1.9787730814862576,53.25343704138209,0.29825878670716205,-3.7062385753862297
1785126510768551025,18.843978027,1.445588,0.29653138278306523,1.6853799448912214,57.810931569054944,0.3294311105222882,1.9814966766608813,54.20102662286106,0.29793877041979555,-3.609904946193886
1785126510801908447,18.877335449,1.299478,0.2949334511089642,1.688569087670163,58.56815723189979,0.332826199244253,1.982310548712033,55.138790432952696,0.2961754653853977,-3.4293667989470884
1785126510835265869,18.910692871,1.433033,0.29205854317328384,1.692383794965003,59.3081621497315,0.33053182123396746,1.9847278675634545,55.87469386583626,0.29486479937114135,-3.4334682838952495
1785126510868624756,18.944051758,1.450989,0.2892547872416825,1.6955251136139755,60.00330911289435,0.3248049752790096,1.9911551340932805,56.4567434016838,0.2977598443008788,-3.5465657112105506
1785126510901983643,18.977410645,1.821709,0.2866326536210553,1.6983820264062115,60.71945496482313,0.3151261997003658,1.9897975176117462,57.02615902342216,0.2928051753004664,-3.6932959414009687
1785126510935342773,19.010769775,4.966624,0.2846509133912416,1.7003800982885733,61.33724803621687,0.31951185330050513,1.9913223029825142,57.90101530707274,0.29302329532569305,-3.436232729144134
1785126510968701660,19.044128662,1.663171,0.27976074128906925,1.7041986883072737,62.076758466543176,0.31281411315659646,2.0017379978824086,58.452495573552476,0.2993696145808071,-3.6242628929906977
1785126511002060547,19.077487549,0.892677,0.2742059472534816,1.709180307930002,62.77783234232473,0.31378504779874355,2.001171353233987,59.21001191439864,0.29466128985274914,-3.5678204279260886
1785126511035419678,19.11084668,1.710533,0.2693405681807971,1.7125312150299756,63.471185553174905,0.3077746105734902,2.0097125560369222,59.85225811118464,0.2996563449308731,-3.61892744199027
1785126511068778564,19.144205566,1.680328,0.26435360932220364,1.7162783924997234,64.02025503779045,0.2976662939285664,2.0226609479440327,60.18380850838045,0.308188262651692,-3.8364465294100016
1785126511102137695,19.177564697,1.732145,0.26051365954458205,1.7212346232462994,64.70198642181089,0.2907713326139852,2.0285503470811483,60.76628676659736,0.3088016853835355,-3.9356996552135257
1785126511135496826,19.210923828,1.698608,0.2580095655201706,1.724864097083842,65.55962859803054,0.2839140835172258,2.0383712533671705,61.372448194623644,0.31457555705032,-4.1871804034069005
1785126511168855713,19.244282715,1.572659,0.25648480360725157,1.7282584036593018,66.49309910984401,0.2812514214999068,2.043566062386425,62.3084787303614,0.31627884060401645,-4.184620379482608
1785126511202214844,19.277641846,1.511305,0.2542530007158309,1.7316308753628036,67.20317717608022,0.28334561779690565,2.0414389815380583,63.26054508658457,0.3111710832010647,-3.9426320894956404
1785126511235573975,19.311000977,1.420149,0.25137376227506303,1.7359468751040215,67.9288113010987,0.27952336706619385,2.0494273427368404,63.96196138287048,0.3147418050357907,-3.9668499182282266
1785126511268933105,19.344360107,1.472522,0.2464712482688719,1.739834526949236,68.36727768724863,0.2679630436701793,2.059322429703935,64.18863166282918,0.32020995811524616,-4.178646024419456
1785126511302292236,19.377719238,1.4908,0.24216139699244776,1.7431372319365108,68.6212467022906,0.26396491911927,2.0648291642432413,64.47176732189195,0.3224299813732787,-4.149479380398663
1785126511335651367,19.411078369,1.478798,0.23846982919354676,1.7460338140481788,68.97149120758343,0.26213108365516574,2.0632177340640125,64.94942183872284,0.3180652355717429,-4.022069368860572
1785126511369010498,19.4444375,1.323984,0.23496536554064695,1.7488146868336973,69.43886285128879,0.2530691619866637,2.0721333206002672,65.26977790171858,0.32382508609809735,-4.169084949570209
1785126511402369629,19.477796631,1.375641,0.2322507095154619,1.7509440810824035,69.86395919052006,0.2517193995202904,2.0741196658419776,65.76691340125018,0.3237614684844334,-4.09704578926988
1785126511435728760,19.511155762,1.339083,0.22802354467702735,1.7544338804962423,70.21187810576694,0.24861435539695428,2.074409909901117,66.15617758316456,0.32063786563631724,-4.055700522602382
1785126511469088135,19.544515137,1.35211,0.22514342639470153,1.7565669018800996,70.47825629134434,0.2478656736601248,2.0719468777360266,66.5226752736955,0.316197453645149,-3.9555810176488375
1785126511502447266,19.577874268,1.141029,0.2230497787130944,1.7588060646679566,70.65132002146947,0.24202468079034758,2.0821216548923527,66.57398166116593,0.3238719157182217,-4.077338360303548
1785126511535806641,19.611233643,1.23345,0.2182537258510019,1.7620795381822134,70.6908926363228,0.2413310440223077,2.0811038935726884,66.73743158196109,0.3198579402583087,-3.9534610543617017
1785126511569165771,19.644592773,1.183064,0.21261204054071892,1.76608133114885,70.69381174068816,0.23688421794400147,2.0848820399207795,66.69484484771452,0.31972336559810743,-3.99896689297364
1785126511602525146,19.677952148,1.29122,0.20750174766142937,1.770157203896674,70.70778202751177,0.2333521676326085,2.0873797394973725,66.75616586068827,0.3182740663416088,-3.9516161668235017
1785126511635884277,19.711311279,1.022204,0.20199355512237005,1.7742204706364841,70.5479695894297,0.22223239430660122,2.1006640035625566,66.39005394916127,0.32707031476546583,-4.157915640268426
1785126511669243652,19.744670654,1.215953,0.19639380754997193,1.7787323865147338,70.36706057305986,0.21503595140784623,2.1076702797692617,66.12401332529053,0.3294657298511408,-4.243047247769335
1785126511702603027,19.778030029,1.096896,0.19239870583191387,1.7829363455558713,70.36666624173432,0.2094132771632902,2.1158260381776026,66.04438054313614,0.3333242311794647,-4.322285698598188
1785126511735962402,19.811389404,1.051272,0.18774487437352405,1.7878951561544176,70.4631418330644,0.20646665169203912,2.116813352879459,66.19774200855804,0.32945058063815447,-4.265399824506363
1785126511769321777,19.844748779,2.411367,0.18434238321554597,1.7916505046084765,70.56020740784805,0.20130223977435577,2.123432314398399,66.26282812875687,0.33221499972453344,-4.297379279091184
1785126511802681152,19.878108154,2.196161,0.18123417258574415,1.7948778836703867,70.61985223612298,0.19628013371264852,2.126582465018988,66.34981752938717,0.3320456448048721,-4.27003470673581
1785126511836040283,19.911467285,2.503324,0.17860309158112475,1.798057320079222,70.64815396978521,0.19271898476383437,2.1299191716489263,66.44518561152927,0.33216192883534695,-4.202968358255948
1785126511869398193,19.944825195,2.255182,0.17440032404332662,1.8020228959706384,70.79727985620357,0.18571353064136803,2.1379384097085494,66.53607546294423,0.33610596694098527,-4.261204393259358
1785126511902756104,19.978183106,2.434048,0.1695767670320859,1.806240671254958,70.95913195704786,0.18004383709434976,2.143514259846712,66.70103448069882,0.3374359689144713,-4.258097476349038
1785126511936114014,20.011541016,2.33301,0.16420824848126725,1.8095410546638893,71.08986774475113,0.17707822411428645,2.146877662141661,66.91788419133412,0.3375820241325162,-4.171983553416997
1785126511969471924,20.044898926,2.574818,0.1584619629174776,1.8130560567963157,71.13150060769905,0.1610847407919073,2.160952625160019,66.68696796237909,0.34790645473031884,-4.444532645319976
1785126512002829834,20.078256836,2.409406,0.15496933540891467,1.8148279050239697,71.37649327904985,0.15653507223029628,2.159541394692706,67.02901468212652,0.34471704554807236,-4.347478596923346
1785126512036187744,20.111614746,2.536535,0.15034496895393645,1.8173014468844881,71.5073050441695,0.15694792878120795,2.1589392174410986,67.31046910338151,0.3417015735248695,-4.196835940787997
1785126512069545654,20.144972656,2.642444,0.14588615205797217,1.8195880568896867,71.4232491383896,0.1554299410225942,2.157767777720748,67.38564051787029,0.33831436193158543,-4.037608620519308
1785126512102903564,20.178330566,2.547366,0.14203688896661626,1.822210203421803,71.3723640835982,0.14800078386788704,2.1614796817072763,67.21775121457502,0.33932189280753844,-4.154612869023173
1785126512136261475,20.211688477,2.55481,0.1372720830128784,1.8250882332094076,71.37482568929798,0.1427075084879705,2.1674888216004433,67.14831285649373,0.34244372790375754,-4.22651283280424
1785126512169619385,20.245046387,2.477852,0.13193033409469324,1.8284538005551765,71.37460999236785,0.13493778547089094,2.169936770643961,67.06745145818046,0.3414962131919443,-4.307158534187398
1785126512202977295,20.278404297,2.605934,0.12639185669346908,1.8321597246944492,71.36077199996147,0.13076185636132243,2.1771320590419436,67.010717577272,0.3450000121192121,-4.350054422689477
1785126512236335205,20.311762207,2.637695,0.12176376811323542,1.835380892357805,71.19825251421506,0.12538255016044142,2.18133735929674,66.82260888718457,0.3459753930561762,-4.375643627030483
1785126512269693115,20.345120117,2.755287,0.11656781417035134,1.839149066819045,71.0037051513685,0.12052812882268028,2.186641791217554,66.6052363324334,0.34751529117729985,-4.398468818935089
1785126512303051025,20.378478027,2.199823,0.1127002967721844,1.8426935190948035,71.0268107675868,0.1156006928710972,2.1917862743740306,66.57825747287848,0.34910480387123427,-4.44855329470832
1785126512336408936,20.411835938,2.88366,0.10996682875601005,1.8458643769485268,71.12777130837928,0.11235705294938696,2.1975857141747714,66.63110698689148,0.3517294588627918,-4.496664321487811
1785126512369766846,20.445193848,2.770224,0.10745738319286235,1.8492128482936567,71.16212169287695,0.11029881259957099,2.2014274867593873,66.67017528230804,0.35222609964427476,-4.491946410568909
1785126512403125000,20.478552002,2.782201,0.10562490535986413,1.8520261292248414,71.1757613101754,0.10994594605035422,2.2033252059363644,66.73169583664375,0.35132565048828607,-4.444065473531651
1785126512436482910,20.511909912,2.785114,0.10416855480073006,1.8547338111588993,71.19951288047297,0.10796414478693378,2.2072117696893474,66.72120942024846,0.3524983939724203,-4.478303460224516
1785126512469840820,20.545267822,2.983529,0.10291577207118108,1.8566900470364132,71.21245490264874,0.10564776003280053,2.2104835898779283,66.67294444979487,0.35380409086749326,-4.539510452853871
1785126512503198730,20.578625732,2.890836,0.10206973207941605,1.8582855474953721,71.23824781480639,0.10656193600839957,2.210873980898293,66.77218411516253,0.35261704902863905,-4.466063699643846
1785126512536556641,20.611983643,3.010813,0.10124011470914229,1.8593395447116081,71.20283923911855,0.10568905932791953,2.2112078885484086,66.77837179025227,0.35189646844302624,-4.424467448866271
1785126512569914551,20.645341553,1.479273,0.0997785203516729,1.8618468832451094,71.13921765204506,0.10299124482762266,2.211451711432001,66.76254180934502,0.34961958968305035,-4.376675842700026
1785126512603272461,20.678699463,0.394894,0.09677332337024636,1.8636930490782888,71.15601170260518,0.09755601263879618,2.217133561140188,66.69952448350338,0.35344137868827513,-4.456487219101801
1785126512636630371,20.712057373,1.56615,0.09330209263892009,1.8656721131394343,71.1970795851873,0.09491247748261535,2.2176889747449375,66.81038366726527,0.352020545130441,-4.386695917922016
1785126512669988281,20.745415283,0.20954,0.08890675264898462,1.867737329027102,71.28833094945142,0.08635920760830598,2.223932632656327,66.79369757505408,0.35620441366334865,-4.494633374397327
1785126512703346191,20.778773193,0.318446,0.08600447320924254,1.8696321344255895,71.57118777136341,0.08089906434485006,2.228340860481518,67.00277449144642,0.35874505620055536,-4.568413279916997
1785126512736704346,20.812131348,0.125507,0.0838797387244139,1.8709600485272082,71.8511951350986,0.07841180413449965,2.2302847595513917,67.3319773103404,0.35936631208460895,-4.519217824758191
1785126512770062256,20.845489258,0.486422,0.08062150703741411,1.872829214683899,72.04237793665017,0.07870344835412456,2.2256030516413916,67.671613267217,0.35277905123579,-4.370764669433176
1785126512803420166,20.878847168,0.262972,0.07813989782680208,1.8742660428481548,72.10490160560623,0.07930548993183112,2.224386391627299,67.83796012873344,0.35012228897084646,-4.266941476872795
1785126512836778076,20.912205078,3.208931,0.07597542382870548,1.875444493074872,72.06539299596444,0.07768160265254433,2.224811923365274,67.83059507959194,0.34937159643264903,-4.234797916372499
1785126512870135742,20.945562744,3.235441,0.07375025819197312,1.8768485371775778,72.00520693904996,0.07435827619086641,2.224373173380953,67.76041987986042,0.3475251680873995,-4.244787059189525
1785126512903493408,20.97892041,3.237394,0.07107820482652372,1.8782023046697678,71.97306000132072,0.06893452304999648,2.227646990500694,67.63522960804944,0.3494512610179475,-4.337830393271278
1785126512936851074,21.012278076,3.25446,0.0663507743571774,1.8806791275382886,71.98485520170696,0.06583096224746902,2.231515420287546,67.62546993891175,0.35083667783553085,-4.359385262795207
1785126512970208984,21.045635986,3.348356,0.06267984577104235,1.8823582715929013,71.9269221803509,0.05701917020825524,2.2388473273174165,67.37225454600994,0.3565339957131489,-4.554667634340948
1785126513003566650,21.078993652,3.33958,0.05856491314876844,1.8847306855617836,71.72183047662463,0.0536763202413492,2.2407496176131576,67.18965252606064,0.3560524937696903,-4.5321779505639865
1785126513036924316,21.112351318,3.301047,0.0531699046366132,1.8877198116181582,71.42181300889305,0.053264655099699285,2.2436532491131884,67.02001408994528,0.3559334501064474,-4.40179891894777
1785126513070281982,21.145708984,3.16558,0.049848108632821964,1.8900910025290778,71.3491149677853,0.04557257371456981,2.251635577079842,66.7314217985237,0.3615698543655572,-4.617693169261594
1785126513103639648,21.17906665,3.190568,0.04738055916022843,1.8924788058085784,71.39247917150468,0.04168128860059981,2.251763782368341,66.77557356190152,0.35933017694936387,-4.616905609603144
1785126513136997314,21.212424316,3.184323,0.04563847992310399,1.8950843776806041,71.46418837240124,0.04235194260896695,2.2557133866841523,66.87145037124004,0.3606439843701798,-4.592738001161202
1785126513170354980,21.245781982,3.208119,0.044389353481592675,1.8972260502100116,71.48160260206228,0.04054142831318913,2.258141234796531,66.8836310288418,0.36093569647961243,-4.597971573220466
1785126513203712646,21.279139648,3.06383,0.04349471753897338,1.8993058856385412,71.5006944408703,0.042963730275676154,2.2607394752563783,66.95599326006166,0.36143397965812357,-4.544701180808654
1785126513237070557,21.312497559,3.125528,0.04288210571999762,1.90075577801215,71.50493979278089,0.04415413509093175,2.2606386100277622,67.01729094270416,0.35988508004403,-4.487648850076723
1785126513270428223,21.345855225,3.03393,0.042315803946611275,1.9019151581845455,71.51335118273538,0.04086853439000262,2.264679014709542,66.9170210190719,0.3627667435006382,-4.59633016366348
1785126513303785889,21.379212891,3.047235,0.0421482164007686,1.9029263117123163,71.5499715775644,0.04086277549792562,2.2653031969780564,66.9659764797651,0.3623791651477966,-4.583995097799299
1785126513337143555,21.412570557,3.004274,0.04162984539482384,1.9037505676220754,71.51973571502003,0.0394033039392968,2.2662255252616963,66.93689214366131,0.36248179596042907,-4.582843571358712
1785126513370501221,21.445928223,2.982294,0.040652777795134876,1.9054907813304145,71.44670384287504,0.039465995139483984,2.2669619744573697,66.93677019433586,0.3614731413448256,-4.509933648539184
1785126513403858887,21.479285889,2.926935,0.03825395131994902,1.9066562984073236,71.40896833734377,0.03358697629991998,2.2702588675430353,66.81859354451062,0.36363251908750893,-4.590374792833147
1785126513437216553,21.512643555,0.40954,0.035881422924339934,1.9077273385309117,71.42735939668749,0.030812229516926262,2.2703143714648584,66.86734513358755,0.3626224664491221,-4.560014263099949
1785126513470574219,21.546001221,1.951712,0.0333784022077519,1.9088098374672977,71.67578463445761,0.02369810190513927,2.2778611086843297,66.94354819196923,0.36917820764619363,-4.732236442488383
1785126513503931885,21.579358887,0.428228,0.031290210540177776,1.9097939051761297,71.96789011976352,0.02316288072957421,2.2777542794922896,67.32650073239202,0.36805011962603523,-4.64138938737151
1785126513537289551,21.612716553,0.517443,0.029569028584852886,1.9106680968631329,72.13230991546963,0.02163391971569156,2.277945645012072,67.53560972896489,0.36736325799821323,-4.596700186504748
1785126513570647217,21.646074219,0.564457,0.028204629029729644,1.9113433825695085,72.22790425075382,0.02063627690508973,2.2772124424728006,67.67214769787998,0.3659473308392907,-4.555756552873844
1785126513604005127,21.679432129,0.576668,0.027589493011913047,1.9119432783743433,72.33496597636486,0.01971070765011571,2.2792980333063295,67.77186889089452,0.3674392347448989,-4.563097085470324
1785126513637362793,21.712789795,2.724192,0.026674971287392046,1.9128230578979983,72.44060152909223,0.020655902038847467,2.279751115624375,67.90923176800821,0.3669774226590377,-4.53136976108403
1785126513670720459,21.746147461,2.724861,0.025620454582017782,1.9137000250717757,72.49310625970827,0.021435342822115122,2.278545588113795,68.02446837911744,0.3648695657791847,-4.468637880590831
1785126513704078125,21.779505127,2.682616,0.024818851160906097,1.9143358411214177,72.48271290234821,0.021329183862650442,2.2778878349847727,68.06107936851129,0.3635687418080291,-4.42163353383693
1785126513737435791,21.812862793,2.660635,0.024009059123389354,1.9149583227201261,72.46872087653767,0.018579351270855863,2.275828555653886,68.04061924681093,0.3609110787230424,-4.428101629726738
1785126513770793457,21.846220459,2.641516,0.023392252993434393,1.915571427630906,72.4595110425344,0.013934535537834199,2.2786092402456255,67.90475024038082,0.3631609860758039,-4.554760802153589
1785126513804151123,21.879578125,2.608807,0.022821304819864996,1.9161843296348415,72.44347018070366,0.016075082457087025,2.280755555254654,67.92121774824358,0.36463363814395977,-4.522252432460081
1785126513837508789,21.912935791,2.656683,0.022277560824258025,1.916885686087849,72.46136909944804,0.017969121487769715,2.2822429829304434,67.94237899966713,0.3653826993792178,-4.5189900997809085
1785126513870866455,21.946293457,2.515494,0.02184693740726984,1.917496720285477,72.47192492430655,0.01901068664377186,2.281290071018529,68.01884773054216,0.3638044067297357,-4.453077193764385
1785126513904224121,21.979651123,2.545489,0.021489493042638474,1.9180998664650315,72.46888508136294,0.012064101050549992,2.285957596126931,67.8215430703343,0.3679784603563255,-4.6473420110286385
1785126513937581787,22.013008789,2.479639,0.02119013586148899,1.9186586385016104,72.48391188377468,0.016267556419316136,2.2837774316133808,67.94282599524364,0.36515197503472474,-4.541085888531041
1785126513970939453,22.046366455,2.508204,0.020978683986528468,1.9191792760775983,72.46821918971865,0.01800239956531109,2.284284309252368,67.94907351032978,0.36511716409736994,-4.519145679388873
1785126514004297119,22.079724121,2.40683,0.020809647103596896,1.9196134027344611,72.44334761719148,0.016663666431349734,2.282686503140372,67.94074440972696,0.3630967713903489,-4.502603207464529
1785126514037654785,22.113081787,2.397486,0.020757717842402545,1.9200130300132434,72.45160801495348,0.010503361748561505,2.2876083350009093,67.74830449320231,0.36773830378120037,-4.703303521751162
1785126514071012451,22.146439453,2.47135,0.0207550175323864,1.9203549607251924,72.43983611759798,0.010027871426157133,2.2842783001270384,67.80114227846123,0.36408140384394194,-4.638693839136748
1785126514104370117,22.179797119,2.386904,0.020801557692660122,1.9206534242808826,72.45615128040305,0.013775075963064142,2.286574394585004,67.81766530504184,0.36598842598339926,-4.638485975361208
1785126514137727783,22.213154785,2.322724,0.020889053958507597,1.9209279349147388,72.48132562494001,0.01638485563903354,2.2873677289198553,67.89246696413828,0.36646747527306345,-4.588858660801743
1785126514171085449,22.246512451,2.369408,0.020966481606553677,1.92113303284588,72.49031258997466,0.015612116177001312,2.2880482559105473,67.87394168758374,0.36695428890496395,-4.6163709023909325
1785126514204443115,22.279870117,2.232272,0.02104117069996536,1.9213441381527077,72.52331798935326,0.020491731715920142,2.28064859094668,68.09822385840232,0.359304872887598,-4.425094130950937
1785126514237800781,22.313227783,2.18335,0.021104346717570888,1.9215723804152438,72.53407613961014,0.012999885063398716,2.2899368934112734,67.83423065223108,0.3684536561543473,-4.69984548737905
1785126514271158447,22.346585449,2.165185,0.021112938588381813,1.9216810545492762,72.52885080730448,0.014246763794206236,2.2872222217842135,67.89413455231839,0.3656056472482128,-4.634716254986087
1785126514304516113,22.379943115,2.195656,0.02113959060055548,1.921785069627595,72.55353143471692,0.012263478363886431,2.2895516742767965,67.83048174606664,0.36787370232681754,-4.7230496886502715
1785126514337873779,22.413300781,4.381404,0.021133752831475228,1.9218690931456863,72.55042233486134,0.014248550156226203,2.2893584516978693,67.87149536571434,0.36755385274130126,-4.678926969146999
1785126514371231445,22.446658447,1.132997,0.021127350386448085,1.9219266996156228,72.55603564800855,0.01759960244878232,2.287779453639732,67.9646371811283,0.3658697618450274,-4.591398466880251
1785126514404589111,22.480016113,1.041252,0.021150488874281392,1.9219762946011256,72.57319903552347,0.013995627688500687,2.291441619321902,67.85175619507487,0.3695345967695265,-4.721442840448599
1785126514437946777,22.513373779,2.086754,0.021153027149831582,1.9220553608027457,72.55726395374003,0.018517440677513947,2.287249308937337,67.99157790476083,0.36520345845868396,-4.565686048979192
1785126514471304443,22.546731445,2.558778,0.02113799136272232,1.9220727308096057,72.57031873574404,0.011330657122013938,2.2896259687971154,67.83048111595127,0.3676840580716166,-4.739837619792771
1785126514504662109,22.580089111,1.238323,0.021131300326981628,1.9221266762938105,72.58601541572376,0.019009376587597916,2.2823407823263566,68.09263051470182,0.3602203558173554,-4.493384901021928
1785126514538019775,22.613446777,1.320146,0.021087391713796033,1.9221958275910125,72.57817945746338,0.012121578241646431,2.290775297057415,67.83094486548096,0.3686885014797074,-4.747234591982421
1785126514571377441,22.646804443,1.336404,0.020948689784081376,1.9222944722153086,72.59586542924669,0.020340794224495348,2.286998217341598,68.05416719805226,0.3647042517522286,-4.541698231194425
1785126514604735107,22.680162109,1.274699,0.020808406631047993,1.922435940204605,72.6084776850823,0.01915465039498771,2.2872056539266383,68.05871082209731,0.36477346251960613,-4.549766862984991
1785126514638092773,22.713519775,1.371305,0.02060442713401489,1.922618100191551,72.61608575855001,0.01687175824975616,2.288559144250119,67.99243903025356,0.365960080532938,-4.623646728296446
1785126514671450439,22.746877441,1.109805,0.020326467385778146,1.9228306689394938,72.65457619313122,0.02041101298418911,2.2839969750499156,68.16640015980107,0.361166316006082,-4.488176033330155
1785126514704808105,22.780235107,1.386655,0.019889996107202768,1.9231499418453497,72.65395606252466,0.01297356005051275,2.291503314467315,67.9272479433666,0.3684183005901073,-4.726708119158066
1785126514738165771,22.813592773,5.899133,0.019155047751526766,1.9235619695775235,72.62391195593926,0.015060330307211323,2.290013768016665,67.98228640679213,0.3664746748279204,-4.641625549147133
1785126514771523438,22.84695044,1.553164,0.018419799759004096,1.9240553852800328,72.60390650698906,0.015537404507629715,2.290233870026904,67.97153194692606,0.3661898290421236,-4.632374560062998
1785126514804880859,22.880307861,1.320745,0.017402754300365086,1.9246815151116516,72.55359768929009,0.010915849450621936,2.2875456991918397,67.90815574961577,0.36292216248489184,-4.645441939674326
1785126514838238525,22.913665527,1.320791,0.01608655407105508,1.9255076327991203,72.47331437423583,0.01173823678133013,2.29130879757851,67.79697025527241,0.36582700832116016,-4.676344118963417
1785126514871596191,22.947023193,1.52826,0.014539350908172599,1.9264477838348675,72.3431566640474,0.009893780824499512,2.2880994903267853,67.72983350188314,0.36168154242360584,-4.6133231621642725
1785126514904953857,22.980380859,1.603408,0.012618270038017743,1.92754411949197,72.19020116207558,0.01326487697101174,2.2895708115617897,67.62282280391916,0.36202726951369535,-4.567378358156407
1785126514938311523,23.013738525,1.488536,0.010352537973420062,1.9287715658202167,72.02835167746831,0.006614669547536221,2.2924412534415355,67.39517528289116,0.3636888963866739,-4.633176394577139
1785126514971669189,23.047096191,1.652344,0.007694209800066298,1.9303200861379768,71.77826005422241,0.00020720589284457325,2.29155697909532,67.10331976393658,0.36131447253186755,-4.674940290285836
1785126515005026611,23.080453613,1.671855,0.004681627797030075,1.932272761881765,71.53849989810415,0.001348687870992097,2.2976302220951776,66.86754931834051,0.36537266211656555,-4.670950579763637
1785126515038384277,23.113811279,1.6339,0.0016492440345526882,1.9340766369733946,71.33080202449345,-0.011305533712077194,2.3054953874627695,66.37180011518998,0.37164460776601227,-4.9590019093034625
1785126515071741943,23.147168945,1.670809,-0.0014872344295199236,1.9358994816730575,71.11752998144533,-0.01038474980774421,2.305387242466298,66.24924818831357,0.36959487436368554,-4.868281793131752
1785126515105099609,23.180526611,1.527236,-0.0044512475058123835,1.9377045427957427,71.00690670761861,-0.01468878506290307,2.312474341659242,66.03510731022678,0.37490960152471514,-4.971799397391832
1785126515138457031,23.213884033,1.654034,-0.006960246842216633,1.9394119895511324,71.00555686798204,-0.01731901475476578,2.3108093573599295,66.08088025861348,0.37154179965108775,-4.9246766093685554
1785126515171814697,23.247241699,1.891296,-0.009120319750169359,1.9411441591898821,71.04664328953145,-0.02030900438694906,2.312700058020969,66.10722579234184,0.3717243234173385,-4.939417497189609
1785126515205172363,23.280599365,1.742092,-0.01243867738542448,1.9435984483080184,71.20252659095823,-0.024365467472102546,2.320273905879422,66.13593568698128,0.37686423106789785,-5.0665909039769375
1785126515238530029,23.313957031,1.875652,-0.014003318973653034,1.9442237705675611,71.48826270075782,-0.029028740201806496,2.32524018138453,66.28485881082372,0.38131256023756765,-5.203403889934088
1785126515271887451,23.347314453,1.893096,-0.015624917688679796,1.9450341458622562,71.74738258936911,-0.02863638461147393,2.3267046250082606,66.66056366250204,0.38189220065749385,-5.086818926867057
1785126515305245117,23.380672119,1.973489,-0.01695624037365162,1.9467346910219068,71.85571692007379,-0.03180533669153714,2.3271334166333273,66.89115689314411,0.3806884370561452,-4.964560026929667
1785126515338602783,23.414029785,1.963045,-0.02170784405773718,1.948840450002483,71.88558414102509,-0.035752812327032764,2.3271755759839765,67.02057292563339,0.37859573252364864,-4.8650112153917
1785126515371960449,23.447387451,2.019596,-0.026529383065101553,1.9503230278918813,71.9085265061589,-0.04185037354115725,2.3294743005347343,67.09498532378788,0.3794606966417766,-4.813541182371034
1785126515405317871,23.480744873,2.017252,-0.03153276844295705,1.9515701995655503,72.17793245704512,-0.05144492632724796,2.3346049730779765,67.2285721343823,0.3835519935436714,-4.949360322662805
1785126515438675537,23.514102539,2.121248,-0.03704039771901946,1.9539211217469803,72.43309418758628,-0.0552321522752588,2.336920387676623,67.57343171681539,0.38343105982233566,-4.859662470770885
1785126515472033203,23.547460205,2.112711,-0.04032310887995427,1.954861714483443,72.46718621166872,-0.05815199747617473,2.337634702036308,67.77556848852956,0.38318798163397855,-4.691617723139151
1785126515505390869,23.580817871,1.995931,-0.04474555944730685,1.9568655832007702,72.43037975502901,-0.061742304996361096,2.3392536146845386,67.78199439081315,0.38276558881551875,-4.648385364215855
1785126515538748291,23.614175293,1.324961,-0.050431750400539266,1.9592568040016678,72.50948947952406,-0.06841646829264397,2.339687905196715,67.79312590172631,0.3808559738721907,-4.71636357779775
1785126515572105957,23.647532959,1.175427,-0.05572389769861996,1.962068928800078,72.68405813585582,-0.07044586679061604,2.339521133973714,68.03799468122375,0.3777392004602992,-4.64606345463207
1785126515605463623,23.680890625,1.168944,-0.06097691152241458,1.9657262118100154,72.82842576235358,-0.07643258855528026,2.3418310184814395,68.13265474649205,0.3764222410457352,-4.695771015861538
1785126515638821045,23.714248047,1.379904,-0.06589758850125937,1.9683148777819255,72.82371919546298,-0.08087415114147532,2.3504764783649197,68.07064307160744,0.3824549468743636,-4.753076123855542
1785126515672178711,23.747605713,1.142632,-0.07129724521196079,1.9715818672851708,72.61056099103631,-0.0799595678355274,2.3514028342286863,68.06772157120372,0.3799197320002501,-4.542839419832596
1785126515705536377,23.780963379,2.213394,-0.07605696740972823,1.974507879798393,72.3968546194766,-0.08876466998722146,2.3566285485922824,67.71515296920266,0.3823319123801822,-4.681701650273931
1785126515738893799,23.814320801,2.264694,-0.08074958887042638,1.9774355627395708,72.32103599235046,-0.09573469921351672,2.360613252501691,67.57354589784237,0.3834705926970544,-4.747490094508092
1785126515772251465,23.847678467,2.336265,-0.08483276423819863,1.9802335600100247,72.3437974968681,-0.10029359184337149,2.3639882792215645,67.5850905499798,0.3840660382113532,-4.75870694688831
1785126515805608887,23.881035889,2.300304,-0.08936907908530856,1.983422426210647,72.38532961116111,-0.10619920111298586,2.370737007756661,67.53006924261253,0.3876800718190588,-4.855260368548581
1785126515838966553,23.914393555,2.30345,-0.09263878362205724,1.9864511488233183,72.44286501147502,-0.10826663327318478,2.372470686876824,67.64304033556013,0.38633575222047506,-4.799824675914902
1785126515872323975,23.947750977,2.454647,-0.0959198847802265,1.989423735972946,72.46152411541638,-0.11041507608905655,2.3758831047691573,67.69445381509236,0.38673111369715985,-4.767070300324018
1785126515905681641,23.981108643,3.051931,-0.09942081642063982,1.9913624697705579,72.51852707963782,-0.11432373968302163,2.3804549630809264,67.72457829115811,0.38937779273122863,-4.793948788479703
1785126515939039063,24.014466065,2.474999,-0.10265274466131458,1.9933322325018301,72.66471489398663,-0.11942443096962349,2.3829633232454985,67.86489712812067,0.38999189265384104,-4.799817765865961
1785126515972396484,24.047823486,2.502933,-0.10525226605677152,1.9957123308166231,72.69448179629364,-0.12458355326204057,2.385372763791971,67.91396559829819,0.39013965665072814,-4.780516197995458
1785126516005753906,24.081180908,2.47627,-0.10891292673369679,1.9989111377446185,72.78421990679688,-0.13008673366421108,2.388293515726856,68.01142752078653,0.3899576469092928,-4.7727923860103525
1785126516039111328,24.11453833,2.649879,-0.11413710815420264,2.0018436991904265,72.92846684631058,-0.13592489832478974,2.394197976183116,68.14306225235316,0.3929587592546748,-4.785404593957419
1785126516072468994,24.147895996,2.573631,-0.12032623111396212,2.0045874907904686,73.01157949735088,-0.14075972629791864,2.3965178759953205,68.30957799920233,0.39246267920944583,-4.702001498148549
1785126516105826416,24.181253418,2.659025,-0.1266516879259043,2.006156365551346,73.12792475135319,-0.1442840445851742,2.401612666185808,68.52329834572284,0.3958491956703382,-4.604626405630365
1785126516139183838,24.21461084,2.686722,-0.1318173363653805,2.008635440692051,73.47140654374518,-0.1485872451205713,2.397823823786445,68.97716247115802,0.38954951851502323,-4.494244072587142
1785126516172541260,24.247968262,2.629065,-0.13747059466786027,2.010383487624111,73.48740462653119,-0.15475949829502986,2.3972145874882296,69.07933145510721,0.387217259443214,-4.408073171423991
1785126516205898682,24.281325684,2.692047,-0.14158388643107445,2.011319595972595,73.36664517032641,-0.1570747198395469,2.3946902126274496,69.1494537102863,0.38368345759755196,-4.217191460040115
1785126516239256104,24.314683106,2.668246,-0.14800080592037024,2.013824084691517,73.29057200403702,-0.16207935229002038,2.397718762555131,69.06030383381955,0.38415274196586213,-4.230268170217481
1785126516272613525,24.348040527,2.750778,-0.15457461980889386,2.0165984222309783,73.33325045703334,-0.1718017856429631,2.4037013575000032,68.94019508862421,0.38748607424857145,-4.393055368409145
1785126516305970947,24.381397949,2.718631,-0.16116608760188056,2.0196781488179236,73.43371416295895,-0.17814499640721654,2.4027753333969373,69.06774244599765,0.38347325353482836,-4.365971716961304
1785126516339328613,24.414755615,2.80713,-0.16766967727612292,2.0232024501675387,73.50081537232246,-0.18473367111807334,2.406155488862178,69.07738356617237,0.38333302718562606,-4.423431806150091
1785126516372686035,24.448113037,2.810985,-0.1739672931991071,2.0258850166552382,73.38497121868492,-0.19118319378495555,2.4165202982198086,68.85976506606046,0.3910144632056633,-4.525206152624475
1785126516406043457,24.481470459,2.846788,-0.18084787505123023,2.0294457899658593,73.08291276713072,-0.197495374327005,2.4224368751201837,68.56777398807874,0.3933435295551591,-4.51513877905197
1785126516439400879,24.514827881,2.811065,-0.18711423944730576,2.0327924859327973,72.91425510003059,-0.2055429853755204,2.4266280171623933,68.33968594192747,0.3942664636199544,-4.57456915810313
1785126516472758301,24.548185303,2.903612,-0.19273731658965032,2.0366563731367195,72.94407701629102,-0.21233495422213378,2.432795846742976,68.29875385308428,0.39662394021266073,-4.64532316320675
1785126516506115723,24.581542725,2.925348,-0.19798904149450325,2.040389036174218,73.00551783941928,-0.21787245400616434,2.4369039374582693,68.35973821968518,0.3970131194726564,-4.645779619734087
1785126516539473145,24.614900147,2.997868,-0.2029783622078276,2.0431104874030566,73.0602770097013,-0.22131495928325876,2.440278265290752,68.43673880491511,0.39759083815469975,-4.623538204786196
1785126516572830566,24.648257568,3.008397,-0.2067450899664638,2.044728857466872,73.15478473874278,-0.22752446308975527,2.4452742656285293,68.5258214870697,0.4010840390077693,-4.628963251673082
1785126516606187988,24.68161499,2.97792,-0.21040959650741797,2.0478204754744693,73.15867367577597,-0.2354986052565191,2.4479991029813224,68.54493412499639,0.4009643279311529,-4.613739550779587
1785126516639545410,24.714972412,0.342495,-0.21584106174443363,2.0518880464000464,73.24485186209932,-0.23955180771669843,2.450680122998367,68.70792528876993,0.3994963326892525,-4.5369265733294
1785126516672902832,24.748329834,0.212517,-0.2224519871828622,2.0551799007726883,73.36396360568698,-0.24752906698289778,2.4572277654593426,68.77462095146475,0.40282917648849076,-4.589342654222211
1785126516706260254,24.781687256,0.330733,-0.2301963297468541,2.0579140251340773,73.4372353439199,-0.2510369504452387,2.460730151045795,68.9567871292745,0.40335488439539025,-4.480448214645398
1785126516739617676,24.815044678,0.189549,-0.2361736110894913,2.0592591113814094,73.549964755092,-0.2614981562614289,2.459806063883081,69.12201575598431,0.4013467250975668,-4.4279489991077
1785126516772975098,24.8484021,0.222649,-0.24129547135774,2.0613259508058794,73.9355384712431,-0.26404942414014654,2.4580475869239624,69.66663075760206,0.39737362636621043,-4.268907713641033
1785126516806332520,24.881759522,0.198528,-0.24691227959241135,2.063182144978516,73.9978566348402,-0.27234194938818174,2.4586291723896405,69.77128117963677,0.3962638257451927,-4.2265754552034265
1785126516839689941,24.915116943,0.234252,-0.251374419057549,2.06511480384952,74.01256342024605,-0.27608123676607965,2.455402765291348,69.8958114662453,0.3910692006380715,-4.116751954000749
1785126516873047607,24.948474609,0.039656,-0.25767636665104143,2.067513221875973,74.02474992171703,-0.28287487969823855,2.4608355510205344,69.81133871553439,0.39412868414198476,-4.213411206182632
1785126516906405273,24.981832275,0.060115,-0.26403776194307715,2.07005558213693,74.0666160368587,-0.29120283226841126,2.4643980988467575,69.75803760410784,0.39527706932077505,-4.3085784327508625
1785126516939762939,25.015189941,3.329741,-0.27122674031416494,2.073944872966698,74.07514005108052,-0.29751927600120526,2.4669513063240576,69.73406069518543,0.39388495032576065,-4.341079355895088
1785126516973120361,25.048547363,3.303819,-0.27645073311632995,2.0764479480624907,74.08195975090302,-0.30484318837916496,2.4713083276309082,69.68715313163705,0.39587984397891096,-4.394806619265983
1785126517006478027,25.081905029,3.320077,-0.28312012161380207,2.079426575321523,73.89794268109034,-0.31116688330663334,2.479980789870803,69.44173435779956,0.40153492953246905,-4.4562083232907845
1785126517039835693,25.115262695,3.363992,-0.2894596960054403,2.0828360781212365,73.62211234241997,-0.31606530375225417,2.4839040809934128,69.21514355831727,0.4019495009220105,-4.406968784102694
1785126517073193359,25.148620361,3.198672,-0.29596224207377275,2.0871634639952927,73.56992942019998,-0.32258341785097977,2.489424491121645,69.07031472149262,0.40314094426702557,-4.4996146987073695
1785126517106551025,25.181978027,3.273967,-0.2990563177523151,2.0905440138464764,73.67109760591704,-0.3272881433514506,2.491709289737248,69.20373923498171,0.4021574499585691,-4.467358370935333
1785126517139908691,25.215335693,3.330903,-0.30340244653233117,2.0940855918307526,73.75590171140017,-0.33008054739555814,2.4973795589574923,69.26405859485713,0.40417538889260973,-4.4918431165430395
1785126517173266357,25.248693359,3.291041,-0.30687518626857635,2.0957026023673713,73.8720635803934,-0.33248963320632574,2.5016787631265935,69.38223074887365,0.4067834104246689,-4.489832831519761
1785126517206624023,25.282051025,3.159627,-0.3089732709060218,2.097731732502422,73.97984687452028,-0.3367374019675457,2.5048250180824874,69.50937959077974,0.408038956642591,-4.470467283740532
1785126517239981689,25.315408691,3.273783,-0.3105646798575036,2.0998198064674987,73.95924600150103,-0.34024679395039137,2.506584802748264,69.52316576236635,0.40784652762566737,-4.436080239134685
1785126517273339355,25.348766357,3.12115,-0.3133123986734141,2.102467082540932,73.86975155477393,-0.3403558081509868,2.5099873195444022,69.52025467004678,0.40841656377225455,-4.349496884727149
1785126517306696777,25.382123779,3.021451,-0.31510111451792877,2.103278268240147,73.91686471341023,-0.3451770531382502,2.5096171366972952,69.54285562241944,0.4074504118330585,-4.374009090990792
1785126517340054443,25.415481445,2.990887,-0.3147779448579988,2.1036874040534226,74.26142350387663,-0.34583930637869753,2.5065441941064037,69.90541753404264,0.404052473660676,-4.356005969833996
1785126517373412109,25.448839111,3.044009,-0.31521271029569586,2.1033806704860676,74.61202973011414,-0.34721271937288084,2.509500197546776,70.2012717076705,0.40737828960433486,-4.410758022443649
1785126517406769775,25.482196777,2.976968,-0.3149288236483925,2.103224404416504,74.86791650655762,-0.34482009118651535,2.508436102140857,70.52205247941092,0.40631269712831813,-4.345864027146712
1785126517440127441,25.515554443,2.924231,-0.3140583936463637,2.102617519799748,75.02702408953208,-0.344204492163834,2.5091639786313773,70.68252854736296,0.40766261840443824,-4.344495542169104
1785126517473485107,25.548912109,0.4525,-0.31319361729902995,2.1021018816204986,75.08809035769556,-0.3449768459915662,2.50859376149065,70.75014292789135,0.4077325373654789,-4.337947429804215
1785126517506842773,25.582269775,0.369136,-0.31125119005869706,2.1008177104270613,75.14619546028011,-0.3444191316853808,2.5074944217108257,70.81590868197141,0.4080270332371733,-4.330286778308711
1785126517540200439,25.615627441,0.517478,-0.3099678424205572,2.1000730295331267,75.20632587059147,-0.34385824636152784,2.508013704494278,70.88349314624847,0.40934600739110905,-4.322832724342997
1785126517573557861,25.648984863,0.545652,-0.3091118309391314,2.099552073402478,75.30935508596885,-0.34474307988183683,2.5078631504822066,70.95155757280217,0.4098628082263932,-4.3577975131666715
1785126517606915527,25.682342529,0.535207,-0.30874746903820416,2.0993863504491967,75.39479742895502,-0.3453821877736154,2.5077980873945145,71.0569676245788,0.4100515205331083,-4.33782980437621
1785126517640273193,25.715700195,0.564817,-0.30880518560632186,2.0994653900272784,75.53926952653684,-0.34745188372008134,2.5087759804883643,71.13281268138937,0.4111310335388206,-4.406456845147472
1785126517673630859,25.749057861,0.54722,-0.3088261558427464,2.0995842937665907,75.71382201677514,-0.3453512639150232,2.5082050551887036,71.37773388351823,0.4102499362399448,-4.336088133256908
1785126517706988525,25.782415527,2.721215,-0.3087643015604912,2.099639252366083,75.88208276356244,-0.3459739122811041,2.509533780444049,71.50075044341592,0.4115799791999584,-4.381332320146525
1785126517740346191,25.815773193,2.653458,-0.30875763931785194,2.099610806109537,75.99225297044725,-0.3463806360934279,2.5088556472874455,71.59957207358902,0.4109705949543184,-4.392680896858234
1785126517773703613,25.849130615,2.712546,-0.30877276946708,2.0995313506230158,76.03797749490356,-0.3462403671351035,2.506806858407159,71.70390766008137,0.4089953057381524,-4.334069834822178
1785126517807061279,25.882488281,2.654564,-0.30880677881705276,2.0994557783691583,76.07541215816913,-0.3465722321310905,2.5085019131122928,71.69933835740207,0.4107857955337712,-4.376073800767058
1785126517840418945,25.915845947,0.206504,-0.3088312339667605,2.099396460646411,76.12997637116484,-0.3475553361190899,2.5073824664452915,71.72283655182389,0.4098196396162931,-4.407139819340952
1785126517873776611,25.949203613,0.746568,-0.30891413208236274,2.099335566355287,76.13723532773274,-0.34688181950045255,2.507054839907465,71.77377293145608,0.40948327354581104,-4.363462396276664
1785126517907134277,25.982561279,0.758058,-0.30891800883047504,2.099295706045422,76.15913212573027,-0.3470661723354148,2.5072098880358387,71.78192805160415,0.40969410814375956,-4.377204074126104
1785126517940491943,26.015918945,0.866107,-0.3089366401027751,2.0993011340600156,76.1821803986303,-0.34819743113784235,2.507445196958948,71.75114094078346,0.4100280304959002,-4.431039457846829
1785126517973849609,26.049276611,0.82443,-0.30891358090762,2.0992922574592123,76.18441229201635,-0.3466907501070353,2.506637528549437,71.80797210460214,0.4090932465737976,-4.376440187414199
1785126518007207275,26.082634277,0.912929,-0.3088926691255224,2.099282496254145,76.2104687474605,-0.3465290667761677,2.5073739369144916,71.82153793593916,0.40982328187690203,-4.388930811521338
1785126518040564941,26.115991943,0.846456,-0.3089164362122513,2.0993094882745003,76.22444630074554,-0.34699067596192884,2.5070103005286737,71.83135431769588,0.40947478560373984,-4.39309198304966
1785126518073922607,26.149349609,0.894185,-0.3089190503981625,2.0992809911037735,76.22426098000004,-0.34751052642766495,2.507567699214659,71.81146317174469,0.41010649597654386,-4.412797808255351
1785126518107280029,26.182707031,0.964559,-0.30893531041267486,2.0992813043748493,76.25955106845421,-0.3470662716802362,2.50725804863389,71.85700125287302,0.4097547974867347,-4.402549815581199
1785126518140637695,26.216064697,0.963174,-0.308902709991036,2.099269571769302,76.26980145907821,-0.3476450049074979,2.507398000639334,71.84145031379974,0.40996314452315696,-4.428351145278475
1785126518173995361,26.249422363,1.017341,-0.30891478221504476,2.099278839952917,76.29210948906379,-0.3479178097155802,2.507122739679014,71.84267854202326,0.40970462860211637,-4.4494309470405256
1785126518207353027,26.282780029,2.408211,-0.30896445589190014,2.099309634507608,76.31871773568707,-0.34661157864146974,2.5068942727256496,71.92024354398892,0.4093196100392124,-4.398474191698153
1785126518240710693,26.316137695,2.239604,-0.30900693679832525,2.0993215074389013,76.31222848500894,-0.3472398083802198,2.5066854387356905,71.89796691587077,0.40915415797835025,-4.4142615691381835
1785126518274068359,26.349495361,2.181384,-0.30900056227359773,2.0992923288717917,76.33596934042048,-0.3471602584277033,2.5068482458276344,71.90807591035538,0.40933847590507716,-4.427893430065107
1785126518307426025,26.382853027,2.246426,-0.308976724563085,2.0993069314818964,76.34959723986579,-0.3473856137421716,2.506944421473978,71.90382952919948,0.40944299482958013,-4.445767710666301
1785126518340783691,26.416210693,2.17104,-0.3089689613027078,2.0992728786536765,76.34213581398946,-0.34664399771277904,2.5062581852741745,71.92739448727421,0.40872539457865964,-4.41474132671524
1785126518374141357,26.449568359,2.156689,-0.3089527864539964,2.0992432322534413,76.36482174680523,-0.3484538014572172,2.507997241759861,71.86079531738146,0.4106582161285208,-4.504026429423778
1785126518407499023,26.482926025,2.166419,-0.3089549744110782,2.0992650510370363,76.36262609655105,-0.34786370539217704,2.5067209820230087,71.89982831515933,0.40930944900185856,-4.462797781391734
1785126518440856689,26.516283691,2.259833,-0.30897672823165867,2.099257987393736,76.36775801464896,-0.3477670343569593,2.5082196414654723,71.88368669416714,0.4107971790925361,-4.484071320481816
1785126518474214355,26.549641357,2.037581,-0.308976921883063,2.0992920315974026,76.38652911904056,-0.34770571489945357,2.5075360700490186,71.9072558137247,0.41007696148380596,-4.47927330531586
1785126518507571777,26.582998779,2.084986,-0.30898328151571686,2.099322334684097,76.38006825553543,-0.34729584530829266,2.5068092011019454,71.92827785321255,0.4092840075636938,-4.451790402322885
1785126518540929443,26.616356445,2.020329,-0.3089609612191413,2.0993130097676227,76.39217299454356,-0.34773094003021926,2.507217076367486,71.91128755096258,0.4097424054277481,-4.480885443580972
1785126518574287109,26.649714111,2.037926,-0.3089462574169868,2.099317329708162,76.40095045056738,-0.3477472057524739,2.5065821743463443,71.92668906232232,0.40910899192011874,-4.474261388245061
1785126518607644775,26.683071777,1.938698,-0.30894288275362014,2.0993087801363344,76.38672946811441,-0.3465162610532331,2.506484391838306,71.9477778362388,0.4089055361837508,-4.438951631875612
1785126518641002441,26.716429443,1.967025,-0.3089160928855518,2.0992647983501853,76.41294882581794,-0.3471228203752164,2.5062855624912705,71.95285344557695,0.4088100493719087,-4.460095380240995
1785126518674360107,26.749787109,1.949336,-0.30890674368311344,2.099277024307783,76.41878069744038,-0.3486308838071225,2.506920854823618,71.89098141931896,0.40957477933365805,-4.527799278121414
1785126518707717773,26.783144775,1.901129,-0.30890957112656736,2.099253417424415,76.40720620200705,-0.3472409902288698,2.5064935122506573,71.93505162101044,0.4090400866962591,-4.472154580996601
1785126518741075439,26.816502441,1.830512,-0.3088973395673221,2.0992781287428253,76.42818642245174,-0.34790757047344406,2.506730536859719,71.93092290792309,0.40931560316655985,-4.497263514528666
1785126518774433105,26.849860107,1.873143,-0.3090448727409646,2.0993196845694393,76.43489302087448,-0.34734228922163013,2.5067803716078294,71.94301420848966,0.40925652541027424,-4.49187881238483
1785126518807790771,26.883217773,1.824698,-0.30913160803766826,2.099351696576048,76.49506333673152,-0.3467244941751081,2.5075578382612416,72.0118299230447,0.4099335058246092,-4.48323341368682
1785126518841148193,26.916575195,1.874726,-0.3092937018522828,2.0993930629526796,76.60966844279905,-0.34641452219620056,2.507336219530356,72.13596745423503,0.40962858091393495,-4.473700988564028
1785126518874506104,26.949933106,1.675833,-0.3093343197497226,2.0993795734908534,76.7426700258973,-0.34886781844835313,2.5082065056383263,72.19278313905129,0.4107339260013337,-4.549886886845999
1785126518907863770,26.983290772,0.009356,-0.30965802612320237,2.0994652475134488,76.89869645255511,-0.3491836184062,2.5084603132839556,72.36160965767154,0.4109005187024506,-4.537086794883579
1785126518941221680,27.016648682,1.590361,-0.31030395893524576,2.1002063903480526,77.08129584455641,-0.34982006989904635,2.5089107101124606,72.54472366540605,0.41061020934676096,-4.536572179150358
1785126518974579346,27.050006348,1.652634,-0.31088771561299844,2.1008368982454355,77.34187940224054,-0.34675602186576887,2.507348758153598,72.96520121562097,0.4080912001494716,-4.376678186619569
1785126519007937012,27.083364014,1.723089,-0.31181259027688313,2.1019387916352956,77.83110151689932,-0.3454866583156377,2.5094997240285672,73.42368854619679,0.4089496991948418,-4.407412970702542
1785126519041294922,27.116721924,1.656281,-0.3122834886410474,2.102893359908729,78.28134890161607,-0.34848422910944993,2.5114667217683597,73.79566960596132,0.41017396995877425,-4.485679295654745
1785126519074652588,27.15007959,1.634539,-0.31236852260213543,2.1042380739722635,78.68334354799372,-0.3463544517481219,2.511283453084873,74.29946232709483,0.4084617289745074,-4.383881220898884
1785126519108010254,27.183437256,1.509323,-0.3121289859313947,2.105490806049288,79.09283393581094,-0.34671149967058756,2.5125450731633614,74.68792657980032,0.40852065631042084,-4.404907356010624
1785126519141368164,27.216795166,1.607739,-0.3118895505864765,2.106867574247969,79.47618698961772,-0.3452102866138497,2.5115585930596525,75.13801483723074,0.4060604538196797,-4.338172152386973
1785126519174725830,27.250152832,1.470364,-0.31158077867559053,2.1081772333712845,79.92403758541603,-0.3449550329280051,2.5132848768550056,75.5703875149893,0.40648006550855414,-4.353650070426732
1785126519208083496,27.283510498,1.445761,-0.31146742208109957,2.1090131849402294,80.29536512218004,-0.34581569233650056,2.5156017069570065,75.93920164785506,0.40803679969498496,-4.356163474324976
1785126519241441406,27.316868408,1.473843,-0.31155706008426554,2.1099291301018006,80.67407777829042,-0.34595926947014727,2.5166386486660155,76.31327577321693,0.4081619096649827,-4.360802005073506
1785126519274799072,27.350226074,1.363648,-0.31181649301314307,2.110445196539306,81.12650469419268,-0.34617034818068326,2.5152928627347206,76.7547817870391,0.406302621439668,-4.37172290715358
1785126519308156982,27.383583984,1.363835,-0.3120997070480217,2.1109900591527504,81.52823009041808,-0.3465327119694692,2.517033467971968,77.16723833954003,0.4075007750587116,-4.360991750878054
1785126519341514648,27.41694165,1.449858,-0.3126936574124115,2.11155888685206,81.95812429597821,-0.3474682536804005,2.5167034056698285,77.62087535515971,0.40663417671622604,-4.3372489408185
1785126519374872314,27.450299316,1.293649,-0.3134287256592351,2.1119838093440513,82.40959615876693,-0.3471121721798491,2.5162056791823737,78.1047015326404,0.4056228477602029,-4.304894626126527
1785126519408230225,27.483657227,1.403746,-0.3143067301710235,2.112403298292956,82.81800252971648,-0.3495412680463328,2.5168613785691294,78.49097114114109,0.40598991534270157,-4.327031388575402
1785126519441587891,27.517014893,1.290451,-0.3152584469949319,2.1128486177637176,83.2630384317301,-0.3508776969624078,2.51743151183091,78.90455520211842,0.4061478168598601,-4.358483229611675
1785126519474945557,27.550372559,1.292551,-0.31640370975676146,2.113170370966956,83.72910570043197,-0.35193586391102916,2.519657824329754,79.32378649808629,0.40803747832792925,-4.405319202345675
1785126519508303467,27.583730469,1.219305,-0.31777413872857463,2.113543048691818,84.16839165891754,-0.356423886235436,2.5208841934005966,79.69208593838566,0.40917063818778854,-4.4763057205318875
1785126519541661133,27.617088135,1.454102,-0.3190873343701115,2.113778249035612,84.69089199427017,-0.35389049217864577,2.5189037972564994,80.35069577544776,0.40661771925817525,-4.340196218822413
1785126519575019043,27.650446045,1.102383,-0.320411718721226,2.1140321774945274,85.2107724404515,-0.3566217872126071,2.5196230406367515,80.83485279593027,0.4072040241999148,-4.375919644521241
1785126519608376709,27.683803711,2.62154,-0.32197863812469996,2.1141457837748545,85.70575541626913,-0.3595154874725142,2.5202400694240605,81.25873931475455,0.4078254331155665,-4.447016101514576
1785126519641734375,27.717161377,1.088702,-0.32336657178631134,2.1141156087147954,86.15667436104056,-0.3599513469340642,2.51951641033236,81.77910067018553,0.40704822284930264,-4.377573690855041
1785126519675092285,27.750519287,1.222165,-0.3247813840865664,2.11412462077349,86.64692463208767,-0.3612918383078348,2.5200638955028136,82.25230198218644,0.4075778551825562,-4.394622649901237
1785126519708449951,27.783876953,1.093134,-0.32599881458252145,2.1137080590314286,87.10897260413883,-0.36395740164028606,2.5185136051236334,82.67147086419023,0.40658133808431257,-4.437501739948599
1785126519741807617,27.817234619,2.172054,-0.32714207855342803,2.1133610373689304,87.56864812646258,-0.3655693686843463,2.5196238701623748,83.177807568248,0.4080761521286926,-4.39084055821458
1785126519775165527,27.850592529,2.384059,-0.3289426487438938,2.1129831752792314,88.11638239592544,-0.36642466435448606,2.518037308742946,83.70975396605567,0.4067846512963258,-4.4066284298697695
1785126519808523193,27.883950195,2.316156,-0.3306380371845311,2.1124728054530486,88.70278141967273,-0.36741292823462424,2.5164021647737473,84.31552447569062,0.4055999506077095,-4.387256943982112
1785126519841881104,27.917308106,2.241345,-0.3324745557672384,2.1120094101877496,89.29104877354659,-0.36927697180173563,2.515541050386508,84.94375424271581,0.4052063702207513,-4.347294530830782
1785126519875238770,27.950665772,2.391356,-0.335332223130407,2.1114452876756116,89.93689938276367,-0.3726612796350037,2.5150701390438464,85.54425546599404,0.4053473561052952,-4.39264391676962
1785126519908596680,27.984023682,2.444098,-0.3388110812269842,2.110495203661817,90.62429586441165,-0.3783881411127207,2.5174857742268713,86.13076702687661,0.4089103424933974,-4.493528837535038
1785126519941954590,28.017381592,2.482534,-0.34223295002134446,2.109443608002411,91.268669680722,-0.3802474731116922,2.5147528334725333,86.8729746906356,0.40708803988446673,-4.395694990086396
1785126519975312256,28.050739258,2.546715,-0.34540509884813075,2.1084870548216874,91.9396294759908,-0.38518123429169304,2.5124016768919586,87.49373593927547,0.4058684058571135,-4.445893536715331
1785126520008670166,28.084097168,2.573707,-0.34851412488886035,2.1077022402264665,92.65119879800555,-0.3890211030833895,2.5112018693745544,88.2132428232455,0.40552776231115983,-4.43795597476006
1785126520042028076,28.117455078,2.453596,-0.3518274131301815,2.107250004437597,93.33660293739115,-0.3942922343999184,2.510204592754065,88.8286430432912,0.4051859589012985,-4.507959894099958
1785126520075385742,28.150812744,2.456026,-0.35508799803679125,2.106150276392807,94.02234872818534,-0.39539448127988563,2.5078733134884725,89.57258931904897,0.4037400291335892,-4.449759409136368
1785126520108743652,28.184170654,2.509483,-0.3593042507890689,2.1056097598066703,94.61766381060052,-0.3973420949458989,2.5053397270961644,90.1718069148864,0.40153570742507977,-4.445856895714112
1785126520142101563,28.217528565,2.650679,-0.36117580608812005,2.1051525753318674,95.14534202756334,-0.4001425081422019,2.5034418780197023,90.70407693834282,0.40019092006757645,-4.441265089220531
1785126520175459229,28.250886231,2.491223,-0.36307718362972774,2.1040647564829515,95.84683874447347,-0.40839250308376585,2.507352961683562,91.26380071216104,0.40582613842771553,-4.583038032312423
1785126520208817139,28.284244141,2.741852,-0.3680024088618816,2.103212462184094,96.4339036718383,-0.4111653375220008,2.5066393264150064,91.98953466846339,0.4057293102472453,-4.4443690033749
1785126520242175049,28.317602051,2.538294,-0.3746287625482766,2.103043369203317,96.87664315655013,-0.4122825066453787,2.502233811489667,92.45713615518052,0.40096235940210384,-4.419507001369612
1785126520275532715,28.350959717,2.781288,-0.3803548137767654,2.103042093322901,97.40517426969583,-0.42596632447117677,2.511648884005288,92.75080044153817,0.41114464522791333,-4.654373828157655
1785126520308890625,28.384317627,2.63805,-0.3857418656403856,2.104045047378792,97.84794701270393,-0.42878307780646957,2.5212189762988153,93.39892627883714,0.41938840341060263,-4.449020733866794
1785126520342248535,28.417675537,2.746105,-0.39104326359551433,2.105356113686531,98.24819057930071,-0.43253579104461876,2.522580940683307,93.92759695360058,0.4192829427684894,-4.320593625700118
1785126520375606201,28.451033203,2.876804,-0.3949866927155803,2.106003469885676,98.86758418501927,-0.44036142542613205,2.5237590953279,94.438180321894,0.4202125997125475,-4.4294038631252635
1785126520408964111,28.484391113,2.881624,-0.39891839444576604,2.1075115656659076,99.51354297198692,-0.4464229209470351,2.5252025974868997,95.06890184885808,0.42038372720860023,-4.444641123128847
1785126520442322021,28.517749023,2.844005,-0.4031255192279152,2.1084389869172666,100.11974683821352,-0.45101015103067094,2.528534482128444,95.74067307022936,0.42281575545337685,-4.379073767984156
1785126520475679932,28.551106934,3.003798,-0.4086260013186833,2.108774103947913,100.66823593448277,-0.45586907291660267,2.531688380139142,96.31041885201583,0.42554481881507766,-4.357817082466939
1785126520509037598,28.5844646,2.880819,-0.41369243303246406,2.1092512656684455,101.12491766918399,-0.4598656563802829,2.533127931155947,96.85954385343473,0.4263840922210053,-4.265373815749251
1785126520542395508,28.61782251,2.799332,-0.4179792671378777,2.1091924812715126,101.63217312533376,-0.46612101348477064,2.5301700675125374,97.34947599568082,0.42372131862658036,-4.282697129652949
1785126520575753418,28.65118042,0.335106,-0.4227521242323099,2.108464285922751,102.35231901480203,-0.4719569888860025,2.529532559117361,97.95931172687627,0.4239334964315499,-4.393007287925769
1785126520609111084,28.684538086,0.244461,-0.426713392784174,2.1076710466434303,103.09406467300451,-0.4756533365214183,2.52744911307344,98.7211052323459,0.4226212762612906,-4.372959440658603
1785126520642468994,28.717895996,0.321896,-0.43062556479552017,2.1066688823715016,103.8771774565772,-0.48130949314237537,2.5262853406607824,99.46540281539303,0.42266633726842834,-4.411774641184159
1785126520675826904,28.751253906,0.207881,-0.43405791323947096,2.105682877061983,104.55702687638563,-0.48284386807530844,2.5280140315424244,100.29151232703173,0.4251395928798293,-4.265514549353902
1785126520709184814,28.784611816,0.234294,-0.4372529215595182,2.1047092472087394,105.14604643483487,-0.4884876637550183,2.5273390121600663,100.85021504604526,0.4257239916080055,-4.295831388789609
1785126520742542480,28.817969482,0.166776,-0.4404822602415144,2.1034010580348563,105.78484828771622,-0.4908998254381005,2.52454216482444,101.49710912131498,0.42414827915283076,-4.287739166401243
1785126520775900391,28.851327393,0.183412,-0.4435513353963302,2.1024553126917565,106.42744484594448,-0.4943963954265602,2.52234491070767,102.11481233307859,0.4229568472686584,-4.312632512865879
1785126520809258301,28.884685303,0.074642,-0.44611231394943596,2.101708251061208,107.02164930469226,-0.4977337251240472,2.520091085702073,102.70291358362147,0.42155541321845624,-4.318735721070787
1785126520842616211,28.918043213,0.207628,-0.4483477541130494,2.101014807542007,107.62486973149906,-0.5004857241134314,2.519530744999062,103.2929891832184,0.4217510614347262,-4.331880548280658
1785126520875974121,28.951401123,0.123415,-0.4502084021428109,2.100473747246993,108.0950652900526,-0.5017940211735583,2.519591366110605,103.90111666663262,0.42228030327341726,-4.193948623419983
1785126520909331787,28.984758789,0.051129,-0.4523602638103694,2.099877306318906,108.78893021049686,-0.5051655923905566,2.516473764642816,104.40364822848782,0.419929770097914,-4.38528198200903
1785126520942689697,29.018116699,0.248726,-0.45472223467665995,2.099202466072377,109.2963126056511,-0.5060625417577745,2.515995151635337,104.95108037292115,0.4199428173810899,-4.34523223272995
1785126520976047607,29.051474609,0.026946,-0.4581782585678381,2.0984898909217162,109.70008343823876,-0.5093049639601924,2.5138545363185893,105.31792020678913,0.4184993771201419,-4.382163231449637
1785126521009405518,29.08483252,0.030327,-0.46085856403343706,2.098072561467209,109.92830155177995,-0.5174471593285811,2.504409604000295,105.2708921733387,0.4102585297736205,-4.65740937844125
1785126521042763428,29.11819043,3.208776,-0.4631647134802789,2.096967548671534,110.16823174004442,-0.5227406924312861,2.5044470733410384,105.37625097880714,0.4118116806173136,-4.79198076123729
1785126521076121338,29.15154834,3.283589,-0.4676893885514667,2.0956065853883583,110.33269475876833,-0.5284764020983279,2.503691029546035,105.53230567238693,0.4125869297244232,-4.8003890863814025
1785126521109479248,29.18490625,3.279246,-0.47490803038144125,2.0939761716309713,110.32403991395533,-0.5356948382680862,2.498018690546213,105.40032041312253,0.4085895166354877,-4.923719500832797
1785126521142836914,29.218263916,3.218642,-0.4815238013765699,2.092475336997015,110.34214218807678,-0.5438796033064401,2.499382959826533,105.26570365672195,0.41165769706284683,-5.076438531354815
1785126521176194824,29.251621826,3.205477,-0.48647094777373545,2.0918237758593063,110.27343208432897,-0.5471343952205766,2.5045358129855373,105.40814452753362,0.41714659227305106,-4.865287556795363
1785126521209552734,29.284979736,3.136285,-0.4934405089153908,2.0914281808330983,110.19512177671929,-0.5543076837034141,2.504853722673429,105.3000025552887,0.41788215038769805,-4.895119221430586
1785126521242910645,29.318337647,3.076866,-0.4985203029826325,2.091224598268514,110.33837573887118,-0.5651772492317049,2.506004999433124,105.2775321741995,0.4201022847754185,-5.0608435646716865
1785126521276268555,29.351695557,3.186487,-0.5021165490238962,2.0919205785550954,110.5095120150646,-0.5707871090712191,2.504730104857433,105.49092645746332,0.41848219893225236,-5.0185855576012806
1785126521309626465,29.385053467,3.065558,-0.5063193077462146,2.0932597526201238,110.57834890853856,-0.5773903912201327,2.506510239127251,105.6080854334664,0.41931737801399777,-4.970263475072156
1785126521342984375,29.418411377,3.042618,-0.5117705917341531,2.0933115477198254,110.64739075213076,-0.5799265874366379,2.5079108023934387,105.82255920972456,0.4201639938477746,-4.8248315424062085
1785126521376342285,29.451769287,3.707063,-0.5170106549388293,2.0924091994820917,110.68081064439727,-0.5859588979682393,2.513637959489801,105.98076529544421,0.4268343103295177,-4.700045348953056
1785126521409699951,29.485126953,0.3404,-0.5235540132071067,2.0920535618076395,110.69755556087873,-0.5928817789302234,2.5118085679877487,105.98348073494702,0.42544165794315775,-4.714074825931709
1785126521443057861,29.518484863,0.376453,-0.5286221978419834,2.091386846569266,110.79734982049565,-0.6012109878828898,2.507339508974797,106.0002326314985,0.42223897238631614,-4.797117188997141
1785126521476415771,29.551842773,0.428956,-0.5336194221848438,2.0903376282658495,111.03527856516638,-0.6073944743935895,2.5057961532375406,106.20027935193924,0.42195798878568047,-4.834999213227134
1785126521509773682,29.585200684,0.086163,-0.5377378870972616,2.089167352723649,111.29834556578965,-0.6113644650163905,2.50313942332979,106.47972837504386,0.42046848659324887,-4.818617190745773
1785126521543131592,29.618558594,0.451233,-0.5426077752928342,2.088066834188815,111.49727017293459,-0.6176215245843553,2.500100259646195,106.62428354865098,0.41880616790696096,-4.872986624283614
1785126521576489502,29.651916504,0.516611,-0.5474768774819226,2.0868195486582266,111.55803663234252,-0.6183957668344267,2.4989978929705514,106.79050321081343,0.4182349535692134,-4.767533421529102
1785126521609847412,29.685274414,0.519523,-0.5508753278168637,2.0856945963018494,111.52437002689398,-0.6239026284511515,2.494836183510556,106.68604417986886,0.4156077778646476,-4.838325847025117
1785126521643205322,29.718632324,0.603259,-0.5557837668396656,2.084482843260488,111.44159658482066,-0.6293722681591314,2.4920444119699394,106.51798426271155,0.4141517835472327,-4.923612322109105
1785126521676563232,29.751990234,0.620477,-0.5615250460196338,2.0826818367264326,111.31337764447763,-0.6369031311856785,2.4900350267770324,106.29194483484287,0.41426860509541336,-5.021432809634767
1785126521709921143,29.785348145,0.632212,-0.5683698171698397,2.081042617412803,111.1746202078714,-0.6445737737742171,2.4904661520213374,106.07933815166906,0.4164548879452701,-5.095282056202343
1785126521743279053,29.818706055,0.613905,-0.5764594824989564,2.0796517339271077,111.01372395917099,-0.6545622213894355,2.488684516579846,105.82171862343972,0.41642268803084775,-5.19200533573127
1785126521776636963,29.852063965,0.302343,-0.5842608484906897,2.078208770753357,110.82445944032015,-0.6635047896378702,2.491952394105033,105.69039324247619,0.42126403605424373,-5.134066197843957
1785126521809994629,29.885421631,0.695541,-0.5931257975935056,2.076418049790166,110.46433849144147,-0.670652034284793,2.494140686962951,105.40691100064046,0.42485588024893783,-5.057427490801006
1785126521843352539,29.918779541,2.492077,-0.5974149684291223,2.0752590958365045,110.29555414845272,-0.6813430585569957,2.4954978837508004,105.17206816755734,0.42853770333564467,-5.12348598089538
1785126521876710205,29.952137207,2.712317,-0.6130444540725766,2.072746241036024,110.37948648762048,-0.6897182635127763,2.497432767288916,105.3455741683344,0.43155245177709306,-5.033912319286078
1785126521910067627,29.985494629,2.456692,-0.6182614621692047,2.071638130784421,110.50834834258619,-0.6998291083987433,2.496014532277263,105.57223376363417,0.43214420169133444,-4.936114578952006
1785126521943425049,30.018852051,2.520548,-0.6252662420940118,2.0721520387202763,110.50834046998345,-0.7096912635630399,2.4947871679883367,105.64257367501797,0.4309849611546509,-4.865766794965486
1785126521976782715,30.052209717,2.508581,-0.634875237865706,2.0714442268591915,110.60533862341431,-0.7213468008199307,2.4929881003465573,105.68514255057653,0.4303214710823511,-4.920196072837778
1785126522010140137,30.085567139,2.456089,-0.6442761811007429,2.070092684905934,110.80032018589364,-0.7314235514196714,2.493594025181018,105.94806363553347,0.43237489447040856,-4.85225655036016
1785126522043497559,30.118924561,0.920673,-0.6525861524329917,2.0688687569944118,110.94242410023561,-0.7399879578005513,2.4938998724681953,106.26133218185299,0.4339245610730021,-4.681091918382623
1785126522076854980,30.152281982,0.945747,-0.6624575488636661,2.0651664558932925,111.04102399008201,-0.7541748083102573,2.495946825652423,106.3867870822581,0.4404359007281382,-4.654236907823926
1785126522110212646,30.185639648,1.000152,-0.6705018446816773,2.0625637969106205,111.21555661795465,-0.7674164371317228,2.482847370604461,106.47170585391738,0.4313127873673863,-4.743850764037265
1785126522143570068,30.21899707,0.992563,-0.6797649715800657,2.060547662039317,111.55773334391665,-0.7734777790636905,2.4823510989755375,106.88348962865645,0.43208821980895434,-4.674243715260196
1785126522176927490,30.252354492,1.038379,-0.6859674643945238,2.058091739516497,111.53934099068567,-0.7854264087678742,2.480656817988759,106.83846705130284,0.4341121135837265,-4.700873939382822
1785126522210284912,30.285711914,1.074659,-0.6928993609370215,2.0557861419505103,111.40721737527733,-0.7919940002451841,2.476337236090893,106.72705689279991,0.4320682472969842,-4.680160482477421
1785126522243642334,30.319069336,1.051573,-0.7022977466374338,2.053808970840989,111.36244549414363,-0.8028619532276614,2.4740281046340398,106.5200226748613,0.43208480655179704,-4.842422819282338
1785126522277000000,30.352427002,1.038744,-0.7112183077901935,2.0518077038770817,111.4425743735649,-0.8124685584412794,2.4718493447286076,106.47000845245452,0.4320724398826545,-4.972565921110377
1785126522310357422,30.385784424,1.186127,-0.7208731105754675,2.050135371571478,111.47814599191742,-0.8220120945286606,2.4704110869791576,106.44080340342406,0.4322739536873822,-5.037342588493367
1785126522343714844,30.419141846,1.14039,-0.7303887825667683,2.047886251630381,111.42381175365043,-0.8362604973393889,2.469759167006443,106.21418316427967,0.4349546835209309,-5.20962858937075
1785126522377072266,30.452499268,1.222447,-0.7396833660115945,2.0456781309432546,111.19866641067595,-0.8471238465207258,2.4739874716457497,106.08092692851383,0.44157937925704716,-5.1177394821621185
1785126522410429688,30.48585669,1.236792,-0.7490353898678355,2.0429858979473465,110.84464976163977,-0.8583197369824168,2.4745862286891307,105.82395340223673,0.44522119673335164,-5.020696359403045
1785126522443787354,30.519214356,2.110321,-0.7633526415131267,2.0401738161854825,110.6305163030087,-0.8698480473127675,2.4735839035300504,105.58843089241145,0.44630211210396054,-5.042085410597248
1785126522477144775,30.552571777,2.185622,-0.7718571673792887,2.0371393770565804,110.7681509644224,-0.8819677008031436,2.4728574341791965,105.70510523617855,0.449415792861792,-5.063045728243853
1785126522510502197,30.585929199,2.041339,-0.7774336116945252,2.035213890449954,110.75650804994252,-0.8945196759236759,2.467484603061782,105.74309342293037,0.4478472009721737,-5.0134146270121525
1785126522543859619,30.619286621,2.029377,-0.7858495514878767,2.0341813924748022,110.69588490504027,-0.9031784307004906,2.46722639085807,105.79600281487683,0.4486580396271225,-4.89988209016345
1785126522577217041,30.652644043,1.419149,-0.7944243859481288,2.0322752740294647,110.70958997087268,-0.9120893900688213,2.466348155902499,105.92545568245748,0.449738057064647,-4.784134288415211
1785126522610574463,30.686001465,1.279238,-0.8023658076544311,2.0300395595198744,110.72862874960052,-0.9240141356590891,2.4625886831565524,105.9693864035873,0.4493295673168939,-4.759242346013233
1785126522643931885,30.719358887,1.193924,-0.8067876501689984,2.03029820407514,111.18223184226275,-0.9304100361371904,2.4566067759675607,106.35556681519094,0.44387103169887515,-4.826665027071798
1785126522677289551,30.752716553,1.971991,-0.812941952195946,2.0274027384241102,111.54917049725532,-0.9392109230272038,2.457998717514451,106.67485446554612,0.44872792447490284,-4.8743160317091965
1785126522710646973,30.786073975,1.824131,-0.816987738225452,2.026878642219181,111.86470781642664,-0.944014898922095,2.4528925804863504,106.94755500879906,0.44454895698061697,-4.917152807627587
1785126522744004395,30.819431397,1.920412,-0.8205493987046599,2.0271535962273273,112.05904679182596,-0.946416389958966,2.4521222868442227,107.19327225130694,0.44321652438966014,-4.865774540519031
1785126522777361816,30.852788818,1.801402,-0.8234801359140749,2.0275865834659883,112.17309065447557,-0.9478805839688466,2.4538423657092334,107.33309520628065,0.4440376823784539,-4.839995448194934
1785126522810719238,30.88614624,1.793255,-0.8258954768603629,2.028582426980965,112.30603109450288,-0.9489250526281853,2.455536760662814,107.45470596305461,0.4443267711530806,-4.851325131448281
1785126522844076660,30.919503662,1.763174,-0.8278678442429526,2.0294265006019514,112.40374314572844,-0.9509975832368988,2.45650631027488,107.53855790030619,0.44447507967824507,-4.865185245422257
1785126522877434326,30.952861328,1.765275,-0.8297978493920842,2.0302268379934207,112.47679717850181,-0.953499135269419,2.4576515129316756,107.5939943411418,0.44496501084217727,-4.882802837360012
1785126522910791748,30.98621875,1.697047,-0.8312584862177055,2.030763418323217,112.54442085036206,-0.9562535791870871,2.4578109589886425,107.6258997219352,0.4449644651596493,-4.918521128426869
1785126522944149414,31.019576416,1.64431,-0.8331393060370342,2.031603916405852,112.63665673924665,-0.957183218046797,2.458425031905347,107.68874850058681,0.4444807720733472,-4.947908238659837
1785126522977507080,31.052934082,1.584898,-0.8341780626080926,2.032354077881552,112.71629052738773,-0.9592287769019384,2.4623585904200733,107.79320209070583,0.44781867083552057,-4.923088436681897
1785126523010864502,31.086291504,1.595349,-0.8350633873767974,2.0331340280909576,112.77613522135957,-0.9575069148925432,2.463232638056352,107.9244890091851,0.4471881390697472,-4.851646212174471
1785126523044222168,31.11964917,1.588866,-0.8353973765792478,2.033616013464126,112.78492789259681,-0.9594192024926308,2.4620968853415164,107.85309074777747,0.4460686840248909,-4.93183714481933
1785126523077579834,31.153006836,1.722337,-0.8359223123292399,2.0345027970495018,112.84331483367838,-0.9597907700395659,2.463271965457241,107.91065237434454,0.4463030300060701,-4.932662459333852
1785126523110937256,31.186364258,1.714748,-0.8362052147615615,2.035494878952659,112.89932431399768,-0.9602378409727944,2.4637625769165146,107.95565549445982,0.44586692351431007,-4.943668819537861
1785126523144294922,31.219721924,1.766054,-0.8366150986229597,2.0363608354736438,112.95364153988993,-0.9595975128018054,2.4656300841122154,108.03397983730282,0.4465386456108597,-4.919661702587106
1785126523177652588,31.25307959,1.780882,-0.8370332790682977,2.037205304776707,113.02906299447997,-0.9623130533436625,2.465311246412608,108.0253667838986,0.4460602191480962,-5.003696210581361
1785126523211010010,31.286437012,1.873667,-0.8374831004466828,2.0380938801358557,113.07859899187166,-0.9604202018211778,2.4683135863586747,108.15685324893376,0.4474399697353954,-4.921745742937897
1785126523244367676,31.319794678,1.695852,-0.8382165911744961,2.0387199891493295,113.12883461694865,-0.9607016614765614,2.4690203751790167,108.2041798752939,0.4473935791494998,-4.924654741654748
1785126523277725098,31.3531521,1.873753,-0.8386774254218223,2.0394602161416002,113.19798595400172,-0.9615026308416529,2.4684372952367815,108.24154418961301,0.44621448371322164,-4.956441764388707
1785126523311082764,31.386509766,1.691885,-0.8391847182590398,2.040077996677294,113.2485889379359,-0.9614048340867665,2.4697027808247314,108.30736627848675,0.44667125704109834,-4.941222659449155
1785126523344440430,31.419867432,1.970165,-0.8396207964471858,2.0407027324056712,113.29965564178104,-0.9647819918637535,2.4685032592932226,108.26110641962218,0.44573379459422946,-5.038549222158862
1785126523377797852,31.453224854,1.933966,-0.8400874563953553,2.041115655498057,113.33631332847612,-0.9624412369856701,2.4707210173036347,108.36655211499216,0.44668916991219304,-4.969761213483963
1785126523411155518,31.48658252,2.022465,-0.8406289130901502,2.041615660512157,113.36749088221639,-0.9637446609181083,2.4694460154114526,108.35936333124806,0.4451924302326966,-5.008127550968332
1785126523444512939,31.519939941,1.910924,-0.8410516793669751,2.0420680435001155,113.41056794593457,-0.9633606389014167,2.4701425161638664,108.42260567179208,0.44520471215918866,-4.987962274142494
1785126523477870605,31.553297607,2.093122,-0.8416203132466796,2.042496900445414,113.42773239585048,-0.9643221787098782,2.470437359733968,108.41645146175517,0.4451839894742929,-5.011280934095302
1785126523511228271,31.586655273,1.452117,-0.8422178698110474,2.0429079301130315,113.45539011052557,-0.9640135878874608,2.470479909380874,108.45019565954972,0.44458069503383674,-5.0051944509758455
1785126523544585693,31.620012695,1.222003,-0.8428357994384832,2.043194771453975,113.51625454893984,-0.9658242945095147,2.470391249256101,108.44989043509052,0.4445480857751828,-5.0663641138493185
1785126523577943359,31.653370361,1.365962,-0.8436681199442951,2.0433967114371976,113.55201032042137,-0.9659320422951676,2.4717340672498262,108.51189642941475,0.4454451224260679,-5.040113891006625
1785126523611300781,31.686727783,0.616095,-0.8444054651833295,2.0434225823375,113.6098395192362,-0.9670861607158983,2.4714606003106074,108.54648460254418,0.44527193700782564,-5.063354916692024
1785126523644658447,31.720085449,1.195883,-0.8453493550791107,2.0434369147263283,113.70472035896671,-0.9674062236024494,2.4719282711981845,108.66227750250548,0.44553644264506015,-5.0424428564612445
1785126523678015869,31.753442871,0.965769,-0.8461655940030721,2.0433817324121386,113.79315970310508,-0.9697665090618195,2.471347980183977,108.69279270119564,0.4454574002475053,-5.100367001909441
1785126523711373535,31.786800537,1.166949,-0.8480786428587788,2.042927956620511,113.89473205830738,-0.9725992026997452,2.4695114180020528,108.72474910145073,0.4443858901308243,-5.169982956856659
1785126523744731201,31.820158203,1.101815,-0.850013508471646,2.0425367967523296,113.9494610549969,-0.9732527239987143,2.4694728253238933,108.81764788518743,0.44436727685123967,-5.131813169809488
1785126523778088623,31.853515625,1.079602,-0.8521107977433331,2.0420571281129463,113.9578000296588,-0.9751851151055785,2.469886086541201,108.84811949701928,0.445179632579915,-5.109680532639523
1785126523811446289,31.886873291,1.030918,-0.8544293476293454,2.0415940821191283,113.92076577647853,-0.9800108833466784,2.466858730269657,108.70243347591483,0.44341937607609877,-5.218332300563703
1785126523844803711,31.920230713,0.937895,-0.8564861624416764,2.0413060144882427,113.8374706937158,-0.9815036156333385,2.469186788334083,108.65448916285456,0.4457704793158073,-5.182981530861231
1785126523878161377,31.953588379,0.903279,-0.858444286651304,2.041072806227434,113.7846096985734,-0.9844250052743635,2.4695074742232133,108.56236022458246,0.4465729573154158,-5.222249473990947
1785126523911519043,31.986946045,0.948532,-0.8603219487444227,2.0409570194218483,113.7845817206265,-0.9860044943108971,2.4697348617924573,108.55613457394401,0.4468182408631766,-5.228447146682497
1785126523944876465,32.020303467,0.861469,-0.8617482400454823,2.040804432793144,113.76653552370776,-0.9869711698539244,2.4700061040395216,108.5678924277244,0.44709602631928363,-5.198643095983362
1785126523978234131,32.053661133,0.857609,-0.8631950338922216,2.040630482678929,113.78772554610994,-0.9896187248081973,2.469630733090302,108.53853919399712,0.4472406113914955,-5.2491863521128135
1785126524011591553,32.087018555,0.847555,-0.8645925452559444,2.0405784614081592,113.83886340892118,-0.9912943067849783,2.470266809773696,108.57618493600737,0.44797925520682674,-5.26267847291382
1785126524044949219,32.120376221,0.85347,-0.8657082905650573,2.0404104392104365,113.87300451566294,-0.9916200660166912,2.470363265251568,108.65045936598186,0.44801027646488006,-5.222545149681082
1785126524078306885,32.153733887,0.686531,-0.8668320329892755,2.0402244579451563,113.92621143100831,-0.9936807727774387,2.470085880711962,108.67826758408795,0.44818684225325905,-5.247943846920365
1785126524111664307,32.187091309,0.735844,-0.8678710723480868,2.040025728666557,113.95203294544119,-0.9947738560051004,2.4705350353726945,108.71144152558975,0.4488235506972624,-5.24059141985145
1785126524145021973,32.220448975,8.932152,-0.8684582818151565,2.0398897561963785,113.97989034834872,-0.9941970285697853,2.4706156213577484,108.79645671772994,0.44870369215600986,-5.183433630618775
1785126524178379639,32.253806641,0.778906,-0.8693828202921048,2.0396285926287634,114.06767347438479,-0.9970474395283244,2.469899395482065,108.76791157017608,0.44881089424472953,-5.299761904208717
1785126524211737061,32.287164063,0.780296,-0.870016591765871,2.039536039206538,114.10004766051347,-0.9965148743230872,2.4697492105194616,108.86629525265785,0.4484252315169701,-5.233752407855625
1785126524245094727,32.320521729,0.704195,-0.8705022386879285,2.0394446771610686,114.1386448458869,-0.9989137542051346,2.468228612468073,108.82476024621876,0.4475993526523324,-5.313884599668157
1785126524278452148,32.35387915,0.62214,-0.870850154960199,2.0394513824215132,114.16277571870428,-0.997915641474451,2.4696088828922425,108.9112348550272,0.44853217618620067,-5.251540863677079
1785126524311809814,32.387236816,0.45234,-0.8710458426511565,2.039553517679732,114.17467750786764,-0.9974124533655547,2.467888485151082,108.91660449243092,0.4465863462558237,-5.258073015436725
1785126524345167480,32.420594482,0.714078,-0.8710476678387344,2.039705789330114,114.21529134574489,-1.0007954795786693,2.469657754439594,108.86528436069993,0.4491026463435785,-5.350006985044955
1785126524378524902,32.453951904,0.509713,-0.8710245038031625,2.0398899550787974,114.25964034702028,-0.9994441188911057,2.4688005590253503,108.92746515190719,0.4477230212052226,-5.332175195113085
1785126524411882568,32.48730957,0.443864,-0.8710485246774264,2.0401277590366544,114.30942460942708,-0.9985276589115009,2.4701944529884465,109.00458771606151,0.44856247158193424,-5.304836893365587
1785126524445239990,32.520666992,0.493414,-0.8709142915459374,2.04028617138192,114.40030167377446,-0.9990423375804584,2.4712241567866315,109.08820907183501,0.4495824100710524,-5.312092601939454
1785126524478597656,32.554024658,0.469527,-0.8709842063932685,2.0404155361355243,114.4619973413555,-0.9981311999263259,2.4714195226458973,109.17974712917533,0.44936710421695214,-5.282250212180178
1785126524511955322,32.587382324,0.405585,-0.8711758523144764,2.040402997852807,114.51847657741753,-0.9988469005135603,2.4719307489045863,109.2273659002466,0.45001788461799974,-5.2911106771709315
1785126524545312744,32.620739746,0.422472,-0.8714989166469786,2.040469401017943,114.55528198772242,-0.9993896576542894,2.4725155751776624,109.27500363887127,0.45057733880150863,-5.280278348851158
1785126524578670410,32.654097412,0.298211,-0.871967979346952,2.040586378489699,114.57338649901465,-0.99945754753254,2.4712145528829157,109.30006836527387,0.4491037904286518,-5.273318133740765
1785126524612027832,32.687454834,0.282435,-0.8721871668358994,2.040574419775002,114.64352714027666,-1.0002952580080087,2.4714387734725474,109.33026247918073,0.4495061449090154,-5.313264661095917
1785126524645385498,32.7208125,0.254971,-0.8723102338681454,2.0406389073265614,114.6913599041874,-0.999924001838883,2.4712428786729173,109.40765171516374,0.4491158580087576,-5.283708189023655
1785126524678743164,32.754170166,0.248965,-0.8725190963146416,2.0407386264189595,114.70044657932058,-1.0004231467276599,2.4712051759945544,109.40900640287184,0.4490666948411716,-5.291440176448734
1785126524712100586,32.787527588,3.141865,-0.8726021825539041,2.040730324607564,114.70891988149361,-1.0013294904762984,2.471505242007494,109.4155565090666,0.44959731901543143,-5.293363372427017
1785126524745458252,32.820885254,3.087312,-0.8730838692391742,2.040836853954803,114.76937436639743,-0.9993739021424181,2.4722747658937165,109.5125342315254,0.44954181592918824,-5.256840134872046
1785126524778815674,32.854242676,3.144096,-0.8730480914647918,2.040923817401123,114.82728364965605,-1.0002953449313834,2.4723841032549503,109.52416206421807,0.44983312659680513,-5.303121585437984
1785126524812173340,32.887600342,3.175375,-0.8727488191521467,2.0411792972219365,114.91807870107743,-1.0002223340018084,2.472806074061529,109.61044713939935,0.4500568536008117,-5.307631561678079
1785126524845530762,32.920957764,3.1325,-0.8726916201597411,2.0415860157834884,114.98626540069988,-1.0002136286841194,2.4716573696590824,109.66222322261046,0.44857912577657694,-5.324042178089412
1785126524878888428,32.95431543,3.179037,-0.8726162053546327,2.0420341834572855,115.0629267961695,-1.0000419001931473,2.47355415720407,109.75924243065,0.4499408799470256,-5.303684365519509
1785126524912246094,32.987673096,0.052443,-0.8725846328982574,2.0426395264370023,115.16726720130382,-1.00034059237479,2.4742445022488386,109.84030589032082,0.4501160298493103,-5.3269613109829885
1785126524945603760,33.021030762,0.070278,-0.8727207872689169,2.043263575947539,115.23843115043266,-1.0004999886763224,2.474500867988296,109.90812729815401,0.4497700816627972,-5.3303038522786474
1785126524978961426,33.054388428,0.022072,-0.8728364721327624,2.043944664387068,115.31602228719635,-0.9990035481383635,2.4762500048623868,110.0314883092564,0.4503399143661203,-5.284533977939944
1785126525012319092,33.087746094,0.024465,-0.8732181273093984,2.044697794349853,115.37739593551947,-0.9996851615167207,2.4774676513713225,110.08839915497099,0.45086989241640324,-5.288996780548488
1785126525045676758,33.12110376,0.107811,-0.8734723612771575,2.0455873558810036,115.46831026379562,-1.0001853715878328,2.478315674229013,110.16622657800869,0.4508990845879922,-5.302083685786932
1785126525079034424,33.154461426,0.058413,-0.8737439242791156,2.046529149256954,115.58815262485237,-1.0009081873292527,2.47848405747653,110.24710612507623,0.450284124228322,-5.341046499776128
1785126525112392090,33.187819092,0.10185,-0.87402583617075,2.047401359879418,115.66521403845607,-1.001608339191845,2.4792646903392432,110.32549402326659,0.4503145914502215,-5.339720015189488
1785126525145749756,33.221176758,0.004677,-0.874266638735864,2.0482020236018057,115.76272459047027,-1.0009298120609116,2.480391176772396,110.43225496577597,0.4503676538064017,-5.3304696246942935
1785126525179107422,33.254534424,3.169399,-0.8744608740387612,2.0492211313436246,115.87921399874713,-1.001463859563143,2.482438935978875,110.54761209749469,0.4514503567227435,-5.331601901252438
1785126525212465088,33.28789209,3.148134,-0.8745934633944574,2.0500113200277705,115.97703779330514,-1.0009706928844013,2.4830116524600436,110.65901696441811,0.4510659508542104,-5.318020828887035
1785126525245822754,33.321249756,10.118952,-0.8745730855301372,2.0505423840715666,116.06206527060533,-1.0008076534790962,2.4834953365504218,110.7856273381316,0.45098051532789984,-5.276437932473734
1785126525279180420,33.354607422,3.131354,-0.8746605562993207,2.052014179173958,116.23135398342416,-1.0010188427204458,2.485638806866675,110.92308607527862,0.45165997640806127,-5.308267908145527
1785126525312538086,33.387965088,3.122963,-0.8748402633140314,2.0529127055887284,116.32650256181951,-1.001725496099429,2.4862637550656284,110.98913252458217,0.45154511887710086,-5.337370037237343
1785126525345895752,33.421322754,3.076903,-0.8749541203795635,2.0541096989025895,116.45886026382603,-1.0016447025189015,2.486479252155084,111.09725951922543,0.4505484815006771,-5.361600744600586
1785126525379253418,33.45468042,3.113573,-0.8750023790431676,2.0554449345330923,116.57089773803332,-1.001688531993272,2.4877312062984887,111.24105711466338,0.4504673152473144,-5.329840623369942
1785126525412611084,33.488038086,3.10566,-0.8753381105527689,2.0566503696722074,116.66968296688634,-1.0023625320438365,2.490644005908814,111.34478186271407,0.45220092873523865,-5.3249011041722785
1785126525445968750,33.521395752,3.04434,-0.8757662293817322,2.058021173768206,116.7593444326102,-1.0023408326339924,2.490941066533434,111.4398776309763,0.4510440818149858,-5.319466801633911
1785126525479326416,33.554753418,2.955603,-0.8765319717886226,2.0594506629088087,116.82963185926499,-1.0034437013932127,2.491943117962306,111.47822026874496,0.45072864429657683,-5.351411590520032
1785126525512684082,33.588111084,2.987982,-0.8770799055053731,2.0607593682106637,116.94088078719257,-1.0030344557996982,2.493966407816482,111.61445697324012,0.4511461934937305,-5.326423813952443
1785126525546041748,33.62146875,2.925471,-0.8776187189098266,2.062289174416668,117.06161915909489,-1.0047783403359243,2.4954801315364996,111.69929139699946,0.4514686862359606,-5.36232776209543
1785126525579399414,33.654826416,2.840786,-0.8783491816084501,2.063819547230944,117.17058471092459,-1.005203564252618,2.496625669877184,111.80106754286044,0.4510134966895168,-5.369517168064156
1785126525612757080,33.688184082,2.816899,-0.8790362888507233,2.0652685811104377,117.29223122277587,-1.0068177152642634,2.4982213560850735,111.87414214174362,0.45141577098559216,-5.418089081032246
1785126525646114746,33.721541748,0.434938,-0.8797099768006855,2.0664903898122926,117.36813719102011,-1.0055773141547568,2.500313206093339,112.03864012474263,0.45171320828444034,-5.329497066277475
1785126525679472412,33.754899414,0.596155,-0.8814475329114696,2.0672627587272867,117.46758292338764,-1.0075745685400386,2.5014164774909804,112.0790173685334,0.4521033959536189,-5.388565554854248
1785126525712830078,33.78825708,0.452196,-0.8820668174062929,2.068474072034882,117.62227730172162,-1.008134287558891,2.503652597979529,112.21864571317288,0.4530710280673793,-5.403631588548745
1785126525746187744,33.821614746,2.688923,-0.8827115835894833,2.069881587805705,117.78158722763257,-1.0082800329566444,2.5043459793811578,112.3690868779294,0.45224633002767595,-5.412500349703165
1785126525779545410,33.854972412,2.7337,-0.8832212878503921,2.0709070090182293,117.92587195299927,-1.0099974996762258,2.5048795533427364,112.43943744938571,0.45211102299368333,-5.486434503613555
1785126525812903076,33.888330078,2.63185,-0.883664110682264,2.071930900015725,118.10521433096844,-1.010946849638811,2.5038032465199276,112.53445877637878,0.45023840275050553,-5.570755554589648
1785126525846260742,33.921687744,2.752921,-0.8839291793772364,2.072927945981278,118.27711105310539,-1.0104386859115002,2.5057645067381658,112.7327527677877,0.4509458321920647,-5.544358285317693
1785126525879618408,33.95504541,2.649401,-0.8840818685018618,2.0736317597422755,118.4956016822147,-1.010692609937112,2.5057445843101545,112.90962450073164,0.4502796608806735,-5.585977181483052
1785126525912976074,33.988403076,2.670098,-0.8841361569462443,2.0744677831080947,118.687654991177,-1.0117742648081745,2.5061555872812082,113.0893959860691,0.4501620228877356,-5.598259005107889
1785126525946333740,34.021760742,2.547028,-0.8843501827850828,2.0752902706291785,118.88758270466359,-1.0117544244316552,2.507436840650861,113.30361067221327,0.4505357907769851,-5.583972032450311
1785126525979691406,34.055118408,2.906041,-0.8852197797254823,2.076433371904423,119.06632644598417,-1.0120716731221857,2.5105366517148644,113.54075843413736,0.4522577366950299,-5.52556801184681
1785126526013049072,34.088476074,2.530724,-0.8869902791690637,2.0781305679274915,119.16086970996143,-1.0126210543095764,2.5106687237998906,113.63616442433202,0.4504135299343281,-5.524705285629399
1785126526046406738,34.12183374,4.197732,-0.8880853713903851,2.0794171186764117,119.25117677213248,-1.0148692264655246,2.5135492709316933,113.74317393252042,0.45226637231781563,-5.508002839612062
1785126526079764404,34.155191406,2.387343,-0.8882102281563076,2.082268393823826,119.46297528772571,-1.016504690331111,2.517230175000549,113.95133877845852,0.45348783898705525,-5.511636509267178
1785126526113122070,34.188549072,2.685797,-0.8904038315838048,2.084921130109722,119.59885758582301,-1.0188665367473309,2.51821224171193,114.08799138085331,0.4519334619293067,-5.510866204969704
1785126526146479736,34.221906738,2.369132,-0.8927635170110679,2.0870793327578,119.67182908652386,-1.0214702362042727,2.5183821160107147,114.13598374130045,0.4500972232831359,-5.5358453452234055
1785126526179837402,34.255264404,2.617757,-0.8938346719914247,2.0883603283571928,119.64386034292406,-1.0222388617503155,2.5210706027485634,114.18043674900929,0.4513599644535307,-5.463423593914761
1785126526213195068,34.28862207,1.034862,-0.894134531464059,2.0899690238607276,119.6392992310292,-1.0238167619897651,2.5247164355404283,114.21603317583045,0.45367696974424615,-5.4232660551987495
1785126526246552734,34.321979736,0.574895,-0.8961344460680465,2.0914296996812247,119.67144285100126,-1.0279631503868911,2.5271950766023745,114.23435475837404,0.45526944879446624,-5.437088092627223
1785126526279910645,34.355337647,0.852093,-0.9000083540594758,2.093313083581293,119.61783084450909,-1.0301623433533504,2.5311933099259636,114.26687791145062,0.4568141345807612,-5.350952933058459
1785126526313268311,34.388695313,2.328127,-0.9043650188898471,2.096498983034071,119.57725413710949,-1.036672127156005,2.5303205218758222,114.08999448813321,0.4535485624062521,-5.487259648976271
1785126526346625977,34.422052979,2.282543,-0.9112829843227438,2.1003238932498522,119.47838906710653,-1.0395255618275816,2.5360017835245308,113.97935416495689,0.45416008494723437,-5.499034902149653
1785126526379983643,34.455410645,2.366421,-0.9162884122060696,2.1033997772334714,119.28745828623812,-1.0464012371111835,2.5457301909941186,113.82435527226914,0.4610699970096234,-5.46310301396898
1785126526413341309,34.488768311,2.182554,-0.922506144153961,2.105810668209365,119.10516185710455,-1.0533575321449924,2.551040258232643,113.61745179013111,0.46405977370536583,-5.487710066973442
1785126526446698975,34.522125977,4.443144,-0.9284939860564931,2.109587516237902,119.07701153572984,-1.0594743316208617,2.5549626213802696,113.56281895344723,0.4642357539060691,-5.514192582282605
1785126526480056641,34.555483643,1.298687,-0.934071189810608,2.1129046227178234,119.15058013661199,-1.067108860426345,2.5584123496157427,113.58182940363676,0.4649474771720053,-5.568750732975229
1785126526513414307,34.588841309,1.083202,-0.9380820390443128,2.1148965039498027,119.35143209346133,-1.070440892502314,2.5638723177894813,113.82866915582416,0.4680792107130143,-5.522762937637169
1785126526546771973,34.622198975,1.103275,-0.9412669106566074,2.117407940246045,119.42878361180658,-1.0749547513283242,2.5670546837062633,113.94256867107605,0.46909981096547637,-5.486214940730539
1785126526580129639,34.655556641,1.23922,-0.9460415429720705,2.120589833727976,119.46263947590208,-1.0803968069099663,2.5710237370108877,113.99915025383439,0.47004471933476843,-5.463489222067685
1785126526613487305,34.688914307,1.238312,-0.951614774634263,2.123949228769782,119.42791149207632,-1.0843364740094648,2.5758445171282194,114.04992943833436,0.47098237878459615,-5.377982053741966
1785126526646844971,34.722271973,1.129162,-0.9567527515908223,2.1266560590884924,119.3489921554672,-1.09353575133742,2.5760974589286887,113.86319296832596,0.469794807240345,-5.485799187141248
1785126526680202637,34.755629639,1.323519,-0.9611820290426452,2.130004266466023,119.58970664582509,-1.1011171926308319,2.5828218447300264,114.08540161398075,0.4739468421598876,-5.504305031844338
1785126526713560303,34.788987305,1.339539,-0.9658630513081099,2.1324833118147217,119.92775709642669,-1.103020673366934,2.5875755046246205,114.47268177235615,0.4753116001586258,-5.4550753240705285
1785126526746917969,34.822344971,1.44878,-0.9688804542495905,2.135111137387713,120.08265589424508,-1.1076582535129753,2.5893562586261365,114.63730723349359,0.4749714809725932,-5.445348660751502
1785126526780275635,34.855702637,0.879959,-0.9710710994192747,2.1376036444953392,120.25186370539737,-1.1098747309481132,2.592200553057925,114.80607376885641,0.4753154714505445,-5.445789936540974
1785126526813633545,34.889060547,1.506098,-0.9723741293128063,2.139968197191763,120.42067582462631,-1.1124965330963426,2.5935680114481015,114.95621654037433,0.4747494913482911,-5.464459284251988
1785126526846991211,34.922418213,1.423174,-0.9736155506730506,2.141221181382566,120.4926435985795,-1.113310013322332,2.5953119021961064,115.05956064257427,0.47509254427304165,-5.43308295600524
1785126526880348877,34.955775879,1.524309,-0.9746334314599828,2.1420972305584804,120.56453799555027,-1.1145177813612335,2.595458789376096,115.10943653340223,0.474451614351594,-5.455101462148039
1785126526913706543,34.989133545,1.517679,-0.9752142110236639,2.142679626864489,120.63944676899028,-1.1148827260723195,2.596216634211226,115.19315514093103,0.474555698658156,-5.446291628059256
1785126526947064209,35.022491211,1.619291,-0.9756080639537754,2.142752161403773,120.70823344317748,-1.1159424949703252,2.5959319226821225,115.23885099194418,0.4744108436377069,-5.469382451233297
1785126526980421875,35.055848877,1.587389,-0.9758143588088746,2.1428949901244136,120.80630940010658,-1.1153767774364505,2.596389214636626,115.359815130795,0.4744835933508257,-5.446494269311581
1785126527013779541,35.089206543,1.695915,-0.9760196428761577,2.1429614637266114,120.85293580289334,-1.1154523185766676,2.5967692850419875,115.42449204648683,0.474745205073218,-5.428443756406506
1785126527047137207,35.122564209,1.69459,-0.9762062551768833,2.1431095416387165,120.9158142356832,-1.1152103574779215,2.595531315873927,115.45470428782366,0.47329441393138494,-5.461109947859542
1785126527080495117,35.155922119,1.598694,-0.9763708345395344,2.143383093852859,120.9707053027319,-1.1162514614053338,2.59570126091523,115.4881823207616,0.4734536028240064,-5.482522981970317
1785126527113852783,35.189279785,5.097337,-0.9765235823332734,2.1436702387278532,120.99623482313173,-1.1165325762138851,2.5950764817157856,115.48668570840597,0.47262047625546383,-5.509549114725749
1785126527147210449,35.222637451,1.451975,-0.9767496726872147,2.1441370963928317,121.0635020907523,-1.115683147538116,2.5975399491636617,115.61136290114374,0.4742116166173842,-5.452139189608566
1785126527180568115,35.255995117,1.672705,-0.9770496871017043,2.14459089303404,121.10197285280297,-1.116159748423186,2.5978238638772915,115.64186232450653,0.4741009755529575,-5.460110528296436
1785126527213925781,35.289352783,1.49623,-0.977328153861853,2.144982747090719,121.13285297960682,-1.1157200427988279,2.5973954827103767,115.66717101511568,0.47310632871946073,-5.465681964491133
1785126527247283447,35.322710449,1.533854,-0.9776029941936051,2.1453316243249607,121.18533641497189,-1.1162177683561414,2.598197728172215,115.72274830975435,0.47360507137268165,-5.462588105217528
1785126527280641357,35.356068359,1.416739,-0.9779283828159373,2.1457072795674583,121.22252022184935,-1.116968847559123,2.5989178237163424,115.74849035683715,0.4740591188488295,-5.474029865012193
1785126527313999023,35.389426025,1.53328,-0.9781236712026412,2.1459769797037485,121.24845792210651,-1.1159521397850192,2.5994271433271963,115.80283433352695,0.47393431785627754,-5.445623588579569
1785126527347356689,35.422783691,1.349175,-0.9783085628869741,2.146256892077967,121.28765889399529,-1.1171665230200811,2.599142733989429,115.79930836577036,0.47369517508222625,-5.488350528224923
1785126527380714355,35.456141357,1.420655,-0.9779458372222527,2.1463645854369617,121.28922938107563,-1.1163206475520122,2.5996390110393706,115.83344859857188,0.4739254087290431,-5.455780782503748
1785126527414072021,35.489499023,1.354091,-0.978366382554583,2.146087673902802,121.37763002653969,-1.116512880166016,2.6006321037946925,115.87072573253565,0.4750737769526427,-5.506904294004049
1785126527447429688,35.52285669,1.267021,-0.9775357116866465,2.1458699528629066,121.57795328959031,-1.117589470696555,2.6008936162150786,116.00334414482353,0.47608989657756473,-5.574609144766779
1785126527480787354,35.556214356,5.393725,-0.9760811647264818,2.145682728297303,121.7792768906894,-1.1180642168076182,2.5993159577397065,116.2154577787911,0.4753338762728981,-5.563819111898297
1785126527514145264,35.589572266,1.375166,-0.9732637447249061,2.1452297899631105,122.1883218373976,-1.1179899685125063,2.598113582118327,116.53417616027754,0.4754465364777704,-5.65414567712005
1785126527547502930,35.622929932,1.332443,-0.9708728963979918,2.1448426414964117,122.56076978243233,-1.116492882201523,2.5953589913837307,116.90295372088246,0.47346611471277844,-5.65781606154986
1785126527580860596,35.656287598,3.05378,-0.9694380454125798,2.144116679354017,122.95023979174593,-1.1183567923980828,2.592003303136145,117.20362710004665,0.4719949374375597,-5.7466126916992835
1785126527614218262,35.689645264,1.209566,-0.9693194732694388,2.1431593083307767,123.36631549061929,-1.1202252298592537,2.5932784212116893,117.6155490352197,0.4747417857663723,-5.750766455399579
1785126527647575928,35.72300293,1.149677,-0.9693230768526968,2.1422287603171863,123.80681993337313,-1.1214672081259462,2.5911200530647154,117.99116046394522,0.47397386993951424,-5.815659469427916
1785126527680933594,35.756360596,5.561136,-0.9693372683984591,2.141403336619705,124.19554670129396,-1.1212417768882137,2.5911356957101668,118.4895854883999,0.4746937691950317,-5.705961212894076
1785126527714291504,35.789718506,1.151249,-0.9691743794418503,2.1404887498083105,124.7364739435414,-1.121783927431649,2.5888559222614673,118.94265203624683,0.4736272748388648,-5.793821907294561
1785126527747649170,35.823076172,1.070618,-0.9688033970434633,2.139824797053361,125.22584351079647,-1.1188315893667864,2.5879901986890608,119.47725985431231,0.47261050106307634,-5.748583656484164
1785126527781006836,35.856433838,2.865864,-0.9682735382993418,2.1393135720908663,125.72591896489075,-1.1204313663847205,2.585417606595208,119.86931204377117,0.47133938329903063,-5.856606921119582
1785126527814364502,35.889791504,1.005438,-0.967939688925524,2.1390462325566997,126.1679443113604,-1.1188123744338927,2.5865990182362117,120.41372181813627,0.47229870124953593,-5.754222493224137
1785126527847722168,35.92314917,1.013737,-0.9674899428879795,2.138808496423673,126.62893667540779,-1.119427867210661,2.583094041856266,120.74754985487928,0.4695474190407415,-5.881386820528504
1785126527881079834,35.956506836,1.006777,-0.9672434625780939,2.138766739154987,127.09868411040219,-1.1192967127872973,2.5866209141005427,121.29397890629183,0.4729625280245224,-5.804705204110365
1785126527914437500,35.989864502,0.999817,-0.9669315716352068,2.1389902754576515,127.36674579455502,-1.1173838261589601,2.5835731354049423,121.60128244335436,0.46935040241827064,-5.765463351200661
1785126527947795410,36.023222412,0.920372,-0.9668322159269228,2.138639223308586,127.35350686671465,-1.1169698355477624,2.582360606071158,121.62970273884655,0.4684335282045267,-5.723804127868098
1785126527981153076,36.056580078,0.864298,-0.9670125047720186,2.1380738816443867,127.18154705288381,-1.1161432383735845,2.5832273935761276,121.53937594008598,0.46946951433474765,-5.642171112797826
1785126528014510742,36.089937744,0.808701,-0.9668397910202354,2.1376683391832225,127.06004020962365,-1.1179193928455995,2.5825157313996763,121.33758362304427,0.4698023504086479,-5.722456586579386
1785126528047868408,36.12329541,2.503456,-0.9664968221711874,2.1373262179033934,127.0310853877855,-1.118344848215218,2.581366013979574,121.24854895937135,0.4692858015248753,-5.782536428414149
1785126528081226074,36.156653076,2.605545,-0.9658334537248923,2.136914961186095,127.00579743392265,-1.1184920011355526,2.5824041492564604,121.24269782316826,0.47091957783163585,-5.763099610754397
1785126528114583740,36.190010742,2.546224,-0.9653188057403922,2.1365300386335324,126.95404779507098,-1.121168411195065,2.5828801830273056,121.14150942452795,0.4727764280510603,-5.812538370543022
1785126528147941406,36.223368408,2.526004,-0.9658770414613711,2.137755524949441,126.94847216112831,-1.119622392555075,2.58430886485468,121.20033538564302,0.4722790683096701,-5.748136775485293
1785126528181299072,36.256726074,2.695566,-0.9669262860072207,2.1377251770785732,127.0613328406583,-1.1154790533480352,2.581952056954697,121.3373125876104,0.4684073499520374,-5.724020253047899
1785126528214656738,36.29008374,2.624938,-0.9679775152779468,2.138972527458805,127.22899558960448,-1.1187534277572437,2.584714771731955,121.48240026973335,0.47055236065036304,-5.746595319871127
1785126528248014404,36.323441406,0.666283,-0.969272217695785,2.140631848263406,127.35427985807576,-1.118486810132413,2.586318980517217,121.62624922914489,0.47000214302985366,-5.728030628930869
1785126528281372070,36.356799072,0.664092,-0.9704636856828043,2.142694864261674,127.43001280206265,-1.1188711737988672,2.5888404157415827,121.71637619715518,0.4701814922285132,-5.713636604907458
1785126528314729980,36.390156982,2.720311,-0.9714045329185055,2.144761581277803,127.51531899089237,-1.1201292680467725,2.5918292733839206,121.80567471941627,0.4711566280591449,-5.709644271476086
1785126528348087646,36.423514648,2.76661,-0.9725856535870773,2.1476460153200194,127.62226084919396,-1.1223235680241366,2.5958406177122977,121.90946793625194,0.47254612963554415,-5.712792912942011
1785126528381445313,36.456872315,2.800751,-0.9739123251607935,2.15064153129816,127.73848030847982,-1.1232663719882912,2.599652127895438,122.03708142688201,0.4731988452652796,-5.701398881597807
1785126528414802979,36.490229981,1.313116,-0.9748607093009415,2.1536239497441603,127.8895985304189,-1.1242575937108308,2.6022620283082403,122.15972177555294,0.4728589161780197,-5.729876754865946
1785126528448160645,36.523587647,0.469307,-0.975776648827745,2.1562794168086152,128.02347200558378,-1.1253404651897079,2.6055037758115644,122.35299317068579,0.47346790797937466,-5.670478834897981
1785126528481518311,36.556945313,0.471884,-0.9771020344028987,2.158436869048168,128.16904431667567,-1.1279274583553225,2.6097610916874254,122.51313402156526,0.47585907835341157,-5.655910295110401
1785126528514875977,36.590302979,0.405557,-0.9784271679858884,2.160487387712244,128.37311771537196,-1.128210224611992,2.609467715022284,122.69225629213216,0.473305713428107,-5.680861423239793
1785126528548233643,36.623660645,0.439129,-0.9801034233272934,2.162730068074876,128.5424480513851,-1.1301582056536006,2.6121128191786847,122.87437838509184,0.47377346347027804,-5.668069666293257
1785126528581591309,36.657018311,0.408804,-0.9815796984697427,2.1649867180955606,128.74018386195434,-1.1318655471483134,2.6137841225202307,123.04214039470439,0.47329160834665046,-5.698043467249945
1785126528614948975,36.690375977,0.361074,-0.9829991927896535,2.16724825870464,128.9463832773883,-1.1321612580530913,2.616211107413232,123.2780741920886,0.47309297313972853,-5.668309085299711
1785126528648306885,36.723733887,0.294981,-0.9845788949952147,2.169529442526721,129.13890760875555,-1.1324053138277004,2.618150981801851,123.47713033760624,0.47234937875096705,-5.661777271149291
1785126528681664551,36.757091553,0.390064,-0.9862640670419602,2.1716236519833614,129.41486390891527,-1.1352107192267251,2.620912787890814,123.71489226804867,0.4733347999476848,-5.699971640866592
1785126528715022217,36.790449219,0.282969,-0.9886744758645931,2.173709527188823,129.7872944458947,-1.1363928890483357,2.6224277104357334,124.0828173343164,0.47240738517716974,-5.70447711157828
1785126528748379883,36.823806885,0.204245,-0.9918703704927803,2.175745493266589,130.1152747975603,-1.1413392361448176,2.625039480611126,124.36625231885576,0.4735039903350973,-5.7490224787045205
1785126528781737549,36.857164551,0.26881,-0.9961046433724337,2.178140315461346,130.404996356811,-1.143327556127833,2.626127489533294,124.62686064049421,0.4715581556639156,-5.778135716316818
1785126528815095215,36.890522217,0.149555,-1.000821104111881,2.181084767829574,130.66134202612838,-1.1481578224555247,2.630691860158571,124.86440294903977,0.47313279958676463,-5.796939077088609
1785126528848452881,36.923879883,0.22175,-1.0052512927900108,2.184135145837176,130.87795420313378,-1.1553481274210986,2.6391760907311745,125.13314222358768,0.47915688589051403,-5.744811979546101
1785126528881810791,36.957237793,0.165194,-1.0107343370586253,2.1875428466989515,130.8894887638964,-1.1555367829392638,2.641038217805823,125.2225487421829,0.47605230799605885,-5.66694002171351
1785126528915168457,36.990595459,0.151797,-1.0160148597924077,2.19150567454128,130.82982994449426,-1.1656336056939804,2.6510726528504778,125.1214651194316,0.4833089867542358,-5.708364825062673
1785126528948526123,37.023953125,0.152228,-1.022054020533402,2.1967779255419457,130.962642529743,-1.1716410673619833,2.6564955775647845,125.19952496705093,0.4834424517564505,-5.763117562692063
1785126528981884033,37.057311035,0.223225,-1.0254883763976874,2.199997471450585,131.23537053005091,-1.1807936576140732,2.6653148803843503,125.44627342748853,0.49055073277952976,-5.789097102562367
1785126529015241699,37.090668701,1.18802,-1.0282006294773305,2.202673795346743,131.48746267989907,-1.1837684398296986,2.668124201636308,125.72970394040856,0.4907600476128342,-5.7577587394905025
1785126529048599365,37.124026367,3.295925,-1.0327245119382928,2.206878741720625,131.7824289755215,-1.1869762483709796,2.672446146597549,126.01686030695332,0.4904555093750429,-5.765568668568171
1785126529081957275,37.157384277,3.271502,-1.0395907426461704,2.2132169931993495,132.03047538331361,-1.1909922841304372,2.679397943655427,126.24783996173043,0.4901500844965182,-5.7826354215831675
1785126529115314941,37.190741943,3.372069,-1.046577137813416,2.220029760481434,132.27480651712378,-1.1979785448843931,2.6863349917758943,126.4366157508456,0.4902682477946657,-5.838190766278176
1785126529148672852,37.224099854,3.229317,-1.0520169311560752,2.2256918825684826,132.51384251872767,-1.20526713520368,2.695548346964508,126.73089890020526,0.494217282351969,-5.782943618522398
1785126529182030518,37.25745752,3.283995,-1.0602662881938432,2.2329154811450453,132.8726462371219,-1.213547145502834,2.709492097670602,127.06894854670534,0.5006199083499642,-5.803697690416549
1785126529215388184,37.290815186,3.281326,-1.0667113527198133,2.2400508364123395,133.30563251724206,-1.2229297648749238,2.7178420491465496,127.4401798564386,0.5026814451143897,-5.865452660803463
1785126529248746094,37.324173096,3.205219,-1.0709347621796157,2.2463176808985703,133.72503597111475,-1.228208670540867,2.7228517323441275,127.88608357096992,0.5018164848212344,-5.838952400144843
1785126529282103760,37.357530762,3.241413,-1.0767160883784663,2.251840627555836,134.00669165314326,-1.232978827963396,2.726326505177512,128.15644362373672,0.4995546935471629,-5.850248029406551
1785126529315461670,37.390888672,0.196157,-1.0807446670174388,2.2564977979510177,134.25678643453088,-1.2410749787262614,2.738052171818247,128.52863376780041,0.5075435191619605,-5.728152666730463
1785126529348819336,37.424246338,0.380024,-1.0848221313370199,2.2604351019395805,134.6161926559193,-1.2448652493219348,2.741204913793729,128.8573086915057,0.5067084088552376,-5.758883964413576
1785126529382177246,37.457604248,0.246084,-1.0891903624794237,2.2635205619169385,134.99050319423026,-1.2482586170808578,2.7447802082380686,129.20777472702397,0.5068664092234618,-5.782728467206303
1785126529415534912,37.490961914,0.357233,-1.0934373686326164,2.2668814759562577,135.24362741239375,-1.2542771600674778,2.7510826637361334,129.48878906940794,0.5102158648613861,-5.754838342985796
1785126529448892578,37.52431958,0.327476,-1.097029224019937,2.2685846135856185,135.44135268904245,-1.2549908221437385,2.747143090740745,129.56828261719218,0.5039544449043575,-5.8730700718502495
1785126529482250488,37.55767749,0.31966,-1.0987198702946772,2.2703341635196232,135.64516003985955,-1.2566934572904873,2.7457738397431757,129.6593824035181,0.5009975448202109,-5.9857776363414645
1785126529515608154,37.591035156,0.454412,-1.0996282146153793,2.270730921742237,135.85391405215634,-1.2584613230267074,2.750706972906896,129.88196965702375,0.5055738976838341,-5.971944395132611
1785126529548966064,37.624393066,0.412263,-1.1004592787324021,2.2708502415885,136.03929559362558,-1.2600379749932162,2.751598831942431,130.0175257154773,0.506541772638341,-6.0217698781483024
1785126529582323730,37.657750732,0.417316,-1.1004410337829043,2.270036968732477,136.2220089104407,-1.2603728452356475,2.7524384419525347,130.18946077102328,0.5082217682069884,-6.032548139417432
1785126529615681396,37.691108398,0.517497,-1.0999657770197326,2.2689677795926726,136.3905422485273,-1.259303999231313,2.751608781204153,130.3913120519032,0.508262732741719,-5.9992301966240955
1785126529649039307,37.724466309,0.483694,-1.0994944202249406,2.267731969180269,136.5355496145041,-1.2581436602535951,2.7489001057365483,130.51659481780385,0.506648158980877,-6.01895479670024
1785126529682396973,37.757823975,0.483501,-1.0989840008178202,2.26646854715821,136.69156289748906,-1.2586202474920893,2.749506123972315,130.7152114329472,0.508732770584607,-5.9763514645418505
1785126529715754883,37.791181885,0.47187,-1.0985527523352407,2.2652195564672013,136.8434498317905,-1.2570638430415788,2.744033775156807,130.80103227019475,0.5043697273788849,-6.042417561595752
1785126529749112549,37.824539551,2.669249,-1.0981549839474685,2.2639979391717886,136.98490054000365,-1.257126354628257,2.7439224594546303,130.95146732633003,0.5055684344031423,-6.033433213673601
1785126529782470459,37.857897461,3.836054,-1.0977796631109467,2.2631157528591785,137.1122603155372,-1.256749842124224,2.7423084486578295,131.08832758835337,0.5048734074223873,-6.023932727183837
1785126529815828125,37.891255127,2.732571,-1.0972798951707459,2.262208400532148,137.2314910031942,-1.2547241024105023,2.7397462821014167,131.1905403194623,0.5028231366266076,-6.040950683731903
1785126529849186035,37.924613037,0.626321,-1.0967845477928653,2.2617077487381225,137.33991346195296,-1.2552769677327247,2.740101753851141,131.29407457501574,0.5039649504742048,-6.045838886937225
1785126529882543701,37.957970703,0.739378,-1.0961849927906233,2.2613350214371892,137.45616899248847,-1.254637169473226,2.7389504049600344,131.40596630165888,0.503213222077013,-6.050202690829596
1785126529915901611,37.991328613,0.701997,-1.0955446096469497,2.261119529730789,137.57210335577952,-1.2533904006722556,2.7394283968426434,131.53373643016764,0.5036811154909724,-6.038366925611876
1785126529949259521,38.024686523,0.735189,-1.0949713103661787,2.2609589886496733,137.72141668521118,-1.2532944785046687,2.739328221466531,131.6607445059148,0.5038882301415637,-6.060672179296382
1785126529982617432,38.058044434,0.704723,-1.0945271387995403,2.260968296456988,137.89048951536668,-1.2524033909337067,2.7396125257332895,131.8362556096591,0.504009136035683,-6.054233905707575
1785126530015975342,38.091402344,0.86833,-1.094107168339876,2.2610014048037526,138.0647710641063,-1.252143948491802,2.740005809411789,132.0037433448693,0.5044014705714961,-6.061027719237018
1785126530049333252,38.124760254,0.883163,-1.093704021411613,2.2609512415195674,138.28429216175977,-1.2518213194056222,2.740123931964431,132.20429357151752,0.504586511108943,-6.079998590242219
1785126530082691162,38.158118164,0.94115,-1.0936059867789794,2.260685558969778,138.48786775070278,-1.2519442840692994,2.738822693967412,132.3811840382365,0.5036726479098733,-6.106683712466274
1785126530116048828,38.19147583,0.871101,-1.0935648539693226,2.260375312732923,138.75425020009544,-1.2519645731190514,2.739632848736601,132.65026451292334,0.5047556407243307,-6.103985687172104
1785126530149406738,38.22483374,0.952691,-1.093665451003318,2.260004730164527,139.04651565709003,-1.2511193009068644,2.739244593031655,132.94172736930173,0.5044428223400075,-6.104788287788295
1785126530182764648,38.25819165,1.458905,-1.0941911579799801,2.259573659166968,139.29838912313355,-1.2531875175827807,2.7405574636474923,133.23861328447018,0.5065819405974735,-6.059775838663371
1785126530216122559,38.291549561,1.046255,-1.0949360126607999,2.2590687442292503,139.6622705098968,-1.2539918287945282,2.739386683236169,133.55849153991832,0.5059684527495963,-6.103778969978499
1785126530249480469,38.324907471,1.062042,-1.0955781927731485,2.25874966540905,140.0504464948757,-1.2558310984163257,2.7428807511855005,134.02644598294611,0.5099646085584429,-6.024000511929585
1785126530282838379,38.358265381,1.051603,-1.0965726645087734,2.2582385908502167,140.40586233709575,-1.256536390477694,2.7416038336556885,134.39681719652623,0.5091466896467585,-6.0090451405695475
1785126530316196289,38.391623291,1.144638,-1.0976362575209633,2.2577354959006875,140.86166974367353,-1.2580694407595756,2.7424255796389105,134.86264428985635,0.5105519401179863,-5.999025453817186
1785126530349554199,38.424981201,1.155179,-1.0987227660303485,2.257418168959084,141.28607132772058,-1.2592511014377434,2.740839629670263,135.25492887546483,0.5093777136318381,-6.031142452255759
1785126530382912109,38.458339111,2.238419,-1.10118294434064,2.2579922055939634,141.7250612627907,-1.2611298621619018,2.742809026965175,135.70639706103108,0.5105197026609322,-6.018664201759598
1785126530416270020,38.491697022,2.096269,-1.1023409183989947,2.258364669884664,142.36280943602875,-1.2671112471161707,2.7409334707595083,136.12949864996241,0.5099234342559198,-6.233310786066359
1785126530449627686,38.525054688,2.118397,-1.1037102828721017,2.259659383296254,143.1047972038123,-1.2662491227863912,2.740072900858307,136.87710484072863,0.5071646895605295,-6.227692363083652
1785126530482985596,38.558412598,2.17795,-1.1047909846611312,2.260973349582593,143.8525714602801,-1.2669936943738593,2.744720701724504,137.7228218120567,0.5102168360045183,-6.129749648223406
1785126530516343506,38.591770508,2.07967,-1.1062742813262019,2.2623581716863055,144.5502860051721,-1.2692872500005568,2.7456636396181433,138.35972280529177,0.5100562746294167,-6.19056319988034
1785126530549701416,38.625128418,2.049578,-1.1081329285498276,2.2639148776059823,145.1650316352524,-1.2716466191718425,2.7477383777487203,139.0392056343711,0.5107072608757408,-6.125826000881329
1785126530583059326,38.658486328,2.056202,-1.1102662340460672,2.2655765590875467,145.89977681541092,-1.2732716246056262,2.7478735160938457,139.68436902088115,0.5090983324358961,-6.215407794529761
1785126530616417236,38.691844238,2.02921,-1.1126941929845997,2.2673391716199207,146.58110525693039,-1.2751331111723734,2.7495267632010214,140.36993714283196,0.5088135961398796,-6.211168114098439
1785126530649775146,38.725202148,2.015092,-1.1150143878127547,2.2689276182178832,147.25018862750227,-1.279747255178093,2.751190920840892,141.02811803801268,0.5096222234628879,-6.222070589489589
1785126530683133057,38.758560059,1.931831,-1.1176590344815267,2.270664729692241,147.92319643007798,-1.280980819177388,2.751802496510964,141.68108066533765,0.5081019149890593,-6.242115764740339
1785126530716490967,38.791917969,1.905077,-1.1202723586138155,2.2728279973225396,148.52257825431536,-1.2827810183394783,2.7526222069158957,142.29855244756527,0.5065684041125587,-6.224025806750093
1785126530749848877,38.825275879,1.988234,-1.1228114723819014,2.2747682959413447,149.15584283164176,-1.2853734942940693,2.7537023587978386,142.89447267266934,0.5057709437407415,-6.261370158972407
1785126530783206787,38.858633789,1.934777,-1.125345461876372,2.2771489733807417,149.8351407866336,-1.286977798857314,2.7543148026405784,143.54216202210958,0.5037978175529826,-6.292978764523984
1785126530816564697,38.891991699,1.761395,-1.128091054668387,2.2792735407590383,150.5207794898944,-1.288998773756488,2.7545562005852937,144.1644519976215,0.5017817262452422,-6.356327492272887
1785126530849922607,38.925349609,1.855042,-1.1304406830918177,2.28176747087807,151.23599087053015,-1.2927035920196979,2.754768490728646,144.78671677857173,0.5000592128872564,-6.4492740919583955
1785126530883280273,38.958707275,1.800875,-1.1330985127805224,2.2834500122933825,151.94350341272542,-1.2952291315428504,2.758017270581749,145.54686297985137,0.5014981756493164,-6.396640432874056
1785126530916638184,38.992065186,1.732635,-1.1361840904373601,2.2844262726632003,152.6760403346981,-1.2977183077511525,2.759253782457535,146.1946036806646,0.5015520585349724,-6.481436654033471
1785126530949995850,39.025422852,1.69635,-1.1390898873719901,2.285313056140065,153.3363044530079,-1.300152830603393,2.756289574488304,146.78826774824023,0.4977551130001489,-6.548036704767656
1785126530983353760,39.058780762,1.754234,-1.1409963656586088,2.2856588859354336,154.0334400549213,-1.305274409081656,2.7644079329115376,147.55745618393584,0.5061501017795338,-6.475983870985457
1785126531016711426,39.092138428,1.695251,-1.143586220107094,2.2866629042342654,154.74096739753583,-1.3076339789257905,2.764262040290239,148.30005381297798,0.5049877245387749,-6.440913584557839
1785126531050069336,39.125496338,1.701978,-1.146997709046492,2.2874333355448244,155.55026169830916,-1.3100087908933533,2.7635785200141503,149.07056996782703,0.5032761165585076,-6.479691730482118
1785126531083427002,39.158854004,1.821949,-1.1497153346862987,2.2880302050486776,156.2825021615871,-1.3129023215785056,2.7691587087148544,149.91028131706975,0.50804982996849,-6.372220844517352
1785126531116784912,39.192211914,1.757389,-1.1515427229620512,2.2891647029295106,157.09991698074538,-1.3168156220119052,2.774320416554021,150.7370098706761,0.5125340941077492,-6.362907110069283
1785126531150142578,39.22556958,1.631686,-1.1567312086489205,2.2889049338344702,157.85688234332426,-1.3156775830100258,2.7649453278270135,151.39317600270516,0.5018748914172898,-6.4637063406190896
1785126531183500488,39.25892749,1.5675,-1.1596551106235913,2.2899265818872583,158.55712369122347,-1.3217112800882176,2.7769929625648966,152.2793562069619,0.5133184793556158,-6.277767484261578
1785126531216858154,39.292285156,1.591534,-1.1618920983770649,2.29092745626268,159.54217342215526,-1.328259918371829,2.7726707502449406,153.10205414455382,0.5096615080881516,-6.440119277601452
1785126531250216064,39.325643066,1.587668,-1.1655150079075165,2.292054846847221,160.58303605643664,-1.3324907580935457,2.7689560261838073,154.08014120071587,0.5052876764802542,-6.502894855720752
1785126531283573730,39.359000732,1.424544,-1.1706299678172944,2.292816294696677,161.68098082892337,-1.337318787569854,2.773452208167042,155.1861300668542,0.508720005452895,-6.494850762069167
1785126531316931641,39.392358643,1.407564,-1.1763545672332285,2.2945726476112456,162.60272520666916,-1.3429483855164819,2.7724445889825025,156.11650145885315,0.5060781487479257,-6.486223747816016
1785126531350289307,39.425716309,1.870499,-1.1828674695738524,2.2966198357538388,163.23646382932498,-1.3489982927866646,2.7856538058226845,157.10473702305703,0.516482017404927,-6.131726806267946
1785126531383647217,39.459074219,2.016462,-1.1887851978020243,2.2971733658047695,163.65292583115837,-1.3557067637871851,2.803073289924114,157.8635459734073,0.5327265174692329,-5.789379857751054
1785126531417004883,39.492431885,2.065384,-1.1946770495802586,2.2991483847679226,163.9532934770467,-1.3597449237436918,2.8069640397099427,158.2568237579164,0.5339701700329597,-5.696469719130318
1785126531450362793,39.525789795,1.988188,-1.2024693617849531,2.301269030064627,164.09584686803254,-1.3670740188058843,2.810461087266489,158.43154777394497,0.5351366593968709,-5.664299094087581
1785126531483720459,39.559147461,2.124609,-1.2087957224018597,2.3037372732056016,164.20813529174268,-1.3728287842913667,2.81523922386017,158.6112104650399,0.5371602097291601,-5.596924826702783
1785126531517078369,39.592505371,2.046697,-1.2141654355445826,2.306601056424643,164.3181131838709,-1.3792562525673828,2.818849863619277,158.73802861388438,0.5381949631291446,-5.580084569986528
1785126531550436035,39.625863037,2.137342,-1.2194100005919564,2.3097159023746734,164.50588658612605,-1.387832302430478,2.8156376108564807,158.77885270442457,0.5332193234211762,-5.727033881701485
1785126531583793945,39.659220947,2.159328,-1.2254601309232807,2.3117856359622553,164.7312895336623,-1.388952647896381,2.827447423022445,159.27049110902357,0.5409592237316116,-5.460798424638748
1785126531617151611,39.692578613,2.239005,-1.2313839655550518,2.3124620684827404,164.7256482885006,-1.3957816013599709,2.8328206186660836,159.34271586668928,0.5457101826126738,-5.382932421811306
1785126531650509521,39.725936523,2.169915,-1.2399902413830333,2.3125885274802345,164.72106113643258,-1.4081299862627434,2.8230658081371347,159.0749863678479,0.5374551403373845,-5.64607476858468
1785126531683867188,39.75929419,2.260323,-1.245816462896935,2.3129769908933326,164.8729690199295,-1.4147037993346465,2.8262056315243176,159.31091984502106,0.5403022949913812,-5.562049174908468
1785126531717225098,39.7926521,2.23534,-1.252215177210861,2.313350238229175,164.92413001204113,-1.419307227006466,2.833041799420491,159.50295310331907,0.5458929124639413,-5.4211769087220665
1785126531750582764,39.826009766,2.227518,-1.2582334569690947,2.313710296412085,164.85756826841495,-1.426404719749671,2.833596904351808,159.42789696124555,0.5464097901211918,-5.429671307169411
1785126531783940674,39.859367676,2.370621,-1.2632403008039583,2.3146237920873984,164.84179863340927,-1.4315541343968752,2.834343371163543,159.39745574754448,0.5462947807309063,-5.444342885864793
1785126531817298340,39.892725342,2.272676,-1.267694212555666,2.315882810396987,164.84236692300442,-1.4366077232936778,2.835333939096442,159.39645624004336,0.5462245410240901,-5.445910682961043
1785126531850656250,39.926083252,2.365949,-1.272033472858704,2.317315968388458,164.84617240607037,-1.4391824609741954,2.8415584417808675,159.51664250467795,0.5502444503460473,-5.329529901392422
1785126531884013916,39.959440918,2.207685,-1.2757780940061958,2.3186598169900634,164.82705532361365,-1.4420570007711049,2.8480944428134505,159.62474265691498,0.5549321560836813,-5.202312666698676
1785126531917371582,39.992798584,2.47476,-1.2793101221338126,2.320088312738643,164.83001789763344,-1.44620899710578,2.8453583945827785,159.51442690217732,0.5511477962828601,-5.3155909954561285
1785126531950729248,40.02615625,2.410194,-1.281781260207411,2.3212050755912292,164.89475363675112,-1.4504556660238392,2.8445960145667564,159.52443617933523,0.5498992000168841,-5.370317457415877
1785126531984087158,40.05951416,2.426458,-1.2834596155430176,2.3220429240189016,164.96460121568873,-1.4537214488484054,2.8453562479840904,159.57397531966794,0.5503143891631458,-5.390625896020774
1785126532017444824,40.092871826,0.843407,-1.2862081871793682,2.322890964639813,165.0686612780169,-1.4560640806307399,2.8513048046138705,159.7811767258829,0.555042530637331,-5.287484552134015
1785126532050802490,40.126229492,0.843838,-1.2882394714979064,2.323156608304372,165.11695293536823,-1.4579448800698236,2.8515106203700475,159.8043639845477,0.554939535232855,-5.312588950820516
1785126532084160156,40.159587158,0.808507,-1.2898485509110813,2.3227957917378075,165.13080421436925,-1.4613226421853607,2.8544817556467987,159.8633617171579,0.5586531376410349,-5.267442497211345
1785126532117518066,40.192945068,2.67937,-1.2906711776074604,2.3222124562387956,165.1467175799689,-1.4622223323570334,2.8524159911537135,159.83225674376564,0.5572661726071182,-5.314460836203272
1785126532150875732,40.226302734,2.610036,-1.291966777663592,2.3217389846699876,165.12392629565352,-1.4615172733957091,2.8548618751724413,159.88675614963577,0.559434881805468,-5.237170146017749
1785126532184233398,40.2596604,3.14104,-1.2923220097900432,2.321107377338821,165.03491708084795,-1.4608319015026685,2.852640961647056,159.78281419320447,0.5576051782870743,-5.2521028876434945
1785126532217591064,40.293018066,2.613704,-1.2921038245072043,2.3208337218074084,164.9878642479976,-1.4602173306244641,2.8510206537763327,159.7112824462104,0.5562017024152828,-5.27658180178722
1785126532250948975,40.326375977,2.6674,-1.2915725012025738,2.3206697432399133,164.97043479083985,-1.459872327902617,2.8516253794620106,159.69864294350063,0.5569907712909403,-5.271791847339216
1785126532284306641,40.359733643,2.674599,-1.2909225101260429,2.3209927246328657,164.9613624118379,-1.459436916619083,2.8506121592420692,159.6367649727601,0.5557821971883177,-5.324597439077796
1785126532317664307,40.393091309,2.724951,-1.2903321149189135,2.3213654393938907,164.94994436338902,-1.4562950065071714,2.8550197000592887,159.73367788175955,0.5588654143089089,-5.216266481629487
1785126532351021973,40.426448975,2.795569,-1.290020376478151,2.3219076327329486,164.89760140800965,-1.4551412191597242,2.8540569666972666,159.6194797395325,0.5571784331132532,-5.278121668477154
1785126532384379639,40.459806641,2.539791,-1.2897093366641672,2.3226699891598006,164.86492525594235,-1.45405900648178,2.852108163530123,159.52458934924894,0.5543605274996934,-5.340335906693394
1785126532417737549,40.493164551,2.85527,-1.2893698540848444,2.3234272931286215,164.87204483454036,-1.4539809105072357,2.853008876786867,159.51980676219858,0.5545750207559579,-5.352238072341785
1785126532451095215,40.526522217,2.816215,-1.2889443787666162,2.324225338195192,164.86555819587545,-1.4528292446371094,2.8521050336939235,159.46715548860115,0.5527343142787708,-5.3984027072743075
1785126532484452881,40.559879883,2.952398,-1.288363695307287,2.3251033310602693,164.87691932718573,-1.4523888879580602,2.850075909782221,159.3975153808573,0.5500004293035589,-5.479403946328419
1785126532517810547,40.593237549,2.903568,-1.2863549814476904,2.3260591128117025,164.92701371292392,-1.450652531760174,2.8505413019608374,159.43220905259255,0.54961372960776,-5.494804660331373
1785126532551168457,40.626595459,2.95774,-1.285240973190208,2.3272124478427556,165.04373028895145,-1.4478085772879632,2.8551127592515937,159.6212173755744,0.5523648836481486,-5.42251291337704
1785126532584526123,40.659953125,2.874578,-1.2840977845461095,2.3283935269936595,165.16079441987617,-1.4481672219114734,2.8546708790960773,159.63845525824448,0.5512591329069472,-5.522339161631692
1785126532617883789,40.693310791,3.058445,-1.2827743153400193,2.329843502899159,165.25729006039222,-1.446043323258581,2.858009532387415,159.73544872726865,0.5528255815825645,-5.521841333123577
1785126532651241455,40.726668457,2.978382,-1.2817274615845629,2.3323289749234597,165.36121215084813,-1.444672751842054,2.8592191798874946,159.756075463544,0.5515110658038882,-5.605136687304138
1785126532684599121,40.760026123,3.008468,-1.2803777402724372,2.334971156823425,165.4889851301645,-1.4441678095924728,2.8646418026603047,159.90066864244415,0.5544169729266226,-5.588316487720342
1785126532717957031,40.793384033,3.0326,-1.2792398823306845,2.338291846493528,165.63624514171238,-1.443079421872965,2.866970465037699,159.99988194012408,0.5534839441421939,-5.636363201588289
1785126532751314697,40.826741699,3.153762,-1.277693830684361,2.341840401751707,165.86381191789425,-1.4444104539621103,2.869425533520201,160.13356562046582,0.5532996509490262,-5.730246297428431
1785126532784672363,40.860099365,3.068454,-1.2761368101639157,2.3453164128434034,166.05938402469437,-1.4413498085252279,2.875654625955395,160.40222399435146,0.5554763317319246,-5.65716003034292
1785126532818030029,40.893457031,3.141456,-1.2747479386853822,2.3487620718665503,166.16774803763505,-1.4385925929901726,2.8817813235465475,160.57830521210798,0.5576330275420929,-5.589442825527054
1785126532851387939,40.926814941,3.208741,-1.2731293392040026,2.352370540087012,166.2556950381173,-1.4368876819207514,2.884044166515867,160.6452179063155,0.5563215256030868,-5.610477131801789
1785126532884745605,40.960172607,3.146798,-1.2714433394546043,2.355276153428317,166.30432533739815,-1.4359764966797453,2.8882566473364952,160.70931259120246,0.5577986793755239,-5.595012746195715
1785126532918103271,40.993530273,3.240304,-1.2698750133984373,2.3581973777700984,166.35556951433028,-1.4337226383166966,2.8896244788817316,160.74429127126896,0.5561122260724615,-5.611278243061319
1785126532951605957,41.027032959,3.204281,-1.2679621328140303,2.361188219917381,166.4409173409594,-1.4306996862057717,2.8943522649437288,160.8792848197879,0.5574472263746473,-5.561632521171492
1785126532985109375,41.060536377,3.122141,-1.2660978541331176,2.363654298671772,166.4810574737525,-1.4283483563478592,2.895618966799414,160.90348753558777,0.5561579214621403,-5.577569938164718
1785126533018613770,41.094040772,2.882383,-1.26421078723775,2.365898278959996,166.5256265650906,-1.4252675715412468,2.8995189396304935,161.00217949333148,0.5573959968142947,-5.523447071759094
1785126533052119141,41.127546143,2.708645,-1.262267163128085,2.368202788367718,166.5833499312337,-1.4232426421440623,2.9013505897763205,161.0520878256629,0.5569198173806083,-5.531262105570793
1785126533085625488,41.16105249,2.525347,-1.2602937808591541,2.370666461825054,166.65715972915513,-1.4212243315447293,2.901008103444393,161.05891471764096,0.5542209838859026,-5.598245011514157
1785126533119132813,41.194559815,2.356569,-1.2585251836641442,2.373136954374138,166.774482536048,-1.4198684613569283,2.9038585538091377,161.18006775162257,0.5547044883210294,-5.5944147844254495
1785126533152640869,41.228067871,2.175616,-1.2566281395523027,2.3760350844172966,166.8873723111208,-1.4166166865168976,2.906997900781077,161.3229183962267,0.5545429176545309,-5.564453914894097
1785126533186149902,41.261576904,2.02015,-1.2546874642349013,2.3790444638294947,166.980719097844,-1.4143031033583238,2.9101021103513283,161.42530607938858,0.5545262628425162,-5.555413018455425
1785126533219659912,41.295086914,1.915921,-1.2532399467811017,2.381597622699378,167.067991918177,-1.412889295909838,2.9132453148591217,161.53270706826495,0.5551010567959772,-5.5352848499120615
1785126533253170898,41.3285979,1.628325,-1.2523489516635167,2.3837498162396313,167.10929932067202,-1.4110976355387173,2.9160011717110623,161.57436442841092,0.5554211465485303,-5.534934892261087
1785126533286682617,41.362109619,1.478518,-1.2511176780275817,2.3885973924524113,167.1322663984942,-1.409416817384393,2.9176553419336018,161.59291845822156,0.5522326787055879,-5.539347940272647
1785126533320195557,41.395622559,1.328205,-1.2487891664143769,2.391030292229891,167.12326126020898,-1.4095327024094855,2.923113745146175,161.66899696865585,0.5558338647757312,-5.45426429155311
1785126533353709229,41.429136231,1.119224,-1.246149980375475,2.3918027742738235,167.1421074087861,-1.4091305519592456,2.922964090812068,161.60511602315313,0.5556032855378141,-5.536991385632965
1785126533387223877,41.462650879,0.861822,-1.2477806654613817,2.3935072744280257,167.28475651238472,-1.4064264374230084,2.9272285226256587,161.77142794541024,0.5568005493342655,-5.513328566974473
1785126533420739502,41.496166504,0.72909,-1.2469273805030177,2.396659486758546,167.33518911336947,-1.404101036520524,2.936729975180146,161.96474030100035,0.5624763911577579,-5.370448812369122
1785126533454256104,41.529683106,0.571539,-1.246891641703667,2.4013048520917875,167.2791796996872,-1.4029236616542191,2.94439917747977,161.95620452552703,0.5650641003624965,-5.3229751741601845
1785126533487773438,41.56320044,0.330763,-1.2470557560196018,2.406411521074654,167.2258572386266,-1.4027055872353544,2.9491219215672406,161.83715064499734,0.5645896286333252,-5.388706593629253
1785126533521291748,41.59671875,0.214657,-1.2466019006400466,2.411829830215384,167.18791852980561,-1.4031030544512642,2.9525333788278325,161.70956267200856,0.5628969165187679,-5.478355857797073
1785126533554811035,41.630238037,0.022473,-1.2454901142816146,2.4179588280633015,167.2224282354924,-1.4022737261251015,2.9614668200977987,161.79897435545357,0.5656695487190911,-5.423453880038828
1785126533588331299,41.663758301,0.091057,-1.2436559552888329,2.4241814301425397,167.33266263034355,-1.4027437001710616,2.964233384953467,161.84965200758128,0.5629964693200278,-5.483010622762285
1785126533621852539,41.697279541,0.193164,-1.2416083995524745,2.429253489569438,167.31200184054535,-1.3909302193185475,2.9855200085070126,162.2631262710365,0.5759595870798391,-5.048875569508844
1785126533655374512,41.730801514,0.535139,-1.2396325342399672,2.433723473269435,167.23401443772926,-1.3884583204123901,2.9883492561327434,162.00417664992364,0.5742463527499131,-5.229837787805631
1785126533688897461,41.764324463,0.462288,-1.2358252417632323,2.437300959821672,167.25032159594937,-1.38606710225097,2.9970169316979893,162.002333447225,0.5795296246235109,-5.247988148724353
1785126533722421387,41.797848389,0.918749,-1.233688495655353,2.4429834818391005,167.18490098303903,-1.3835890028745437,2.9984049363329888,161.7698591295042,0.5752939719627497,-5.415041853534854
1785126533755946289,41.831373291,1.153265,-1.2334960649400302,2.449805689742527,167.0975201349456,-1.3793832014795804,3.005288253907301,161.64953829670569,0.5743204120513058,-5.447981838239917
1785126533789472168,41.86489917,1.404731,-1.231628274349033,2.456313903622159,167.00719770086542,-1.3757911608408504,3.0131548245206425,161.54243568669813,0.5751997470694191,-5.4647620141673015
1785126533822999023,41.898426025,1.470731,-1.2301053501112893,2.4624388594855406,166.91272440265286,-1.3739267605006757,3.0174098275229313,161.33149096563213,0.5733039102001231,-5.58123343702073
1785126533856526611,41.931953613,1.706741,-1.2287686442591226,2.469911556478476,166.82162061925558,-1.3709123439519648,3.02340886507744,161.1838503948949,0.5714578742030475,-5.63777022436067
1785126533890055176,41.965482178,3.076176,-1.2270550705122962,2.4769795963698167,166.70438554729523,-1.3692190403633362,3.032212011852671,161.0819525343211,0.5731436377791631,-5.622433012974152
1785126533923580811,41.999007813,1.167229,-1.225241663739242,2.483173432831279,166.8397721881274,-1.3735630155422627,3.035419580070221,160.92347500405072,0.5718173052128891,-5.916297184076664
1785126533956926758,42.03235376,1.511973,-1.2240354578378203,2.4897771882282345,167.08217945366317,-1.3757067705638364,3.0428996557530703,161.19728243649115,0.5735404529628194,-5.884897017172035
1785126533990272705,42.065699707,1.191529,-1.2230700510851458,2.496216157982732,167.12152282532517,-1.372482437319997,3.051762490940429,161.4338689820927,0.5752875708922767,-5.687653843232458
1785126534056964355,42.132391357,1.132388,-1.2214713519877374,2.502409956532608,167.48996807861172,-1.369255701843385,3.0574898821364798,161.67412552652428,0.5744161713171526,-5.815842552087441
1785126534123655273,42.199082275,1.164817,-1.2212107972229609,2.5116662109533423,167.87945932587166,-1.366231111013011,3.06619067506267,162.03938834553077,0.5731738590580537,-5.840070980340884
1785126534157000732,42.232427734,1.063014,-1.2211456156988094,2.5161205658331185,168.0318367402632,-1.3658856167604791,3.0726113838589373,162.23094171655495,0.5750058247134346,-5.800895023708258
1785126534190345947,42.265772949,1.074465,-1.220618175279212,2.5200968602412335,168.29924872377455,-1.3667260311213036,3.072060506697231,162.33054855617206,0.5709740559322942,-5.968700167602494
1785126534223691162,42.299118164,1.07948,-1.2195999929223518,2.5238717258772163,168.73698897774918,-1.3661301364672787,3.074293527932979,162.72665460857573,0.569592172651284,-6.01033436917345
1785126534257036377,42.332463379,0.899243,-1.219759429739611,2.5276998205701497,169.22286504907112,-1.3662237665742885,3.0802397264205514,163.28613248224931,0.5716223836778898,-5.936732566821805
1785126534290381348,42.36580835,0.99653,-1.2200135978500333,2.531716681568811,169.7189742075773,-1.3675085645776175,3.0843825410982175,163.79112265795507,0.572009018722038,-5.927851549622253
1785126534323726074,42.399153076,1.032313,-1.2193751004354982,2.5356510407128225,170.34384507537067,-1.367419021928685,3.092514962590088,164.54600481938542,0.5762069334706154,-5.797840255985268
1785126534357070801,42.432497803,0.995377,-1.2193373751596837,2.537583638638686,170.83713929335457,-1.3628902449054765,3.092842112303003,164.99220115087664,0.5735149509718813,-5.84493814247791
1785126534390415527,42.465842529,0.979422,-1.2190460366126372,2.5416238829248226,171.26179634428846,-1.361465903091128,3.0949357937912767,165.38010849252436,0.5713470828440783,-5.881687851764116
1785126534423760010,42.499187012,0.921511,-1.2189615597781762,2.543880449931117,171.63063582007996,-1.3597371145446113,3.0969959711025394,165.71857335054915,0.570749101252496,-5.9120624695308095
1785126534457104248,42.53253125,1.682812,-1.2186032881374735,2.5465050404557052,171.86360235528804,-1.3591711669181281,3.102057364534807,166.03447375333346,0.5730599561429713,-5.829128601954584
1785126534490448730,42.565875732,0.983317,-1.2184123668119309,2.549459228259546,172.15425145382088,-1.3590084073832245,3.1056197481144436,166.28614628341737,0.5736564917000371,-5.868105170403514
1785126534523792969,42.599219971,0.899662,-1.2181978270247862,2.552437227826337,172.51784396772265,-1.3588038353559786,3.1062192865134395,166.5421018450009,0.571353321599303,-5.975742122721771
1785126534557136963,42.632563965,0.843432,-1.2179535674722954,2.5555676752435583,172.98495202849455,-1.3586906271216481,3.1107451400912716,166.97461149501584,0.5727381054491479,-6.010340533478715
1785126534590480957,42.665907959,0.129643,-1.2175253858569832,2.5582419332467063,173.4330311091345,-1.358823070806735,3.1159422433487607,167.43381334371273,0.5753213638133794,-5.999217765421772
1785126534623824707,42.699251709,2.410427,-1.2172914992498178,2.5616616903052973,173.90000199356334,-1.3582354570622326,3.1206419468292874,167.92088039461152,0.5764756078338905,-5.979121598951798
1785126534657168457,42.732595459,2.434465,-1.2176412654680424,2.5651567860906233,174.39592610328447,-1.3560769108276158,3.119253698678419,168.27328352931602,0.5711285463408822,-6.1226425739684345
1785126534690512207,42.765939209,2.535751,-1.2179129860499005,2.568476138091182,174.84178876570073,-1.3551205664412111,3.126305011135402,168.7848086202025,0.5744553696490462,-6.056980145498212
1785126534723855713,42.799282715,2.369764,-1.2175478257548753,2.5704032687419036,175.36877831254753,-1.3595459417467934,3.1289826083810883,169.26363444726272,0.5763456806613562,-6.105143865284794
1785126534757199219,42.832626221,1.912191,-1.217726905391863,2.571990429462163,175.93719585108144,-1.3580086529887974,3.1274541879210815,169.81434930255244,0.572903967231994,-6.122846548529002
1785126534790542480,42.865969482,2.52988,-1.2182433958830208,2.5727381607697946,176.40772271874567,-1.358326727172913,3.130286732075663,170.35188939545324,0.574877159983321,-6.0558333232924335
1785126534823885742,42.899312744,0.705752,-1.2189014333871109,2.572622518166016,176.80808982519883,-1.3574200827182317,3.132160805146459,170.78607705718764,0.5764291030209413,-6.022012768011184
1785126534857228760,42.932655762,0.767084,-1.2194199082551516,2.5715962624701243,177.13781768123974,-1.3588248966667633,3.135504013343968,171.20984102173537,0.5808835531237211,-5.927976659504373
1785126534890571777,42.965998779,0.787409,-1.2200021403532022,2.5708704301763037,177.20380154856034,-1.3585620247643446,3.139298575346727,171.4758825016828,0.5850721304163418,-5.727919046877524
1785126534923915283,42.999342285,0.691136,-1.2211008141497097,2.5699570254257957,177.00383229609233,-1.3580764454620209,3.1471986137722214,171.55607122092235,0.5932707433289717,-5.4477610751699865
1785126534957258789,43.032685791,0.706442,-1.2215250137779767,2.5689213196512335,176.76156734815805,-1.3595867174314504,3.144285761419504,171.2588296179098,0.5916969451222586,-5.502737730248254
1785126534990601807,43.066028809,0.759907,-1.2220299082043893,2.5678422309340836,176.56907397259246,-1.3611672067907663,3.1410763452912507,170.99670043142407,0.5898784092681816,-5.57237354116838
1785126535023945068,43.09937207,0.673892,-1.2223920459435242,2.5667521528498387,176.42808403880434,-1.3615385245507896,3.1402558616271192,170.87179143355786,0.5901425645469898,-5.556292605246481
1785126535057287842,43.132714844,0.714726,-1.2226558600173911,2.5658533582969154,176.2817062908807,-1.3615163366547751,3.1400031287600814,170.74690981821075,0.5907031326265907,-5.534796472669935
1785126535090630859,43.166057861,0.825173,-1.2227902956295214,2.565137638820959,176.1548457792888,-1.3625120990366666,3.1373847495798874,170.56151426578919,0.5890576696039926,-5.593331513499611
1785126535123973389,43.199400391,0.786381,-1.2228738753080217,2.564792440313242,176.07240669666433,-1.3626012763605733,3.136496438660961,170.45508872770236,0.5885313996140472,-5.617317968961972
1785126535157315918,43.23274292,0.655083,-1.2229856268940835,2.5645796237831644,175.99678431254188,-1.362892456315027,3.1374807507402505,170.40792125087376,0.5897369092971206,-5.588863061668122
1785126535190658447,43.266085449,0.68734,-1.223145630718509,2.5645268843445845,175.95609187389636,-1.363419866005262,3.136257404025353,170.32683017236576,0.5886872244407252,-5.629261701530605
1785126535224000732,43.299427734,0.752028,-1.2233511338666905,2.564517650978929,175.9426781427793,-1.3635256045910369,3.1356795209537345,170.291470906139,0.5881111833284309,-5.651207236640284
1785126535257343018,43.33277002,0.733269,-1.223574255171885,2.5644453003098717,175.89297978337623,-1.3632251515694582,3.1369461150464124,170.27772351829066,0.5892873286764688,-5.61525626508557
1785126535290685059,43.366112061,0.973915,-1.2237883941669865,2.5643507912932026,175.86601319713694,-1.3630182370830635,3.13657743454714,170.24718361946452,0.5889212854092679,-5.618829577672425
1785126535324027100,43.399454102,0.577745,-1.2240038202716264,2.5642602421492318,175.84292681680634,-1.3638609805146293,3.135582146076841,170.1943364224969,0.5881910770988502,-5.648590394309447
1785126535357368896,43.432795898,0.59357,-1.224160988574926,2.564123888591565,175.80536067772152,-1.3641750526908392,3.1354006006473525,170.14810088765012,0.5881845117712009,-5.657259790071417
1785126535390710449,43.466137451,0.653744,-1.2242698195782726,2.5640151897421832,175.7840409690523,-1.363728588121378,3.136041047273651,170.14172767536792,0.5887803748497146,-5.642313293684396
1785126535424052002,43.499479004,0.553463,-1.2243693251719612,2.563912148945744,175.74626663261924,-1.3642673786397779,3.1358381368582826,170.10392608478514,0.5887875686644696,-5.642340547834102
1785126535457393555,43.532820557,0.567623,-1.224388441255017,2.5638294384404112,175.72015125058195,-1.364822875674817,3.134437418290443,170.034139156055,0.5876353435927278,-5.686012094526959
1785126535490734863,43.566161865,0.474024,-1.2244333685252666,2.563765368517264,175.73409551067493,-1.3641380524799886,3.1355104963604394,170.0681345103637,0.5885659605611744,-5.665961000311249
1785126535524076172,43.599503174,2.739998,-1.2244748053685215,2.563714850069953,175.72232744040994,-1.3645412398299195,3.1345913205411993,170.03769231333555,0.5878082600648248,-5.6846351270743645
1785126535557417236,43.632844238,2.835975,-1.2245033205032476,2.563672450547189,175.71301214889044,-1.3649337893839946,3.1331624013687795,169.987439257014,0.5865488220743813,-5.725572891876434
1785126535590758057,43.666185059,2.791281,-1.2245267079105717,2.5635935625129282,175.70964558258416,-1.3644266058906365,3.133903197181091,170.0000872830558,0.5872180692469927,-5.70955829952839
1785126535624098877,43.699525879,2.869133,-1.2246028376160476,2.5635551803401753,175.69937567751086,-1.3648357039819021,3.1348386820844087,170.0197128137037,0.5882432287534956,-5.679662863807141
1785126535657439453,43.732866455,2.833492,-1.2246310923759711,2.5634828207268177,175.70550316954748,-1.3651182370094435,3.1342437057948507,169.99844331956137,0.5877964152076045,-5.70705984998609
1785126535690780029,43.766207031,2.860078,-1.2246770737193886,2.563423130938714,175.69127777977434,-1.3645990204285203,3.135834458950753,170.03871701919098,0.5892646940105774,-5.652560760583369
1785126535724120605,43.799547607,2.869737,-1.224725572159303,2.563343229582238,175.66511441310405,-1.3648655094035371,3.1342531382979684,169.96112509781366,0.5878582532214901,-5.7039893152903955
1785126535757460938,43.83288794,2.927075,-1.2247123804207085,2.5633049408847697,175.6777830666516,-1.3652674668227285,3.13371471647464,169.95613650302627,0.5874717392368466,-5.721646563625327
1785126535790801025,43.866228027,2.93386,-1.224752767609249,2.563284061884842,175.6782149460288,-1.3654597478112576,3.1357465990874225,170.00391024278514,0.5895013238135978,-5.674304703243641
1785126535824141113,43.899568115,2.797834,-1.2247526456815638,2.563278000700416,175.6756697389857,-1.3652108329211972,3.134315746404278,169.96198713600648,0.5880583384165148,-5.7136826029792305
1785126535857480957,43.932907959,0.874661,-1.2247590344620527,2.563259344239788,175.68490408992625,-1.3650878872902046,3.1349928045159645,169.99019759075023,0.5887030971002575,-5.694706499176032
1785126535890820801,43.966247803,2.202951,-1.2248164159678647,2.5632415400003303,175.66825719923582,-1.3648745347610727,3.1352039553949327,169.98376191699072,0.5888610033479208,-5.68449528224511
1785126535924161133,43.999588135,2.930244,-1.2248317493646383,2.5632249860447267,175.6791292689247,-1.3653120829325005,3.1333485239084964,169.93784849442008,0.5871759298077869,-5.741280774504629
1785126535957507080,44.032934082,2.919525,-1.224873279515166,2.5631788729207883,175.67806410959503,-1.3646801499429484,3.1336484322759635,169.94552046062887,0.5873512400341881,-5.732543648966157
1785126535990852783,44.066279785,2.995346,-1.2249030731496582,2.5631449004307374,175.66499596574457,-1.3647944231075484,3.1343441848824454,169.9529198312146,0.5880801070867676,-5.7120761345299735
1785126536057544189,44.132971191,1.352448,-1.2249531437394958,2.5630894224577294,175.66216940982656,-1.3650939891429839,3.134360997744392,169.93698247676662,0.5882097153914659,-5.7251869330599625
1785126536090889404,44.166316406,0.287202,-1.2249593831356231,2.563059144051398,175.6532464733869,-1.3648210786625936,3.134169911880735,169.92771930127736,0.5879870772442995,-5.725527172109531
1785126536124234863,44.199661865,2.184959,-1.224975678580272,2.563013840415583,175.66806323088178,-1.3650931767817494,3.1340183898820104,169.91872595256547,0.58794481783038,-5.749337278316318
1785126536157580078,44.23300708,3.05208,-1.2250305093688532,2.5629825247511278,175.65070486795756,-1.365557114636682,3.134367387650237,169.91601816310816,0.5884117506800267,-5.734686704849393
1785126536190925293,44.266352295,3.0237,-1.2250363444697612,2.562965598582363,175.65329728631397,-1.365394791290193,3.13253698111036,169.86178092613028,0.5866106488879127,-5.791516360183682
1785126536224270264,44.299697266,3.01725,-1.2250532908560938,2.5629341224189353,175.6639044706752,-1.3651124690930416,3.133776879798207,169.91247206686396,0.5877737890215751,-5.751432403811223
1785126536257615234,44.333042236,3.044177,-1.225116265116558,2.562931051474845,175.6508428867914,-1.3649608727951708,3.1342629527944403,169.91070326016438,0.5881978032620054,-5.74013962662702
1785126536290959961,44.366386963,3.070385,-1.225080210802674,2.5628957583338514,175.66598079792684,-1.365286465328129,3.1333184725986527,169.89460342932824,0.587400942080688,-5.771377368598601
1785126536324304688,44.39973169,2.969753,-1.225102449311088,2.56288644851638,175.66180335233102,-1.363436597129158,3.135288954575637,169.95332497331762,0.5888811131251107,-5.708478379013408
1785126536357649170,44.433076172,3.048406,-1.2251289100490959,2.5628503151463065,175.6502958469525,-1.3655264964686713,3.133455185460131,169.87159908568043,0.5876235191840934,-5.778696761272079
1785126536390993652,44.466420654,3.135642,-1.2251278079267445,2.562836203679026,175.6651775119028,-1.365087164380522,3.132699217291735,169.8696323757251,0.5867984967113618,-5.795545136177727
1785126536424337891,44.499764893,3.060749,-1.2251832502175986,2.562804516994705,175.66782363226227,-1.3652506925588002,3.1339207032257383,169.89106381975353,0.5880413136668937,-5.776759812508754
1785126536457682129,44.533109131,0.199219,-1.2267064981407196,2.562529520794229,175.64242630519328,-1.3667472317654143,3.1374236897181347,169.94441033801556,0.5917049201560274,-5.698015967177713
1785126536491026367,44.566453369,0.198733,-1.2281614610895901,2.5619314710708947,175.52126232709787,-1.3668117040760548,3.136893950182768,169.83455123768732,0.5914437777732362,-5.686711089410531
1785126536524370361,44.599797363,0.175166,-1.2299028978054671,2.561674124684782,175.36436262993703,-1.368798178877214,3.135519094212248,169.65313238463375,0.5904150643030529,-5.711230245303287
1785126536557714355,44.633141357,0.106776,-1.2322245362876802,2.5609339590442075,175.29947763055276,-1.3721356646892322,3.1335370664743385,169.52669799004704,0.5894484222467965,-5.772779640505719
1785126536591058105,44.666485107,0.098473,-1.2350405301728125,2.5595536280184654,175.19398646766493,-1.3741502537861572,3.134520658885022,169.4939061002208,0.59155608507333,-5.700080367444101
1785126536624401855,44.699828857,0.058223,-1.237573991388202,2.558407186573956,175.0423779684791,-1.3771060365991257,3.132526075941472,169.29866541267558,0.5908313556077853,-5.743712555803503
1785126536657745361,44.733172363,0.093794,-1.2399370669875793,2.557078281269993,174.9612679318426,-1.3797832919880468,3.129796571992292,169.1408185498368,0.5895449153158335,-5.820449382005801
1785126536691088867,44.766515869,0.109101,-1.2421645970363646,2.5552072240110557,174.8824829807314,-1.383538538130478,3.1274020139696486,169.02361589955134,0.5894009406815025,-5.858867081180035
1785126536724432373,44.799859375,0.929785,-1.244138024734389,2.5535436039188597,174.79168241967574,-1.3857731630339598,3.126711044894962,168.93490095273006,0.5904078486912522,-5.856781466945693
1785126536757775635,44.833202637,0.04459,-1.2455414184238616,2.5520950529383812,174.6738636539177,-1.3867258932854973,3.126109907734967,168.83900683655102,0.591122753300109,-5.834856817366686
1785126536791118652,44.866545654,0.026768,-1.246899194991098,2.549850394500633,174.4983422915737,-1.387960885165637,3.1232596459309585,168.6554804991294,0.5905053514243404,-5.8428617924443165
1785126536824461670,44.899888672,0.016804,-1.2478914004994441,2.547418715938313,174.34235184807935,-1.3899778303478667,3.120843151667651,168.4807733033946,0.5907657209406961,-5.861578544684718
1785126536857804688,44.93323169,0.06098,-1.2487564539297982,2.5447577057587063,174.16286063625674,-1.3904455939075944,3.11856430121145,168.31986014631372,0.5910413025945956,-5.843000489943022
1785126536891147461,44.966574463,0.084629,-1.2494892396650923,2.5416925480814423,173.9628447264111,-1.3920686495515724,3.1130219766452716,168.05962142373005,0.588851597659927,-5.903223302681059
1785126536924490723,44.999917725,0.093285,-1.2493835289501027,2.5378764752405405,173.84493764864877,-1.3947875510927,3.106722171347852,167.85706218388327,0.5871352106926109,-5.987875464765503
1785126536957834473,45.033261475,0.212297,-1.2495139612739685,2.5343769844359554,173.7801684168086,-1.3961189125148332,3.102020390449939,167.7841992092302,0.5862696036121032,-5.995969207578391
1785126536991177979,45.066604981,0.030432,-1.2498534603888196,2.5303892286510807,173.71398449045037,-1.3979188770588449,3.0973395452517534,167.7520767621726,0.5859658941502237,-5.961907728277756
1785126537024521240,45.099948242,3.178326,-1.2508491536112765,2.5253887051915043,173.63679710984647,-1.3994001484983396,3.087858486943003,167.62241516285033,0.5817556647472502,-6.014381946996139
1785126537057864502,45.133291504,3.305933,-1.2516887550880216,2.520135972529033,173.58014166249384,-1.4006582467372994,3.0827451653241837,167.6342171527236,0.5819974340663843,-5.945924509770223
1785126537091207764,45.166634766,3.162458,-1.2527304699337443,2.5132310031089915,173.61157899407746,-1.4041744394001316,3.067438949451217,167.48658442424244,0.5745273915807696,-6.124994569835049
1785126537124550781,45.199977783,3.185645,-1.2541768487078109,2.5064391380173676,173.7046422814995,-1.4045301329121773,3.0721287900115772,167.92556237931268,0.5853297296775288,-5.779079902186798
1785126537157893555,45.233320557,2.556284,-1.2551657309944022,2.4992103845538494,174.02991304949734,-1.4064424602773191,3.0537000594627566,167.95768490219453,0.574755120380082,-6.07222814730282
1785126537191236328,45.26666333,3.225352,-1.2560521923881751,2.4915604899755137,174.68365731879746,-1.408810270865984,3.037910095423403,168.3840285641378,0.5673032010427024,-6.299628754659669
1785126537224579102,45.300006104,3.24139,-1.2574164874651117,2.484661144690574,175.26527630874384,-1.4094217847649086,3.0353812031481864,169.16947201784942,0.5713126930103649,-6.0958042908944226
1785126537257921631,45.333348633,3.134173,-1.258251686937192,2.478231179634047,175.75043223199302,-1.4105814919562571,3.033841258914212,169.78593966507827,0.5761136430382967,-5.964492566914725
1785126537291263916,45.366690918,3.313301,-1.2590435708559564,2.4717569412765372,176.1087261536292,-1.40917597749467,3.031618379426264,170.3369984140374,0.5796417595810471,-5.7717277395918165
1785126537324606201,45.400033203,3.15626,-1.2596674488969837,2.466029387750327,176.59689542055582,-1.4115232673328149,3.014134919611443,170.5413955744666,0.5687529021021103,-6.0554998460892415
1785126537357948242,45.433375244,3.364883,-1.2604062603527069,2.460793467436169,177.02541433108686,-1.4043473743664807,3.034293351838635,171.6823880520372,0.5912877148336231,-5.34302627904966
1785126537391290283,45.466717285,3.174067,-1.2609164582100298,2.4518344492555197,177.67829945066342,-1.4178009532257294,2.9855101108613527,171.10901479574505,0.5562575451773707,-6.569284654918362
1785126537424632324,45.500059326,3.122651,-1.2622818577588693,2.443134042606232,178.17061644360084,-1.4152590008545307,2.985637331605804,171.78850105249197,0.5636593163295214,-6.382115391108867
1785126537457974121,45.533401123,3.277949,-1.2632979402532536,2.4344869012543406,178.7266566425321,-1.4248451229480918,2.953494590518686,171.73630169594577,0.5435682788317902,-6.990354946586326
1785126537491315674,45.566742676,3.199364,-1.2644545602913984,2.428949794884171,179.10465176761087,-1.4221637847310058,2.954851040070008,172.3078131871359,0.5490394513706242,-6.79683858047497
1785126537524657227,45.600084229,3.147005,-1.2659281173112054,2.4234264774136065,179.77721510977116,-1.4324857098460044,2.928672882156763,172.39507860777596,0.5319918807057806,-7.382136501995212
1785126537557998535,45.633425537,3.164748,-1.2663365338872408,2.4192025338949454,-179.2175757791423,-1.441238864746417,2.905037288383017,172.93001101211797,0.5163586292572805,-7.8524132087397875
1785126537591339844,45.666766846,3.100473,-1.2677937765559948,2.41601043720284,-178.27419258857796,-1.4451673087514674,2.8983395844978834,173.87923357889727,0.5139093074209319,-7.846573832524737
1785126537624681152,45.700108154,3.092705,-1.2701316651039087,2.4122511150055614,-177.5946769101481,-1.4422478120326692,2.906001869352627,175.01589872384815,0.5228898310848079,-7.389424366003754
1785126537658021973,45.733448975,3.05896,-1.2719117736294991,2.4075200814944124,-177.10762354373705,-1.4385110989923566,2.914619875719167,175.8841405811391,0.533765432108663,-7.008235875123874
1785126537691363037,45.766790039,3.049529,-1.2730069795650127,2.402123977229016,-176.83987566804115,-1.443480459611744,2.9088352675723512,176.20308198968647,0.5346190598553807,-6.957042342272412
1785126537724703857,45.800130859,2.878455,-1.2744230978815883,2.397567496749655,-176.54209761429968,-1.4454663467274236,2.903682907070822,176.49509630837807,0.5342364659402251,-6.962806077322275
1785126537758044434,45.833471436,3.00827,-1.2755019080981063,2.3935545011964665,-176.1228875675776,-1.4451406737964259,2.895284715998059,176.8222984147664,0.5296324378967939,-7.054814017655981
1785126537791385010,45.866812012,3.004334,-1.276327690421114,2.389440696174774,-175.62552945072298,-1.448008874334251,2.8914673867377605,177.31032697353936,0.530570661596965,-7.064143575737702
1785126537824725342,45.900152344,2.969647,-1.2770938738437663,2.3868748116420297,-175.16240530542458,-1.447089223193932,2.892216595491891,177.9052515216318,0.5331685824439064,-6.93234317294362
1785126537858065674,45.933492676,2.913263,-1.2778017861255229,2.3852603735220144,-174.73165065182747,-1.4468035103453956,2.891272339992278,178.37674006151423,0.5334882313607239,-6.891609286658324
1785126537891405762,45.966832764,2.973711,-1.2783175108700506,2.384132604148651,-174.35298494287483,-1.4473039766200906,2.8906321540583,178.81186091950676,0.5339458958221953,-6.835154137618397
1785126537924746338,46.00017334,2.968582,-1.2790701686053927,2.383601481756425,-173.9974369611206,-1.4467494613084049,2.8922538870726915,179.26563774848725,0.5355778324720001,-6.736925290392154
1785126537958091064,46.033518066,2.948098,-1.2796596688878688,2.38334978225401,-173.71494496292738,-1.4464698178361677,2.8942247782911195,179.60077005046986,0.5374187262908414,-6.684284986602768
1785126537991435303,46.066862305,2.908312,-1.2797502086007175,2.3829008038987918,-173.45323091092104,-1.450469908287794,2.8912802895489884,179.7753155699455,0.5362787682644206,-6.771453519133463
1785126538024779541,46.100206543,2.897375,-1.279664433741555,2.3833583249616694,-173.17814159958095,-1.44834656118095,2.891547634670578,-179.9633349508582,0.5354531115045437,-6.785193351277237
1785126538058123779,46.133550781,3.037119,-1.2797435381153868,2.3834006837723973,-172.91457897827303,-1.4469727927627545,2.894149883891003,-179.63120542500462,0.5374294084172448,-6.716626446731608
1785126538091467773,46.166894775,2.968253,-1.280085915662516,2.3843103874507885,-172.5947362164323,-1.4436156400215072,2.896703631318345,-179.3043161489255,0.5378557493511109,-6.7095799324931935
1785126538124811768,46.20023877,0.495695,-1.2802113488977838,2.3842992596552857,-172.20947916590708,-1.4464380218366146,2.8895207662106275,-179.08669665528615,0.5318647172753259,-6.877217489379066
1785126538158155518,46.23358252,0.488501,-1.2799184464038496,2.382987802671036,-171.71016645411615,-1.447027680800727,2.8844868006973443,-178.6766405502995,0.5286083060661286,-6.966474096183384
1785126538191499268,46.26692627,0.52446,-1.279651543522743,2.380842921008053,-171.2071727941571,-1.4473978753727803,2.884366313577725,-178.11612710254406,0.5307302881068832,-6.908954308386952
1785126538224842773,46.300269775,0.471244,-1.2795226469751482,2.37926240229266,-170.78623856116866,-1.4483247974494808,2.8792838497788185,-177.79671801743729,0.5277457853464228,-7.010479456268616
1785126538258186035,46.333613037,2.828999,-1.2793249141539529,2.3781829495114892,-170.31718371682248,-1.4490772308774706,2.876720683349422,-177.40059691895783,0.5266457263600105,-7.083413202135372
1785126538291529541,46.366956543,2.819987,-1.2790846811966297,2.3775224911772814,-169.86708502716598,-1.446677703532098,2.8798110291920884,-176.85613032542813,0.5295103365908819,-6.989045298262152
1785126538324872559,46.400299561,2.755911,-1.2795884962028905,2.376230999930304,-169.47183002521626,-1.4474567673403742,2.8771346249120398,-176.48932171679297,0.5282842018975498,-7.017491691576704
1785126538358215820,46.433642822,2.812708,-1.2799864929507665,2.3747081090592284,-168.86604153119492,-1.4481661236602834,2.874963639310902,-175.97940440184982,0.5277688734029061,-7.113362870654887
1785126538391558594,46.466985596,2.756506,-1.2809344422654159,2.3737765578284655,-168.23641671948252,-1.4470466366927572,2.87494529616868,-175.33357365964488,0.5279804593230599,-7.097156940162363
1785126538424901367,46.500328369,2.721047,-1.2815794787185317,2.3736177700231798,-167.68111962027152,-1.4474283561205061,2.8775191823942583,-174.67637638377622,0.5304926799919701,-6.995256763504687
1785126538458244141,46.533671143,2.738516,-1.2829376043001757,2.373108314123281,-167.1214839321361,-1.448708739850622,2.8767572478247088,-174.14027519522966,0.530228552418926,-7.018791263093574
1785126538491586670,46.567013672,2.747647,-1.2843609117599493,2.372637115104844,-166.5174801234203,-1.4496925084108043,2.8777838072448585,-173.51263069902885,0.5315145505356552,-6.995150575608522
1785126538524929199,46.600356201,2.628985,-1.285695017366511,2.372302026054754,-165.95541581587966,-1.4507457740387475,2.875346888336772,-173.00408543309896,0.5294297741404544,-7.048669617219304
1785126538558271729,46.633698731,2.719892,-1.286703838358768,2.3716330493083952,-165.32732254556637,-1.4531298127865575,2.8716576285839803,-172.46245779665372,0.5269935339678895,-7.135135251087351
1785126538591613770,46.667040772,2.694702,-1.2872764529341825,2.3705742240251806,-164.73081965198946,-1.4522412598658054,2.8741783003583934,-171.76983877168865,0.5299343857737636,-7.0390191196991925
1785126538624956055,46.700383057,2.723627,-1.2871804485711482,2.369357474978557,-164.18515704059567,-1.4515831695307237,2.8699763779433827,-171.2949115711552,0.5269227084351344,-7.109754530559557
1785126538658297852,46.733724854,0.699261,-1.286633272495669,2.367899950611701,-163.64675540207438,-1.4513602986732559,2.8666746652530937,-170.7455187182439,0.5252725093881405,-7.098763316169512
1785126538691639893,46.767066895,0.72469,-1.2852985065787943,2.3659813259189133,-163.0639940758606,-1.4494695835244396,2.866520582243116,-170.11178625459857,0.5267747997266752,-7.0477921787379785
1785126538724981445,46.800408447,0.680488,-1.2834422807080326,2.36431048699141,-162.43766284902242,-1.450629839676391,2.8590254184602,-169.6386597500113,0.5222016308783113,-7.2009969009888835
1785126538758323242,46.833750244,0.735475,-1.2809871910064154,2.362609791618749,-161.84701853473885,-1.4482742964352122,2.8572124655298006,-169.00324987562513,0.5221271690715847,-7.156231340886273
1785126538791664795,46.867091797,0.774959,-1.2784498592588005,2.3608689200420643,-161.3835744705538,-1.4439961744150231,2.857352798446785,-168.4504900076598,0.5233563069053403,-7.066915537106002
1785126538825006104,46.900433106,0.71621,-1.2752707395403178,2.3586197579430337,-161.19341198417467,-1.4418014550980534,2.8540691075107603,-168.2388438979153,0.5226878009015082,-7.045431913740632
1785126538858347412,46.933774414,0.773092,-1.2715793494225138,2.356164939141843,-161.1339505623407,-1.4387249150121906,2.851724183719014,-168.12023985775775,0.5229881499443265,-6.986289295417049
1785126538891688477,46.967115479,0.775372,-1.2673819340113042,2.353357334814515,-161.052694301426,-1.4326122641696397,2.8467031893765933,-168.08721091502886,0.5202799190991516,-7.034516613602879
1785126538925030029,47.000457031,2.474845,-1.2625421469383642,2.3499729129710034,-160.878247794045,-1.4278637759525952,2.8415594952852845,-167.93922879763983,0.5186411176636061,-7.06098100359482
1785126538958373291,47.033800293,2.622956,-1.256796742667432,2.34583312337074,-160.73375474750037,-1.423661484986029,2.8364637102001633,-167.77457064869898,0.5182298862103921,-7.040815901198628
1785126538991716553,47.067143555,2.608704,-1.2507301112530205,2.341543548970318,-160.53766693349138,-1.4159668839783246,2.832124417392818,-167.59900272343097,0.5176608730847332,-7.061335789939614
1785126539025059570,47.100486572,2.564417,-1.2447886778189239,2.3373484027537144,-160.3129053293697,-1.4080786818888962,2.8277976809179024,-167.3682378196839,0.5169179043919302,-7.055332490314191
1785126539058402588,47.13382959,2.461718,-1.238896439687208,2.333543666635143,-160.10501487305243,-1.4052892648314128,2.8229780904922754,-167.10904990631693,0.5169454782816397,-7.004035033264503
1785126539091745361,47.167172363,2.542369,-1.2332261268338547,2.3283312345085503,-159.92015872892858,-1.396615421305119,2.817910740218033,-166.94496328002415,0.5161241652534387,-7.024804551095559
1785126539125087891,47.200514893,2.524319,-1.2271051258028165,2.324259539540296,-159.7708493228911,-1.3898167696143355,2.8162399595025684,-166.71454733583525,0.5181889738870372,-6.943698012944138
1785126539158430420,47.233857422,2.509846,-1.2213398745487813,2.319064831314992,-159.73908187337273,-1.3835138507312776,2.8112432053787044,-166.68559295719552,0.5182084044540772,-6.946511083822802
1785126539191772949,47.267199951,2.423609,-1.2165092378862297,2.317434254800742,-159.67478877206975,-1.3757312286212933,2.8081682100984096,-166.5817148731876,0.5159180721933765,-6.906926101117859
1785126539225115234,47.300542236,2.393407,-1.211210191398091,2.313251760772999,-159.65853117975516,-1.3711462566774169,2.801673703667461,-166.58431254766774,0.5139411827026841,-6.925781367912557
1785126539258457275,47.333884277,2.462392,-1.20506561592235,2.3071756220031534,-159.61988452748156,-1.3626479350281289,2.7976514145106397,-166.5436342985049,0.5151686037896741,-6.923749771023366
1785126539291799316,47.367226318,0.845584,-1.1992599141370084,2.3026783722810533,-159.46580174400805,-1.3556742070524401,2.787785875903272,-166.52553985761222,0.5097006190881226,-7.0597381136041735
1785126539325141357,47.400568359,0.955413,-1.1967028147580916,2.2998117006971914,-159.46116133106284,-1.3639280930728082,2.779806548783673,-166.47449032598806,0.5082906136227571,-7.013328994925214
1785126539358483154,47.433910156,0.866395,-1.1909845196683755,2.2948520356256834,-159.42198156647072,-1.3589097661834066,2.7745387657221414,-166.44965008978386,0.5082305062152076,-7.027668523313135
1785126539391824707,47.467251709,1.032957,-1.186254163634703,2.292202972289165,-159.12296665011155,-1.3535241735759682,2.768937998812249,-166.21467696169577,0.5052282075851633,-7.09171031158422
1785126539425166260,47.500593262,0.980888,-1.1836440046125465,2.2902873738298184,-158.93998975909014,-1.350291481511673,2.7688756302840303,-165.89841737159628,0.5067722375710092,-6.958427612506147
1785126539458507568,47.53393457,0.891143,-1.181408527244199,2.287613193601997,-158.90206216926188,-1.3472753371855473,2.7669248373480957,-165.79371745561338,0.5071996160001566,-6.891655286351478
1785126539491848877,47.567275879,0.931576,-1.1772605504990517,2.2855516911245726,-158.91200393218918,-1.3429759587189876,2.7668663203856916,-165.72294436278733,0.5090435824782279,-6.81094043059816
1785126539525189941,47.600616943,0.85303,-1.1727818711877622,2.283947119945286,-158.8335378700036,-1.3377009481829922,2.762817704168822,-165.7115216538388,0.5064734330560184,-6.877983783835202
1785126539558531006,47.633958008,0.983579,-1.1686009443137475,2.2831083801335574,-158.66965043929386,-1.3324684397142457,2.760349105540599,-165.5729063471806,0.504590196135311,-6.903255907886763
1785126539591871826,47.667298828,0.973217,-1.164705829365232,2.282120211114368,-158.52518362569782,-1.3275214681042509,2.7609855501056004,-165.37550409983785,0.5057874505216421,-6.850320474140018
1785126539625212646,47.700639648,0.947356,-1.160892849280793,2.2815562887114202,-158.43973439142428,-1.3245065259158044,2.760455494099222,-165.2780939555121,0.5060769547243718,-6.838359564087817
1785126539658553223,47.733980225,0.925306,-1.1577577232367071,2.2814720813779172,-158.3589873032141,-1.3200980234752113,2.7619571434415424,-165.1353925984155,0.507168875176517,-6.776405295201421
1785126539691893799,47.767320801,2.30562,-1.1545607136442861,2.2815166117828887,-158.30086927089005,-1.316189351587277,2.762336762598321,-165.06387150838336,0.5072591389353979,-6.76300223749329
1785126539725234131,47.800661133,2.380606,-1.152050874120522,2.281480530456863,-158.25232612991422,-1.3131307512676738,2.7618734457923932,-165.00169960698466,0.5066794646779277,-6.749373477070431
1785126539758574463,47.834001465,2.339005,-1.1494537848871949,2.28140452254174,-158.19600368686062,-1.3103550019113823,2.762645492415501,-164.92250194919671,0.5074269136781205,-6.726498262336078
1785126539791914551,47.867341553,2.271898,-1.1469769932333636,2.281502884454241,-158.17975886220057,-1.30733056389778,2.7608601585666963,-164.96272998119537,0.5054667782054044,-6.782971118994782
1785126539825254395,47.900681397,2.407692,-1.1446920067955642,2.28132284736145,-158.15157284822808,-1.306339326545458,2.7608893136240087,-164.91823571512242,0.5060769225581049,-6.766662866894318
1785126539858594238,47.93402124,0.26723,-1.1423792678552762,2.281190603366928,-158.1593489480937,-1.301777679850359,2.760271596870039,-164.94999166850624,0.5049024183765435,-6.790642720412535
1785126539891934082,47.967361084,1.2346,-1.1393448565815512,2.2807803613918978,-158.19907835074633,-1.3021445735687613,2.759194334549618,-164.9851622598708,0.5053550015223672,-6.786083909124476
1785126539925274170,48.000701172,1.002491,-1.1360815688915225,2.2796536893733053,-158.18311956830414,-1.2978648114401725,2.758108718352095,-164.98861742331508,0.5050673542455996,-6.805497855010948
1785126539958620117,48.034047119,1.054475,-1.1334621307071582,2.278492210698609,-158.12347830612788,-1.2929048744550928,2.7563640710173254,-164.93306778996154,0.5037692958273065,-6.8095894838336735
1785126539991965820,48.067392822,1.173211,-1.1285460703222687,2.277166678628589,-158.05874402245837,-1.2907330554011376,2.751606008908239,-164.90051824183175,0.5013953492456584,-6.841774219373389
1785126540025311523,48.100738525,2.133889,-1.121644344807365,2.2752168042439194,-157.93694442771158,-1.2823302898119215,2.7474154356336205,-164.81451867878764,0.49879005644490765,-6.877574251076071
1785126540058657227,48.134084229,2.252378,-1.1143126222851591,2.273973181120596,-157.70853161700347,-1.2732418372722458,2.745814043946201,-164.5479709291749,0.4978878339630554,-6.839439312171444
1785126540092002686,48.167429688,2.204458,-1.1074551830713983,2.2723759801295897,-157.42557926687806,-1.2647785525201782,2.7467308489456146,-164.20109504499396,0.49976312803585804,-6.775515778115896
1785126540125347900,48.200774902,2.115775,-1.1019485857962543,2.2711170484153995,-157.36129494531073,-1.2582073158270355,2.741101936443544,-164.22291197619538,0.4952803102139839,-6.861617030884649
1785126540158693115,48.234120117,1.343194,-1.0968096686161624,2.270588213411724,-157.43212306860252,-1.244521291450912,2.7392764422919336,-164.32480860629212,0.4914136540749994,-6.892685537689598
1785126540192038330,48.267465332,1.256164,-1.0904421144822627,2.2690147625026884,-157.52897977608563,-1.2409281979060118,2.7346668055839203,-164.44497945134697,0.48936477859562494,-6.915999675261335
1785126540225383301,48.300810303,1.284761,-1.0837967288755972,2.2663831281132416,-157.6606340927578,-1.235543698825043,2.730172063007602,-164.55048357839507,0.4879829085319312,-6.889849485637309
1785126540258728271,48.334155273,1.226335,-1.075939888164833,2.262886643016934,-157.77403183757815,-1.2248155413929582,2.7267904385763337,-164.66270501112618,0.48720703161850865,-6.888673173548034
1785126540292072998,48.3675,1.922001,-1.0659264542021942,2.2585231658946014,-157.6082017608675,-1.2113192180373487,2.7225581869086657,-164.70237734042797,0.48627929886347004,-7.094175579560456
1785126540325417725,48.400844727,2.076277,-1.0573931324091264,2.2562411107077027,-157.49454835870222,-1.2093916214384481,2.712977494104073,-164.6012952260256,0.48136437818475225,-7.106746867323393
1785126540358762207,48.434189209,2.022658,-1.0496962182185645,2.2518522524639697,-157.67767139158113,-1.2045911750311618,2.7121276975567916,-164.58470838098108,0.48563971522248023,-6.907036989399965
1785126540392106689,48.467533691,1.956403,-1.0444461115026606,2.248575677200399,-157.7173312058764,-1.1981152813141205,2.704534970377087,-164.75114753280403,0.4811580725548809,-7.033816326927632
1785126540425451172,48.500878174,4.98029,-1.0384198356347785,2.245739076287826,-157.58974357982098,-1.1888843941728973,2.698259561718337,-164.69658231428767,0.4768798308906931,-7.106838734466696
1785126540458795410,48.534222412,1.260286,-1.0328359899255648,2.2425818886096573,-157.44569398614016,-1.1823827725971479,2.6932162340100287,-164.50616896617956,0.4748005407135115,-7.060474980039388
1785126540492139404,48.567566406,1.232116,-1.0251844120362392,2.2385637510454135,-157.3180378568436,-1.178670419681488,2.6869938847056836,-164.34972372104122,0.47396997723215023,-7.0316858641976125
1785126540525483398,48.6009104,1.795836,-1.0175330915128424,2.2343658643976028,-157.23136858321513,-1.17218395386508,2.681333297494769,-164.2537251689126,0.4729659347942094,-7.022356585697464
1785126540558827393,48.634254395,1.383202,-1.0104243072974772,2.2298784016365434,-157.19939974621076,-1.1663469102259636,2.6734335122426596,-164.24369921231892,0.4701627316672371,-7.044299466108174
1785126540592171143,48.667598145,1.476858,-1.0018748115459029,2.225817481097156,-157.26917237719755,-1.1542679032247498,2.6711347047511382,-164.19398218726326,0.4706708872177333,-6.92480981006571
1785126540625514893,48.700941895,1.306109,-0.9949874718925432,2.222756501202256,-157.05846314007573,-1.1369251996532361,2.6786866132161222,-163.70956051395697,0.4775129166869155,-6.651097373881256
1785126540692201904,48.767628906,1.951501,-0.981423007812096,2.216053831073831,-156.81704460281176,-1.1142049358466664,2.67821566353315,-163.16618526321184,0.48085819094066945,-6.34914066040009
1785126540725545166,48.800972168,1.891711,-0.9753829628438327,2.212503029569436,-156.93352165418352,-1.106998688281457,2.6731234077982196,-163.29025830176766,0.4790551450742384,-6.356736647584144
1785126540758888428,48.83431543,1.964958,-0.9690156856823784,2.2084371403924163,-157.03348979330957,-1.1009590901871567,2.6641108393965194,-163.48822581041625,0.474391802159769,-6.454736017106682
1785126540792231689,48.867658691,1.834121,-0.962989135108163,2.202810043953687,-157.1315440852821,-1.0940202774716814,2.6583232269142467,-163.5499526958994,0.473984620130178,-6.418408610617312
1785126540825574707,48.901001709,1.942183,-0.9561439659338256,2.197017034595871,-157.178547087082,-1.0822888449942092,2.653519736979345,-163.6200391222907,0.47361086114718004,-6.441492035208692
1785126540858917480,48.934344482,0.142245,-0.94888776269849,2.1907006624421204,-157.13238865408002,-1.0731102605387155,2.6435603056958787,-163.7296992957456,0.4695882083885691,-6.5973106416655805
1785126540892260254,48.967687256,1.510465,-0.941571539601837,2.186318981409374,-157.16507878691618,-1.0779227496893187,2.6374673575963414,-163.61516585724104,0.4713029915335334,-6.450087070324857
1785126540925603516,49.001030518,1.546414,-0.9358323586184631,2.1813237438569213,-157.29290019592082,-1.0750789060206374,2.6313655294942584,-163.7472160172679,0.4710915089269481,-6.4543158213470715
1785126540958946533,49.034373535,1.567335,-0.9301591753880454,2.1754119715688085,-157.30101534971888,-1.0684589218183542,2.6236914421401303,-163.81290074226,0.46912823790344604,-6.511885392541133
1785126540992289551,49.067716553,1.500519,-0.9260464385169855,2.1707944292117816,-157.1815968583764,-1.0661749949301667,2.6155890360971457,-163.7603853003221,0.4663456385951815,-6.578788441945721
1785126541025632324,49.101059326,1.550045,-0.9232435539109952,2.167287679182033,-157.12347225815117,-1.0591830958683695,2.6116281650271707,-163.6023691097523,0.4646698036548898,-6.478896851601139
1785126541058975098,49.1344021,1.610539,-0.9190688096753732,2.161626854830815,-157.05213208822988,-1.057954391548036,2.603858788170887,-163.53275327630755,0.46352808730195194,-6.480621188077665
1785126541092317627,49.167744629,1.495311,-0.9138205282346125,2.155840169629119,-156.9036147087507,-1.0551388962177135,2.593189586653089,-163.47154568065105,0.4596143967508126,-6.56793097190037
1785126541125660156,49.201087158,1.728655,-0.9085376552761633,2.1499210932581443,-156.78731169577478,-1.0506876695890481,2.5864242918582736,-163.3327084162679,0.4590660834316747,-6.545396720493127
1785126541159002441,49.234429443,1.613337,-0.9032027306184366,2.1441841888233597,-156.75271059272953,-1.044298532676097,2.5812105412472004,-163.2385162412395,0.45923856335371216,-6.485805648509991
1785126541192344727,49.267771729,1.678024,-0.8966491266976842,2.1395249703537953,-156.7452941269629,-1.0384191951285435,2.574694281682622,-163.22922921726612,0.4576801086187775,-6.483935090303215
1785126541225686768,49.30111377,1.76203,-0.8919474751856682,2.1371016664987357,-156.52270945961368,-1.0226619722424617,2.568669620121157,-163.0932763204425,0.45092923872227986,-6.570566860828826
1785126541259028809,49.334455811,1.713474,-0.8855018502214675,2.131627049264316,-156.34724628985765,-1.0191214544683087,2.563471111158245,-162.85032342700734,0.45204368420776553,-6.503077137149671
1785126541292370605,49.367797607,1.689959,-0.8803292761216261,2.127805368620268,-156.34356774082605,-1.0048169055641727,2.560362192986103,-162.86367887365978,0.45011395911444546,-6.520111132833737
1785126541325712402,49.401139404,1.855033,-0.8755806814862424,2.123491356510832,-156.34347694224647,-1.0008417210281952,2.5561026356020786,-162.8337419870427,0.4503807798120332,-6.490265044796239
1785126541359053955,49.434480957,1.763573,-0.8705355020411532,2.118376782330004,-156.3202202160709,-0.9979363863820665,2.5495163155432814,-162.84221322379378,0.44956899629557373,-6.521993007722864
1785126541392395264,49.467822266,1.703352,-0.8659345383846554,2.1131045141333695,-156.34213476570352,-0.9907854897686639,2.542887236346969,-162.8758749580796,0.44754993953169525,-6.533740192376085
1785126541425736572,49.501163574,1.605223,-0.8602399795583924,2.1073105666684535,-156.43520127467997,-0.9850226114881173,2.5346567950880043,-162.97363106952835,0.44519153650504645,-6.538429794848371
1785126541459077881,49.534504883,2.587607,-0.8544949944407036,2.102081810328994,-156.61460893034183,-0.9810212589665294,2.5269327662430245,-163.11387637302138,0.4432913605699129,-6.499267442679529
1785126541492418945,49.567845947,1.760399,-0.8481464327887971,2.0964442824936045,-156.87675609210578,-0.9797882022412976,2.5243687808718445,-163.2881261783167,0.44771523514043343,-6.411370086210925
1785126541525759766,49.601186768,1.592663,-0.8415777995609988,2.0907079802463415,-156.90529927161188,-0.9749765418686528,2.5142905109729288,-163.49508879144733,0.4440916400766897,-6.589789519835458
1785126541559100586,49.634527588,1.567978,-0.8360979598980577,2.0868292739986343,-156.79769104505917,-0.9711557633593052,2.507646116026101,-163.46587541388593,0.441958623413716,-6.6681843688267515
1785126541592441162,49.667868164,1.553551,-0.832568803825009,2.08394528109715,-156.75091814116865,-0.9635346143454646,2.5032606003067257,-163.39626016453235,0.439291908016877,-6.645342023363692
1785126541625781738,49.70120874,1.566781,-0.8287702310163492,2.080659760106696,-156.7369815446782,-0.9586655437563092,2.4978331383463517,-163.35744006889217,0.43692839205492107,-6.620458524213985
1785126541659122070,49.734549072,1.57191,-0.8228916224490008,2.076572066508488,-156.68592389834808,-0.9553782063352007,2.4939841830835423,-163.29234871204216,0.43793329397694997,-6.606424813694081
1785126541692462402,49.767889404,1.598258,-0.8161503734903792,2.0726901329948166,-156.60419824442442,-0.9473168776809671,2.4900305003083085,-163.1752314528598,0.4374672947900675,-6.571033208435373
1785126541725802490,49.801229492,1.503495,-0.8088743800330459,2.0685475763343812,-156.47280395203728,-0.9429063151502297,2.48279839866835,-163.11103421116283,0.4353944228347746,-6.6382302591255335
1785126541759142578,49.83456958,1.551545,-0.8005459153693428,2.064247692985855,-156.47290404048084,-0.9335244516487229,2.479407792789919,-163.01035883598874,0.4359371509522067,-6.537454795507904
1785126541792482422,49.867909424,4.727175,-0.7943192703783217,2.0627789375892878,-156.43910644438049,-0.9174208106224663,2.4707720662618575,-163.037836619046,0.42616004300557414,-6.598730174665542
1785126541825822266,49.901249268,1.428787,-0.7852921725015198,2.0605608276580205,-156.0437534294424,-0.9051933675268214,2.468667508704393,-162.66595394212243,0.42535556853435125,-6.622200512680013
1785126541859161865,49.934588867,1.48424,-0.7773602088621359,2.057900800461167,-155.97667690156229,-0.8928670575063651,2.464787168639755,-162.52872892095368,0.42296376758923704,-6.55205201939138
1785126541892501221,49.967928223,1.572361,-0.7703866877609724,2.056392993649203,-156.00695388399055,-0.8807266120150938,2.460287016879016,-162.57553067435632,0.41869473472348556,-6.568576790365769
1785126541925841064,50.001268066,1.57774,-0.7623664006021276,2.053144315491059,-156.05592317224333,-0.8746575862730945,2.4554238736431384,-162.59785485915597,0.41765793813409524,-6.5419316869126405
1785126541959184082,50.034611084,1.426165,-0.7541283330562412,2.0493623860974446,-156.1335505088522,-0.8631402401470032,2.4513757821338378,-162.64201474497676,0.416531351137317,-6.508464236124542
1785126541992527100,50.067954102,1.439814,-0.7443709983450585,2.04507582413327,-156.1665156799838,-0.8517054569384209,2.4481693423345288,-162.67629610316118,0.4171391499456733,-6.509780423177378
1785126542025869629,50.101296631,1.489952,-0.7337089890422615,2.041682286783942,-156.0579812001163,-0.8436901204194583,2.441380404545509,-162.67169117118877,0.41455329524820783,-6.613709971072483
1785126542059212402,50.134639404,1.551768,-0.7247499416597101,2.038888850247567,-156.16377152622258,-0.8452116798730153,2.435668045654519,-162.6980683842919,0.4146622243237971,-6.534296858069318
1785126542092554932,50.167981934,1.438827,-0.7157290633087207,2.034802156266057,-156.25694962379362,-0.8383169684774817,2.432207416892392,-162.80621027809292,0.41588307932296376,-6.549260654299307
1785126542125897217,50.201324219,1.412439,-0.7100762940550909,2.0323167565306806,-156.24134406260353,-0.8292274489004086,2.426112072585105,-162.8717703382395,0.4114264802457139,-6.630426275635978
1785126542159239502,50.234666504,1.333122,-0.7016834820385339,2.029598908276845,-156.14411296953472,-0.8200700857371245,2.4196159186292685,-162.8150070163354,0.40758883240286364,-6.670894046800656
1785126542192581543,50.268008545,1.290289,-0.6941730352074844,2.026577161072173,-156.0471277357131,-0.8122875673153013,2.4142664099536355,-162.71510514886543,0.4052826129916272,-6.6679774131523315
1785126542225923340,50.301350342,1.386221,-0.683923593332905,2.022738094894367,-155.9240157074204,-0.8042858398528084,2.407719949493424,-162.64322468761515,0.4033585238442936,-6.719208980194728
1785126542259265137,50.334692139,1.329088,-0.6743489090208821,2.019267122026438,-155.87480613929938,-0.792941905682279,2.4027513952979733,-162.5918515840259,0.4014031473515469,-6.717045444726514
1785126542292606934,50.368033936,1.356832,-0.6642441525468528,2.015854508287168,-155.92738538395588,-0.782135960592747,2.396054766576343,-162.654063427924,0.3980586826178843,-6.726678043968123
1785126542325948486,50.401375488,4.988995,-0.657302861041855,2.0148578381820106,-155.87251904866264,-0.7597587947194168,2.3962734649980835,-162.43816052290205,0.39493682877801956,-6.565641474239394
1785126542359290039,50.434717041,2.073824,-0.647417623061344,2.0128625576947887,-155.56959862984777,-0.7511003920470337,2.398857212365399,-162.03099221843533,0.39967735740072097,-6.461393588587564
1785126542392631348,50.46805835,1.948317,-0.6390157597910292,2.0110133069307925,-155.56289715375456,-0.7391029470568462,2.3895665746697303,-162.13939754473316,0.391561006192663,-6.576500390978616
1785126542425972412,50.501399414,2.070997,-0.6316409374327987,2.0095144531394546,-155.65558037650626,-0.7287606422968459,2.385818898419871,-162.22648045620863,0.3886351407305848,-6.570900079702354
1785126542459313477,50.534740479,1.910914,-0.6230566166788815,2.0066174755500077,-155.70588686081467,-0.7195386362161933,2.3804106218701855,-162.2758707960768,0.38604416370401984,-6.569983935262111
1785126542492654297,50.568081299,2.102968,-0.6152861281082418,2.002875618844078,-155.77631953633153,-0.7087177462315067,2.3754096200631403,-162.33804170897656,0.38407167212567994,-6.561722172645052
1785126542525995117,50.601422119,2.076631,-0.6052905532299364,1.9987152000541337,-155.7647592971646,-0.6979421566108729,2.373585803196199,-162.29957578634892,0.38615060366281223,-6.5348164891843075
1785126542559335693,50.634762695,2.131112,-0.5958094365229976,1.9941600956382222,-155.5270201185174,-0.686608179831453,2.3670193716547474,-162.1727178686365,0.38375571852151225,-6.6456977501190915
1785126542592676270,50.668103272,2.075207,-0.5883234797754268,1.9914380559410267,-155.4176890791582,-0.6808791445392296,2.358096576742167,-162.07992459948204,0.37816004806953063,-6.662235520323836
1785126542626016602,50.701443604,1.820215,-0.5799301594870581,1.9867622838391577,-155.59140688692585,-0.6750060887687365,2.3538359981373453,-162.20318987804654,0.37918668760577845,-6.611782991120704
1785126542659356934,50.734783936,1.220936,-0.5732732789424011,1.9819889226971485,-155.6316486654425,-0.6672322977817005,2.3456798293095322,-162.35334764381423,0.37563196452615877,-6.721698978371759
1785126542692697021,50.768124023,1.25039,-0.5686725082414947,1.9789999332599673,-155.6050074260638,-0.6622614882904501,2.340526268356287,-162.30379233177325,0.3734436880639172,-6.6987849057094495
1785126542726037109,50.801464111,1.214755,-0.5627259062807728,1.9750395253437087,-155.5371702268429,-0.6559084603787965,2.33403961573675,-162.24444450788596,0.37089628373770844,-6.7072742810430475
1785126542759376953,50.834803955,1.218226,-0.5558584047335751,1.9704500084203387,-155.47765409727467,-0.6512061904067907,2.328402652626649,-162.1545453985907,0.3704339289631482,-6.676891301316044
1785126542792716553,50.868143555,1.194284,-0.5491632767666439,1.9660397970917494,-155.39595536952265,-0.6453542759022326,2.3230305752315035,-162.05539509419168,0.3697230368688567,-6.659439724669018
1785126542826056152,50.901483154,1.204915,-0.5420040114711073,1.9612389755804354,-155.35210255840704,-0.6384535295039526,2.3159934265708277,-161.99931842741003,0.3676319219358717,-6.6472158690030065
1785126542859395752,50.934822754,1.143303,-0.5341065262964317,1.9560012002324216,-155.38389699369665,-0.628480851709031,2.3110447498748314,-162.0143811242316,0.36737233896928806,-6.630484130534951
1785126542892735107,50.968162109,1.177542,-0.526063633265534,1.952113958556199,-155.3978098243745,-0.6186807056013184,2.30557567653937,-162.0426016462835,0.36539445557871647,-6.644791821908998
1785126542926074707,51.001501709,0.782119,-0.5201174020971652,1.950365191085453,-155.16812097719347,-0.6070331733724922,2.302417786383175,-161.77106536119635,0.36262291868033764,-6.602944384002879
1785126542959417725,51.034844727,2.234745,-0.5122485040778535,1.9465529495154719,-155.09706287932173,-0.5997239623319227,2.2947879990263673,-161.6984044235946,0.3590537640864042,-6.601341544272884
1785126542992760498,51.0681875,2.02058,-0.5053528400074413,1.943106182615269,-155.19080266995618,-0.5897735806478177,2.2891071480079956,-161.81442202560967,0.3561509925620994,-6.623619355653472
1785126543026103271,51.101530273,2.176679,-0.49801456258355165,1.9393735691839615,-155.30302642356745,-0.5848617794262247,2.2810642163875827,-161.96085997835735,0.35255487155866644,-6.657833554789903
1785126543059445801,51.134872803,2.202597,-0.4903864016151589,1.9342494437475644,-155.4027282611801,-0.5723763694465187,2.2730298434430174,-162.08147256378655,0.3485606318028448,-6.678744302606458
1785126543092788330,51.168215332,2.198711,-0.4826739194359414,1.928160970161633,-155.44929973050523,-0.5634790756560544,2.268666689546321,-162.08470961860309,0.34996230969268793,-6.63540988809787
1785126543126130615,51.201557617,2.03198,-0.47300141427662845,1.9220950543547883,-155.51111648919593,-0.5557428913337612,2.2626875364608345,-162.13802488603375,0.35049877445256983,-6.626908396837815
1785126543159472656,51.234899658,2.328729,-0.4622096329086528,1.9167739167829316,-155.37084943677667,-0.5487490044925976,2.2540083604892005,-162.05314836224116,0.3481610731486515,-6.6822989254644884
1785126543192814697,51.268241699,1.263606,-0.45349109751579475,1.911836302966916,-155.53855138452013,-0.546018687225432,2.250701798871747,-162.0471819490665,0.35127080603474836,-6.508630564546375
1785126543226156738,51.30158374,1.041958,-0.44420016120825867,1.9064956823981447,-155.6767069229279,-0.5360272554725964,2.2364524048785333,-162.42408451671486,0.3424962101265235,-6.747377593786962
1785126543259498535,51.334925537,1.121439,-0.43850204384503233,1.9028732316115085,-155.58555131179398,-0.5258880818578422,2.231552296903399,-162.36074186038712,0.34009740898855295,-6.775190548593139
1785126543292840088,51.36826709,0.991833,-0.4319977043256117,1.8994838010462154,-155.4980444938132,-0.517223400786889,2.2234906512186927,-162.28331903521814,0.3350281455281033,-6.785274541404908
1785126543326181641,51.401608643,1.065121,-0.42312175677408426,1.8946704184190146,-155.40732798712276,-0.5096367652728478,2.2185212625849817,-162.14774944502236,0.33520772061894794,-6.740421457899622
1785126543359523193,51.434950195,1.024922,-0.414192818473215,1.8898076173665177,-155.2996679026587,-0.5011674150381369,2.213478792191049,-162.02849447184522,0.335153114053746,-6.728826569186496
1785126543392864502,51.468291504,1.140654,-0.4055573961880653,1.8857118237119923,-155.24481821509568,-0.4934605568249904,2.2067033330795693,-161.95897979262332,0.33281002799801024,-6.714161577527643
1785126543426205566,51.501632568,1.010583,-0.39585673952360645,1.8812401434089496,-155.21974100920346,-0.4842541371184618,2.1994892804869703,-161.95568819157785,0.33029776437700537,-6.735947182374397
1785126543459546631,51.534973633,2.721102,-0.3851853483452794,1.8768450162831674,-155.2792988744763,-0.47273109221643017,2.193650662945774,-162.0124645496164,0.32867928901478655,-6.733165675140118
1785126543492887451,51.568314453,1.009367,-0.37631912619467267,1.8758003914742818,-155.15524780339564,-0.45592840642364846,2.1941224770024115,-161.80741371061583,0.3281258716309238,-6.6521659072201755
1785126543559568848,51.63499585,1.177202,-0.35637384908707403,1.8693232247003242,-154.9723305156009,-0.4279851649915215,2.182382186863346,-161.60333848016796,0.3211449740477889,-6.63100796456708
1785126543626249756,51.701676758,2.449859,-0.3374587344985609,1.8633214472203172,-155.19902752223496,-0.4063470393196575,2.17139623119687,-161.8572840290714,0.31568286469703116,-6.6582565068364445
1785126543659589844,51.735016846,2.433519,-0.32759353374760813,1.8582624634132583,-155.25324174426106,-0.3925870344750049,2.163311503041453,-161.96702720525292,0.31189593090466267,-6.713785460991854
1785126543692929932,51.768356934,2.48346,-0.31480903900149004,1.853510505369412,-155.29811556258733,-0.3801094625934337,2.160190225407284,-161.97151770650535,0.31355477353055045,-6.673402143918022
1785126543726270020,51.801697022,2.415144,-0.3023559129942872,1.8492046144749352,-155.13926025617693,-0.37118350380583537,2.1509742875155036,-161.92849027152963,0.3095192608286816,-6.7892300153526834
1785126543759609863,51.835036865,2.558776,-0.2903653500841398,1.8451009354886523,-155.30097505842193,-0.36426628758795876,2.149546644867895,-161.91144291967748,0.31328667147418465,-6.610467861255568
1785126543792949463,51.868376465,2.466846,-0.2808572213462057,1.8405634751383997,-155.44128868839937,-0.353419675228071,2.141734915583199,-162.140341541552,0.30978951927551257,-6.699052853152631
1785126543826289063,51.901716065,2.483874,-0.2729995082790255,1.837979288099501,-155.4088656245282,-0.34280018674113566,2.133922326304363,-162.15578389656042,0.3040631785923699,-6.746918272032221
1785126543859628418,51.93505542,2.507808,-0.26322181987741655,1.8345578629823185,-155.32077450504613,-0.3318942406769512,2.128127117060267,-162.0675818465978,0.3014942923478841,-6.7468073415516585
1785126543926307373,52.001734375,2.498941,-0.2427899020774279,1.8269273627126126,-155.15432531877846,-0.31175220632259865,2.1197791650228903,-161.83817638186795,0.30086205730065313,-6.683851063089485
1785126543959650391,52.035077393,2.534884,-0.23162548637340563,1.8228829619864673,-155.10917725741902,-0.30061420154037255,2.113304605473454,-161.8138457267452,0.2985032224718374,-6.704668469326161
1785126543992993164,52.068420166,2.544117,-0.21981890805984394,1.8184883390362234,-155.1237074421154,-0.28860277027179343,2.107287210959877,-161.84627745651963,0.2968770926244855,-6.722570014404222
1785126544026335938,52.10176294,2.664931,-0.20851559671988007,1.8165461217919598,-155.18004618896745,-0.2706926542102416,2.0993912674968747,-161.94223529231186,0.28959862383477275,-6.762189103344405
1785126544059678467,52.135105469,2.216871,-0.2002271311415056,1.8165316421894429,-154.92807894415625,-0.26028725533254704,2.10005740875337,-161.6090099060353,0.28981731974384445,-6.680930961879076
1785126544093020996,52.168447998,2.589449,-0.18895254670509154,1.8134823068530075,-154.78481905640388,-0.2452663426830567,2.098550844932534,-161.4012757623998,0.29057755422648596,-6.616456705995918
1785126544126363281,52.201790283,2.51427,-0.17951558529147438,1.8123815586944052,-154.86314776673063,-0.23410451928156334,2.094910119031048,-161.43210245248662,0.2877539558721485,-6.568954685755996
1785126544159705566,52.235132568,2.586435,-0.16900755404159928,1.8094943095703235,-154.91540304871134,-0.2210138907736428,2.086244402423498,-161.59113618474672,0.2815941635661636,-6.675733136035366
1785126544193047607,52.268474609,2.55965,-0.15805262228867312,1.8048318551739402,-154.92473342543454,-0.20710854916410854,2.081966920935536,-161.5732775771135,0.2814432955966299,-6.6485441516789345
1785126544226389648,52.30181665,0.737523,-0.14484163199135625,1.800320400880647,-154.9963945977868,-0.19341786720355983,2.077452301480412,-161.61915690761444,0.2813569635843926,-6.622762309827654
1785126544259731445,52.335158447,0.711861,-0.1305647762871437,1.7959263473161078,-154.90555090683975,-0.18080407686168257,2.070879620016473,-161.6538562656115,0.27950543731895494,-6.748305358771736
1785126544293072998,52.3685,0.777996,-0.11753351918222621,1.7930681679440528,-154.96678426747582,-0.17528160339049334,2.0654204172962842,-161.59529830148387,0.2784072358200217,-6.628514034008039
1785126544326414551,52.401841553,0.656019,-0.10626533055081189,1.7894270919587967,-155.1282020605145,-0.1651154144089797,2.0566536253335226,-161.8835096973901,0.27362995543175983,-6.755307636875622
1785126544359756104,52.435183106,0.786766,-0.09858000523415744,1.7865716857999385,-155.1124225940524,-0.15414754987382698,2.0499652744770454,-161.91502206712286,0.26919126021007184,-6.802599473070494
1785126544393097412,52.468524414,0.763977,-0.08842931822723887,1.7843915230540799,-155.06353279023736,-0.13880829565545827,2.0468885928750695,-161.82264157832324,0.2672877719449929,-6.759108788085876
1785126544426438477,52.501865479,0.614117,-0.07723731199139416,1.7808893948896976,-154.98050021243344,-0.13069355582543427,2.042189353109419,-161.73848805871256,0.2667119010664364,-6.757987846279131
1785126544459779541,52.535206543,0.630434,-0.06558936185994069,1.7778952273729574,-154.9064909667622,-0.11788078941887031,2.034155560398146,-161.7395864083415,0.26154110896440597,-6.833095441579314
1785126544493120361,52.568547363,0.645327,-0.05481412288298915,1.7747163794101035,-154.8981580861968,-0.10816743939207434,2.028640031236001,-161.7388206253241,0.25946829736813376,-6.8406625391273295
1785126544526461182,52.601888184,0.630655,-0.04262799840855824,1.7711375301067975,-154.90481135687804,-0.09884498477888617,2.025308577674202,-161.70750798649334,0.2603137932920065,-6.802696629615285
1785126544559801758,52.63522876,1.566326,-0.03175533835013011,1.7682841127440154,-154.97543961547797,-0.08017775656282099,2.025231736734173,-161.6807325235282,0.26147048028363,-6.705292908050219
1785126544593142334,52.668569336,0.706705,-0.021783696541109454,1.7677089793584788,-154.7896179859538,-0.06687679226753916,2.020807161835243,-161.51015106107786,0.25708379422910804,-6.720533075124051
1785126544626482666,52.701909668,0.630772,-0.01057369925518381,1.7644221794454105,-154.53039686958792,-0.05315975739287744,2.0184516503465146,-161.2051509527141,0.2575743473911988,-6.6747540831261745
1785126544659822998,52.73525,0.565567,-0.0037067822632246283,1.7638059408777165,-154.5258567676935,-0.042839789234356135,2.0174953882712487,-161.13014068344708,0.25668994517401417,-6.604283915753559
1785126544693163086,52.768590088,0.64032,0.008822543525797477,1.7607871196224056,-154.5944675380475,-0.028122517240482408,2.0144451892600346,-161.14882865915357,0.2563344569255416,-6.554361121106074
1785126544726503174,52.801930176,0.589665,0.019790438401085853,1.756833472691183,-154.63627759988856,-0.014841285857748656,2.0075277176250665,-161.23131272245325,0.2530750101612365,-6.595035122564693
1785126544759843018,52.83527002,0.605772,0.02980224883674576,1.7523464467090908,-154.67935930354315,-0.0039375328728706045,2.0017623116104577,-161.26887928782082,0.25168759710067057,-6.58951998427766
1785126544793182617,52.868609619,0.38752,0.04202911800902287,1.7485959934510202,-154.67983423658774,0.010161497889954777,1.9951503937262811,-161.3486805272353,0.2486053448885337,-6.668846290647544
1785126544826522217,52.901949219,0.459662,0.05411336671021094,1.7453258126820188,-154.49527673101764,0.02962848765211819,1.9911793703488707,-161.18543318533705,0.24706978997833284,-6.69015645431941
1785126544859861572,52.935288574,0.486987,0.06455149339198396,1.7431030880170848,-154.57469127772887,0.027933342612643082,1.9861848422490014,-161.18341281424532,0.24582438489084935,-6.608721536516448
1785126544893200928,52.96862793,0.515741,0.07446343710285064,1.7392672876460318,-154.6454602260544,0.03731189494277769,1.9792100909317951,-161.36646719723802,0.24280194796068297,-6.7210069711835905
1785126544926540527,53.001967529,2.75546,0.07818438057050114,1.7379085152240248,-154.59615572344876,0.047118778363118174,1.9729961951129698,-161.35463114264377,0.237131374718898,-6.758475419195007
1785126544959885010,53.035312012,2.831253,0.08761742154278318,1.7351681366947347,-154.50588700653262,0.05811914618382259,1.9692073586464662,-161.22518954523247,0.23589087659535482,-6.7193025386998615
1785126544993229248,53.06865625,2.79236,0.09626673908343086,1.732381149299869,-154.4162274053694,0.06506063579121085,1.9685369234586134,-161.05299745825215,0.23820867018477845,-6.6367700528827465
1785126545026573486,53.102000488,0.539094,0.10562599400971628,1.7292726512534522,-154.37442234477675,0.07317885449276447,1.9639447322091788,-161.02775610602103,0.23690462731429207,-6.65333376124428
1785126545059917480,53.135344482,2.85489,0.11444394110750011,1.7267240663752448,-154.3352352343166,0.08080902495481666,1.9604956018178608,-160.9941753772391,0.23617882709463248,-6.658940142922474
1785126545093261475,53.168688477,0.483852,0.1227004325476293,1.7237550695587438,-154.31801764880584,0.08960897007593996,1.9552669093488586,-161.0282059560667,0.23386486878434523,-6.710188307260864
1785126545126605225,53.202032227,0.411177,0.13153609089491214,1.7207393852403186,-154.3702777646642,0.0989932801398231,1.9497515159036167,-161.11252835118785,0.23131275477756322,-6.74225058652365
1785126545159948975,53.235375977,0.269121,0.14172084972775256,1.717867519069813,-154.4378924640034,0.11083608324022301,1.9456689578769537,-161.19173735573136,0.22988554613892698,-6.753844891727964
1785126545193292480,53.268719482,3.012901,0.14940360570909184,1.7157446819397775,-154.29035588766146,0.1256824649536893,1.9462913057176037,-160.93833126228017,0.23176375526404502,-6.647975374618709
1785126545226635986,53.302062988,3.023343,0.15829595969140975,1.7131807273175164,-153.9809450945988,0.13442103333554226,1.9419143890105455,-160.6527598761431,0.229976303344495,-6.671814781544282
1785126545259979248,53.33540625,3.104591,0.16547300177478352,1.710672693083872,-153.80924888036054,0.14951112345500134,1.9462033951796243,-160.32254801387566,0.23607094948174692,-6.513299133515124
1785126545293322510,53.368749512,2.99725,0.17160286784186474,1.7081025198140332,-153.85535988269197,0.15840121547806002,1.9441414605746286,-160.31136775526588,0.23640783654633493,-6.456007872573897
1785126545326665527,53.402092529,3.008396,0.1771423289844386,1.7058841327720669,-153.9234523019691,0.16261258603371945,1.9357335605618933,-160.47428235164415,0.2303082128051985,-6.550830049675048
1785126545360008545,53.435435547,2.930612,0.1836820362100876,1.7016269808176023,-153.99823945026233,0.16903786907806154,1.931160187399808,-160.51235802957862,0.2299998794671429,-6.51411857931628
1785126545393351318,53.46877832,3.086711,0.19101693482035753,1.696881549364778,-154.09102131936694,0.18052217746568272,1.9264572928341586,-160.59552405542516,0.22981549539022025,-6.504502736058206
1785126545426694092,53.502121094,2.989611,0.19840220908552142,1.6923482276154067,-154.02199497726534,0.18812435462678131,1.921704024250429,-160.55765057070846,0.22958596590898317,-6.535655593443129
1785126545460036621,53.535463623,0.168791,0.20575292096212172,1.6877519655662572,-153.87612055359713,0.19035783135717396,1.914156081469145,-160.44433391875612,0.22692693203256553,-6.5682133651589805
1785126545493379150,53.568806152,0.255408,0.2098866091512327,1.683611455340498,-153.93311326734732,0.19173107044276733,1.9056845022223974,-160.56885611362,0.2228139621684532,-6.635742846272679
1785126545526721436,53.602148438,0.167984,0.2128040163625864,1.6796144960723356,-153.89101568741174,0.19525737522746195,1.8996977872322642,-160.58682314355136,0.22078165608335934,-6.695807456139607
1785126545560063721,53.635490723,0.302528,0.21559646166824098,1.6743671133400386,-153.7743270561549,0.1961109944966347,1.8942936775906627,-160.5069150197351,0.22078808186580096,-6.732587963580199
1785126545593405762,53.668832764,0.905809,0.21665009340544372,1.6696902705806589,-153.68948902118757,0.19719631437687254,1.888678710339213,-160.40763025449013,0.21985082730428465,-6.718141233302558
1785126545626747803,53.702174805,0.435015,0.2170529842770671,1.6652884486931403,-153.7457715537703,0.1971088888596899,1.8826083704401595,-160.41297322412532,0.21823316734664325,-6.667201670354995
1785126545660089600,53.735516602,0.130165,0.21781310328497905,1.66023566248999,-153.82293782960485,0.19669443190066527,1.872285612081688,-160.56655942878615,0.2130989896805713,-6.743621599181292
1785126545726772949,53.802199951,0.262669,0.22080972122351505,1.6465215369789066,-153.78873932176194,0.1972757784132347,1.8598398022005496,-160.51634517816672,0.21461250835253934,-6.7276058564047885
1785126545760114502,53.835541504,0.194336,0.2222303943867232,1.6395882278377258,-153.8080250971025,0.1980289487543452,1.8527011194706375,-160.53525098409222,0.21448266725038206,-6.727225886989738
1785126545793455811,53.868882813,0.208502,0.22421436650622073,1.6331792129960339,-153.85286353097942,0.19993087482388583,1.8451536710697263,-160.5807522271627,0.2133608653055232,-6.727888696183277
1785126545826797119,53.902224121,0.105366,0.2266822329707513,1.6271719957684048,-153.73014544277683,0.20891579355860204,1.8398298924940466,-160.44084922668236,0.21339875212652795,-6.710703783905507
1785126545860138184,53.935565186,0.162214,0.22901866848473296,1.6193027701489044,-153.4652927632608,0.20973130258923367,1.8351290142303966,-160.14165056749718,0.21668634040361362,-6.6763578042363685
1785126545893479248,53.96890625,0.155882,0.23090482076164143,1.6134161295071312,-153.37009216019018,0.21315510514181102,1.8323645688893204,-159.9308980266699,0.21966672827827394,-6.560805866479734
1785126545926820313,54.002247315,0.040592,0.2329973553224679,1.6081013201547525,-153.441117895682,0.22099327340057257,1.824435467224158,-160.0154160754867,0.21666693603555381,-6.574298179804716
1785126545960163330,54.035590332,0.125767,0.2356221167680942,1.6018262065566962,-153.50117321818797,0.2230596108159807,1.8179883720550518,-160.05809630469926,0.21652689982710088,-6.5569230865112855
1785126545993506592,54.068933594,0.04142,0.2381722010205337,1.5950135763545343,-153.6351815139712,0.2257575423878037,1.8079488825489558,-160.1870315132584,0.2132969019303357,-6.551849999287212
1785126546026849365,54.102276367,0.020743,0.24081713011482886,1.5864576822936733,-153.81301151073922,0.22910589674157583,1.7987088999589722,-160.3637707524878,0.21257406329918255,-6.550759241748591
1785126546060192139,54.135619141,0.059431,0.24355572431242223,1.5767364659317569,-153.89090941520843,0.23164457865206645,1.7890645357566903,-160.44069804327052,0.2126619021511,-6.549788628062073
1785126546093534912,54.168961914,0.040423,0.24698942278058467,1.567488863705615,-154.00322434422102,0.22928714912208417,1.7774892122261094,-160.5375741461772,0.21074514673275294,-6.534349801956198
1785126546126877197,54.202304199,0.024589,0.25149498388886615,1.5569535840313025,-154.3790262589338,0.2263758947949396,1.7668694604556463,-160.8433068134371,0.21141344283632726,-6.464280554503305
1785126546160219727,54.235646729,0.033817,0.2554840214480367,1.544673884823616,-154.44867811602364,0.22931417975766588,1.753139271103466,-161.08501398243735,0.21010158945354543,-6.636335866413711
1785126546193562012,54.268989014,0.052338,0.2587488930347853,1.5373954427103362,-154.34247283948898,0.22982106288694124,1.7410130920682105,-161.0101681498707,0.2056622631575583,-6.667695310381719
1785126546226904053,54.302331055,0.044626,0.2614651823352827,1.528992999437183,-154.3513543515714,0.23579835022278506,1.7295943096531454,-160.98081102361888,0.20223667306166793,-6.629456672047497
1785126546260246094,54.335673096,7.056038,0.2627878330206276,1.523043891378566,-154.3329806306282,0.2363698538289149,1.7162255854336361,-160.97640691161462,0.19497968238398708,-6.6434262809864135
1785126546293587891,54.369014893,0.111946,0.26713809320421045,1.5086370773545839,-154.22585525758737,0.23734814120746003,1.7033913471398714,-160.90238439337318,0.19701945802272744,-6.676529135785826
1785126546326929688,54.40235669,3.210045,0.2703509819193385,1.496754865761381,-154.0497429380568,0.23876271955501663,1.6892199965960666,-160.78655990517007,0.19504011101927185,-6.736816967113264
1785126546360271240,54.435698242,3.234934,0.27361268049695686,1.4883665439482918,-153.89759276838194,0.24881411046680493,1.6807795278365487,-160.59048098243002,0.19400444697048302,-6.692888214048058
1785126546393612793,54.469039795,3.314808,0.27641026263577373,1.4812082467335204,-153.55573305601573,0.2556494727631914,1.6784803797606356,-160.03344181538242,0.19836155087415847,-6.477708759366717
1785126546426954102,54.502381104,3.239179,0.28098077791748133,1.4703713177875937,-153.3014374924111,0.2528518943662038,1.6647414697766083,-159.8509439078856,0.1963949848495984,-6.5495064154744895
1785126546460295166,54.535722168,3.450264,0.28307370664697074,1.4657685658449628,-153.3275441099324,0.26254585748138576,1.6609407743869087,-159.7278600843379,0.19624877981405592,-6.400315974405476
1785126546526977295,54.602404297,3.173929,0.2898755993691122,1.446474251928622,-153.3780790324538,0.2697955025462213,1.6462515560804731,-159.71236162334537,0.20078391753972205,-6.334282590891564
1785126546560318115,54.635745117,0.139978,0.29247988861065544,1.438344076926107,-153.32397699432937,0.27356515420549926,1.637545576592736,-159.63691033249006,0.2000974878579228,-6.31293333816068
1785126546593658691,54.669085693,3.205151,0.2951465297195436,1.4285315171601929,-153.29924286027438,0.27668792896651084,1.6255458725489036,-159.64722808361023,0.197877174456755,-6.3479852233358365
1785126546626999268,54.70242627,3.18214,0.298006446605695,1.4194624294372722,-153.34074228230446,0.27706978825353773,1.6142070032965523,-159.68002740221235,0.19586677285999166,-6.339285119907888
1785126546660339600,54.735766602,3.151506,0.30023504213168073,1.4122454480617392,-153.64126615336858,0.2735090722300048,1.6061294193025044,-159.81586971788397,0.1957173261907978,-6.174603564515383
1785126546693679932,54.769106934,3.107759,0.303409429536158,1.4019323692780445,-154.02948619113863,0.27018739685812204,1.5945021606053635,-160.21566841395313,0.19541450301118304,-6.186182222814511
1785126546727020264,54.802447266,3.119564,0.3047961134241084,1.3919563125133982,-154.1643068410918,0.27125409539480116,1.5826856948460049,-160.58447414373234,0.19365630446349016,-6.4201673026405475
1785126546760360107,54.835787109,3.118983,0.3068037915025045,1.3864203247487115,-154.0357332668415,0.26936368399561067,1.566162873541114,-160.71298525883915,0.18360050516411155,-6.677251991997665
1785126546793700195,54.869127197,3.395915,0.3074769537642771,1.3822989146347717,-153.97452824757823,0.271805608208609,1.5646002245110864,-160.51507590330027,0.18575847888150887,-6.540547655722059
1785126546827039795,54.902466797,3.08444,0.3073943450770067,1.3764684941822654,-154.0660314855798,0.2771326608106549,1.5588349729132234,-160.56985331175727,0.18486022313998576,-6.503821826177472
1785126546860379395,54.935806397,3.582558,0.308080696544471,1.3718973196583515,-154.0942374745193,0.2755369760844217,1.5520943451770515,-160.61288747518893,0.18311215619714832,-6.518650000669603
1785126546893718994,54.969145996,0.245512,0.3098317777344909,1.3652202548515628,-154.04113156006733,0.27607894852367076,1.5452717734120003,-160.5668485200623,0.18318788938042369,-6.525716959994996
1785126546927058594,55.002485596,0.281374,0.31141183842730125,1.358805583550518,-154.01101690284943,0.27519512342256,1.5393290775306028,-160.53318579398973,0.18412056464315,-6.522168891140303
1785126546960406250,55.035833252,3.017813,0.31337381530337416,1.3526418065679016,-154.00970543590438,0.277762094783541,1.5326280984786338,-160.5593068460173,0.18347550221802916,-6.549601410112934
1785126546993749268,55.06917627,3.034323,0.31538232305621594,1.3463301544563548,-154.03783846809307,0.27903636374456947,1.526224006937971,-160.59319911943697,0.18352881767984366,-6.555360651343882
1785126547027092285,55.102519287,2.996235,0.31774637152133334,1.340824661005005,-153.93632246433376,0.287704343362317,1.5177780291105307,-160.64685684116273,0.17948542542445287,-6.710534376828979
1785126547060435059,55.135862061,3.06711,0.3187732355311944,1.337413965667989,-153.58743954029373,0.2900568579134336,1.5130296676337613,-160.32843458545997,0.17794804050738175,-6.740995045166247
1785126547093777832,55.169204834,0.40253,0.319725656087533,1.3339142504117332,-153.30678180526695,0.29056945699791237,1.5096315143270664,-159.96087717391,0.1781197372085544,-6.654095368643058
1785126547127120361,55.202547363,0.375995,0.32038330490804,1.3293614261928097,-153.0824173955749,0.29129113523894534,1.5081503987405283,-159.65563430268287,0.18114041802072844,-6.573216907107953
1785126547160462891,55.235889893,0.43553,0.3205225338412181,1.3265495469542201,-152.99599760633296,0.2924022389168833,1.5073158329811207,-159.5175894820056,0.18294043060677104,-6.521591875672638
1785126547193805176,55.269232178,1.394648,0.3202897768194435,1.3239527264285667,-152.9899858508151,0.29230240061930035,1.503340601643954,-159.54260796265805,0.18155798798416928,-6.55262211184297
1785126547227147461,55.302574463,0.36409,0.3203214395783286,1.3213991431110035,-152.84938480524232,0.29262922383274614,1.499465330136321,-159.4802228344579,0.1802066196748478,-6.6308380292155835
1785126547260489502,55.335916504,0.392618,0.3207071484775099,1.3182329617102835,-152.5989896603072,0.2916583749553824,1.496916201283342,-159.225591555962,0.1810290897824514,-6.626601895654798
1785126547293831543,55.369258545,0.380853,0.3209282320013939,1.3153568974313337,-152.50976684203388,0.2916847115896272,1.4926322850267488,-159.12644632169815,0.17967121787637022,-6.616679479664279
1785126547327173340,55.402600342,0.449192,0.32110656174324737,1.312602834005057,-152.50726238386818,0.2918531056733178,1.4899854114893314,-159.08410258037162,0.17977859574209573,-6.576840196503443
1785126547360514893,55.435941895,2.934538,0.32102627866727007,1.3100455392753405,-152.52225438098418,0.2892884227033989,1.487783600677894,-159.0926689976947,0.18054946682923573,-6.570414616710501
1785126547393856445,55.469283447,0.310006,0.32078941815903145,1.3083698498067304,-152.49448806891124,0.2874532195736581,1.4856019929823547,-159.07494315519224,0.18034005298532116,-6.580455086281008
1785126547427197998,55.502625,5.701573,0.32030349093834115,1.3064098819252135,-152.38073699359302,0.28678007623048,1.4832941401686484,-159.0108296062202,0.18003294184122362,-6.630092612627173
1785126547460539307,55.535966309,0.04207,0.3198968045909354,1.30553720507921,-152.33452498324496,0.2865849210760991,1.482331724777278,-158.9422391491916,0.1799054856822787,-6.607714165946651
1785126547493880371,55.569307373,0.422481,0.31946676923012557,1.3045923563981303,-152.28091514644504,0.2851625585210706,1.4813516957503463,-158.89545497467483,0.1800573323155797,-6.614539828229777
1785126547527221436,55.602648438,0.550646,0.3189814900855627,1.3039399895879211,-152.18242059119166,0.285608207346815,1.4803034237736852,-158.81987084580084,0.1794932781988137,-6.637450254609166
1785126547560562256,55.635989258,2.866718,0.31823566304190426,1.303164119239093,-152.1215456727881,0.2853622256366274,1.4803196184875669,-158.74065907006232,0.18017972638677937,-6.619113397274204
1785126547593903076,55.669330078,2.797688,0.3176918821908637,1.3026794149237912,-152.04546412858767,0.28398293780290707,1.4794369656917419,-158.674069064109,0.17994311513707603,-6.628604935521328
1785126547627243652,55.702670654,2.925597,0.3170151839180785,1.3021466231397456,-151.98756749531796,0.28270850017775656,1.4792905062839479,-158.60151483673826,0.18043531773093996,-6.613947341420285
1785126547660584229,55.736011231,3.865641,0.31642765443007864,1.3017794118696133,-151.9630971464663,0.2818630633349834,1.479424130992657,-158.5556973427544,0.18097612325905377,-6.592600196288084
1785126547693924561,55.769351563,0.473299,0.3157902234656631,1.301460146942832,-151.89793956533845,0.2809970565614442,1.4787476177850067,-158.5023921000207,0.18066934377707747,-6.604452534682252
1785126547727264648,55.80269165,0.576167,0.3152021342818314,1.3011503921025038,-151.84571392055565,0.2805612772558385,1.4787240748773307,-158.4620509226487,0.18092098217097466,-6.61633700209305
1785126547760604736,55.836031738,0.042459,0.3146343702845734,1.300950713554482,-151.80461093706754,0.2794418615573773,1.4786261889229582,-158.42528037181492,0.181127268013206,-6.620669434747367
1785126547793944824,55.869371826,1.819503,0.314353430589073,1.3006767964480481,-151.74699466660013,0.2788396392906242,1.478031940539971,-158.39038277245191,0.18087585938498388,-6.643388105851767
1785126547827284668,55.90271167,0.496385,0.3138676759172595,1.300382629802533,-151.72111412427975,0.27708990100245223,1.4783592957239209,-158.34334755343536,0.18173689317300865,-6.6222334291556235
1785126547860624268,55.93605127,0.597336,0.313530192227087,1.300239078803965,-151.6631177651112,0.278954666911744,1.4766364290331173,-158.34813442487652,0.1797539766422377,-6.68501665976531
1785126547893963867,55.969390869,0.58146,0.3131087402130068,1.3001375150439536,-151.56505655520195,0.2769218650208106,1.4768165582759913,-158.24661473924542,0.18034681658838297,-6.6815581840434515
1785126547927303467,56.002730469,0.694809,0.3127367989793652,1.3001851388491894,-151.51169948399303,0.2779273324791927,1.4776031633541444,-158.1963469745592,0.18080059285651542,-6.684647490566154
1785126547960642822,56.036069824,0.601203,0.31247922561952973,1.3001941608538923,-151.45196329530938,0.2781846239226266,1.4769722016169062,-158.16262122411823,0.1800738609614373,-6.710657928808852
1785126547993985596,56.069412598,2.648268,0.31197408660358517,1.3001749124458672,-151.36478398694493,0.2766616084501527,1.4779899235498302,-158.0557598186891,0.18128747691784752,-6.690975831744161
1785126548027327881,56.102754883,2.746573,0.3116528647762445,1.3002387384825875,-151.2809377502281,0.2760930675840096,1.4779130296351615,-157.98504381090902,0.18119782811314955,-6.704106060680903
1785126548060670410,56.136097412,3.858028,0.31144488420746586,1.300244734239628,-151.20419131398472,0.27718534178832666,1.4778868299034253,-157.9164834576149,0.18091553387864334,-6.7122921436301795
1785126548094012451,56.169439453,2.688551,0.31109584050159433,1.3001806193874932,-151.16681249072758,0.27581042059811,1.479353909812731,-157.83090755695574,0.18261470055713436,-6.664095066228159
1785126548127354736,56.202781738,2.603274,0.3109203943264914,1.3001364977135896,-151.15077442651705,0.27497150829582173,1.4789042407269184,-157.82393772419053,0.18234645142948527,-6.673163297673462
1785126548160696533,56.236123535,2.685616,0.31078934460291313,1.3001459451046293,-151.09471687208185,0.27526835520900444,1.4780031344014013,-157.79693170910528,0.18136956875967356,-6.702214837023438
1785126548194038330,56.269465332,2.679982,0.31060774015864784,1.300154488654781,-151.05028068213682,0.2768677613350846,1.477870152382445,-157.7785757677112,0.1808901415367312,-6.728295085574391
1785126548227380127,56.302807129,2.606159,0.31049478665223623,1.3002803288970344,-150.99055334685545,0.2756537903802328,1.4786575536881494,-157.70306442317607,0.18174798305732515,-6.712511076320637
1785126548260721680,56.336148682,2.612213,0.31025228744854655,1.3003335649502419,-150.9469075790408,0.2756927390129438,1.4786502658559872,-157.651585863011,0.18163482102829795,-6.704678283970216
1785126548294062988,56.36948999,2.544125,0.3101427355051938,1.3003884745530976,-150.91887452056514,0.27591900220388327,1.4780817825898023,-157.65990521564936,0.18095904410143873,-6.741030695084211
1785126548327404297,56.402831299,2.539217,0.3100249703436539,1.3004940356751207,-150.882902074047,0.27498122326206026,1.4789028062082552,-157.611250979658,0.1818179133437169,-6.728348905610984
1785126548360745361,56.436172363,0.729873,0.3099013046008719,1.3004789606010834,-150.8604265456815,0.2750042746120011,1.4783590830845288,-157.61389840484952,0.18127090410975968,-6.753471859168042
1785126548394086426,56.469513428,0.785082,0.3098843693291499,1.300496990785609,-150.83745910590437,0.27383496732093887,1.4789054247641367,-157.55562532299854,0.18201408928931925,-6.718166217094168
1785126548427427246,56.502854248,0.815965,0.3098576018831981,1.3005002012907851,-150.79950861273866,0.2753678141760119,1.4783852783930391,-157.5317231751852,0.18119780934592344,-6.732214562446531
1785126548460768066,56.536195068,0.84065,0.3098640267845805,1.3004691011918856,-150.79538569814213,0.275789778954228,1.4793092148392673,-157.52161198485783,0.18205724543289303,-6.726226286715684
1785126548494108643,56.569535645,0.830521,0.3098368767405299,1.30044628399293,-150.7866226312288,0.2755251743778695,1.4794063603488874,-157.51508221619176,0.1822196527500639,-6.7284595849629625
1785126548527449219,56.602876221,0.878803,0.3097097223459176,1.3004297196913057,-150.76264379826128,0.27417953646915233,1.4796872956479885,-157.48617947334898,0.18274482932850217,-6.7235356750877155
1785126548560789551,56.636216553,0.826944,0.3095636922666511,1.3003738854668363,-150.75672731130263,0.27485093198845184,1.4789859488305062,-157.4999982897694,0.18195396369730268,-6.74327097846675
1785126548594129639,56.669556641,0.837545,0.3094386710340124,1.3003714434958336,-150.73599159492034,0.2750018132119513,1.4790389347359043,-157.4856882590562,0.18195595511737891,-6.749696664135879
1785126548627469727,56.702896729,0.864359,0.3092679792685362,1.300289839910175,-150.72427843513302,0.2750067502568744,1.4791588572550438,-157.46466689994753,0.18212072144406996,-6.740388464814526
1785126548660809570,56.736236572,0.733095,0.30917372917817365,1.3001699788168457,-150.72725333153824,0.27540712233011266,1.4793218896475417,-157.48699112642672,0.18230631062122118,-6.759737794888466
1785126548694149414,56.769576416,0.900093,0.30910436883495424,1.3000535066231866,-150.69076107370594,0.27514824988195474,1.4781428972396766,-157.46481968002954,0.1812976808028801,-6.774058606323592
1785126548727489014,56.802916016,0.820322,0.30900909212810035,1.2999324649036237,-150.66110231117088,0.2752395463107273,1.477232458161511,-157.45839094848716,0.18048731211350721,-6.797288637316263
1785126548760828613,56.836255615,2.432562,0.3089473282733402,1.2998695436281162,-150.6389872955144,0.2744921915070443,1.4780226472376792,-157.40642968079092,0.1814543600338769,-6.7674423852765155
1785126548794167969,56.869594971,2.598169,0.3089057176710761,1.2998221267717425,-150.60854154801908,0.2759817330345601,1.477496319844855,-157.41553250166558,0.18069894202381817,-6.806990953646514
1785126548827507324,56.902934326,2.44835,0.30882460904069187,1.2998066587146693,-150.59874851980533,0.27526563189150555,1.4792040500097576,-157.3670258372795,0.18250925716462343,-6.768277317474157
1785126548894185303,56.969612305,2.447702,0.30870071026621665,1.2998522361323814,-150.57364125498444,0.27510059831421985,1.479015648177237,-157.35923830993065,0.18228685015310733,-6.785597054946199
1785126548927524170,57.002951172,2.444283,0.3086395186563623,1.2999021865105764,-150.58238381105343,0.27500953418904034,1.4782494083594306,-157.36877012234692,0.1814902404992531,-6.786386311293477
1785126548960863037,57.036290039,2.443962,0.30853461592131204,1.2999512719497681,-150.53919340643202,0.2735167350124476,1.479403731686688,-157.30999569489427,0.18283718792679524,-6.7708022884622405
1785126548994285400,57.069712402,2.310078,0.30844840362235626,1.3000347043900824,-150.50293366779158,0.2729827732678407,1.4790582449571974,-157.2781817357456,0.18250270960626477,-6.775248067954027
1785126549027708496,57.103135498,2.130639,0.30840331246464386,1.300122868320045,-150.48404570390045,0.275243544041476,1.4786155228076099,-157.2981316233178,0.18154668255822068,-6.814085919417347
1785126549061132568,57.13655957,2.149302,0.3083328146467689,1.3002315914989846,-150.44383173904222,0.27432231280354413,1.4782984484165922,-157.28478118327902,0.18128574066413425,-6.840949444236793
1785126549094557373,57.169984375,1.366369,0.30829032408975765,1.300320984715794,-150.4228570889742,0.2745068371681883,1.478848284806542,-157.2463647197943,0.18169568202428996,-6.823507630820078
1785126549127983398,57.2034104,1.385898,0.3082925141814151,1.3004467597095246,-150.38967384196232,0.273947695357145,1.4792323693770135,-157.20223912935876,0.18205455447268448,-6.812565287396446
1785126549161410156,57.236837158,1.762662,0.3081752461447119,1.300400916625007,-150.3626293487352,0.2760379311764701,1.4785582131068329,-157.2129259696319,0.18103267468355316,-6.850296620896696
1785126549194837891,57.270264893,1.6966,0.30814203144523455,1.3002503221874218,-150.36899901935203,0.274263570587788,1.4792333119737766,-157.17701327483078,0.1821610846007784,-6.808014255478761
1785126549228266357,57.303693359,4.473902,0.3078996135722566,1.3000086317756734,-150.3193076349379,0.273666214026718,1.4785137726098894,-157.15366609541522,0.18175811109462975,-6.834358460477336
1785126549261696045,57.337123047,1.740066,0.30767471091396115,1.2997349709118453,-150.27838884880987,0.2730205297053116,1.4784726733039708,-157.09726299171132,0.1820661377951923,-6.81887414290144
1785126549295126465,57.370553467,1.89369,0.3072138726182552,1.2992648952631003,-150.23649983237146,0.2733105322010436,1.4783908953183011,-157.05515149279876,0.18230622695679144,-6.818651660427312
1785126549328557861,57.403984863,2.003705,0.30672272337521406,1.298881144964425,-150.13039157139306,0.27297312422140724,1.4769073555427485,-156.9875295136728,0.18119703942371743,-6.8571379422797385
1785126549361990234,57.437417236,2.057954,0.3059760982972468,1.2984314878087786,-150.03332798808077,0.2724018679570982,1.4767499964707904,-156.86685102638216,0.18145170011432063,-6.833523038301405
1785126549395423340,57.470850342,2.230715,0.30530767658372987,1.2977430880014404,-149.9479266099099,0.2702083179105535,1.4762933759374266,-156.7602277127075,0.18196749792556868,-6.812301102797612
1785126549428857422,57.504284424,2.340793,0.3045177780164367,1.297033132807468,-149.8077547800689,0.27333519585505767,1.4749642138258294,-156.69948776857578,0.18064280506738664,-6.891732988506886
1785126549462292480,57.537719482,2.390813,0.30373927333391443,1.2963457074593763,-149.64987202357662,0.2709235065961637,1.4738907751409798,-156.51783578972072,0.1805522794224754,-6.867963766144089
1785126549495728516,57.571155518,2.408909,0.303019806586094,1.2954948491589824,-149.4439148763831,0.2678740416358969,1.4741757510665692,-156.26234801323142,0.18210461142003834,-6.818433136848297
1785126549529165283,57.604592285,2.627054,0.3023625566146273,1.2946514127354427,-149.20730525435667,0.26851479731930067,1.4722386932862963,-156.0667966132087,0.18078416142671888,-6.859491358852039
1785126549562603271,57.638030273,2.617776,0.3018864138551958,1.293687931258168,-148.9932315362527,0.26940002587307865,1.4707458277298897,-155.85938204794675,0.18001351090158646,-6.866150511694073
1785126549596041992,57.671468994,2.794721,0.30160822742267407,1.2925292931466459,-148.70834262545267,0.2701957562185384,1.4695375516865705,-155.60514994297026,0.17977393286705237,-6.896807317517597
1785126549629481689,57.704908691,2.872983,0.3014658684182756,1.2912858831265237,-148.4184970222791,0.2701296565276975,1.468458257950863,-155.2990855191484,0.1799222292451585,-6.880588496869319
1785126549662922119,57.738349121,3.088592,0.30144512910834054,1.2900609778606222,-148.09719895199422,0.2720063375895734,1.4670104021998835,-154.99374210704434,0.1793815520617474,-6.896543155050105
1785126549696363525,57.771790527,3.095607,0.30149911320480394,1.288557849815108,-147.74527795944363,0.2722546687676101,1.4663319988571488,-154.63271822537743,0.18016349685233649,-6.887440265933793
1785126549729805908,57.80523291,3.294096,0.3016978316861065,1.2870551808505668,-147.42486050598686,0.2728955022990455,1.463788880965137,-154.3519246480482,0.17906528120857923,-6.927064142061328
1785126549763249268,57.83867627,0.188814,0.3019718650265244,1.2851524327412438,-147.07504288229725,0.2726821663415443,1.4629676168835146,-154.00762269429777,0.18021133749186427,-6.932579812000516
1785126549796693604,57.872120606,0.155632,0.30237931239077814,1.2831568252398426,-146.72996794107326,0.27201959625573874,1.4603548223201182,-153.67072914014926,0.17977998368300488,-6.940761199076013
1785126549830138672,57.905565674,0.250948,0.3028415037364207,1.280998944252779,-146.42519552719938,0.2759425301964996,1.457956620492922,-153.41621670601498,0.17899042979392127,-6.991021178815608
1785126549863584717,57.939011719,0.36083,0.30368855366490244,1.2788479877632817,-146.11616645242603,0.2750064031585817,1.4551236399758944,-153.0958788843183,0.17859387257307918,-6.979712431892257
1785126549897031738,57.97245874,0.394441,0.3045588104677095,1.276438794156393,-145.82328436636826,0.2765734529709401,1.4517610529554985,-152.84845741799543,0.17754175470756872,-7.025173051627188
1785126549930479736,58.005906738,0.596876,0.30525730361025355,1.2740574309390211,-145.54282130588987,0.27462472890406586,1.4472578909716938,-152.56198964117112,0.1758884703118985,-7.019168335281239
1785126549963926270,58.039353272,0.730374,0.30599119824243987,1.2713796340946684,-145.16776687733443,0.27508130717526014,1.4448173690759456,-152.2072440396358,0.17617056871458603,-7.039477162301377
1785126549997284424,58.072711426,0.863706,0.3061310281543139,1.2675009498522376,-144.73216162462114,0.2806557730437263,1.4407725632516362,-151.86562567290997,0.17513435023712554,-7.133464048288832
1785126550030642822,58.106069824,0.790336,0.305116469237561,1.2660604112258125,-144.19463722701164,0.27502106332084636,1.439004629262087,-151.24573364998432,0.17554325965262896,-7.051096422972682
1785126550064001221,58.139428223,0.850481,0.3044547385285385,1.2645303250289532,-143.50874833592943,0.27421976213002736,1.4342210905728028,-150.62730205728394,0.17236330731532232,-7.118553721354502
1785126550097359375,58.172786377,0.756839,0.30361420854738597,1.2623837217828557,-142.8055697368136,0.2735981988081582,1.4334839182169612,-149.8560083000832,0.17371309121783218,-7.050438563269614
1785126550130717773,58.206144775,0.854415,0.3020025594686677,1.2603426123458452,-142.15720652627198,0.28092097384297937,1.428320327257513,-149.29027331487197,0.16929543986604817,-7.133066788599985
1785126550164076172,58.239503174,0.806795,0.3000340648909516,1.2560723104362403,-141.53012309815946,0.27320676114575515,1.4249963775326193,-148.5546589674934,0.17104106135843222,-7.024535869333951
1785126550197434326,58.272861328,0.952526,0.29989258840170147,1.2520446996778458,-140.88550701690437,0.26496317151732746,1.4197258390830163,-147.91015173914874,0.17128055545244653,-7.024644722244365
1785126550230792725,58.306219727,0.876534,0.29864181356106356,1.246799055051285,-140.25943231186992,0.2684322515292075,1.4148847490660323,-147.28290505944898,0.17077885750459804,-7.023472747579058
1785126550264151123,58.339578125,2.293894,0.29753159573711824,1.242050026034182,-139.66571873371456,0.27294474475927516,1.4091863522332284,-146.8040419627827,0.16893509042327678,-7.138323229068126
1785126550297509521,58.372936523,2.429969,0.29569175120871627,1.2385409448768219,-139.22671178557164,0.27432874086725223,1.4056602855565883,-146.34473553268887,0.16847923385417363,-7.118023747117215
1785126550330867920,58.406294922,2.288285,0.2941563332464207,1.233727956535796,-138.69831697633535,0.2711158610570171,1.4012276208495285,-145.72313621834383,0.16907690825161123,-7.024819242008474
1785126550364226318,58.43965332,2.331614,0.2932280522588109,1.2259094185623485,-138.29930833327884,0.27096231993428477,1.3976160000268631,-145.30887812093889,0.173144196998275,-7.0095697876600385
1785126550397584717,58.473011719,2.192076,0.29199230677797855,1.2187564911924231,-137.99757136991556,0.26540247247969806,1.389270066002423,-144.98094633020193,0.1725743274142926,-6.9833749602863575
1785126550430943115,58.506370117,2.298586,0.29022855559822097,1.2092168397870973,-137.5564532056194,0.2602384468193844,1.386962754210478,-144.4763937959773,0.1802581945953367,-6.919940590357913
1785126550464301514,58.539728516,2.173592,0.289117420193631,1.201333929087621,-137.0027508461551,0.2604302025094372,1.3694231724361492,-144.02125068180075,0.17051964751295096,-7.0184998356456445
1785126550497659912,58.573086914,2.173767,0.2885864866704407,1.1935373528535191,-136.66449685792702,0.24336356672509835,1.361278560674575,-143.4632998612861,0.17373032346038353,-6.798803003359082
1785126550531018311,58.606445313,2.141041,0.28735103059699374,1.185658142095356,-136.3797355908071,0.23981999484908123,1.353906331035468,-143.14326445620324,0.17483321320875203,-6.763528865396174
1785126550564376709,58.639803711,2.147654,0.28632646280378626,1.1769180080469699,-136.07848526234486,0.2437616066176036,1.3441182178072042,-142.9603061597932,0.1725331189250828,-6.8818208974483355
1785126550597735352,58.673162354,2.150446,0.2844915544601292,1.167900106045014,-135.69719560385067,0.2387535574700228,1.333949822831146,-142.59139953664723,0.17223377373042023,-6.894203932796545
1785126550631093750,58.706520752,2.171126,0.2834633265792537,1.1613918566744383,-135.1742454772302,0.24035646723407797,1.3199846266960127,-142.24584633067317,0.16434679195445445,-7.071600853443004
1785126550664452148,58.73987915,1.378274,0.2831818031159878,1.1571442312208169,-134.68126913267406,0.2318861384255598,1.3182831889914473,-141.5243049281674,0.16910650173023453,-6.843035795493338
1785126550697810791,58.773237793,1.360462,0.2810284759299788,1.1493894674785863,-134.18418678989133,0.22511108803692784,1.3113866260220426,-140.94068526675835,0.1713762925405251,-6.7564984768670335
1785126550731169189,58.806596191,1.022469,0.2788216261083321,1.1398871729637028,-133.60291310324095,0.2283578145976013,1.294121872922488,-140.5753094777681,0.1622804330274203,-6.97239637452714
1785126550764527832,58.839954834,1.339136,0.27594321733375754,1.131167223256021,-133.00522835172262,0.22241412556060297,1.2895270178333864,-139.84830522852278,0.1671621614021671,-6.843076876800157
1785126550797886230,58.873313232,1.507283,0.27409187807745755,1.120770234818288,-132.39055974854966,0.212633568511091,1.2838544243120535,-139.12141775218834,0.17428016719521983,-6.730858003638678
1785126550831244873,58.906671875,1.499008,0.2720228299013289,1.1120865836577922,-131.88852454861907,0.2098180264985493,1.2681820661056682,-138.7034155011692,0.16803344074026935,-6.8148909525501296
1785126550864603271,58.940030273,1.833068,0.2694172607846475,1.1011280283551212,-131.10430716310358,0.2145520004965974,1.2573290870108378,-138.07217397523047,0.16555653871605944,-6.9678668121268865
1785126550897961914,58.973388916,1.768864,0.26784458289259755,1.0936298424199293,-130.62800534432066,0.20869151836266378,1.250130189659492,-137.4468112128024,0.1673064366047709,-6.818805868481743
1785126550931320557,59.006747559,1.654354,0.26526856739069454,1.086466944472439,-130.17740883330646,0.21994983893925374,1.2311287096447707,-137.2752946798074,0.1515942395054319,-7.0978858465009385
1785126550964678955,59.040105957,1.731301,0.2627088582749835,1.0771391646072117,-129.71678721458963,0.20687868006691332,1.2276045520726,-136.56526571709438,0.16048938165453286,-6.848478502504758
1785126550998036133,59.073463135,2.346624,0.26097162978494115,1.0672390598658261,-129.459844316593,0.21588588907067122,1.21783258849433,-136.39860229648494,0.15719775723762214,-6.938757979891923
1785126551031393066,59.106820068,1.672587,0.25938969885691954,1.0575602053444737,-129.38270720337113,0.20666333611389728,1.211365830880855,-136.1578832890334,0.16259225004515535,-6.775176085662308
1785126551064750244,59.140177246,1.615332,0.2568462724047827,1.046977066968274,-129.39973674641945,0.20570899080222074,1.1972753276618697,-136.24431157717527,0.15875953116968997,-6.844574830755795
1785126551098107422,59.173534424,1.912605,0.25469030989683683,1.0358990716801046,-129.46212652693032,0.20206637346547604,1.1849598868450884,-136.31573131603514,0.1580772131054357,-6.85360478910481
1785126551131464355,59.206891357,1.561387,0.25258868644192894,1.0251134655576064,-129.50412209147495,0.1922385139009881,1.172191260060895,-136.2641801948185,0.15897805182374367,-6.760058103343535
1785126551164821533,59.240248535,1.56469,0.24940419775363043,1.0132975085730873,-129.64829119437726,0.18873960425252123,1.159661183230525,-136.4331839328906,0.15843774223297646,-6.784892738513339
1785126551198178467,59.273605469,1.593748,0.24544732781025508,1.002682172955193,-129.7570877743053,0.18340319944048983,1.146328989666021,-136.6268140840584,0.15647326230483638,-6.8697263097531165
1785126551231535645,59.306962647,1.44804,0.24128020716799603,0.9886073200368205,-129.89826257797083,0.18318611126152953,1.1339178413881863,-136.82414505369476,0.15649304008356238,-6.925882475723913
1785126551264892578,59.34031958,1.437283,0.23847546219254528,0.9787523706470128,-129.9496611822103,0.17548643432691968,1.1192310936398697,-136.99306105120309,0.15395417904415712,-7.043399868992804
1785126551298249756,59.373676758,1.476349,0.23589984261706687,0.9705673020804344,-129.90448024722863,0.16804248024976529,1.1099731511324955,-136.90838499078836,0.1550439046766216,-7.0039047435597315
1785126551331606689,59.407033691,1.344952,0.23283578222047407,0.961616609152786,-129.82443795850844,0.17029081382362668,1.0911544397747166,-137.04393979988913,0.1438468721731502,-7.219501841380674
1785126551364963623,59.440390625,1.394991,0.2277402011371627,0.947785061134921,-129.72178954663022,0.1590813633646114,1.0809151697203843,-136.84925053681962,0.1497920619267081,-7.127460990189388
1785126551398320801,59.473747803,1.52418,0.2232535333773955,0.9356873385938431,-129.61210152039345,0.1546837627632303,1.0687780197909165,-136.77548279040056,0.14971620775180036,-7.1633812700071315
1785126551431677734,59.507104736,1.301945,0.2174710836920729,0.9227989577986861,-129.4663984697086,0.1532440609844747,1.0511210937261948,-136.7379230133595,0.14349801745975566,-7.271524543650916
1785126551465034668,59.54046167,1.31646,0.21256499740512264,0.9110242314790238,-129.27864282686383,0.14524674390388986,1.0370741458456518,-136.5756904365405,0.14289971366762952,-7.297047609676666
1785126551498391846,59.573818848,1.424906,0.20841273682009998,0.8989250627607175,-129.1181271921824,0.12056081835519275,1.0333429440127087,-136.09720413807278,0.1605805915365836,-6.979076945890381
1785126551531748779,59.607175781,1.339047,0.20300801143594088,0.8871624308383441,-129.0513654403323,0.11742731057899494,1.0147508043688924,-136.2101404920472,0.15363218874746526,-7.1587750517149065
1785126551565105713,59.640532715,1.287281,0.1966656212658764,0.8791759043142948,-128.79173109841514,0.11664299645326384,1.00317471277667,-136.03836683575082,0.14757819954854084,-7.246635737335686
1785126551598462646,59.673889648,1.630576,0.19173488956817902,0.8691090898616485,-128.613280532342,0.10259132172899348,0.9962437790321647,-135.67186970770783,0.15527332313563474,-7.058589175365823
1785126551631819580,59.707246582,1.389983,0.18634688707175662,0.8619033172534931,-128.56767424469513,0.09507645109559949,0.9884804523701429,-135.5662703130433,0.15605147746053677,-6.998596068348179
1785126551665176758,59.74060376,1.271454,0.1803675694853507,0.8534118058134216,-128.52919387485403,0.08954931806711106,0.9765191848158223,-135.56703000042918,0.1529816379684416,-7.037836125575131
1785126551698533691,59.773960693,1.867949,0.17511752888719628,0.844607241002284,-128.56796980097,0.07931028187275392,0.9700332961392102,-135.4897895013174,0.15783131466124717,-6.921819700347422
1785126551731890625,59.807317627,1.066834,0.16904954926485893,0.8349945564050212,-128.6816470077604,0.0709061075750269,0.9607651400597468,-135.60412511918202,0.15953173621438396,-6.922478111421603
1785126551765247559,59.840674561,2.248167,0.16354789167127332,0.8270319202005646,-128.73855244603783,0.060043123606359786,0.95318016057693,-135.6558120475899,0.16317663914367403,-6.9172596015520496
1785126551798604492,59.874031494,2.310899,0.156426544263985,0.8167478411228858,-128.77970917748107,0.049841229517616006,0.9425238980448202,-135.6926980934082,0.16486371891478194,-6.912988915927167
1785126551831961426,59.907388428,2.215084,0.14920031588555932,0.805853191314452,-128.8175549715767,0.04410748988217745,0.9278302001406197,-135.8202243515523,0.16100587802796545,-7.0026693799755915
1785126551865318359,59.940745361,2.348865,0.14194872673800257,0.7933746442409052,-128.84535239689382,0.03499229455363729,0.9187314953274858,-135.85247650344252,0.1647847641620786,-7.007124106548682
1785126551898675293,59.974102295,2.393717,0.13434108821289747,0.7829868208081643,-129.1880301112996,0.009887805394095917,0.9041142132842238,-135.94929059356318,0.173667684997601,-6.76126048226357
1785126551932032227,60.007459229,2.369665,0.12634754445443497,0.7722916515022193,-129.73210433250506,-7.216315470729817e-05,0.8925289124988691,-136.53951417351308,0.17446759413701302,-6.807409841008037
1785126551965389160,60.040816162,2.428583,0.12167252790995775,0.7600042862603499,-130.44450517887728,-0.011929852814921751,0.8813537591889308,-137.3162708147389,0.18048626184671243,-6.871765635861644
1785126551998747314,60.074174316,2.41648,0.11596244391711424,0.7508874810623439,-131.0677900230619,-0.008564143468235327,0.8641765758486184,-138.18111566847801,0.1683487153599177,-7.113325645416102
1785126552032105713,60.107532715,2.407722,0.1104407124228331,0.7429802218208904,-131.61907026176388,-0.015533119999207708,0.8544472030687682,-138.7547214143356,0.1682090793138443,-7.135651152571735
1785126552065464111,60.140891113,2.520557,0.10434858541844438,0.7345729468305324,-132.3062258778418,-0.026656315524281018,0.8445229676165262,-139.4103704343141,0.17103008841093945,-7.104144556472306
1785126552098822510,60.174249512,2.477705,0.09729859625397586,0.7246311130232845,-133.05339938080968,-0.03752480914194105,0.8382838633997495,-140.08605075992864,0.176335754487531,-7.032651379118956
1785126552132180908,60.20760791,2.614381,0.09027431588368506,0.7152917616838731,-133.72743451022694,-0.0448306484145359,0.8260536184558922,-140.8465315159885,0.1747041507623927,-7.119097005761569
1785126552165539307,60.240966309,2.470917,0.082446351727607,0.7055179121459251,-134.32285767345044,-0.05253045094086141,0.8145396262706558,-141.48824504400207,0.17350640163779885,-7.165387370551633
1785126552198897705,60.274324707,2.643118,0.07438783199139337,0.6960159295020898,-134.8884995402943,-0.060256723372381235,0.8049000920316258,-142.05922869023885,0.1731615348132113,-7.170729149944547
1785126552232256104,60.307683106,2.490832,0.06692542176671418,0.6876278122280859,-135.21106114666927,-0.06455658054936332,0.7895638606247247,-142.59467135265405,0.1663684912949772,-7.383610205984755
1785126552265614502,60.341041504,2.662555,0.058642783821492794,0.678640455277415,-135.23685639980866,-0.08333494660615288,0.785835288535644,-142.47021689587947,0.17789999498213804,-7.23336049607082
1785126552298972900,60.374399902,2.764184,0.05121168090968786,0.6697665070012069,-135.03814898142005,-0.11447691028294221,0.7904549768387392,-141.92912307360825,0.20498394084201682,-6.8909740921882126
1785126552332331299,60.407758301,2.75638,0.0438935962955565,0.6617473379838589,-134.845773405236,-0.13157937550270063,0.7837564482653943,-141.6148960465135,0.21372175093659468,-6.769122641277506
1785126552365689697,60.441116699,2.737607,0.03527178019377153,0.6536469458095777,-134.7419120880133,-0.11599767155213753,0.7650194985892886,-141.97096318643503,0.1878464600256747,-7.229051098421727
1785126552399048340,60.474475342,2.798712,0.026731440090498104,0.6438334534768595,-134.5911260792088,-0.12094087146991644,0.755210850531772,-141.91666437220826,0.1849649593202014,-7.3255382929994575
1785126552432406738,60.50783374,2.839544,0.020682444705966085,0.638116751302452,-134.50315925706226,-0.13061835971976052,0.7481592609241671,-141.77785491372674,0.18708630987786684,-7.27469565666449
1785126552465765137,60.541192139,2.842945,0.014930820810048817,0.6333965908462114,-134.50617343087202,-0.13540207886488678,0.7414782414826824,-141.7748195543758,0.1851529743994906,-7.268646123503784
1785126552499123779,60.574550781,2.857795,0.009189627401877232,0.6270049314990291,-134.54590142771085,-0.1506010130946078,0.7342122067619673,-141.7194772822001,0.1924225783518668,-7.173575854489246
1785126552532482178,60.60790918,0.410383,0.0022513823029716162,0.6185817231646601,-134.65590755653366,-0.15118420263718946,0.7284613138519435,-141.87110960583632,0.18872202620662568,-7.215202049302662
1785126552565840820,60.641267822,0.352856,-0.004305079592663241,0.610799678161771,-134.7386702236664,-0.16317790436930069,0.7217550156595101,-141.93576010957372,0.19378251048984094,-7.197089885907325
1785126552599199219,60.674626221,0.755243,-0.011426975017637064,0.6026637585636909,-134.78134637771194,-0.1722191369582452,0.7130195706802702,-141.99665174928998,0.19501929291596895,-7.215305371578039
1785126552632557861,60.707984863,0.365361,-0.019056819547383946,0.5928397249608321,-134.85303864880575,-0.17810909098827613,0.7021420057058326,-142.13179270497886,0.19298863600369362,-7.278754056173089
1785126552665916260,60.741343262,0.299494,-0.026691567752874373,0.5830896148070928,-134.88690165215618,-0.1874973989352816,0.6908837582637721,-142.1874372400922,0.1935925946564693,-7.300535587936023
1785126552699274902,60.774701904,0.830622,-0.033742010825116214,0.574378372519819,-134.97152268445586,-0.20887017930022553,0.6856854519357422,-142.0639005518411,0.20750696692291776,-7.092377867385227
1785126552732633545,60.808060547,0.289582,-0.042540020425508585,0.5644650144501726,-135.10356659809307,-0.2299172983152806,0.6774438362818493,-142.0749720182778,0.218802327345608,-6.971405420184715
1785126552765991943,60.841418945,0.218709,-0.049097744189413595,0.5522503508729316,-135.24707816823852,-0.22621152696141095,0.6651636307097551,-142.46872024093946,0.21004452102188975,-7.221642072700928
1785126552799350586,60.874777588,0.365744,-0.0554124998717527,0.544898639037901,-135.18151063473488,-0.22759662185598645,0.653056053836268,-142.59097811281745,0.20333567871710928,-7.409467478082584
1785126552832709229,60.908136231,0.133455,-0.06150971331019833,0.5377440689479737,-135.0277682982171,-0.239721758276274,0.6440220098607498,-142.39979590081697,0.20749586428565295,-7.372027602599873
1785126552866067871,60.941494873,0.165097,-0.068918042625713,0.529185118902093,-135.02984111775226,-0.25139913411209147,0.6371086934558853,-142.33335099547267,0.2120067137958796,-7.30350987772041
1785126552899426514,60.974853516,0.17671,-0.07629588669586093,0.520169155391792,-135.06267429595792,-0.2657899146754433,0.6304304444814828,-142.303975792968,0.21923854248659633,-7.241301497010077
1785126552932785156,61.008212158,0.073168,-0.08373916036958423,0.5109921496990061,-135.04468532619416,-0.2732632492572385,0.6204249525741253,-142.3524088786817,0.218849077251425,-7.307723552487546
1785126552966143555,61.041570557,0.077158,-0.09250133894009821,0.500205739075806,-134.94661972244208,-0.2840627404897123,0.6087368224121691,-142.29694075019185,0.22016985854975035,-7.350321027749778
1785126552999501221,61.074928223,0.132902,-0.09984339555796054,0.4917457710642044,-134.82975667863712,-0.2870424197659881,0.5981560803054838,-142.27132628858124,0.21532911688218667,-7.441569609944096
1785126553032858643,61.108285645,0.017342,-0.10831013501628028,0.4822033780832201,-134.64867420553622,-0.29680337557653724,0.5846950583133427,-142.1341010944335,0.2145559280311327,-7.4854268888972975
1785126553066216064,61.141643066,0.003553,-0.11712788702166825,0.47258155784023237,-134.47839507633384,-0.30320542608737633,0.5753633723396945,-142.00996522863878,0.2125769318071741,-7.531570152304947
1785126553099573486,61.175000488,0.026686,-0.12419465262422479,0.4635479022757073,-134.35530705866577,-0.3243787078857681,0.5705668382750899,-141.71465964169195,0.22699495290291496,-7.3593525830261886
1785126553132930908,61.20835791,0.043449,-0.1327264723373658,0.4559050826751331,-134.15222890415922,-0.3445566079727402,0.563058239712005,-141.46909806718563,0.23738956469539607,-7.316869163026418
1785126553166288330,61.241715332,0.143386,-0.14145544222820483,0.4473707999118726,-133.93041522512917,-0.3392923577445626,0.5514188565662377,-141.39804222259923,0.22352951311756677,-7.467626997470059
1785126553199645996,61.275072998,0.089311,-0.14807793180837123,0.4409224819126887,-133.82922940158488,-0.3498038444443799,0.544414817835048,-141.22891674724295,0.22672451879648364,-7.3996873456580845
1785126553233003418,61.30843042,0.15134,-0.15461117060473345,0.434905732546299,-133.77138260996455,-0.35821564611746043,0.5363798851069013,-141.16323837345905,0.22749018898999804,-7.3918557634944975
1785126553266360840,61.341787842,0.196918,-0.16116574744008766,0.4284819919060867,-133.70186831414202,-0.36775316494716187,0.5303105223965044,-141.0623955998375,0.2303202350947049,-7.360527285695459
1785126553299718262,61.375145264,0.296618,-0.16591919319491033,0.42335041854463573,-133.6750249522011,-0.37750930182027437,0.5223911811314678,-141.0080295851258,0.233622444816149,-7.3330046329247045
1785126553333075684,61.408502686,0.146692,-0.17441168280735597,0.4137780750443163,-133.71015943540198,-0.3875714449201126,0.5168660464484593,-140.98862065547587,0.2367788293580919,-7.278461220073902
1785126553366433105,61.441860107,0.35344,-0.18200481564263193,0.4053766316327911,-133.76357289058973,-0.3966314941936933,0.512691080199393,-140.99092738913572,0.2399604176046843,-7.227354498545971
1785126553399790527,61.475217529,0.256206,-0.18855296478569825,0.39776496591852345,-133.80369562160521,-0.40670752501739227,0.5042038981704866,-141.03582086713539,0.24273577908668886,-7.232125245530159
1785126553433147949,61.508574951,4.160697,-0.19472229553802076,0.39005958251170575,-133.84665207739891,-0.4134912260921689,0.4944338582047689,-141.14736379125895,0.24239190250966972,-7.300711713860045
1785126553466505371,61.541932373,3.036513,-0.20431437556818888,0.3781436110214521,-133.9029161959634,-0.4223239586923381,0.4830682124478553,-141.200723450198,0.24194493240912257,-7.297807254234595
1785126553499862793,61.575289795,2.93133,-0.2111038106429363,0.36902378667195324,-134.01081585937368,-0.43969990456281505,0.47693058702330865,-141.1104732231047,0.25278459549089083,-7.09965736373099
1785126553533220215,61.608647217,2.902203,-0.2184264611331078,0.36083518709002144,-134.12440888493865,-0.45026496362386076,0.46786079243440426,-141.24859275481978,0.25534990001268154,-7.124183869881161
1785126553566577637,61.642004639,1.131428,-0.22092983438713137,0.3546809437065636,-134.19263926394044,-0.4591973730397523,0.46288254127726486,-141.3659320027117,0.261684935929507,-7.173292738771253
1785126553599935059,61.675362061,0.235943,-0.2280561306947619,0.34471285553447545,-134.23609534701978,-0.4618575508985135,0.45003934310076416,-141.54226418777628,0.25643083487042423,-7.306168840756492
1785126553633292480,61.708719482,0.558086,-0.23273243180632275,0.338852025369598,-134.13467152015036,-0.46787151723303366,0.44272666417481055,-141.47292484723084,0.25706094624081544,-7.338253327080498
1785126553666649902,61.742076904,0.514495,-0.2389209430935691,0.3314765517297383,-134.13839078001402,-0.4788962721228707,0.4390159046448942,-141.3365917289069,0.2629693346535524,-7.198200948892909
1785126553700007324,61.775434326,0.585584,-0.2440281256688903,0.32494264220614716,-134.27932920402904,-0.4902628516017495,0.43084495094782815,-141.50034959485484,0.2680426071579826,-7.221020390825817
1785126553733364746,61.808791748,0.584909,-0.25050724002227776,0.3159948212213743,-134.68682845911474,-0.498857155352778,0.4240561883047581,-141.79191459724862,0.2708411702466899,-7.105086138133881
1785126553766722168,61.84214917,0.608553,-0.2568455564976958,0.3077443051003245,-135.01829890462975,-0.503669688534154,0.41532758221186156,-142.18673383973916,0.26925139492602207,-7.168434935109414
1785126553800079590,61.875506592,0.63768,-0.26276464474439004,0.3004494403148648,-135.4241702448096,-0.5143094690187148,0.40783042752432536,-142.51814976594872,0.2735058957925391,-7.093979521139101
1785126553833437012,61.908864014,0.72522,-0.2692234882090093,0.2930139306944565,-135.97639047544212,-0.5178579035128298,0.39441321551283487,-143.14339104075157,0.26851608412747136,-7.16700056530943
1785126553866794434,61.942221436,0.611296,-0.27547559219313517,0.28586208160359483,-136.59072939906744,-0.5263539087660307,0.38656592315096183,-143.73239267519364,0.2703353351466419,-7.141663276126191
1785126553900151855,61.975578857,0.617534,-0.2813385086970463,0.27944076964235354,-137.30034532324893,-0.5374232905932157,0.3792835223976492,-144.41348951625363,0.2748599476034363,-7.113144193004689
1785126553933509033,62.008936035,0.712459,-0.287338166401386,0.27317335806572224,-137.97499318355284,-0.558327915172434,0.3779291652596858,-144.93847206041696,0.2905326540681005,-6.963478876864128
1785126553966866455,62.042293457,2.618685,-0.2935595329780949,0.2672959494557193,-138.79443327288806,-0.5671281674437583,0.37233368324575117,-145.70765088680494,0.2930404806219669,-6.913217613916899
1785126554000224609,62.075651611,2.538996,-0.2987402809450334,0.26392463100195757,-139.61613986110035,-0.561743062360692,0.36251624518827225,-146.78190288735763,0.280875006756094,-7.165763026257287
1785126554033582520,62.109009522,2.617861,-0.30327244032674594,0.26033739624500285,-140.26995329025388,-0.5721877270811772,0.3594264758554761,-147.46806416604798,0.28659043450238997,-7.198110875794095
1785126554066940430,62.142367432,2.777073,-0.3092714233871713,0.2568679931149839,-141.01769394800235,-0.5779742185173448,0.3579512633010519,-148.13258220804374,0.28708712897355326,-7.114888260041392
1785126554100298584,62.175725586,2.58199,-0.3146566378516671,0.25367188112250727,-141.7420299289304,-0.5841382389253046,0.3556256779124954,-148.85677374773627,0.2881230813334907,-7.114743818805857
1785126554133656494,62.209083496,2.559288,-0.31838893387258316,0.2517856199574556,-142.3728856139498,-0.5898500762944715,0.3523422679082954,-149.53100694965988,0.28948711766174656,-7.158121335710104
1785126554167014404,62.242441406,2.765469,-0.32267458470885196,0.24939619184524586,-143.06994065540013,-0.5971393857877909,0.35157500359085575,-150.15793250070206,0.29286760934088685,-7.087991845301933
1785126554200372559,62.275799561,1.039272,-0.3266991252275761,0.2469231981967297,-143.6883556840174,-0.6018669367308315,0.3469309796928463,-150.886037699586,0.29277786946295326,-7.197682015568591
1785126554233730469,62.309157471,0.88316,-0.3320699573398854,0.24326030255005282,-144.3218550559057,-0.6124338839370097,0.34433839337912225,-151.47546062865314,0.2980280385846394,-7.153605572747461
1785126554267088623,62.342515625,1.117582,-0.33774797718589233,0.23940576164654562,-144.94554316687874,-0.6184319835014266,0.340522861726771,-152.0947254092669,0.2983423860767578,-7.149182242388174
1785126554300446533,62.375873535,2.35088,-0.34466975728461746,0.23272635399378375,-145.55604201519697,-0.6248574729602641,0.337514851339216,-152.68195643602147,0.2991417476572781,-7.125914420824499
1785126554333804443,62.409231445,2.237818,-0.35039087793468593,0.22712112399382844,-146.14592385818102,-0.631451888516833,0.33145634464837886,-153.3201810867684,0.29980181777049236,-7.174257228587381
1785126554367162598,62.4425896,2.295219,-0.3550398989979574,0.2238135957357872,-146.62124691113158,-0.6496640635629048,0.32949556195233914,-153.71154862789854,0.3130049142249841,-7.090301716766964
1785126554400520508,62.47594751,2.207668,-0.3604147945036119,0.21801002607329095,-147.09808396378997,-0.6594195264979656,0.3262448440154543,-154.09207363039516,0.317991518078688,-6.9939896666051995
1785126554433878662,62.509305664,2.25005,-0.3654374620717017,0.21237097957343512,-147.6340785742551,-0.6644426921765568,0.31992569375911006,-154.7125212496097,0.31776114327214333,-7.0784426753545695
1785126554467236572,62.542663574,2.073569,-0.3717032687158854,0.20641881609725615,-148.14974024327483,-0.6737854561480033,0.3170996973454802,-155.1649083463766,0.32172022851797294,-7.01516810310175
1785126554500594727,62.576021729,2.235159,-0.3772349268767292,0.20125694510463743,-148.60010808009667,-0.6737043871193309,0.30945697689033813,-155.7818913589817,0.3155968753567852,-7.181783278885017
1785126554533952881,62.609379883,1.989292,-0.38188076994551884,0.19788235933107895,-149.03634501185581,-0.6767541647118711,0.3028423570973566,-156.3064498112478,0.3129966774138825,-7.270104799391998
1785126554567310791,62.642737793,1.263027,-0.38588022935425076,0.19549925098422333,-149.40950219852496,-0.6785945995360222,0.29874264412534485,-156.81628460290582,0.31038830638122195,-7.406782404380857
1785126554600668945,62.676095947,1.291694,-0.39150187850153084,0.19281646186961932,-149.92428456455255,-0.6919091652048694,0.29869565400060466,-157.20455268658918,0.31851992281609637,-7.280268122036633
1785126554634026855,62.709453857,1.347058,-0.39738948376271843,0.18970079207019927,-150.53234001844078,-0.7029438280212625,0.29870926530061775,-157.71854645492937,0.32441686844443796,-7.186206436488608
1785126554667385010,62.742812012,1.961418,-0.4039524018756292,0.18625308672576987,-151.25411914233476,-0.7118932859585089,0.29509999097069484,-158.4209883950232,0.3266117521667728,-7.166869252688427
1785126554700743164,62.776170166,1.991402,-0.41191775626936256,0.1823347147498643,-151.83372325153894,-0.7087126176550274,0.2884171170234235,-159.13101281693267,0.3151835430619201,-7.297289565393743
1785126554734101074,62.809528076,1.919587,-0.419058336275073,0.17959985684740756,-152.14195257797255,-0.7158462511169633,0.283720679779844,-159.52025826597736,0.3145221966162721,-7.378305688004831
1785126554767459229,62.842886231,1.887342,-0.42478249142896113,0.17665879256612252,-152.38073096239677,-0.7432487723921747,0.28935952552653493,-159.41540594957067,0.33781981487229945,-7.034674987173899
1785126554800817383,62.876244385,1.880848,-0.4317807995315809,0.17455147492786607,-152.60295499518705,-0.7468753303320381,0.28566866230221716,-159.73650296877258,0.3341131435163049,-7.133547973585541
1785126554834175293,62.909602295,1.831921,-0.43777683253216526,0.1726863591044063,-152.82489052351883,-0.756291356233835,0.28484684285284995,-159.94002300115454,0.3376854689257245,-7.115132477635732
1785126554867533447,62.942960449,1.736735,-0.4429110815391842,0.1709406263466753,-153.12612834477613,-0.7625983517682754,0.2834281415790333,-160.25085322099432,0.3389002682643936,-7.124724876218177
1785126554900891602,62.976318604,1.906669,-0.44876592664273596,0.1687125055729879,-153.44572857934645,-0.7679553392511567,0.28020147785056243,-160.6486919691985,0.3381000917787785,-7.202963389852033
1785126554934249756,63.009676758,1.716116,-0.4543738781323346,0.16654421305005032,-153.79104259245764,-0.7720453630396761,0.28031611564665326,-160.92040308513114,0.3374303159819612,-7.129360492673495
1785126554967607666,63.043034668,1.693177,-0.4586926240521495,0.16495507378506755,-154.1508424332947,-0.7787147436251394,0.2784910899337424,-161.2779280526715,0.33956528676957126,-7.127085619376781
1785126555000965088,63.07639209,1.703613,-0.46115620656748185,0.16414412362931352,-154.52189231970382,-0.7828154585256558,0.274939956767049,-161.7708444141601,0.3402063947238161,-7.2489520944563015
1785126555034322510,63.109749512,1.589623,-0.4656537180032352,0.1625340865564153,-155.04263277340246,-0.7885839016611603,0.2725688192765352,-162.23783301883392,0.34116205228912766,-7.19520024543146
1785126555067679932,63.143106934,1.673267,-0.47102399205698553,0.16003243466045075,-155.47471052874783,-0.7940707887435465,0.2698691142315139,-162.73177549451307,0.34120862976871597,-7.2570649657652275
1785126555101037109,63.176464111,1.685155,-0.478103247965286,0.1566939037970547,-155.85106384314,-0.8020510468765691,0.2686403478803392,-163.08216540843483,0.34274506963975,-7.231101565294853
1785126555134394531,63.209821533,1.524897,-0.4848062236074059,0.15363491790981143,-156.12797853578863,-0.8072359186416862,0.2655036161817213,-163.4297105453966,0.34128509181174416,-7.301732009607955
1785126555167751953,63.243178955,1.597336,-0.49274953659118337,0.14861572496719258,-156.40709255293248,-0.8141850555391975,0.26027805196805437,-163.83064675613045,0.34027822162552007,-7.423554203197958
1785126555201109375,63.276536377,1.565348,-0.4994617671802679,0.1451983170922817,-156.7575827580418,-0.8227746546861654,0.254996539967477,-164.22492726954158,0.3414481995470941,-7.467344511499781
1785126555234466553,63.309893555,1.477814,-0.5057812213809302,0.1386791474717214,-157.0887662062058,-0.8380618333584873,0.25365595909479893,-164.47238937949416,0.35161068286840846,-7.383623173288372
1785126555267823975,63.343250977,1.779024,-0.5129852366342121,0.13436385364711145,-157.31563687049857,-0.8445335919302571,0.24714117292137913,-164.84444691063496,0.3502042770187174,-7.528810040136402
1785126555301181396,63.376608398,1.902564,-0.520011956066907,0.130086587953768,-157.55777501474208,-0.8514907829944374,0.24377594765725186,-165.0760093701704,0.3504332792573214,-7.518234355428313
1785126555334538574,63.409965576,1.87375,-0.5265430407465659,0.12710027733829998,-157.85783103188402,-0.8561176893096913,0.23733083834497123,-165.52070842245755,0.34752010813095857,-7.662877390573524
1785126555367895996,63.443322998,1.9055,-0.5324120016791625,0.12431606362644329,-158.16782066928332,-0.8685866371184332,0.23758909247367163,-165.74299643317718,0.3547452107879,-7.57517576389386
1785126555401253174,63.476680176,1.977537,-0.539965182284981,0.12114343029837199,-158.49044785262333,-0.8805949738187435,0.23766980298158724,-165.94590583663148,0.3600097921043844,-7.455457984008146
1785126555434610596,63.510037598,2.012625,-0.5478253631605371,0.11746790597142137,-158.78933818587856,-0.8902239803371107,0.2350818663946811,-166.2450714448529,0.36203571195515216,-7.455733258974341
1785126555467968018,63.54339502,2.010758,-0.5561210441771212,0.11376487507130917,-158.99200880026464,-0.896111518271242,0.23067618820508373,-166.499598797182,0.3595299398011361,-7.507589996917359
1785126555501325195,63.576752197,1.996248,-0.5648306943249911,0.1104446878294714,-158.96026947275357,-0.9024747254902544,0.22433327196953373,-166.5910719884192,0.3563342551298673,-7.630802515665645
1785126555534682617,63.610109619,2.069959,-0.573301116605913,0.10725556553463178,-158.86743804897802,-0.9190756789502201,0.2246572159904538,-166.33525735584197,0.3651618757402642,-7.467819306863957
1785126555568039795,63.643466797,2.103134,-0.5799537461089916,0.10392193695292823,-158.85901745996182,-0.9303002825230079,0.22283891201756456,-166.33948848112678,0.3699783000877497,-7.480471021164961
1785126555601397217,63.676824219,1.194393,-0.588255930374428,0.10057020711201747,-158.8290764274842,-0.9372057754378431,0.21937989241447947,-166.3648153833022,0.36862139885179135,-7.535738955817984
1785126555634754395,63.710181397,1.219631,-0.5948640154665399,0.09842161705624336,-158.6473219800708,-0.9443518017038284,0.21570705093427403,-166.23242767067856,0.36864289729899663,-7.585105690607749
1785126555668111816,63.743538818,1.190982,-0.6013686596193959,0.0962767373080094,-158.46167829142132,-0.9526223044542234,0.2141175577481818,-166.01229836407683,0.37049370031319573,-7.550620072655519
1785126555701468994,63.776895996,1.151846,-0.6081548579510225,0.09329194749815053,-158.3727072721327,-0.9573903602076481,0.21156054776661115,-165.957523094247,0.36871791093720746,-7.584815822114321
1785126555734826416,63.810253418,2.191538,-0.612873135650334,0.0910249412143565,-158.27868586171837,-0.9631851998684129,0.20949863518593093,-165.85965667920308,0.3698034052033617,-7.580970817484719
1785126555768183594,63.843610596,2.270489,-0.6185874165689946,0.08851458852641952,-158.13469525274644,-0.9695063408570447,0.20759997330371355,-165.72932106611518,0.37057444635462705,-7.594625813368723
1785126555801541016,63.876968018,1.062801,-0.6235585696774646,0.08674709547908488,-158.11353352867076,-0.9747960264176443,0.20598296498939953,-165.6975895552987,0.37092444459106544,-7.5840560266279535
1785126555834898193,63.910325195,1.038449,-0.6262460072383409,0.08580433339072624,-158.1340653185043,-0.9825836116129673,0.20468414330879403,-165.67524240203247,0.37564464257806696,-7.541177083528171
1785126555868255371,63.943682373,1.01648,-0.6313755155743632,0.08294010177296213,-158.18734238280092,-0.9893843193448043,0.20194817429526962,-165.76647952941133,0.37727075808047594,-7.5791371466104
1785126555901612793,63.977039795,1.007618,-0.6375012108684324,0.07960370318302029,-158.297992935113,-0.9936848280633932,0.19839938851288424,-165.93049539513024,0.3754719483677555,-7.63250246001724
1785126555934969971,64.010396973,0.933674,-0.6448674413481899,0.07580465425963501,-158.3860342239614,-1.0007174509589971,0.19466768536971746,-166.0694263690338,0.3751768243171319,-7.68339214507241
1785126555968327148,64.04375415,0.915044,-0.6531828491972305,0.07121511491043137,-158.46207153257205,-1.0064136843094234,0.19048715934460753,-166.20381577340365,0.37282414548626713,-7.7417442408315775
1785126556001686035,64.077113037,0.979342,-0.6606985577372088,0.06766312006030684,-158.48981323098027,-1.0216709844564316,0.18831976024780248,-166.13381281509962,0.38060362277952564,-7.643999584119344
1785126556035044922,64.110471924,0.799738,-0.6672781481381778,0.06294835769306933,-158.63345517356464,-1.034439173548738,0.18591395896607366,-166.20933069162808,0.387205058950636,-7.575875518063439
1785126556068403564,64.143830566,0.869527,-0.6760019948527154,0.0566672192282307,-158.85540321635943,-1.0422333861865378,0.1811194614160661,-166.5183981150957,0.3867994216436822,-7.662994898736271
1785126556101762451,64.177189453,0.759064,-0.6844048164793296,0.051811306552997094,-158.82871051257777,-1.0506962773331188,0.17739970289183127,-166.53301497866423,0.38722329422358237,-7.704304466086475
1785126556135121338,64.21054834,0.802143,-0.6902787618677602,0.048610154300011144,-158.69386093526413,-1.0568795096286046,0.17257093875023474,-166.45812795159813,0.3869914525416874,-7.764267016333983
1785126556168480225,64.243907227,0.704794,-0.6970295712797725,0.04545465920326586,-158.61557114970913,-1.0641106653979098,0.16929752824027614,-166.37239186911071,0.3874088097479029,-7.756820719401594
1785126556201839111,64.277266113,0.690415,-0.703923966787647,0.04199989426765638,-158.5722738730275,-1.0791288139064659,0.16890735175362068,-166.17831654663152,0.39608607658816797,-7.60604267360401
1785126556235197998,64.310625,0.66483,-0.7103309166212066,0.03834361783982898,-158.60883280811044,-1.089296025113814,0.16753682371088247,-166.17163609980307,0.40038161533473793,-7.5628032916926164
1785126556268556885,64.343983887,0.605866,-0.7177339310269304,0.03430528917308118,-158.6577477628666,-1.0969165810868842,0.16324451311580057,-166.27783508924688,0.4005056873222153,-7.620087326380273
1785126556301915771,64.377342773,0.632495,-0.7258447715044258,0.030162940084747958,-158.64682400170946,-1.105158463640145,0.15835547352342844,-166.3202170386681,0.40039006315224457,-7.673393036958644
1785126556335274658,64.41070166,0.642195,-0.7324141360150855,0.027101603463747015,-158.58079268865504,-1.1117610580980797,0.15414390968852662,-166.2767123666209,0.40005478982853326,-7.695919677965866
1785126556368633545,64.444060547,0.529825,-0.738915867575152,0.02422502527168191,-158.48461323182642,-1.1179933198137115,0.1500988030024474,-166.22324675350146,0.39942949655213433,-7.738633521675028
1785126556401992432,64.477419434,0.542625,-0.743916858895738,0.02123906293009703,-158.4193387298657,-1.1329128954972942,0.15083253583909592,-166.02467351442286,0.4100151030295527,-7.605334784557177
1785126556435351563,64.510778565,0.416899,-0.7480198100450878,0.019005383355143846,-158.30997666097915,-1.1359697795245702,0.14794246453448098,-165.9825650619596,0.40881530025450163,-7.672588400980478
1785126556468710449,64.544137451,0.581095,-0.7519787291193537,0.019223814679947715,-158.10768162298618,-1.1352232719883673,0.1453871288060915,-165.8842906439467,0.40347684130588113,-7.776609020960543
1785126556502069580,64.577496582,2.932798,-0.7546250848287179,0.020254310704520495,-157.90367689537283,-1.1364505489484293,0.14476734432299382,-165.67100120866814,0.4016144676068183,-7.767324313295327
1785126556535428467,64.610855469,2.847519,-0.7552802991614977,0.020587550682765465,-157.74545474515514,-1.1401061024726198,0.14650060560120876,-165.4368222830007,0.4049012179445072,-7.691367537845553
1785126556568787598,64.6442146,0.321699,-0.7547610792517752,0.02188214888583706,-157.62493874843224,-1.1386684045786537,0.14600437013782688,-165.37279293229525,0.40347386563216914,-7.747854183862995
1785126556602146484,64.677573486,0.429391,-0.7542704854834966,0.02350981488872822,-157.54791000899843,-1.1377428467288517,0.14749030482890965,-165.2777246425328,0.40301639386617455,-7.729814633534387
1785126556635505615,64.710932617,0.306525,-0.7536257907233588,0.024536939138500358,-157.49484008225622,-1.1378986286374635,0.1489951480732274,-165.19332688894528,0.4039250669738138,-7.698486806689068
1785126556668864746,64.744291748,0.32218,-0.7530562509512592,0.025209231130917387,-157.47788649858214,-1.1359420562897578,0.14926019269844973,-165.199348986355,0.40248003800876886,-7.721462487772876
1785126556702223877,64.777650879,0.271317,-0.7527476973932832,0.025694624218665085,-157.4803144807967,-1.1357054120166352,0.14929368231156423,-165.207577281816,0.4024094163299271,-7.727262801019301
1785126556735582764,64.811009766,0.183027,-0.7526384293475334,0.02596013945040282,-157.42670122795985,-1.1363883668256616,0.14957122993526492,-165.14002374468282,0.4031671070478394,-7.7133225167229735
1785126556768941895,64.844368897,0.141224,-0.7526459073808047,0.026133103663533386,-157.35107213456192,-1.1363545801394397,0.1496935545433054,-165.0728831908516,0.4031123051604922,-7.721811056289676
1785126556802301025,64.877728027,0.166417,-0.7526744861529713,0.02631372747907007,-157.31215834665792,-1.136050433492521,0.14922152417999177,-165.05810454593342,0.4025958811120306,-7.745946199275493
1785126556835660400,64.911087402,0.160132,-0.7526665118006841,0.026481217314904104,-157.26937581881103,-1.1350881139057716,0.1490831126917797,-165.02772092819632,0.40159370825079443,-7.758345109385278
1785126556869019531,64.944446533,0.121905,-0.7526290055889319,0.02665909564783764,-157.2487109791388,-1.1359845563820572,0.14939990862625274,-165.00090438095978,0.4025255091227173,-7.7521934018209695
1785126556902378662,64.977805664,0.194781,-0.7525357772236292,0.02684303489914691,-157.2278698495744,-1.1361952542710916,0.14955544445819266,-164.96174191151565,0.4028063179595366,-7.733872061941221
1785126556935737793,65.011164795,0.098379,-0.7528402755899801,0.02641622502913682,-157.19135518708669,-1.1362660587155118,0.14928068132547576,-164.94336782447297,0.4026301103822493,-7.75201263738628
1785126556969096924,65.044523926,0.080179,-0.7536577990836552,0.026297203614265907,-157.19178350082493,-1.1364083910303426,0.149289382706557,-164.91354415835417,0.40202623266823007,-7.721760657529265
1785126557002454346,65.077881348,0.068695,-0.7546606393346156,0.025929306384673168,-157.09351004178643,-1.1373303335858034,0.14789803910360294,-164.8346807331553,0.40163723266071744,-7.741170691368871
1785126557035811768,65.11123877,0.061502,-0.7554010295858957,0.02509161834746171,-156.92958856562194,-1.1392057240721125,0.14647771857169986,-164.6778189196083,0.40254270436477546,-7.748230353986372
1785126557069169189,65.144596191,0.068237,-0.756792190123003,0.02358153879205871,-156.8018347943021,-1.1405371306133054,0.14513476401933004,-164.53925964844353,0.4025361672136523,-7.73742485414144
1785126557102526611,65.177953613,0.052064,-0.758404200538258,0.02189102985046798,-156.6816780091212,-1.1424316088967372,0.1431017155600303,-164.4283353979091,0.40270222336201783,-7.746657388787889
1785126557135884033,65.211311035,0.507941,-0.7601881104518432,0.02013889072187397,-156.6011008659766,-1.1453845618870557,0.14160952414166864,-164.32336793171703,0.40389530943263774,-7.7222670657404215
1785126557169241455,65.244668457,0.033686,-0.7618675936788784,0.018346092037847428,-156.55601931580753,-1.1456492511270908,0.13976729829302295,-164.30243469705195,0.40253132787667467,-7.74641538124441
1785126557202598877,65.278025879,0.094385,-0.7637485657464474,0.016553990267738794,-156.47536460380766,-1.1477479220135036,0.13834362768755784,-164.22259288376415,0.40285012274587245,-7.7472282799564764
1785126557235956299,65.311383301,3.278959,-0.765827866494972,0.014437247660551378,-156.38337406700373,-1.1490703810651712,0.1364391042361574,-164.1537921290686,0.4021930854477537,-7.770418062064859
1785126557269313721,65.344740723,3.113457,-0.7675984223514845,0.012706073831860676,-156.27671756880093,-1.1522568229796286,0.13533798582406542,-164.0177579274927,0.4037334157741538,-7.741040358691779
1785126557302671143,65.378098145,3.271726,-0.7692076043369165,0.011005847286371606,-156.15763553841992,-1.1543183732740443,0.1337380340569634,-163.8849231492646,0.40419487134405513,-7.727287610844699
1785126557336028564,65.411455566,3.065455,-0.7706871470152644,0.008956593899822396,-156.07950307391766,-1.1540103761328142,0.13104064760231657,-163.84544352066328,0.4022949342827213,-7.765940446745598
1785126557369385986,65.444812988,3.033229,-0.7719661694990722,0.006935128190699136,-156.02026623075938,-1.1556654228479553,0.12915135620868862,-163.7787697413279,0.4026933366861632,-7.7585035105685245
1785126557402743408,65.47817041,2.941159,-0.7729310275795899,0.004614649261753312,-155.9839455444769,-1.1556302652048673,0.12681714911368816,-163.75796303498979,0.40173642783425895,-7.774017490512884
1785126557436100830,65.511527832,3.217207,-0.7737090530339233,0.0017619418476824689,-155.92141026766953,-1.1549688943640581,0.12363224458474102,-163.74101408904752,0.40026420936714024,-7.819603821377996
1785126557469458252,65.544885254,2.944178,-0.7744696994399956,-0.0017017548528016624,-155.81126333214016,-1.1566233134312345,0.11892938994208498,-163.6673061134587,0.4007408860861214,-7.856042781318543
1785126557502815674,65.578242676,3.046896,-0.7750839046884265,-0.005775660474526045,-155.75703048163584,-1.1566446681264684,0.11253164425196693,-163.65307033270378,0.3994812067507915,-7.89603985106794
1785126557536173096,65.611600098,2.82465,-0.7756726137835568,-0.010494846686315118,-155.7954089849392,-1.1579570285867966,0.10707599080677087,-163.68916107905298,0.39995534204493527,-7.8937520941137755
1785126557569530518,65.64495752,2.974336,-0.7765296708677731,-0.015582760412264307,-155.93259735317068,-1.1586832432709153,0.1024719950558818,-163.7894907354555,0.39997284681478995,-7.8568933822848095
1785126557602887695,65.678314697,2.800973,-0.7773280526178425,-0.020087824257274012,-156.11352578977863,-1.1645772193963118,0.09777514335672524,-163.91362430149601,0.40478833518938917,-7.800098511717386
1785126557636245117,65.711672119,3.277531,-0.777999000308176,-0.02452323834382003,-156.2139976133044,-1.1693640652791342,0.09344847162089767,-164.00113390149966,0.4087590224468712,-7.7871362881952475
1785126557669602539,65.745029541,2.698134,-0.7787265006254046,-0.028176465432261988,-156.2063358440968,-1.1730677717187354,0.0899979363633556,-163.98373187506132,0.41166761753538,-7.77739603096454
1785126557736317383,65.811744385,3.040184,-0.7809146139908218,-0.03471494963737237,-156.19068334316515,-1.1779106197801918,0.08313360485803413,-163.9640991912875,0.414118473880809,-7.773415848122353
1785126557769674805,65.845101807,2.824375,-0.781928447564085,-0.03749798638147345,-156.2068534459221,-1.1771050687875013,0.08008473317682825,-164.03559825108607,0.4122987483612844,-7.828744805163974
1785126557803031982,65.878458984,2.785956,-0.7826385548796353,-0.04015537438780237,-156.25713292743913,-1.179359273982635,0.0778760217263703,-164.07128660822048,0.41390667962025207,-7.814153680781325
1785126557836389404,65.911816406,2.882237,-0.7829281044164974,-0.04256735573249454,-156.3006518607816,-1.1798583839867496,0.07561075170784753,-164.13160802879162,0.41414938357783365,-7.830956168010013
1785126557869746826,65.945173828,2.684786,-0.7828217472744416,-0.04458069302383583,-156.33808303827882,-1.1796927750475628,0.07365362432721259,-164.1786163454928,0.41410864092066696,-7.840533307213992
1785126557903104248,65.97853125,4.046287,-0.782589548162302,-0.045757858654081496,-156.3309160210343,-1.1799884937222054,0.07201551994988416,-164.20310472327742,0.4144834021283797,-7.872188702243109
1785126557936461426,66.011888428,0.753284,-0.7819655928600938,-0.04712843179384074,-156.2967918895197,-1.1811735874020353,0.07164399378608263,-164.14941441798683,0.41650199517449754,-7.852622528467129
1785126557969818848,66.04524585,0.833433,-0.7813438941386966,-0.04803887741710455,-156.30769762473133,-1.179049107790688,0.06945472534659025,-164.20515605854985,0.41469770153253677,-7.897458433818541
1785126558003176514,66.078603516,0.82132,-0.780587201290287,-0.04889948753747131,-156.2906329019696,-1.1771222917853488,0.06694107307406202,-164.22862874056747,0.413109081813413,-7.937995838597872
1785126558036533936,66.111960938,0.820645,-0.7798807949879285,-0.05067759237527392,-156.29219238290113,-1.1768987902129,0.06516850251425076,-164.1964388618508,0.41357418467985674,-7.904246478949666
1785126558069891602,66.145318604,0.916296,-0.7788371376616948,-0.05355688870029679,-156.31552691712386,-1.1788259258709626,0.062282882613528295,-164.16958046353042,0.41642512329488207,-7.854053546406537
1785126558103249023,66.178676025,0.834796,-0.7775892969321194,-0.05738424510159096,-156.33315236082237,-1.179901866802967,0.05949503205575345,-164.14851987069338,0.4189464993348303,-7.815367509871004
1785126558136606445,66.212033447,0.940456,-0.7765597213614255,-0.06063813838123733,-156.27000094557965,-1.173640633315469,0.051699886617661166,-164.24048645332743,0.41266582424391285,-7.970485507747792
1785126558169964111,66.245391113,0.976503,-0.7759272277290402,-0.06352369175281347,-156.00758772602273,-1.1740664465859572,0.048237363644839,-163.94353654568602,0.4135279568488606,-7.935948819663289
1785126558203321533,66.278748535,2.296944,-0.7747267702100331,-0.06625626076733826,-155.81806736117136,-1.1728755405457258,0.04449258284234111,-163.75921717577728,0.4132647452671295,-7.941149814605907
1785126558236679199,66.312106201,2.274964,-0.7735426846086344,-0.07006310926789816,-155.76647021886347,-1.1695308094736738,0.040919003466078525,-163.73022674609373,0.4112464278033636,-7.96375652723025
1785126558270036621,66.345463623,1.025266,-0.7723072033549233,-0.0733033767436152,-155.80982727901466,-1.1662103067672678,0.037564429017240886,-163.78220290569817,0.4092081685793956,-7.972375626683533
1785126558303394287,66.378821289,0.937336,-0.7707668467485127,-0.07606689686090234,-155.93635089598925,-1.1577818984133108,0.03051462501399508,-164.0457866169376,0.4014228082960354,-8.10943572094835
1785126558370109131,66.445536133,1.067116,-0.7666727772322974,-0.08392620713986715,-156.13191450113308,-1.1586631517029276,0.018523915032514666,-164.19371135820975,0.40515735364270605,-8.061796857076676
1785126558403466797,66.478893799,1.150608,-0.7647170486118978,-0.09053770294776214,-156.28323987727077,-1.1526489689448747,0.009164734654434226,-164.4585671559334,0.40053932500698475,-8.175327278662614
1785126558436824219,66.512251221,1.17449,-0.7630931510522607,-0.09747902211056853,-156.4048771147344,-1.1500903853497044,0.0010586446345878348,-164.60449677302176,0.39934512782986353,-8.19961965828736
1785126558470181641,66.545608643,1.206001,-0.7605632781463904,-0.10367171466484276,-156.5111338343776,-1.1610777776422685,-0.0006520655468133815,-164.39940534570277,0.41355158373634077,-7.88827151132518
1785126558503539307,66.578966309,1.193173,-0.7588559051458474,-0.11075498164290887,-156.76255667704916,-1.1661108335399928,-0.005949584765823539,-164.5303903994856,0.4205243725586946,-7.767833722436464
1785126558536896729,66.612323731,1.1801,-0.7586806688935008,-0.11577472714161191,-156.7846415216599,-1.1699327283094063,-0.011260090718469866,-164.50201400720962,0.42432483500319074,-7.71737248554973
1785126558570254150,66.645681152,1.322236,-0.7584349546752618,-0.12110413442707299,-156.5709246375082,-1.1687572478340116,-0.018877424893763373,-164.38318311975584,0.42286485359398535,-7.812258482247654
1785126558603611816,66.679038818,1.99412,-0.757848871674701,-0.12474190047528302,-156.31501197641285,-1.170393535827618,-0.02557610587405733,-164.18124034951268,0.4242958339884279,-7.866228373099842
1785126558636969238,66.71239624,1.954264,-0.7587707811737661,-0.1281792738300309,-156.11192985199202,-1.1688462679190779,-0.03123425351580789,-164.03961252987816,0.42137897644890815,-7.927682677886159
1785126558670326660,66.745753662,1.927283,-0.7600629870612421,-0.13165785671847607,-156.08672353513097,-1.169533791791487,-0.03423072409361132,-163.95478850982744,0.42090187229084325,-7.86806497469645
1785126558703684082,66.779111084,1.985417,-0.7596862777568056,-0.13338229738083288,-156.17728685051432,-1.1753142513516843,-0.033654186900782965,-163.91436443097186,0.42742520802417144,-7.737077580457536
1785126558737041748,66.81246875,0.597417,-0.760565560399783,-0.13383847199600324,-155.9893154096077,-1.17118635791978,-0.03935451126303643,-163.9577423812063,0.4213509916824064,-7.968426971598564
1785126558770399170,66.845826172,1.435022,-0.7606981352944749,-0.1337385500061158,-155.63324835715426,-1.1732856654916148,-0.038564565493475485,-163.57800836381404,0.42342243374930916,-7.944760006659783
1785126558803756592,66.879183594,1.440308,-0.7609555895207123,-0.13300006859143076,-155.30806730932406,-1.1733920824518709,-0.03847499541631884,-163.24362124881594,0.42312982660185267,-7.935553939491898
1785126558837114014,66.912541016,1.431526,-0.7609825433290032,-0.13197365398650598,-155.1240973386787,-1.1717223064394129,-0.03786943779345226,-163.09620579685395,0.4213819603463163,-7.9721084581752395
1785126558870471680,66.945898682,1.469719,-0.7608824931390437,-0.13065074497747967,-155.07721496211803,-1.1707985753180898,-0.03503197063895407,-163.01307770037943,0.42092059160252593,-7.935862738261385
1785126558903829102,66.979256104,1.535086,-0.7608258181485275,-0.129544761558018,-155.06181871008383,-1.1715326104736161,-0.03518591725962404,-163.00280173018697,0.4214067640170149,-7.940983020103151
1785126558937186523,67.012613525,1.527972,-0.7607610425359219,-0.12892830150843715,-155.04504530554752,-1.1703987845619395,-0.03570028131098611,-163.0231497091881,0.42011253664001796,-7.978104403640578
1785126558970543945,67.045970947,1.622903,-0.7606995121429875,-0.1285344671342957,-155.03109949952852,-1.1726134775727937,-0.036044191906667404,-162.9919331295184,0.4221700675412576,-7.960833629989869
1785126559003901367,67.079328369,8.257894,-0.7606978988430368,-0.1284543934983636,-155.00199553360054,-1.1692213484040193,-0.0371310550390237,-163.00772459208727,0.418606451202754,-8.005729058486729
1785126559037258789,67.112685791,1.531192,-0.76069346062318,-0.1286400431833791,-154.9129241427985,-1.170105835492779,-0.037019736164889065,-162.91558566186535,0.41953876263645457,-8.00266151906688
1785126559070616211,67.146043213,1.685489,-0.7607297755577108,-0.12874657464330247,-154.77408994920305,-1.1678193070218206,-0.03910373140085572,-162.85611316446864,0.416842567370774,-8.082023215265606
1785126559103973633,67.179400635,1.680941,-0.7607712076573396,-0.1287628587959738,-154.58083415656446,-1.1678277689174708,-0.039387986211038464,-162.68864322571937,0.4167528187241165,-8.10780906915492
1785126559137331055,67.212758057,6.559422,-0.7607988501261949,-0.12878946065394914,-154.46947013264278,-1.1719459942544967,-0.037993494565489026,-162.4426053074427,0.42105330016851245,-7.973135174799919
1785126559170688477,67.246115479,1.781454,-0.7608056341043716,-0.12871462137652914,-154.28367036256114,-1.1674062722995224,-0.03974359376581748,-162.3791855055782,0.41622100227500525,-8.095515143017032
1785126559204045898,67.2794729,1.816303,-0.7608253651272104,-0.12867796474733517,-154.10969367113793,-1.168206115732891,-0.039909043017443704,-162.19576233661712,0.41694004056834744,-8.086068665479191
1785126559237403320,67.312830322,1.869748,-0.7608102313288666,-0.12861374037570536,-153.97903190876133,-1.1668275451672225,-0.03982606825984339,-162.07621490515217,0.41561197029954255,-8.097182996390819
1785126559270760742,67.346187744,1.831165,-0.7608746819419234,-0.12855485652071957,-153.822059771055,-1.1671693007776138,-0.0406508109485777,-161.93225215663784,0.4156951268932415,-8.110192385582843
1785126559304118164,67.379545166,1.920612,-0.7608709886322198,-0.12862069504564386,-153.6704812671835,-1.1702498867218871,-0.039155344880627586,-161.69639322531884,0.4190407272345484,-8.025911958135328
1785126559337475342,67.412902344,1.828855,-0.7609133905120169,-0.12860619460927966,-153.52057305824923,-1.1674684361501382,-0.040456927750734915,-161.62208988982968,0.416001560551777,-8.101516831580442
1785126559370832764,67.446259766,1.978146,-0.7609913521657761,-0.12846919779862867,-153.31953701659987,-1.1700645670255405,-0.038989403741924784,-161.37096368127237,0.41874518344708533,-8.051426664672519
1785126559404190186,67.479617188,1.476738,-0.7610491950652514,-0.12834697500473713,-153.08188603856402,-1.167365633535141,-0.040060751968481245,-161.2040927325546,0.41579743307151756,-8.122206693990593
1785126559437547607,67.512974609,1.32721,-0.761126397371052,-0.12818365218485492,-152.81591795705148,-1.1661586136831554,-0.040287479268339095,-160.97679022559032,0.41445968858752064,-8.160872268538851
1785126559470905029,67.546332031,1.861704,-0.7612309661841447,-0.12792995169295263,-152.48757873891228,-1.1663761598432922,-0.039105194638790176,-160.61963450260043,0.4147679657481267,-8.132055763688136
1785126559504262207,67.579689209,1.314738,-0.7613325636722825,-0.12773768239562686,-152.15458025380073,-1.1657205870315692,-0.04074020824220149,-160.34140766535006,0.41364022283320917,-8.186827411549347
1785126559537619629,67.613046631,1.589832,-0.761464806415504,-0.1273841348471844,-151.74934185033018,-1.164610705666646,-0.03919138844111067,-159.94069223966957,0.4126797506561934,-8.191350389339377
1785126559570977051,67.646404053,2.205355,-0.7617053460295077,-0.12715429997673924,-151.3635739456053,-1.1634374101053517,-0.038811129055106704,-159.5236457321872,0.41133097033304805,-8.160071786581861
1785126559604334473,67.679761475,2.05686,-0.7618057031457495,-0.12692132983007678,-151.0034194424364,-1.1643914935707782,-0.038357807247114614,-159.14700744405573,0.4122121009679944,-8.143588001619326
1785126559637691650,67.713118652,2.116975,-0.7619165838223948,-0.12688611992723642,-150.64266421216232,-1.1637271827154783,-0.03903905692485405,-158.81302541827745,0.4113014270106085,-8.170361206115112
1785126559671049072,67.746476074,2.234556,-0.7619645282225694,-0.12700887527610105,-150.21647509602408,-1.1637508817202775,-0.03869271060666663,-158.3712245026445,0.41137819436487383,-8.154749406620432
1785126559704406494,67.779833496,2.175945,-0.7620694341026997,-0.12719930708411498,-149.76909594886837,-1.1639020866359993,-0.039385965801903594,-157.9295714936954,0.4113157710921058,-8.16047554482703
1785126559737763672,67.813190674,2.102308,-0.7621031740628483,-0.12751576501925468,-149.35953947988136,-1.165437510242635,-0.037381815323751746,-157.42510370622443,0.413282851845199,-8.065564226343078
1785126559771121094,67.846548096,2.366278,-0.7619779229724095,-0.1279998134984485,-148.95022051476198,-1.1636709750792797,-0.03947148949132581,-157.08177187049577,0.4113326783303788,-8.131551355733773
1785126559804478516,67.879905518,2.154841,-0.7617748645242106,-0.12855855501652913,-148.5221864951566,-1.1622990196621532,-0.04068674970763346,-156.67476215284486,0.4100500615988335,-8.152575657688258
1785126559837835693,67.913262695,2.255487,-0.7615630438681729,-0.12906899920149117,-148.07488338947516,-1.1626257392392787,-0.041184503763836144,-156.20655542092638,0.4105788233173597,-8.131672031451206
1785126559871193115,67.946620117,2.402393,-0.7614482427808795,-0.12957420308634102,-147.64781568817904,-1.161424992022964,-0.04101200398237791,-155.77604127172322,0.4096640856169788,-8.128225583544161
1785126559904550537,67.979977539,2.328285,-0.7612331902383627,-0.13001666366079265,-147.22109011552388,-1.1597347374222873,-0.04278019881040379,-155.37437295996165,0.4079383334617805,-8.153282844437754
1785126559937907715,68.013334717,2.260847,-0.7609655915477627,-0.13080978395358067,-146.81385769001284,-1.1620180585573479,-0.043035780536048215,-154.9238563987693,0.4105451947964017,-8.10999870875643
1785126559971265137,68.046692139,2.431595,-0.7605971296873127,-0.13161539868993197,-146.39921680717924,-1.1592942306263494,-0.04473438856329687,-154.53071958082708,0.40805353597024113,-8.131502773647828
1785126560004622559,68.080049561,2.467398,-0.7601718692639079,-0.13434094950503034,-145.92606591747182,-1.159535602991161,-0.04611531011652725,-154.0985984689186,0.4089928547812082,-8.172532551446796
1785126560037979980,68.113406982,2.380414,-0.7601548207623979,-0.1357100061751239,-145.251724871531,-1.157917332924709,-0.04755113090190904,-153.45697039777264,0.40741502595156076,-8.205245526241653
1785126560071337402,68.146764404,2.575719,-0.7609240952655052,-0.13643045488472758,-144.41820010806595,-1.1577745515258997,-0.05109533442787771,-152.71220177181033,0.4059216271861705,-8.294001663744396
1785126560104694824,68.180121826,2.317552,-0.7611394893472098,-0.13652955988282758,-143.6423201612643,-1.1615537264536617,-0.048209298034685176,-151.819511174047,0.4100390590303153,-8.177191012782686
1785126560138052246,68.213479248,2.431556,-0.7619409604933083,-0.13751362527615765,-143.0105000708676,-1.1578344434857097,-0.04919074372167584,-151.1793811109771,0.40562615951383346,-8.168881040109495
1785126560171409912,68.246836914,2.647848,-0.7626268159764809,-0.13868135007213295,-142.3518655654903,-1.166056953435962,-0.05046441166350437,-150.4481366545675,0.4129625939873581,-8.096271089077177
1785126560204767334,68.280194336,2.564203,-0.7631299945044949,-0.1398978222913135,-141.6666109879377,-1.160412555302508,-0.05259178337322738,-149.86000437187627,0.4067625567155774,-8.193393383938552
1785126560238124756,68.313551758,2.581171,-0.763244570215682,-0.14124045527153944,-140.99187315760352,-1.164759173789568,-0.05319164361353384,-149.09619234315096,0.41105543436072184,-8.104319185547437
1785126560271482178,68.34690918,0.624327,-0.7627580608278429,-0.14291375371532208,-140.2137443155036,-1.162543113398853,-0.05097766749526766,-148.35066037458637,0.41021985837921915,-8.13691605908277
1785126560304839600,68.380266602,2.434122,-0.7618871352016736,-0.14446776701817135,-139.56633339997532,-1.162799804790741,-0.057128917945759285,-147.73069616199095,0.41031578472479746,-8.164362762015633
1785126560338197021,68.413624023,0.886031,-0.7604358262658539,-0.14625168007908093,-138.78689349284127,-1.1586755178071428,-0.05423184750031161,-146.9382848194891,0.40873279964632847,-8.15139132664783
1785126560371554443,68.446981445,0.585583,-0.7586112829511449,-0.1480821883365392,-137.9868404497718,-1.1561990463468306,-0.063727088736769,-146.3204328828394,0.40643795643427655,-8.33359243306763
1785126560404911865,68.480338867,0.494229,-0.7569166164668214,-0.14966462573687575,-137.2867358693917,-1.155367313963629,-0.0654391357783577,-145.5406652321867,0.40725531487562544,-8.253929362795018
1785126560438269287,68.513696289,0.627465,-0.7546130977460963,-0.15187963468207608,-136.5086561903073,-1.148669376871956,-0.07284843182592698,-144.9363761428697,0.4019033243746651,-8.427719952562411
1785126560471626709,68.547053711,0.403311,-0.7522599912937579,-0.15407801253845413,-135.67149431672456,-1.146365000121092,-0.07298958733432286,-144.08024617833985,0.4023606475351177,-8.4087518616153
1785126560504984131,68.580411133,1.041756,-0.7504799997331477,-0.15575052099155032,-134.90650763985983,-1.144985023801995,-0.07787994318326245,-143.28721425458565,0.4021169492868441,-8.380706614725833
1785126560538341553,68.613768555,0.625675,-0.7481416197765561,-0.15784924852949847,-134.19038288905605,-1.142070641265288,-0.07828150969205987,-142.50751755933038,0.4018844349247337,-8.317134670274324
1785126560571698975,68.647125977,0.404859,-0.7460903566953307,-0.16023268257845633,-133.6622730347055,-1.1418296190622264,-0.07601543286716006,-141.77366538993346,0.40460117267208884,-8.111392355227972
1785126560605056396,68.680483398,0.324712,-0.7436891351579777,-0.1618149484260178,-133.4263326089683,-1.1427053713634638,-0.08189467547794922,-141.5377183087339,0.4069412817393758,-8.1113856997656
1785126560638413574,68.713840576,0.412892,-0.7403727658709921,-0.1650140012054136,-133.29846377724658,-1.1410443095263039,-0.07640465476700677,-141.22457694929324,0.41035265586002,-7.92611317204665
1785126560671770996,68.747197998,4.849821,-0.7387168661299787,-0.16714062935356272,-133.24366802352915,-1.1351024234206666,-0.07809567550464798,-141.13509530273416,0.40626409370581174,-7.891427279204979
1785126560738485840,68.813912842,7.713487,-0.7345140539723645,-0.16880116983689966,-132.54799352203068,-1.1285677927758258,-0.09819680540800173,-140.5562948455053,0.4003290213579264,-8.008301323474637
1785126560771843262,68.847270264,3.020258,-0.7300581108737687,-0.17441136523269887,-132.3946301973871,-1.126480794990786,-0.08143236833265283,-139.97703327483836,0.4071805967222398,-7.582403077451262
1785126560805200684,68.880627686,5.907286,-0.7243367531113765,-0.18195136076381,-132.40139203134888,-1.1216729421682081,-0.09814072263375594,-140.20769662386684,0.4060791427763474,-7.806304592517937
1785126560838558105,68.913985107,3.136924,-0.721811769483199,-0.1860695179346754,-132.3977837281987,-1.1200525136010169,-0.10879424694584677,-140.23376406616057,0.4056687784164689,-7.835980337961876
1785126560871915527,68.947342529,2.955289,-0.7186895962435272,-0.19208797660528992,-132.55552181398127,-1.1275181054631223,-0.1211984045199446,-140.31563480599192,0.41492900764005386,-7.76011299201064
1785126560905272705,68.980699707,3.219253,-0.7147367585910988,-0.1994387379428191,-132.6913856109691,-1.1240124038758992,-0.1272811117511727,-140.4690397930584,0.415587868977071,-7.777654182089311
1785126560938630127,69.014057129,3.098892,-0.7113673876613101,-0.2040061229813018,-132.63930646643627,-1.1170819745023914,-0.14212208594182563,-140.64397992809418,0.4104070662353812,-8.004673461657907
1785126560971987549,69.047414551,0.001463,-0.7076128761855581,-0.2103146025205915,-132.49971498934025,-1.1092696351685458,-0.1491606387813252,-140.5518576711293,0.40628556375748986,-8.05214268178905
1785126561005345703,69.080772705,0.117754,-0.704252275020409,-0.21675682487691136,-132.3231134165324,-1.1115139112298258,-0.16111168219037106,-140.35963170539168,0.4110455233092519,-8.036518288859254
1785126561038704102,69.114131104,0.093611,-0.6995160439579183,-0.22422808188418908,-132.17718391378853,-1.1091176072677442,-0.16930451013510092,-140.20651374487525,0.41326751553870106,-8.029329831086729
1785126561072062500,69.147489502,0.046642,-0.6937505929917956,-0.2313094230456988,-132.18792264389936,-1.1071177639410943,-0.17915993566879218,-140.25756807465157,0.4166437171640787,-8.069645430752217
1785126561105420654,69.180847656,0.012667,-0.68833724518019,-0.2380220974350879,-132.19667669557091,-1.1013904028655686,-0.19084121818450875,-140.43030623340337,0.41573903646484767,-8.233629537832453
1785126561138779053,69.214206055,0.391928,-0.683700092730805,-0.24370573931361497,-132.04888352677034,-1.0899213445112323,-0.19476420941917555,-140.3591279746843,0.40915886736873447,-8.310244447913943
1785126561172137451,69.247564453,0.137662,-0.6785525881673089,-0.24945444816475892,-131.74192325364206,-1.086342942342715,-0.196842102763021,-139.91694844372185,0.411170319754691,-8.175025190079792
1785126561205495605,69.280922607,0.091466,-0.6732746799553706,-0.25507865029416155,-131.65038050642988,-1.0801139369682804,-0.20618320071124374,-139.81445962361036,0.4097669411223069,-8.164079117180487
1785126561238854004,69.314281006,0.133014,-0.6683573729540817,-0.2591389414561424,-131.71662954439088,-1.076792751111192,-0.2038352533047992,-139.55575227066555,0.4121625359654645,-7.839122726274659
1785126561272212402,69.347639404,0.169078,-0.6632268567054499,-0.2639852128967134,-131.85956296178637,-1.0710647997215168,-0.21003909226063058,-139.6357634707168,0.4113902912019916,-7.77620050893044
1785126561305570801,69.380997803,3.209488,-0.657487898272339,-0.26987451521646305,-132.06721329600882,-1.065355875759103,-0.2155532230638217,-139.73663271632844,0.411469427588826,-7.669419420319638
1785126561338929199,69.414356201,3.084256,-0.6493264327801064,-0.2803910241984189,-132.19643239656367,-1.0563566391763635,-0.2291192726361912,-140.01758736552145,0.41024673237850223,-7.821154968957796
1785126561372287598,69.4477146,0.302067,-0.6434421637693915,-0.28717111203438606,-132.1780666725071,-1.0478711688660851,-0.24088864105365596,-140.08724955056348,0.40706865180652707,-7.909182878056381
1785126561405645752,69.481072754,0.331926,-0.6369942136967246,-0.29356433143642546,-132.33767332020915,-1.046212956642726,-0.2628276657472221,-140.29766286471067,0.4103714441770961,-7.959989544501517
1785126561439004150,69.514431152,0.311246,-0.6275607434779101,-0.3030422084331718,-132.78279480271553,-1.0445691438519786,-0.2719895486385746,-140.6511925464337,0.41816297500240074,-7.868397743718151
1785126561472362549,69.547789551,2.965038,-0.6188725158140903,-0.3123707733742643,-132.73966078647643,-1.0314836508438936,-0.28700056553420117,-141.09066621386341,0.41339036780799643,-8.351005427386978
1785126561505720947,69.581147949,3.070357,-0.6145402750571752,-0.31728046125069626,-132.62315939075683,-1.0249023278846594,-0.30256888538380405,-141.06302622667997,0.41062567487344753,-8.43986683592314
1785126561539079346,69.614506348,2.88838,-0.6078081919981402,-0.32464274111366775,-132.57966041392402,-1.0173285216233037,-0.31393122504975224,-141.05017604299323,0.40966039221859135,-8.470515629069222
1785126561572437988,69.64786499,2.922644,-0.6012139688979614,-0.33245207576770536,-132.51712420400784,-1.0105262214817428,-0.3252536392079322,-141.0480215987681,0.4093755459283252,-8.530897394760233
1785126561605796387,69.681223389,0.506832,-0.5949142539710118,-0.3388500961810654,-132.44568988816496,-1.005325566967105,-0.33298534508125416,-140.86151272804122,0.41045321431393367,-8.415822839876254
1785126561639154785,69.714581787,0.35836,-0.5870422114609837,-0.34759482255492313,-132.28713244972107,-0.9982203042147451,-0.3414365494033776,-140.72254135657988,0.41122420683713384,-8.435408906858802
1785126561672513184,69.747940186,7.187924,-0.581070418104471,-0.35318556112779104,-132.22405608696928,-0.9893173576443942,-0.3526150503066022,-140.6889755973443,0.4082473381741892,-8.464919510375003
1785126561705871582,69.781298584,0.583315,-0.5720398754112156,-0.35959780257411345,-131.76501859398172,-0.9820801119141724,-0.35032826317625954,-140.0007400415768,0.4101449986432227,-8.235721447595058
1785126561739229980,69.814656982,0.516381,-0.5652894948554793,-0.36530663089226134,-131.53137858392466,-0.9798666305241607,-0.3556675474101735,-139.59464204220237,0.41468917679344236,-8.063263458277712
1785126561772588623,69.848015625,0.605381,-0.5599338303597371,-0.36814542110834975,-131.62115577119127,-0.9679014400641494,-0.35457393911291735,-139.5269778867762,0.4081932822713818,-7.90582211558493
1785126561805947021,69.881374023,0.346759,-0.5548558528853833,-0.3734293030195395,-131.67342415759845,-0.9615195574139734,-0.3616238675750155,-139.56978951262437,0.406835024164527,-7.896365355025925
1785126561839305420,69.914732422,0.586672,-0.5485377817988415,-0.37893028262541395,-131.6720583759696,-0.9561503473600103,-0.36792602544476316,-139.54656508967074,0.40776107867163586,-7.874506713701102
1785126561872664063,69.948091065,0.364311,-0.5433957586586664,-0.3836495881793276,-131.59402786779754,-0.9471063253687363,-0.3717558676523124,-139.43932986227463,0.40388572921228666,-7.845301994477101
1785126561906022461,69.981449463,0.83762,-0.5396954468956796,-0.3859706522378633,-131.52477933651465,-0.9489559071947321,-0.3819916073321958,-139.3692210282343,0.4092798030230097,-7.844441691719651
1785126561939381104,70.014808106,2.52759,-0.537049103648321,-0.3880996330905213,-131.5651021596716,-0.9473885672159909,-0.38219404534443885,-139.3119822940159,0.4103819578485751,-7.74688013434432
1785126561972739502,70.048166504,2.556614,-0.5346296062729892,-0.389840485926853,-131.56417161887595,-0.9464245342388807,-0.3823691740036664,-139.2975014838796,0.41186269945248427,-7.733329865003661
1785126562006097168,70.08152417,2.564913,-0.533773189472884,-0.3907041290466537,-131.49624586629676,-0.9461740769462796,-0.3861299134808078,-139.33644749516628,0.4124262545436301,-7.8402016288695275
1785126562039455078,70.11488208,2.498105,-0.5338098898438025,-0.3904409458250186,-131.4849062405752,-0.9462907649248996,-0.38319627349752833,-139.28704523798933,0.4125444916427807,-7.802138997414116
1785126562072812744,70.148239746,2.4406,-0.5340838439024423,-0.3897138785068251,-131.47852313458168,-0.948020062096555,-0.38359941153097055,-139.31190904825894,0.4139813757154334,-7.833385913677254
1785126562106170410,70.181597412,2.497536,-0.5341864486471966,-0.3886740080253991,-131.46590414025124,-0.9476514862943574,-0.38061164206284837,-139.28842523890924,0.4135436362725005,-7.822521098657998
1785126562139528320,70.214955322,2.474597,-0.5338323065262599,-0.3873778239584257,-131.47454551421777,-0.9474752592004281,-0.38110300607640574,-139.3624916845807,0.41369054332490685,-7.887946170362964
1785126562172885986,70.248312988,2.446179,-0.5332029560320117,-0.3854187981660868,-131.45716552370496,-0.9461710339872506,-0.3774518055439803,-139.32118776369552,0.41304492053708264,-7.864022239990555
1785126562206243652,70.281670654,2.346951,-0.5319473889816512,-0.38370867896534894,-131.43086202593355,-0.9451929296460969,-0.37617053019047797,-139.3020996806043,0.4133142878803032,-7.871237654670745
1785126562239601563,70.315028565,2.363588,-0.5302983156498572,-0.3818223251039119,-131.4485314604577,-0.9427077258169992,-0.373743082997148,-139.3032486076994,0.4124885401407289,-7.854717147241713
1785126562272959229,70.348386231,2.405027,-0.527836784043448,-0.3792940505613367,-131.46470046880492,-0.9397786834050411,-0.37097240668085124,-139.31881514884122,0.41202594360854333,-7.854114680036307
1785126562306317139,70.381744141,1.04804,-0.5254597044470226,-0.3766059019441672,-131.48114411587352,-0.9348537363921281,-0.36867575491703974,-139.3669614331886,0.4094708300039722,-7.885817317315078
1785126562339674805,70.415101807,1.006363,-0.5218724172978635,-0.37281495865548875,-131.47837533510875,-0.9303273424686151,-0.3642997199618263,-139.36099240476508,0.4085436759836754,-7.882617069656346
1785126562373032471,70.448459473,2.139524,-0.5173766023828322,-0.3678264046518527,-131.4611696494585,-0.9253334253225975,-0.35952810296780097,-139.32796000642713,0.4080412126169936,-7.866790356968637
1785126562406390381,70.481817383,2.373839,-0.5127265973604075,-0.36248987188161386,-131.39927465300516,-0.917992908961474,-0.3512306765307529,-139.21766034539772,0.40542268411952675,-7.818385692392528
1785126562439748047,70.515175049,2.153732,-0.5079683616713839,-0.356639295118305,-131.24437336962717,-0.9080445418079106,-0.3474892832752718,-139.17369686079974,0.40018079992593625,-7.929323491172586
1785126562473105713,70.548532715,2.179197,-0.5031529387268453,-0.35020157737096047,-131.11409590737458,-0.8990448445736257,-0.33725059189511886,-138.93374897314075,0.39610368483490715,-7.819653065766186
1785126562506463623,70.581890625,2.068758,-0.4951868174378191,-0.3411123016247274,-131.03866063448703,-0.8934197121348075,-0.3331965474127908,-138.8729837709301,0.39831155843571303,-7.834323136443066
1785126562539821289,70.615248291,2.28162,-0.4860621343199288,-0.33210344754352256,-130.85675111289373,-0.8851423142839675,-0.32948557857104693,-138.83578800684074,0.3990887661637278,-7.979036893946995
1785126562573179199,70.648606201,1.391746,-0.47854509329217565,-0.3234922509013939,-130.71121891338356,-0.8748823669069543,-0.3275580237211172,-138.84692734871294,0.39635812715903473,-8.135708435329366
1785126562606536865,70.681963867,1.289033,-0.46808390001478045,-0.3117091305871551,-130.6207137497646,-0.8592896627828697,-0.3093292469838844,-138.61863337889952,0.39121300166140643,-7.997919629134913
1785126562639894531,70.715321533,1.158903,-0.4592014465508965,-0.3043491338772373,-130.49229479032945,-0.8460070243354006,-0.2946362487349417,-138.3816969502653,0.3869275063148025,-7.88940215993584
1785126562673252441,70.748679443,1.34039,-0.4501706826301208,-0.29739352713365186,-130.4052675969248,-0.8342061400339598,-0.2781668379839733,-138.10904278664592,0.3845164471372248,-7.703775189721125
1785126562706610107,70.782037109,1.909447,-0.4393887486909337,-0.28765626498519514,-130.3447905654582,-0.8192721467534435,-0.2731365240052008,-138.1362447045512,0.38016078046222157,-7.791454139093007
1785126562739967773,70.815394775,2.093699,-0.42889433427932255,-0.2787021991951235,-130.3792703132509,-0.8056061350372034,-0.2619210489579683,-138.07072933329164,0.37708538533537367,-7.691459020040724
1785126562773325684,70.848752686,1.831625,-0.41704113893104766,-0.2667187108017042,-130.6657159915043,-0.8024607663813929,-0.27485101209109225,-138.50249090740644,0.3855054131244129,-7.836774915902131
1785126562806683350,70.882110352,1.92647,-0.40514997016798643,-0.26126727010760087,-130.87912788125374,-0.7863356808874923,-0.2611198641910716,-138.8194101843305,0.38118573922070986,-7.940282303076771
1785126562840041260,70.915468262,1.838203,-0.3968371244007766,-0.2534386625093331,-130.87521393740064,-0.7650440281769288,-0.2545264775712283,-139.14604789388346,0.36820851067028515,-8.270833956482821
1785126562873398926,70.948825928,1.807879,-0.38964093981894193,-0.24437976516102966,-130.7845752427917,-0.7524603784776059,-0.24678207990803525,-139.09859432195148,0.36282739172329825,-8.314019079159788
1785126562906756592,70.982183594,1.548386,-0.3828290919843822,-0.23736060004574747,-130.75717272043582,-0.7425052113725296,-0.23508051827273763,-139.00872051976748,0.35968334633536825,-8.251547799331664
1785126562940114502,71.015541504,1.757237,-0.3739180187788592,-0.22912829225031697,-130.8333436413374,-0.7341094375783765,-0.23078882544979137,-139.1549057947984,0.36019524642520734,-8.32156215346101
1785126562973472168,71.04889917,1.584337,-0.3681380260094066,-0.22652423810609315,-130.9086983549968,-0.7262790188387687,-0.2205842671855912,-139.23029426665647,0.35819024833088015,-8.321595911659678
1785126563006830078,71.08225708,1.804823,-0.3662980817192634,-0.22697436459290266,-130.96140520061658,-0.715486276719134,-0.21536021381213513,-139.34234932963793,0.3493812874577373,-8.380944129021318
1785126563040187988,71.11561499,1.665774,-0.3657283273655592,-0.2264853572859231,-130.95542584649542,-0.7102520532967136,-0.20976923630838623,-139.27578869966266,0.3449290165092244,-8.320362853167252
1785126563073545898,71.1489729,1.67216,-0.3637369874889815,-0.22474830328318424,-130.9068515141677,-0.7084271317706586,-0.2084542014750048,-139.23555833475478,0.3450750546166134,-8.328706820587092
1785126563106903809,71.182330811,1.560528,-0.3620235215366068,-0.2234095496027844,-130.81870490934648,-0.7076133606520245,-0.20775872734457648,-139.20192679150978,0.345944049142601,-8.383221882163305
1785126563140261719,71.215688721,1.686361,-0.3613970759892224,-0.2223006397350545,-130.75098952589764,-0.705704923416152,-0.20425279414049893,-139.08103579397098,0.3447805367626931,-8.330046268073326
1785126563173619629,71.249046631,1.471972,-0.36102816385214026,-0.22154426930087628,-130.6627074839183,-0.7060844161890902,-0.20524003334184318,-139.03694685393077,0.34544123289935835,-8.374239370012482
1785126563206977539,71.282404541,1.503868,-0.36103903735508674,-0.22123586453687516,-130.61114779092347,-0.7067180219509298,-0.20482671177930187,-138.96995027533205,0.3460682312571243,-8.358802484408589
1785126563240335449,71.315762451,1.452796,-0.3608848239945998,-0.22072935323673276,-130.57456261602192,-0.7056901048629706,-0.20560914876333064,-138.97152881962617,0.3451366429373061,-8.396966203604276
1785126563273693115,71.349120117,1.458233,-0.36084271612570185,-0.22049655010593394,-130.52282518062924,-0.706075226738709,-0.20290283450357324,-138.86853465338822,0.34568052478098454,-8.34570947275899
1785126563307051025,71.382478027,1.854644,-0.3607529835618397,-0.2202935200494316,-130.48644289463633,-0.7060549604677174,-0.20304567050485828,-138.8266785421029,0.34573247398678003,-8.340235647466589
1785126563340408936,71.415835938,1.808205,-0.3603837473181593,-0.2197284284525513,-130.42686653957264,-0.7059378205388228,-0.20184888725420425,-138.75369419435032,0.3460163226104443,-8.326827654777677
1785126563373766846,71.449193848,2.059311,-0.359891524510583,-0.21910060528240968,-130.3619978342611,-0.7047225438672218,-0.2015660131046801,-138.7155760348527,0.34527654689158643,-8.353578200591569
1785126563407124756,71.482551758,1.940153,-0.3589967090729296,-0.21793279170346064,-130.33055353365828,-0.7035958967370244,-0.20113239204159003,-138.69920060298261,0.3450084833269359,-8.368647069324345
1785126563440482666,71.515909668,1.901342,-0.3577391364282042,-0.21648635600077518,-130.2963970661186,-0.701593779660212,-0.20012837285194865,-138.6836505900071,0.3442435174188595,-8.387253523888488
1785126563473840576,71.549267578,1.968151,-0.35622370331968667,-0.21484235413033506,-130.27296050892645,-0.7000785783316662,-0.19754775885064998,-138.6290636459864,0.3442895265548927,-8.356103137059973
1785126563507198486,71.582625488,1.242343,-0.35383451270307004,-0.2122605761103365,-130.2381839174787,-0.6973628675866755,-0.19638274380971268,-138.62372643643408,0.34389509471291263,-8.3855425189554
1785126563540556396,71.615983398,1.289975,-0.35152350057845805,-0.2098307782578368,-130.18070129343982,-0.6951562910212362,-0.19447399546628522,-138.56487988734645,0.34397576287464965,-8.384178593906626
1785126563573914307,71.649341309,1.229364,-0.34890074956916134,-0.20716558793719653,-130.14909618299237,-0.6907570442068726,-0.1902676621103179,-138.53317666716902,0.3422736713226367,-8.384080484176668
1785126563607272217,71.682699219,1.159456,-0.34550180674122155,-0.20364518882499816,-130.11591009247414,-0.6881318813902688,-0.18724455397204995,-138.47972203839353,0.34302237372741656,-8.363811945919398
1785126563640630127,71.716057129,1.218056,-0.34265994939832994,-0.2010522473438716,-130.05816687476326,-0.6834796515654772,-0.185010732232649,-138.46352123550068,0.3411970099405423,-8.405354360737403
1785126563673988037,71.749415039,2.27602,-0.3393521638155172,-0.1979680883365189,-130.00052104781125,-0.6790318160982146,-0.18265667811515446,-138.4221870257966,0.3400245659623156,-8.421665977985354
1785126563707345947,71.782772949,2.240785,-0.3361967959956718,-0.1947338372256282,-129.93651297044556,-0.6725978108862476,-0.1774997298979912,-138.35518214533192,0.33684218452383585,-8.418669174886377
1785126563740703857,71.816130859,2.236306,-0.3320629902060889,-0.19057599968195424,-129.9056804366912,-0.664926997648855,-0.1697136389756769,-138.25328909423024,0.3335171443046019,-8.347608657539043
1785126563774061768,71.84948877,2.338402,-0.32657686449383705,-0.18541308339629087,-129.8795981765112,-0.6595437024960424,-0.16614457228595367,-138.24537340512882,0.33352389828855755,-8.365775228617634
1785126563807419678,71.88284668,2.340122,-0.3198045369312929,-0.17951002030750096,-129.8062538880829,-0.6528378801233106,-0.16469647160724016,-138.28511553726423,0.3333626387325779,-8.478861649181344
1785126563840777832,71.916204834,2.385002,-0.3134133771353008,-0.17213370771453154,-129.72013089109856,-0.641297821504962,-0.1554421706448694,-138.1757055189268,0.3283090255679081,-8.455574627828225
1785126563874135742,71.949562744,2.345476,-0.3091050919507992,-0.16615582761081243,-129.61170401192965,-0.635467863209852,-0.15306336952727007,-138.1096601211393,0.3266252760007378,-8.497956109209678
1785126563907493652,71.982920654,2.396072,-0.30365460852651976,-0.16039571544279824,-129.53230550198822,-0.6291667901681732,-0.14548322884797205,-137.9596799424368,0.3258535908250048,-8.427374440448563
1785126563940851563,72.016278565,2.475517,-0.2993780999113647,-0.15651651044992754,-129.51601061076758,-0.6210216971909436,-0.13797272193208446,-137.9364660573288,0.32217770835913273,-8.42045544656123
1785126563974209473,72.049636475,2.40309,-0.2947859377864648,-0.15249201681344743,-129.45439104668588,-0.6160131811900473,-0.13378952806282593,-137.86117834574694,0.3217712308304327,-8.406787299061047
1785126564007568359,72.082995361,2.460861,-0.29009484161606075,-0.14837618008043832,-129.39316989824445,-0.6084846273584458,-0.12798560560015598,-137.77466541308857,0.3190420523892074,-8.381495514844117
1785126564074286133,72.149713135,0.742144,-0.2772226152798306,-0.1355249782645211,-129.5202942773862,-0.59384345417155,-0.12291273978373796,-137.9464894389895,0.3168719365611166,-8.426195161603273
1785126564141003662,72.216430664,2.530532,-0.26968109370033216,-0.12696079420417425,-129.51823752868077,-0.5807043888924213,-0.1074622040741543,-137.89635136686792,0.3116338960530512,-8.378113838187154
1785126564207721436,72.283148438,2.570736,-0.2634708632326292,-0.11927777699535017,-129.40575576361323,-0.5706098141789712,-0.10155959161936143,-137.857597090231,0.30764958846297413,-8.451841326617787
1785126564241080566,72.316507568,2.477117,-0.260798192130565,-0.11606264814859689,-129.3452141206281,-0.5681574121740897,-0.09932336496493153,-137.78704608249035,0.3078147068404412,-8.441831961862224
1785126564274439453,72.349866455,2.729438,-0.25777411207980616,-0.11259385780544512,-129.28345203163397,-0.5648372559292741,-0.09224622030227762,-137.6404180151694,0.3077365767384166,-8.35696598353544
1785126564307798340,72.383225342,2.639391,-0.25500153622475313,-0.10952914016521798,-129.25809908049175,-0.5627140072955206,-0.09207311009147763,-137.65199574373446,0.30820719952397807,-8.39389666324272
1785126564341157227,72.416584229,2.772026,-0.25201643374737276,-0.10633048599642808,-129.24270484244167,-0.5590029232608036,-0.08692090982731987,-137.60053270855838,0.3075994739768652,-8.357827866116715
1785126564374516113,72.449943115,2.727516,-0.24914625321363817,-0.10337217141207324,-129.26360222463808,-0.556269211962808,-0.0882126717671207,-137.69882466862694,0.30749686538293297,-8.435222443988867
1785126564407875000,72.483302002,2.720199,-0.2460032288619091,-0.10029200416285933,-129.306286070298,-0.5524504286788391,-0.08495449092669691,-137.7428671555583,0.30683077679383286,-8.436581085260292
1785126564474593018,72.55002002,2.874373,-0.2400513847081888,-0.09493972845081611,-129.34072216712036,-0.5449012631014617,-0.0796118871530948,-137.79843067401973,0.3052349768215324,-8.457708506899355
1785126564507951904,72.583378906,2.797199,-0.2371299168406702,-0.0923980234502193,-129.33973016139845,-0.5410264000229141,-0.07854117538937098,-137.83774232152192,0.3042122363231258,-8.49801216012348
1785126564541310791,72.616737793,2.902654,-0.2344509876672364,-0.08997985828884078,-129.26929233271736,-0.5373780152270391,-0.07568935347196185,-137.76893894415448,0.303263915680944,-8.499646611437115
1785126564574669922,72.650096924,2.868879,-0.23209167302252326,-0.08768597514603071,-129.209905517616,-0.5345373044234251,-0.07247913093532157,-137.69000781658798,0.3028276870834946,-8.480102298971993
1785126564608028809,72.683455811,3.049437,-0.22952060528062218,-0.0852557315127441,-129.15750238786688,-0.5311242596154989,-0.07025584728956716,-137.64975843181716,0.301976424303058,-8.492256043950274
1785126564641387695,72.716814697,2.986329,-0.2270975182585563,-0.08313245248364445,-129.09681602849858,-0.5276117229482634,-0.06829321856141993,-137.61200890787947,0.30088035842122646,-8.515192879380903
1785126564674746826,72.750173828,3.100612,-0.22457702367831905,-0.08092335790306168,-129.05924330854756,-0.524397923180254,-0.06676022359123847,-137.58287569536245,0.30015523675538985,-8.523632386814876
1785126564741464844,72.816891846,3.112211,-0.2189355056100191,-0.07673379986121273,-128.9060482952238,-0.5177346958500947,-0.06337948417704216,-137.45483968726958,0.2990974654448235,-8.54879139204576
1785126564774823730,72.850250732,3.18381,-0.2158707499958001,-0.07456269734245519,-128.84432583237052,-0.513527982924357,-0.06382379126734461,-137.43929251816692,0.29785088957123357,-8.594966685796384
1785126564808182861,72.883609863,0.115107,-0.2122203210396842,-0.07213588601687979,-128.74245680491703,-0.5082282491331146,-0.060533177936868784,-137.3610975350561,0.29623523816209885,-8.618640730139088
1785126564841541748,72.91696875,0.217553,-0.20931718143437694,-0.07034418758670474,-128.65734664301908,-0.5048408701688623,-0.05680719832822162,-137.22677694436177,0.2958335692267212,-8.569430301342708
1785126564874900879,72.950327881,0.155722,-0.206988072079232,-0.06851576150071083,-128.59331057820333,-0.5026261781039959,-0.05574303631928849,-137.1661675899845,0.29591389329071677,-8.572857011781181
1785126564908259766,72.983686768,0.118454,-0.20522993358954325,-0.06682640107123308,-128.56930290345528,-0.4999229249289572,-0.05400046570951081,-137.14928494067587,0.2949719711472176,-8.579982037220587
1785126564941618896,73.017045898,0.089288,-0.20422727835717652,-0.06528845155287108,-128.6092922286587,-0.5000881613537448,-0.05215175561530279,-137.14168782678166,0.2961523845382056,-8.532395598122958
1785126564974978027,73.050405029,0.014821,-0.20300109786591514,-0.06321068839633232,-128.60831261103033,-0.4982246469482246,-0.050405936642727196,-137.1535647309696,0.29550110930456125,-8.545252119939258
1785126565008335449,73.083762451,0.078918,-0.20320012842593405,-0.06267582146889264,-128.64140252207181,-0.49873061751818065,-0.04054707416050597,-136.97715713177058,0.296357809818707,-8.33575460969879
1785126565041692871,73.117119873,0.67063,-0.20284657984285168,-0.0623264072986441,-128.64134563850695,-0.4956710851830402,-0.0451091535262622,-137.12704977524623,0.2933302315738845,-8.485704136739288
1785126565075050293,73.150477295,0.153623,-0.20092136339846223,-0.060372818504467726,-128.56225319833317,-0.4942273997711463,-0.045323036782375814,-137.08689283094463,0.29369189110790395,-8.524639632611462
1785126565108407715,73.183834717,0.101927,-0.19843615708670678,-0.05788310417716581,-128.5035799716677,-0.48900221362637836,-0.04545755528065392,-137.0793289635031,0.2908316136158434,-8.575748991835374
1785126565141765137,73.217192139,3.122644,-0.1942751461965398,-0.05386754579480359,-128.45621881026983,-0.48482308607599184,-0.04074372420001882,-137.00057359293922,0.2908441851944876,-8.544354782669386
1785126565175122559,73.250549561,3.473246,-0.19199141014331803,-0.05097706102815306,-128.35137066447936,-0.48175204280918565,-0.03936339608737976,-136.91224474412354,0.28999327829499844,-8.560874079644165
1785126565208479736,73.283906738,3.176215,-0.1886415943704828,-0.0470615382311457,-128.1889407496201,-0.47688809392214554,-0.03235266563890033,-136.724026197963,0.2886215436115634,-8.535085448342905
1785126565241837158,73.31726416,3.147326,-0.18680444375438288,-0.04443653094596838,-128.01195250537836,-0.472432369483674,-0.02835771739152212,-136.54778573147237,0.2860801289879045,-8.535833226093994
1785126565275194580,73.350621582,3.031414,-0.185167850309095,-0.04168366710359345,-127.80440461356197,-0.46998067158400364,-0.02537191168344373,-136.35035130135046,0.28527954102504416,-8.54594668778849
1785126565308552002,73.383979004,3.063084,-0.18349535970820657,-0.03896376906375008,-127.60957940196127,-0.46686946999490614,-0.02316140980778162,-136.17028093241132,0.28381437761120076,-8.56070153045006
1785126565341909424,73.417336426,3.113588,-0.18101884557907041,-0.03513416812598643,-127.33555694462932,-0.46373144778352177,-0.019292618915737192,-135.89659098867384,0.28315608792076696,-8.561034044044519
1785126565375266846,73.450693848,3.027479,-0.17909012077109449,-0.03186585712744687,-127.08881056511483,-0.4610953534489128,-0.016934190951135616,-135.67208461729206,0.28240025834349236,-8.583274052177224
1785126565408624268,73.48405127,2.907991,-0.17723500354614416,-0.0288827675351093,-126.8651688139318,-0.4602062865852253,-0.011866905136118273,-135.39298425049057,0.2834824273177531,-8.527815436558779
1785126565441981689,73.517408691,3.104171,-0.17495730239261592,-0.025658070337874726,-126.60915413525856,-0.45621947835886745,-0.01135576608888798,-135.22019822803594,0.2816255804008244,-8.611044092777396
1785126565475339111,73.550766113,2.969662,-0.17252156004549582,-0.022294206713436918,-126.37880763566214,-0.45303236902095156,-0.007119163042089524,-134.97687188144576,0.2809209780391844,-8.598064245783625
1785126565508696289,73.584123291,2.88332,-0.1698170373633184,-0.018819718531710536,-126.14600589070233,-0.4460496810255113,-0.004799100928389234,-134.82100613734926,0.27658823391927323,-8.675000246646947
1785126565542053711,73.617480713,2.870167,-0.1669422908675032,-0.015779072590333426,-125.89390667812108,-0.4447702704476369,-0.00343409914883055,-134.56983803349428,0.2781021118345753,-8.675931355373182
1785126565575411133,73.650838135,2.882048,-0.16407640642172722,-0.012801956885742122,-125.61820634395485,-0.4398883493511394,0.001990444968519953,-134.29397860922873,0.27620833263157596,-8.675772265273878
1785126565608768555,73.684195557,0.533339,-0.1616966888342632,-0.010677060938306587,-125.33090361764603,-0.43511047220057264,0.0035034768540643233,-134.0245529770415,0.2737812714317034,-8.693649359395474
1785126565642125977,73.717552979,0.523365,-0.15913391839376823,-0.008569128345900234,-124.97711375043225,-0.4312214301557225,0.008603613561249453,-133.6175159173373,0.2726289000113913,-8.640402166905035
1785126565675483398,73.7509104,0.622825,-0.15680599555350877,-0.006533523821898549,-124.57012106406874,-0.42914193678989,0.007390663161351124,-133.26384128402108,0.2726916718058148,-8.693720219952349
1785126565708840576,73.784267578,0.533214,-0.15443919537151193,-0.0048655783645566025,-124.11821294636104,-0.4271965434523409,0.009960242830404933,-132.78844637842113,0.27315998225617066,-8.670233432060083
1785126565742197998,73.817625,0.585468,-0.15251791515124585,-0.0035078414696257942,-123.71112343321533,-0.42349946583385306,0.011645867582390184,-132.36028996617043,0.2714049294106199,-8.649166532955096
1785126565775555420,73.850982422,0.517797,-0.15066975866290985,-0.001917665684327316,-123.19100358528384,-0.42005092043041586,0.011571618546474283,-131.94034825333412,0.2697186888301784,-8.749344668050288
1785126565808912842,73.884339844,0.53548,-0.1488312105052899,-0.0006490190231975973,-122.65840871855058,-0.41856836928635904,0.013678365765436799,-131.38431457345862,0.2701173981478522,-8.725905854908044
1785126565842270020,73.917697022,0.503567,-0.14733682700507195,0.00045008811444016694,-122.16686810166446,-0.4172851911110199,0.014423393813567418,-130.86256796259167,0.270309771476428,-8.695699860927206
1785126565875627441,73.951054443,0.720567,-0.1458912598345839,0.0016252862159162745,-121.64904237577294,-0.4146382381059085,0.014928962986752812,-130.3906032419956,0.26907606014952484,-8.74156086622267
1785126565908984863,73.984411865,0.73682,-0.14457762138079627,0.0026378142886827605,-121.09063420589835,-0.4127528721858899,0.01632905107611444,-129.84855186082748,0.2685245149127811,-8.75791765492913
1785126565942342285,74.017769287,0.71421,-0.14360039508119726,0.003412180907149162,-120.53911390607284,-0.4114280472413391,0.017900205676407478,-129.226504695831,0.2682192277286037,-8.687390789758169
1785126565975699463,74.051126465,0.819149,-0.14284545104029833,0.004133956749909025,-119.90519548474401,-0.4106356843293107,0.018065320874673396,-128.61815073093493,0.2681523670441125,-8.712955246190909
1785126566009057129,74.084484131,0.774372,-0.1424288668332255,0.004717532442406594,-119.27700183980693,-0.41003964933878095,0.019338001247453124,-128.00210486813486,0.2680098673954283,-8.725103028327945
1785126566042414795,74.117841797,0.679527,-0.14247257578100006,0.005233800254254774,-118.68132086030164,-0.41024467709561063,0.01943992780871686,-127.39531905067817,0.2681486757426479,-8.713998190376527
1785126566075772461,74.151199463,0.783046,-0.14292376513769722,0.005616858802108354,-118.024005410104,-0.41115199312547385,0.023452115935708298,-126.68433834055844,0.26882053248679555,-8.66033293045444
1785126566109129883,74.184556885,0.88513,-0.14401202735902924,0.005792383240116314,-117.35829736723922,-0.40988046290937274,0.01813928235521166,-126.17571748937327,0.26615497541797994,-8.81742012213405
1785126566142487549,74.217914551,2.423836,-0.14566901526079734,0.006086438781579898,-116.64443127673523,-0.41105348274192244,0.020739659541788434,-125.48782504346381,0.26578869889234896,-8.843393766728573
1785126566175845215,74.251272217,2.304819,-0.14770595760257677,0.006037141891866396,-115.96228543504924,-0.4134195374148009,0.020261777283540117,-124.81913075757883,0.26609405620692334,-8.856845322529594
1785126566209202881,74.284629883,0.851889,-0.150022361610886,0.0057033909562855395,-115.3612300908781,-0.4158866057155494,0.020545846164871987,-124.15941263120337,0.2662782281185658,-8.798182540325275
1785126566242560303,74.317987305,1.03265,-0.15149342466619098,0.005830737720184137,-114.66603074585277,-0.41777164570790204,0.021381045931648652,-123.43606719179658,0.26673189364342964,-8.77003644594382
1785126566275917969,74.351344971,0.910387,-0.15325715303545234,0.005736069111445571,-113.95218521659923,-0.4197361924253997,0.022013732578628396,-122.73348130289065,0.26697573066130936,-8.781296086291423
1785126566309275635,74.384702637,1.087578,-0.154659019972241,0.006001244066474384,-113.22013193546765,-0.41729220345668383,0.018303802834535806,-122.1531545703442,0.26292117073262594,-8.933022634876558
1785126566342633301,74.418060303,1.012522,-0.15528914169462707,0.006194307740575361,-112.44377668982284,-0.4198583038063196,0.01996331779781698,-121.3178047756044,0.2649272110947448,-8.87402808578155
1785126566375990723,74.451417725,1.03545,-0.15517507758925642,0.0063613720122845385,-111.76405140724158,-0.4199626377826986,0.025319758767154935,-120.55428682958885,0.26546538844365947,-8.79023542234727
1785126566409348389,74.484775391,0.969215,-0.1541781964955704,0.006932593331344633,-111.15306329250338,-0.4183252269554871,0.02122911290575754,-120.03597650682939,0.26453363523894974,-8.882913214326003
1785126566442706055,74.518133057,1.162142,-0.15286752462025915,0.007650794501865524,-110.54231253821501,-0.41575699699807295,0.024588234075273437,-119.3891833938502,0.2634345299052274,-8.846870855635187
1785126566476063477,74.551490479,1.201521,-0.15188129539093215,0.0078036169056022175,-109.85043621782914,-0.4125438640433411,0.02566063997674541,-118.75309510046554,0.26127351180216324,-8.90265888263641
1785126566509421143,74.584848145,1.276907,-0.15065261830386506,0.008873442780065285,-109.04097327858646,-0.41597861115127754,0.027685321621653373,-117.82770856204317,0.26599204737363064,-8.786735283456698
1785126566542778809,74.618205811,1.066429,-0.14982626681021943,0.010652100714549431,-108.23654827944934,-0.4123802307120138,0.02960739868166419,-117.0436676431172,0.26323732121712307,-8.807119363667873
1785126566576136230,74.651563232,1.291297,-0.1484843679731097,0.012767115180494552,-107.46958100546843,-0.4154554739039705,0.0330012073135651,-116.17602730044727,0.26773679217917823,-8.706446294978848
1785126566609493896,74.684920898,1.268932,-0.14596062702796578,0.014462743027593483,-106.75939595661313,-0.41165988908443596,0.0358684023953888,-115.55005433898454,0.26656012475672897,-8.790658382371404
1785126566642851563,74.718278565,1.234646,-0.14553315290669747,0.016126875702901028,-106.06002513904609,-0.405486128248206,0.03456930579996939,-114.98872730644561,0.26060635567228246,-8.928702167399512
1785126566676209229,74.751636231,1.274746,-0.14589088836075592,0.014909924340328937,-105.35203559496712,-0.40809477182626397,0.04124951491856415,-114.14019679733168,0.26352352937873075,-8.788161202364567
1785126566709566650,74.784993652,1.374206,-0.14385669700490872,0.014338894203518762,-104.96717102727692,-0.41065370694535347,0.048936876830300416,-113.50290688746993,0.2690309738952094,-8.535735860193018
1785126566742924316,74.818351318,1.297958,-0.14352779214605094,0.013114719941643871,-104.95473060297782,-0.4092298809416259,0.047612362247857226,-113.4542201733778,0.26793224388829917,-8.499489570399998
1785126566776281982,74.851708984,1.435333,-0.14242126912620007,0.011757046920170204,-104.74672264550489,-0.40836088384459945,0.047374032253954576,-113.22232935723667,0.2683140852076866,-8.475606711731789
1785126566809639404,74.885066406,1.454685,-0.14090799673143573,0.010680638431718618,-104.43804120845921,-0.40461586584649134,0.04166166921228433,-113.02628007195274,0.26552149536606195,-8.588238863493528
1785126566842997070,74.918424072,1.415391,-0.13956552070064987,0.009260180132210055,-104.38582695455162,-0.40753168350315705,0.04241333539975564,-112.79434093593764,0.27000925189943725,-8.408513981386035
1785126566876354736,74.951781738,1.55372,-0.13752407613800233,0.007144343875513215,-104.47430003424603,-0.4072344353283882,0.039089109902690315,-112.86857003342878,0.2715955558015227,-8.39426999918275
1785126566909712158,74.98513916,1.547323,-0.13597492920316723,0.004262460436118186,-104.58281309093431,-0.4088213588762001,0.03971673086094726,-112.88806494684718,0.2751402905368063,-8.305251855912868
1785126566943069824,75.018496826,1.534017,-0.13491342018250682,0.0019124165680520153,-104.6149623803646,-0.4061375812803904,0.036076923940949926,-112.9764543682816,0.2733674434296877,-8.361491987916995
1785126566976427490,75.051854492,1.706201,-0.13400237183288832,-0.00020894743809094646,-104.62335968061987,-0.404853776970907,0.029958466987882834,-113.08445044993015,0.2725262493015812,-8.461090769310282
1785126567009784912,75.085211914,1.960398,-0.13339928370746706,-0.0023023613121233508,-104.65690092736901,-0.40425422348204104,0.027984117416489682,-113.15339819491271,0.27254296761073626,-8.496497267543702
1785126567043142334,75.118569336,1.666865,-0.13277969250577654,-0.004184199453850568,-104.66239004946968,-0.40379683860598503,0.027499175320700828,-113.16409351885794,0.27286284048475057,-8.501703469388266
1785126567076499756,75.151926758,1.622955,-0.13181157650221312,-0.005674790726276947,-104.64097621509836,-0.4050182679761652,0.027761801739034697,-113.11302078589092,0.27524516704537166,-8.472044570792555
1785126567109857178,75.18528418,1.722336,-0.13126474246345465,-0.006906994403936384,-104.64894440172974,-0.4041396822676648,0.02526482409009749,-113.1286474948982,0.2747649152973581,-8.479703093168474
1785126567143214600,75.218641602,1.724441,-0.13032386845282873,-0.007935576052123715,-104.64527763651905,-0.4045058203354073,0.022768153090384567,-113.07785179405417,0.2758957442973652,-8.43257415753511
1785126567176572021,75.251999023,1.85283,-0.12890101535255227,-0.008927535954466777,-104.62545398699231,-0.4001965822351247,0.019951998721750713,-113.18823877866546,0.2728283565417114,-8.562784791673154
1785126567209929443,75.285356445,1.82283,-0.12686324226852558,-0.01000063529145899,-104.56901247011699,-0.40079515051887604,0.01867908656319796,-113.10753133245555,0.2754291502425604,-8.538518862338558
1785126567243286865,75.318713867,1.832645,-0.12431471013059317,-0.011036056528063741,-104.45755125043708,-0.3976869755955967,0.016369488761342553,-113.00610584929603,0.27474253299785606,-8.548554598858955
1785126567276644287,75.352071289,1.885852,-0.12111822393728908,-0.012058603734571093,-104.28122859055294,-0.39083556046966045,0.01444198395717627,-112.93630413384233,0.27101609320135306,-8.655075543289374
1785126567310001709,75.385428711,1.943828,-0.11737508006963618,-0.013294763254003021,-103.9642629891287,-0.38346375254016907,0.009153449809287215,-112.78550745721522,0.267033900257749,-8.821244468086524
1785126567343359131,75.418786133,1.950544,-0.11338883152298329,-0.014616985828492059,-103.49538506381079,-0.3751169218944056,0.005911932291200586,-112.40915013255399,0.262531959518525,-8.913765068743194
1785126567376716553,75.452143555,1.929604,-0.1083397073096644,-0.016380840791895328,-102.94130020243061,-0.36990974989086967,0.005527830477156712,-111.82543624326117,0.2624859559151859,-8.884136040830562
1785126567410073975,75.485500977,2.022627,-0.1027718912917358,-0.01795853371835488,-102.33337478303056,-0.3636541317382937,0.0023989265424860353,-111.21917362517095,0.2616753132580285,-8.88579884214038
1785126567443431396,75.518858398,1.903457,-0.09651434724888114,-0.019346762933505565,-101.55023157204985,-0.3581328174767621,-0.00045164467146625376,-110.43021367388931,0.26229992271922825,-8.879982101839467
1785126567476788818,75.55221582,2.092563,-0.0899101558815476,-0.021184523627817056,-100.6660704216465,-0.3535214829950121,0.0001044356744436238,-109.49133605367271,0.26446956643571545,-8.825265632026216
1785126567510146240,75.585573242,1.952413,-0.08457404658009601,-0.022578883748462123,-99.8336124030314,-0.34544243185986084,-0.003945509575527702,-108.71867449092535,0.2615330133492528,-8.885062087893953
1785126567543503662,75.618930664,1.968904,-0.07942411562874933,-0.024422475308076723,-99.05961984326285,-0.34262139546230364,-0.005082367574758824,-107.81473203974274,0.2639068924429952,-8.755112196479898
1785126567576861084,75.652288086,9.903586,-0.07396710472241383,-0.02613307606030303,-98.46085447480039,-0.3349976602413912,-0.003631259212221545,-107.04626538586069,0.2619986310575124,-8.585410911060315
1785126567610218506,75.685645508,1.222248,-0.06757614052639123,-0.028149121604266206,-97.45623056498147,-0.32672829706583584,0.0011925052134513694,-106.19499561666589,0.26080792032328126,-8.738765051684426
1785126567643575928,75.71900293,0.3701,-0.06219037639782331,-0.02921556482457805,-96.8029843391167,-0.32118483009155735,0.0006050624852459714,-105.33271613228014,0.2607055750406331,-8.529731793163428
1785126567676933350,75.752360352,2.192463,-0.05648285890106406,-0.029932127788621938,-96.14609959537546,-0.30851991783780314,-0.0077836222074065264,-104.77300729623208,0.2530083701717443,-8.626907700856629
1785126567710290771,75.785717773,2.226596,-0.04784379400277459,-0.03151310804936618,-95.49856302605617,-0.2973952698393274,-0.012320262374426677,-104.15320284772906,0.2502884424365289,-8.654639821672886
1785126567743648193,75.819075195,2.281234,-0.038302974541293784,-0.03382631346687462,-94.93852907324738,-0.28547747091358955,-0.014203241383088386,-103.65132443903755,0.24795220631182843,-8.712795365790175
1785126567777005615,75.852432617,2.363767,-0.028646950694402616,-0.03425487432641282,-94.34254701297225,-0.2957796605678462,-0.020929614361279977,-102.41900072671795,0.26746485234039213,-8.076453713745707
1785126567810363037,75.885790039,2.253181,-0.02161479603230232,-0.03609866904258921,-93.96410073782246,-0.276892338429678,-0.037959099425345526,-102.66380299814581,0.2552843215978079,-8.699702260323347
1785126567843720459,75.919147461,2.266334,-0.012645686272467824,-0.03752613600981354,-93.46921533915142,-0.2725451040895987,-0.03485456637086212,-102.00192172272409,0.25991314831308426,-8.532706383572672
1785126567877077881,75.952504883,2.372232,-0.006691785029449513,-0.03755142394802308,-92.81187218835139,-0.26812461798036485,-0.035079426533500394,-101.19349701376812,0.2614445197665436,-8.381624825416747
1785126567910435303,75.985862305,2.403267,-0.0009994623177048342,-0.03995642790933833,-92.31911898569719,-0.25992361199657127,-0.0371694450038429,-100.67887175723571,0.25893914837397525,-8.359752771538522
1785126567943792725,76.019219727,2.480078,0.007415758822482035,-0.042772110517729646,-91.81794658171337,-0.24905146202248313,-0.04076150716366794,-100.28755400822529,0.256475101898386,-8.469607426511917
1785126567977150146,76.052577148,0.913533,0.01621154079309932,-0.04522039052754141,-91.26810313127184,-0.24167537379760604,-0.04586052729886982,-99.77528182221883,0.2578877090754807,-8.507178690946972
1785126568010507568,76.08593457,0.832907,0.024295959064621345,-0.04675706275046439,-90.81567416255659,-0.23476722426035943,-0.0471962111332563,-99.27662719541158,0.2590635555337236,-8.460953032854988
1785126568043864990,76.119291992,7.006716,0.031021669154126977,-0.04712367767959394,-90.46493463151036,-0.2246566863813193,-0.049412481278024875,-98.89363962556615,0.25568859988513815,-8.428704994055801
1785126568077222412,76.152649414,0.886471,0.03685314895973655,-0.047484497201067545,-89.81173873264079,-0.21716666816630664,-0.048163526536733524,-98.3156950652592,0.25402072469305953,-8.503956332618426
1785126568110579834,76.186006836,0.76293,0.04308970006647029,-0.048515928976300506,-89.48586626026079,-0.2103429111522702,-0.04980578188110838,-97.90159165970334,0.2534358935700808,-8.415725399442557
1785126568143937256,76.219364258,0.702332,0.047925361531167755,-0.049343088252650984,-89.34929471275454,-0.20359979184816157,-0.04452983754415106,-97.69357096115674,0.2515712029721964,-8.3442762484022
1785126568177294678,76.25272168,0.71755,0.05327808187845828,-0.05056236102121565,-89.25053052409594,-0.19868797072615937,-0.04659965310128865,-97.52584374787051,0.251997211729042,-8.275313223774576
1785126568210652100,76.286079102,2.646099,0.057812291111297,-0.05134816606817279,-89.16597189437552,-0.1933538688715549,-0.050122584404810905,-97.38543260645275,0.2511691501178939,-8.219460712077238
1785126568244009521,76.319436523,2.655437,0.06410960708980439,-0.05260177904736135,-89.03908384858894,-0.18660878965053815,-0.051185967916381955,-97.23525355997991,0.25072239426346904,-8.196169711390967
1785126568277366943,76.352793945,2.733678,0.06982413896888331,-0.05408047160703449,-89.01615900766082,-0.18205603233262121,-0.05453331319639236,-97.1351269724125,0.2518805783707436,-8.118967964751663
1785126568310724365,76.386151367,9.408008,0.07445676524980203,-0.05535458868975249,-89.07929160016288,-0.17700171186948546,-0.05718231748304692,-97.17288764147541,0.251465119465291,-8.093596041312544
1785126568344081787,76.419508789,2.856067,0.08046173028218359,-0.057304839057515156,-89.17172786476057,-0.17207488091696463,-0.061373070113095354,-97.2470065400484,0.252569377597268,-8.075278675287837
1785126568377439209,76.452866211,2.729507,0.08505655998696823,-0.0591327893338014,-89.17858186990316,-0.16695870899287518,-0.06460802479505998,-97.28095589805737,0.25207473892149335,-8.102374028154221
1785126568410796631,76.486223633,0.185621,0.08918599957744688,-0.06129358375956849,-89.11173788415826,-0.16592231654430545,-0.0676385962048317,-97.157322231113,0.2551872099800585,-8.04558434695474
1785126568444154053,76.519581055,2.869301,0.0923147953322733,-0.06297007246144973,-89.08034601393346,-0.16211377424913018,-0.07107338746920669,-97.17928997978309,0.25455757842451676,-8.098943965849623
1785126568477511475,76.552938477,2.874586,0.0951905765000732,-0.0647873069192744,-89.04221560682923,-0.159382606819369,-0.07213812914965609,-97.13192409419959,0.2546792890143543,-8.089708487370348
1785126568510868896,76.586295898,2.87248,0.09686362295524314,-0.06623621065664526,-88.91424372751739,-0.15732059721837144,-0.07599976653851037,-97.04580979796907,0.25437166667836036,-8.131566070451678
1785126568544226318,76.61965332,2.829366,0.09874569452226223,-0.06813349784890445,-88.72115429452792,-0.1551787689537884,-0.07774653721323192,-96.92418405647363,0.2541063629219471,-8.203029761945704
1785126568577583740,76.653010742,0.414517,0.09989545180330457,-0.06992346407250907,-88.45746284143449,-0.15519793581950203,-0.07956252652619132,-96.68762238225543,0.25527543542978326,-8.230159540820933
1785126568610941162,76.686368164,0.357733,0.10019051638940818,-0.07130765820760257,-88.06352443739198,-0.15275989836946713,-0.0811553860599622,-96.44324121455693,0.2531420353685677,-8.37971677716496
1785126568644298584,76.719725586,0.294274,0.09983173098895329,-0.07237510942928653,-87.55173842014364,-0.15321462884083126,-0.08380867085158222,-95.9857014687214,0.2533045332201976,-8.433963048577763
1785126568677656006,76.753083008,0.398184,0.09957311132486613,-0.07322478220860139,-86.94242642179415,-0.15049802017955605,-0.08577740044895656,-95.52205681221449,0.2503859801118867,-8.579630390420327
1785126568711013428,76.78644043,0.387892,0.09864945059886387,-0.07372478911741784,-86.1348067230291,-0.14994797990359493,-0.08434766706709192,-94.79201739750826,0.24882429139527054,-8.657210674479158
1785126568744370850,76.819797852,0.21619,0.09814113454674127,-0.07407674102176093,-85.23138851038534,-0.15266929872790944,-0.08473059228311663,-93.86736013440763,0.2510366068646505,-8.635971624022279
1785126568777728271,76.853155273,0.170852,0.09770120780735528,-0.07451383231551253,-84.28865480147846,-0.14860220962174697,-0.08391026953259732,-93.04679088267066,0.24648258857296432,-8.758136081192193
1785126568811085449,76.886512451,0.239243,0.09768594772606475,-0.07461484841888348,-83.21329059873588,-0.14929547397602597,-0.08471154691762955,-91.9396718831776,0.24718771406880347,-8.72638128444172
1785126568844442871,76.919869873,0.155041,0.09777388922494577,-0.07447735061607977,-81.93240778968573,-0.14969336476735184,-0.08608426415276157,-90.72756141044856,0.24773930297862784,-8.795153620762834
1785126568877800293,76.953227295,0.268011,0.0980754692125225,-0.07438309602059248,-80.65516350910494,-0.14653535789688685,-0.08477517338894697,-89.52609028377458,0.24483147675733857,-8.87092677466963
1785126568911157715,76.986584717,0.26511,0.09764937071939911,-0.0744467812242554,-79.27848557544947,-0.1455480346931083,-0.08415620635522691,-88.17994105433985,0.24339114802257997,-8.901455478890377
1785126568944515137,77.019942139,0.071236,0.0977874686331505,-0.07444664496732767,-77.81924032574724,-0.14296234553497608,-0.0824709679059572,-86.82069037382146,0.24088350458387742,-9.00145004807422
1785126568977872559,77.053299561,0.003485,0.09789504301393158,-0.07436448669392265,-76.38175914244835,-0.14724987630536,-0.08345705712116074,-85.12880973990382,0.24531348577898496,-8.747050597455472
1785126569011229980,77.086656982,0.027764,0.09866424174269525,-0.07428601016611447,-74.87230766251427,-0.14449013125143648,-0.08250547469153095,-83.73998612531331,0.24329325659223258,-8.86767846279904
1785126569044587646,77.120014648,0.014005,0.09989816295541992,-0.07405881827103587,-73.29274083476969,-0.1455718037745451,-0.07957223389975132,-82.1771960378623,0.2455318763792292,-8.884455203092617
1785126569077945313,77.153372315,0.016704,0.09967546446665873,-0.07614916290714964,-72.00859342781769,-0.1400477502461345,-0.0812006538766646,-80.9011136417093,0.23977643177187172,-8.892520213891611
1785126569111302979,77.186729981,0.154288,0.10072234186053804,-0.07567252386331863,-71.49316191134066,-0.13148242721684142,-0.07830868972596892,-80.64124184882975,0.2322197324792502,-9.14807993748908
1785126569144660400,77.220087402,0.105928,0.10209825545889585,-0.07450938180945862,-71.49741789148204,-0.12910915741727377,-0.07731783978860758,-80.65580486546729,0.23122446930442336,-9.158386973985252
1785126569178018066,77.253445068,0.089046,0.10375763274414918,-0.07421882477205946,-71.43054800396071,-0.12638467759487224,-0.07682180115213413,-80.61449601939717,0.23015703007776597,-9.183948015436455
1785126569211375732,77.286802734,0.202579,0.1052714226251034,-0.0738167809228176,-71.2500210300518,-0.12495704571675044,-0.07574718171929984,-80.4424081222208,0.23023656113282934,-9.192387092169001
1785126569244733154,77.320160156,0.209056,0.10673539845579338,-0.07349396386944627,-71.13978919328466,-0.12376969691499379,-0.07568856599617993,-80.32076656712609,0.2305155423618771,-9.180977373841428
1785126569278090820,77.353517822,0.186214,0.10854307321516624,-0.07302037378567475,-71.12244913610692,-0.12261877228620983,-0.07638445561065832,-80.26398819325546,0.23118632282669158,-9.141539057148533
1785126569311448242,77.386875244,0.308563,0.1106592755784506,-0.07261174958551336,-71.08794067946718,-0.12203203373976756,-0.0751433413787565,-80.20370619873114,0.23270508028239156,-9.115765519263963
1785126569344805908,77.42023291,0.212049,0.11299350119628154,-0.0723549428757538,-71.07863500368843,-0.11912090235599071,-0.07387153580448412,-80.19753579988553,0.23211935806937467,-9.118900796197103
1785126569378163574,77.453590576,0.269792,0.11490795435344459,-0.07146304530104708,-71.04221453694818,-0.11452571038831925,-0.07312779933461869,-80.16128497078246,0.2294397043295436,-9.119070433834278
1785126569411520996,77.486947998,0.297012,0.11781418158249753,-0.07048468753954129,-70.83484089379404,-0.1095851710358111,-0.07130498861660309,-79.96330253019663,0.22740083215565174,-9.128461636402594
1785126569444878662,77.520305664,0.30874,0.1232478426129685,-0.06971435297719444,-70.72035983739515,-0.1043252303884687,-0.07066873274448796,-79.77024854777575,0.22757507419763195,-9.049888710380602
1785126569478236328,77.55366333,0.233923,0.1307236121614543,-0.06849233088534608,-70.77730084618702,-0.10001592637236038,-0.06852015322168632,-79.69945037632964,0.23073954021120904,-8.922149530142619
1785126569511593750,77.587020752,0.42589,0.13787919022828285,-0.06750417987320573,-70.80859525965025,-0.09022965309858541,-0.07507268435768052,-79.67453492387689,0.22823436784159665,-8.865939664226651
1785126569544951416,77.620378418,0.450016,0.1455768999667536,-0.06661187140844424,-70.94787104843098,-0.08328679610948686,-0.07815412819578,-79.76765205825583,0.22915456590132033,-8.819781009824847
1785126569578309082,77.653736084,0.488924,0.15325371145931738,-0.06575291395570207,-71.01557320336846,-0.07709891191715428,-0.07938811253660898,-79.89016181955594,0.2307558227580907,-8.874588616187491
1785126569611666504,77.687093506,0.459638,0.1582744796353993,-0.06460059036655799,-70.859351150688,-0.06582267281784632,-0.07924245554544398,-79.90254560358403,0.22457497178797528,-9.043194452896032
1785126569645024170,77.720451172,0.479711,0.16378003870319133,-0.06462808244457915,-70.78490108778438,-0.05836102434316852,-0.07950581925675423,-79.81851800134874,0.22263871842969984,-9.033616913564357
1785126569678381592,77.753808594,2.815193,0.17030824175047266,-0.06510765590649445,-70.61238677561622,-0.051244711730294164,-0.07891460787416585,-79.67945005941107,0.22198275410195362,-9.06706328379485
1785126569745096924,77.820523926,2.971504,0.18527362962751123,-0.06329819858503341,-70.35466608492517,-0.03571121368304202,-0.08406023954014598,-79.42565908803925,0.22195802152121363,-9.070993003114072
1785126569778454346,77.853881348,2.785974,0.19308772901888732,-0.062314130529342315,-70.3170346594937,-0.02873141003788812,-0.08597846172158016,-79.43626246243387,0.22307785865626603,-9.119227802940166
1785126569811812012,77.887239014,2.709873,0.19977063292453903,-0.060848678361600156,-70.23780467466132,-0.01715148514199113,-0.0808334409722362,-79.58114921986359,0.21784075845229958,-9.34334454520227
1785126569845169678,77.92059668,2.686224,0.20482171990981365,-0.05957465500821227,-69.95632690775383,-0.01088277774531546,-0.07853768618697889,-79.25306930684702,0.21653643310107995,-9.296742399093189
1785126569878527100,77.953954102,2.833765,0.212900403360718,-0.057956426976476016,-69.78628406825943,-0.005762286851733087,-0.07922802329089777,-78.96810851605767,0.21969490868181282,-9.181824447798233
1785126569911884766,77.987311768,2.556915,0.21857054890183159,-0.056464483223031006,-69.80875804933767,-0.0008061428720647881,-0.0747129663826697,-78.94863670672136,0.22013436812839277,-9.139878657383687
1785126569945242188,78.02066919,2.580002,0.2237210405178442,-0.05506748876541388,-69.88630952323457,0.007037166908857421,-0.07268298999617319,-78.97204040497647,0.21739872806851065,-9.085730881741885
1785126569978599854,78.054026856,2.613334,0.23103572680669235,-0.05302796430758516,-70.0567135919701,0.015107738810105437,-0.07149675901145161,-79.08995893262015,0.21671638696247164,-9.033245340650057
1785126570011957520,78.087384522,0.836867,0.23879784051711972,-0.05164888714718638,-70.18367626061536,0.023473396341322523,-0.07077508917031376,-79.16684040508999,0.21617221806570214,-8.983164144474628
1785126570045314941,78.120741943,0.844297,0.24844527383012507,-0.0502116873431437,-70.24855076915338,0.032862602808884464,-0.07075517216735538,-79.1409752832504,0.21655928244565062,-8.892424514097021
1785126570078672607,78.154099609,0.870092,0.2565867580477865,-0.0483513268818188,-70.3243377278172,0.04554238430941213,-0.07119195467768721,-79.20254006138924,0.21227675794757195,-8.878202333572055
1785126570112030029,78.187457031,0.845813,0.2661590338567849,-0.04641497068091405,-70.68873018466968,0.05390232127008988,-0.07547033028803558,-79.42532209069917,0.21423614531635415,-8.736591906029496
1785126570145387695,78.220814697,0.81248,0.2775692185395613,-0.04393397367822276,-70.98735262633036,0.06330901525570577,-0.0738177373800485,-79.79183648238438,0.21633417216016904,-8.804483856054018
1785126570178745117,78.254172119,0.963678,0.28747666183892157,-0.04225035314896089,-70.92973514911198,0.0752111691848151,-0.07589644881184834,-79.89274607033767,0.214915562780006,-8.963010921225688
1785126570212102783,78.287529785,1.003778,0.29373080952788977,-0.040160742434268426,-70.80817004362308,0.08574446351220781,-0.07628097421745123,-79.788376819321,0.21109948193452732,-8.980206775697926
1785126570245460449,78.320887451,1.03911,0.3022991869510956,-0.040161540044539284,-70.76836012909176,0.09648734287537294,-0.07556316826796755,-79.78781846519975,0.2088343612596342,-9.019458336107984
1785126570278817871,78.354244873,0.971677,0.3112135287765523,-0.03914591653293156,-70.72070100795597,0.10567088568579279,-0.07523538292566233,-79.73305513794399,0.20868691313363993,-9.012354129988015
1785126570312175537,78.387602539,1.117397,0.3203887833931162,-0.03779136681716558,-70.60304578241096,0.11642001929280531,-0.07595489353278116,-79.69812923994732,0.20750834079617567,-9.095083457536356
1785126570345532959,78.420959961,1.058786,0.3251384489576006,-0.03706941676487632,-70.43465461753338,0.12671461150004487,-0.06680279257409366,-79.70964604295311,0.20063921079488584,-9.274991425419735
1785126570378890625,78.454317627,1.143232,0.33157085393222596,-0.03587663250954576,-69.99901628379811,0.13324464712293435,-0.06972060038633635,-79.04964135326632,0.20119318693486402,-9.050625069468213
1785126570412248047,78.487675049,1.06364,0.33706757307896645,-0.03399681639450203,-69.7726621721101,0.13758969427857154,-0.07209944089574742,-78.80845462109123,0.20308430299899582,-9.035792448981116
1785126570445605713,78.521032715,1.128059,0.3385443816636009,-0.03388957150927585,-69.66227560867415,0.14280698177993884,-0.06757603528993643,-78.72291137001609,0.1986149731396462,-9.060635761341931
1785126570478963379,78.554390381,2.145144,0.3423109738476961,-0.03434026890470507,-69.63663253579465,0.14481686650893208,-0.06927150644508959,-78.664378822864,0.20055950186824362,-9.02774628706935
1785126570512320801,78.587747803,2.120308,0.34343920736690126,-0.03513942842978843,-69.56851998924478,0.14703438320906445,-0.06815105646001691,-78.62851984378722,0.19915979146825036,-9.059999854542442
1785126570545678467,78.621105469,2.140051,0.34418390288227235,-0.035774582465139204,-69.41788285698674,0.1485441328725962,-0.07130943666757818,-78.47123307711861,0.19884075405365864,-9.053350220131874
1785126570579035889,78.654462891,2.021994,0.34505583915874394,-0.0363521780470894,-69.18074019219682,0.14947806949781547,-0.07245031215345044,-78.24910938911493,0.19888121900145328,-9.06836919691811
1785126570612393555,78.687820557,2.024094,0.3460523626281513,-0.036994698341994425,-68.89803270765708,0.15079616568691495,-0.07230831875020567,-78.00151179064437,0.19842387515188314,-9.103479082987297
1785126570645750977,78.721177979,2.092718,0.34758660578288314,-0.036908345232903955,-68.64866091769495,0.14940881896449024,-0.06986086388574599,-77.71671082318592,0.20089873985120535,-9.06804990549097
1785126570679108643,78.754535645,2.007795,0.3486260488363363,-0.03694250718322864,-68.37780613013402,0.1514885626290909,-0.0733932823058285,-77.44533418285474,0.200479044977649,-9.067528052720714
1785126570712466064,78.787893066,1.997504,0.3499489845568368,-0.036904081709784126,-68.15001910888151,0.15244050617684865,-0.07451883937330359,-77.20269817017574,0.2010583721859489,-9.05267906129423
1785126570745823730,78.821250732,2.135503,0.35142735335028835,-0.0367437936005629,-67.93517477479494,0.1545819717284345,-0.07400192215484176,-77.00413127331966,0.2003403913573607,-9.06895649852471
1785126570779181152,78.854608154,1.910395,0.3525774573947017,-0.036715362731802786,-67.66001810398201,0.15592329691439671,-0.07386457259423077,-76.7700592061654,0.2001322628353966,-9.110041102183388
1785126570812538818,78.88796582,2.025267,0.35322046890071934,-0.03675099142529428,-67.39436213776233,0.1565097556154635,-0.0738077132323591,-76.51534577758594,0.20017069054254752,-9.120983639823597
1785126570845896240,78.921323242,1.900773,0.3535780380511111,-0.03688046919970378,-67.12854522216908,0.15631706247630708,-0.07277507260191539,-76.25823294653799,0.2005001621897735,-9.129687724368912
1785126570879253906,78.954680908,1.9198,0.3538779365768063,-0.03690191179435248,-66.89679856057462,0.15615087123148794,-0.0736748107493599,-76.00368950234177,0.20111747429705598,-9.106890941767137
1785126570912611328,78.98803833,1.739516,0.3541679092164977,-0.03689849180760063,-66.74907852358842,0.1559568173337121,-0.07380976504347748,-75.82542430216546,0.2016186475434741,-9.076345778577034
1785126570945968994,79.021395996,1.779286,0.354510627465468,-0.03690157083956033,-66.61213688231494,0.15652673606454473,-0.07451080178458637,-75.69837197033458,0.2015243794346701,-9.086235088019642
1785126570979326416,79.054753418,1.741814,0.3549074247247683,-0.036993321424075326,-66.49670619749524,0.15664773055681558,-0.07332574733865531,-75.59331044832649,0.20156128473595464,-9.09660425083124
1785126571012684082,79.088111084,1.699091,0.35524201011663975,-0.0370836541818888,-66.33889011386921,0.15850073789033037,-0.07367955742775728,-75.50499132072727,0.20011593722541876,-9.166101206858064
1785126571046041504,79.121468506,1.585564,0.3555603232230429,-0.037225533692323814,-66.11293912684093,0.1569239471294859,-0.0724377817874757,-75.23386431702676,0.20173327024438864,-9.120925190185833
1785126571079399170,79.154826172,1.626765,0.3559592534031501,-0.03741387388363249,-65.88048363296693,0.15670938816390578,-0.07290047124176266,-74.98594733994098,0.20238529440133507,-9.105463706974042
1785126571112756592,79.188183594,1.146561,0.35634627319464535,-0.037574999955458516,-65.66660327744228,0.15681753860126993,-0.0728335500257455,-74.77841191563694,0.20262004165800723,-9.111808638194649
1785126571146114258,79.22154126,1.709751,0.35675284404896174,-0.037749274955844486,-65.3756390411561,0.15767243931061056,-0.07321611745803204,-74.51676160613792,0.20221499565526957,-9.141122564981814
1785126571179471680,79.254898682,1.554636,0.35727955351433904,-0.03799481653232609,-65.08054612301359,0.15746320006604037,-0.07357041060018324,-74.22850215750829,0.20295861154101438,-9.147956034494692
1785126571212829346,79.288256348,1.554352,0.35768829002729075,-0.038244362502905666,-64.7988504525912,0.1576422134374315,-0.07402622903992606,-73.95041520848918,0.20322099973149665,-9.15156475589797
1785126571246187012,79.321614014,1.437243,0.3581902040263508,-0.03841353095494229,-64.55081741187585,0.15842603053180174,-0.07431270680902419,-73.7057899032204,0.20296422305165657,-9.15497249134455
1785126571279544434,79.354971436,1.555458,0.3588005511515774,-0.03852229492459333,-64.29251087036458,0.16099780561946908,-0.07406379312094542,-73.51981072254183,0.20097045612248904,-9.227299852177243
1785126571312902100,79.388329102,1.455753,0.35922634185777524,-0.03864574461958062,-64.0089875787963,0.1597691867058139,-0.0748301448845067,-73.19392323814455,0.20271277109211933,-9.184935659348259
1785126571346259521,79.421686523,1.477172,0.3597744770121091,-0.03877480790523283,-63.75982805290495,0.1604890026831904,-0.07540715402232863,-72.94671422653434,0.2026243545592306,-9.186886173629397
1785126571379617188,79.45504419,1.377466,0.36028733084017206,-0.038863647115044336,-63.49618387406724,0.15906080165668565,-0.07522436097784987,-72.65889620154584,0.20448525022564665,-9.1627123274786
1785126571412974609,79.488401611,1.335465,0.3608249691448284,-0.038871879167788115,-63.208492932285246,0.16029645501159687,-0.07405796060713651,-72.42679590705062,0.20359210521908286,-9.21830297476537
1785126571446332275,79.521759277,7.628239,0.3615472946478857,-0.03893642339551745,-62.897685004357626,0.161009818759317,-0.07503243324056437,-72.15726425534432,0.2037601559738606,-9.25957925098669
1785126571479689697,79.555116699,1.516577,0.36204907489368676,-0.0389377229343891,-62.676599594208774,0.16241065003021843,-0.07394185105904874,-71.95473339068236,0.20268396499904545,-9.278133796473591
1785126571513047363,79.588474365,1.301955,0.36264843435700966,-0.038951505020433874,-62.41232089793197,0.1618702454601332,-0.07415621980261276,-71.66899947534107,0.20384124479507176,-9.256678577409096
1785126571546404785,79.621831787,1.297623,0.3631374333409857,-0.038985744937020506,-62.176292867017,0.16281014944379107,-0.07593067282591565,-71.4115947025974,0.20370554329802337,-9.235301835580396
1785126571579762207,79.655189209,1.271595,0.36360310489978875,-0.03900750623871918,-61.901136090716996,0.16326373110247208,-0.07422014685647824,-71.17729744314673,0.20341040964703952,-9.276161352429726
1785126571613119873,79.688546875,1.332108,0.36405329640942885,-0.03906166668724875,-61.63472648198546,0.16254521564365074,-0.07627044416503276,-70.86047825933882,0.2049146157190809,-9.225751777353356
1785126571646477295,79.721904297,1.438402,0.36451100564030825,-0.03919072667926715,-61.39440127662879,0.1640884693111464,-0.07493403664575089,-70.66855142387054,0.20358481592686214,-9.27415014724175
1785126571679834961,79.755261963,1.162983,0.36499728565436573,-0.039374574790621675,-61.102484197570426,0.16417910456449916,-0.07527983315263766,-70.3753045612407,0.2040027682025064,-9.272820363670272
1785126571713192383,79.788619385,1.171288,0.3655435501938037,-0.03957248641109529,-60.822990873992595,0.16467959491504816,-0.07570122094350111,-70.09356457689793,0.20408727052204642,-9.27057370290533
1785126571746550049,79.821977051,1.131188,0.36601202323914356,-0.03973100740932209,-60.58703757217565,0.16534238197227683,-0.07530805892635778,-69.85410797420398,0.20379899784056543,-9.267070402028335
1785126571779907471,79.855334473,1.084656,0.3664943354883357,-0.03995025682911724,-60.33027888804855,0.16661474040761645,-0.07561434813061978,-69.65784249353834,0.2030364005246207,-9.32756360548979
1785126571813265137,79.888692139,1.070305,0.36685568170390453,-0.040111813777698735,-60.096249222781246,0.166883723533102,-0.07586180347197893,-69.4064785950915,0.2031424274193019,-9.310229372310257
1785126571846622559,79.922049561,1.00017,0.3672703795643678,-0.040165042921647326,-59.86706170135165,0.16679138549408948,-0.07682641448960979,-69.15127649087795,0.2038035407657946,-9.284214789526294
1785126571879980225,79.955407227,1.029688,0.3677341384430684,-0.04025179131589665,-59.631355777676596,0.167743869186223,-0.07454703380570447,-68.97006485013546,0.2029095154369559,-9.338709072458864
1785126571913337646,79.988764648,2.289138,0.3679950294673611,-0.040335455046230095,-59.4514304567085,0.16810593964929704,-0.0755898323850614,-68.77340603355279,0.2029741839491978,-9.321975576844293
1785126571946695068,80.02212207,2.461793,0.3684179401737846,-0.040457375403667895,-59.214435947613644,0.1668132718807444,-0.07683470856326918,-68.46550641045567,0.2048603247223615,-9.251070462842032
1785126571980052734,80.055479736,2.475429,0.36871642547093714,-0.04050728368363429,-59.00153805306381,0.16751419972353432,-0.07786551736260935,-68.25411408698294,0.2046410840210776,-9.252576033919132
1785126572013410156,80.088837158,2.376525,0.3690933637716011,-0.04067569432171031,-58.77416512855473,0.16789328281308152,-0.07447557730410591,-68.08205698429123,0.20401937326474287,-9.307891855736495
1785126572046767822,80.122194824,2.48672,0.3692064831199716,-0.0407838824976226,-58.51009223498689,0.16853346014061654,-0.07481627331134003,-67.83749022296048,0.20353836438413858,-9.327397987973594
1785126572080125244,80.155552246,2.471979,0.3695180816222752,-0.04089136922376163,-58.31669188193567,0.16983958654446016,-0.07714099850369353,-67.62744807975895,0.20294220117923598,-9.310756197823281
1785126572113482910,80.188909912,2.541881,0.3698426409741942,-0.041007462967142,-58.131738606599704,0.170076538397623,-0.07455543162617052,-67.48034433236079,0.2025634763223132,-9.348605725761088
1785126572146840576,80.222267578,2.424625,0.3701349268937856,-0.04104037416596462,-57.9229502878607,0.16961389658839449,-0.07489371325814081,-67.27591787632267,0.20335862942699393,-9.352967588461958
1785126572180197998,80.255625,2.544113,0.37046638866700193,-0.04106741603405603,-57.736057644661884,0.17170753508823716,-0.07584424279197345,-67.13123670877322,0.20177836741161093,-9.395179064111327
1785126572213555664,80.288982666,2.621406,0.3707402396875666,-0.04109844025374615,-57.52995639550819,0.17101565904252825,-0.07848194746195428,-66.88016637874966,0.20319309713920541,-9.350209983241486
1785126572246913086,80.322340088,2.627645,0.3711503607709494,-0.04114550498702066,-57.350280892165685,0.17209907323695278,-0.07715645164180807,-66.72952967445084,0.20228248403634885,-9.379248782285163
1785126572280270752,80.355697754,2.665123,0.37159981639556117,-0.04134875017128578,-57.18442254891165,0.17190762376344748,-0.07639617497179996,-66.57116804462565,0.2027444050605809,-9.386745495714006
1785126572313628174,80.389055176,2.756716,0.37192293742864857,-0.041351588632154435,-56.992838139330374,0.17244117591294794,-0.07765789765412637,-66.3880878272115,0.20275877601772452,-9.395249687881135
1785126572346985840,80.422412842,0.499083,0.3722677781959955,-0.04141136759851535,-56.81213170160657,0.17080881448970195,-0.07718504377948185,-66.19069337281537,0.20461053239047677,-9.378561671208814
1785126572380343262,80.455770264,0.622782,0.37253797121949633,-0.04153587179137749,-56.637380339741235,0.17375198510858245,-0.07758894674365006,-66.08987887994346,0.20202893972795738,-9.452498540202216
1785126572413700928,80.48912793,0.577913,0.37281147256258285,-0.041653418750340815,-56.43292571377273,0.17497749487464853,-0.07489525499318038,-65.94964122695491,0.2006073338754739,-9.516715513182186
1785126572447058350,80.522485352,0.495142,0.3730405482195907,-0.041771514731603815,-56.27358906450562,0.17323226500358732,-0.07797994749745125,-65.70238401476728,0.20306255352744265,-9.42879495026165
1785126572480416016,80.555843018,2.27346,0.37336999835205265,-0.041904057461074784,-56.10113058736748,0.17459909651864225,-0.07492710661471975,-65.58299736498753,0.20149539248099774,-9.481866777620048
1785126572513773438,80.58920044,0.493149,0.373713785057083,-0.04219754241085544,-55.897432537242956,0.17482778525590442,-0.07496178653849966,-65.4062799425321,0.2015667051131468,-9.508847405289142
1785126572547131104,80.622558106,0.436359,0.37397237465389827,-0.0423409562568223,-55.73944861086449,0.17490848128653064,-0.07595823075411716,-65.23283510838526,0.20188252719639008,-9.49338649752076
1785126572580488525,80.655915527,0.440135,0.37429965116979363,-0.04262641904863734,-55.54346034379931,0.17583223068860382,-0.07560534990835485,-65.06163385235696,0.2011887841633013,-9.518173508557648
1785126572613846191,80.689273193,0.291316,0.37455604853962754,-0.04286308585233406,-55.34057997810614,0.17510490246813107,-0.07712870867500929,-64.83632996788114,0.20237315181777266,-9.495749989774996
1785126572647203613,80.722630615,0.378775,0.37471455390198,-0.043182816345576996,-55.17053866911758,0.17606209534730138,-0.07492056494061736,-64.71255783305247,0.20117177728424107,-9.542019163934897
1785126572680561279,80.755988281,0.400664,0.3748654945864551,-0.04348904483727467,-54.97060077485858,0.17475278500466973,-0.07753336841891079,-64.44040096880684,0.20298796147627846,-9.46980019394826
1785126572713918701,80.789345703,3.026643,0.37494636240532986,-0.04378400174682623,-54.78256098918148,0.17537990728148894,-0.07740836791217265,-64.26180629959725,0.2023792677393544,-9.479245310415775
1785126572747276367,80.822703369,3.068889,0.3750614421659524,-0.04408375262833786,-54.550249991688624,0.17567533790126172,-0.07628800430575297,-64.07274054720376,0.2019701274940242,-9.522490555515137
1785126572780633789,80.856060791,3.042226,0.3751767357733758,-0.04438489012261751,-54.336995797291124,0.17619333660228811,-0.07660225996007074,-63.86809256796279,0.2015746811108073,-9.531096770671668
1785126572813991455,80.889418457,3.092817,0.3753301227827591,-0.044743526165978736,-54.09892453000149,0.17449617617145582,-0.0778486084277784,-63.57459951636647,0.20354414897764156,-9.47567498636498
1785126572847348877,80.922775879,0.176577,0.37561900597237463,-0.04513071600637528,-53.834058808577836,0.17607810762915907,-0.07786255275333427,-63.37773299992851,0.202207673564697,-9.543674191350673
1785126572880706543,80.956133545,0.220162,0.3759555541630915,-0.04539239187351107,-53.57883996168217,0.17597308587992727,-0.07738891323978998,-63.12424670784051,0.20252596129921105,-9.545406746158339
1785126572914063965,80.989490967,1.568256,0.37635297370474746,-0.04562466447546312,-53.32305558694929,0.1772994781148475,-0.07689510681264622,-62.8850415657531,0.20149475097510955,-9.56198597880381
1785126572947421387,81.022848389,3.174761,0.37684125732229956,-0.04582767194353146,-52.988714396928344,0.1769373369132615,-0.07978104439054372,-62.51340612088749,0.20276688313289368,-9.524691723959148
1785126572980779053,81.056206055,3.251816,0.37737477347347875,-0.04606880479411812,-52.66386009128712,0.1783809127247108,-0.0770453244486136,-62.23378760376488,0.20139042029253873,-9.569927512477763
1785126573014136475,81.089563477,0.46056,0.3779774597189965,-0.04616632124045353,-52.30619042643168,0.1779088371557345,-0.07666427092342475,-61.849048893956834,0.20237978819345084,-9.542858467525159
1785126573047494141,81.122921143,0.075945,0.37842809300138097,-0.046392765087598764,-51.84031908046626,0.17872169444557007,-0.07590832004822608,-61.44910446080632,0.2018757380389387,-9.60878538034006
1785126573114208984,81.189635986,0.152636,0.37933458497493633,-0.046929873546055795,-50.8895675891723,0.1812815097954767,-0.07658442088931001,-60.57065046130937,0.20026086179324706,-9.681082872137068
1785126573147566406,81.222993408,0.015029,0.37978483211553493,-0.04702480255602787,-50.54769487009914,0.181426597967209,-0.07879896483798353,-60.027364615822464,0.20088699918900216,-9.479669745723319
1785126573180924072,81.256351074,0.125847,0.3804613554693156,-0.04739339314790225,-49.84989505897006,0.18199422266674495,-0.07595771864431204,-59.570762302141304,0.20051215298314978,-9.720867243171242
1785126573214281494,81.289708496,0.167209,0.38118247485013224,-0.04758062295096949,-49.31310007401194,0.1824328833102249,-0.07646295957618673,-59.02224755793977,0.20083722141628124,-9.709147483927826
1785126573247638916,81.323065918,0.077842,0.38187334144429397,-0.04773212463365176,-48.75951179294712,0.1838790959401058,-0.0761133042621391,-58.46705742089653,0.2000180307119266,-9.707545627949411
1785126573280996338,81.35642334,0.118175,0.3825799100712138,-0.0479474249888964,-48.151840521311875,0.18522466326917858,-0.07483124915097279,-57.937125907774686,0.1991778939588168,-9.78528538646281
1785126573314353760,81.389780762,0.001152,0.3829843734256103,-0.04821762053248435,-47.52961075391151,0.1847920833465942,-0.07566017885757106,-57.296342914834405,0.2000831773393022,-9.766732160922894
1785126573347711426,81.423138428,0.024324,0.3836646983433547,-0.048223167500970804,-46.972952280187975,0.18434612033934764,-0.07421755493736233,-56.71733942826495,0.20100647680045705,-9.744387148076974
1785126573381068848,81.45649585,3.08366,0.38458791829261596,-0.04812299789630664,-46.28167691473772,0.18777646624694802,-0.07434048135838377,-56.177028440345865,0.19855000401764927,-9.895351525608138
1785126573414426270,81.489853272,3.167782,0.3851849613772653,-0.04821006441339942,-45.6608148111849,0.18884931898099536,-0.07795602038968738,-55.5090266017964,0.1985761978991925,-9.848211790611504
1785126573447783691,81.523210693,3.123158,0.386095169760303,-0.04817072258572744,-45.039922453546644,0.1882356557034473,-0.07713383405591061,-54.85766405863087,0.19996812028133218,-9.817741605084223
1785126573481141113,81.556568115,2.985312,0.3870662857824372,-0.04805653435977114,-44.40660366397195,0.19002979857112132,-0.07547633546235641,-54.28304109716106,0.19893522258534405,-9.876437433189109
1785126573514498535,81.589925537,0.409809,0.3878063312479503,-0.04790105200130912,-43.83977384999272,0.19178301591380734,-0.07524460791631855,-53.66478098217769,0.19792122221900835,-9.825007132184968
1785126573547856201,81.623283203,0.329269,0.38873537164796035,-0.04785448462337574,-43.22785500060363,0.19133630735480206,-0.07495925266883564,-53.012194867331495,0.19925124600516964,-9.784339866727864
1785126573581213623,81.656640625,0.373178,0.38973440026976697,-0.04767886348913927,-42.5327559313729,0.19214368328212475,-0.07513711813132505,-52.33198893432002,0.19948946635771433,-9.799233002947124
1785126573614571045,81.689998047,0.436876,0.3906557267472055,-0.047397583085533435,-41.872096099930786,0.19244946812292194,-0.0759726853803227,-51.6452203776838,0.20025548039690214,-9.773124277753015
1785126573647928467,81.723355469,0.442161,0.39128932465607436,-0.04714100195221302,-41.25811037958341,0.19441116924546378,-0.07255784260002539,-51.08337073567355,0.1985120244881927,-9.82526035609014
1785126573681285889,81.756712891,0.432556,0.3919168849185668,-0.046691079131257,-40.56638438580025,0.1946475557175097,-0.07394418034338554,-50.38889730095292,0.19914296314234547,-9.822512915152668
1785126573714643311,81.790070313,0.557875,0.3926215768817862,-0.04620178274426484,-39.87495971015782,0.19584255302166953,-0.0712380782404778,-49.75461663172571,0.19836532036501256,-9.879656921567898
1785126573748000732,81.823427734,0.509515,0.3929060984403161,-0.04595094765183952,-39.09984518256972,0.1995121065192774,-0.06644956841985591,-49.13127158009024,0.19447732403688028,-10.031426397520516
1785126573781358154,81.856785156,0.555332,0.39280682061391414,-0.046017823605238095,-38.39611440043928,0.1990381438247774,-0.06833162816511985,-48.307555587813916,0.19504923988200912,-9.91144118737463
1785126573814715576,81.890142578,0.560855,0.3931322499799975,-0.045232531540613796,-37.65991667158197,0.1963125638858586,-0.07138647161396093,-47.415132398946234,0.1985497857353556,-9.755215727364265
1785126573848072998,81.9235,0.64911,0.39377124750298104,-0.043887953189232054,-36.84249513586887,0.19344380442258302,-0.07150107783892477,-46.558613624408586,0.20222158416956776,-9.716118488539712
1785126573881430420,81.956857422,0.531372,0.3944362732060669,-0.04316494232261467,-35.84456086285154,0.2133430602534425,-0.03705954137657255,-46.45435926013782,0.1811961028781152,-10.609798397286283
1785126573914788086,81.990215088,0.752908,0.3957616106166036,-0.04245252735940802,-34.448560862340166,0.2097318399865901,-0.03853603113012439,-45.00109048871497,0.18607099318101525,-10.552529626374806
1785126573948145508,82.02357251,0.77536,0.39825478501518086,-0.041470993180917515,-32.98064522175816,0.21142084325237737,-0.029718063375100672,-43.56307563717287,0.18720324023276708,-10.58243041541471
1785126573981502930,82.056929932,0.663582,0.40138565802239445,-0.04041693710726313,-31.47590064475492,0.20953542630192573,-0.029435510315629246,-41.984766937353854,0.19216426084362712,-10.508866292598935
1785126574014860596,82.090287598,0.764717,0.4024475261891731,-0.039911803671357715,-30.224846486700212,0.19899263044655724,-0.06997002945805793,-39.64782131003534,0.20566329652877527,-9.42297482333513
1785126574048218262,82.123645264,0.785982,0.40490549664512954,-0.03688873294851658,-29.282342942001353,0.20452806454902323,-0.06123941930564729,-38.94698992505614,0.2018516069281913,-9.664646983054787
1785126574081575928,82.15700293,0.683746,0.40465017233746786,-0.0358554649286599,-28.237811822195543,0.2046710816254583,-0.06432061400882419,-37.91612708218489,0.20199480546330426,-9.678315259989354
1785126574114933594,82.190360596,2.522699,0.40425667452586006,-0.035575879784075976,-26.957957774380404,0.20269933375776159,-0.05972335836006451,-36.79748240012923,0.20299867570771293,-9.839524625748831
1785126574148291016,82.223718018,2.560568,0.4048259430606549,-0.03685321758781257,-25.747889861709943,0.20212638417310283,-0.04967971246339099,-35.755267380419376,0.2031049732133643,-10.00737751870943
1785126574181648682,82.257075684,2.445843,0.4065437067605193,-0.03695385582338276,-24.72221564624891,0.20318466144185376,-0.050663122772124425,-34.73785722059025,0.2038206204317682,-10.015641574341343
1785126574215006348,82.29043335,0.020405,0.40721989194330654,-0.03613548027514851,-24.02649078735862,0.2098874401848312,-0.05930371877204381,-33.807840917524956,0.19868785517001292,-9.781350130166336
1785126574248364014,82.323791016,0.858492,0.40671205670127164,-0.036037216938906325,-22.823161700866837,0.2139238129111148,-0.041660425418697314,-33.17227333804064,0.19287023465869516,-10.349111637173802
1785126574281721680,82.357148682,0.869028,0.4071161706548119,-0.03591523553530529,-21.861666772844927,0.20639650423654998,-0.05300767396284933,-31.903333481583907,0.2014461117481738,-10.041666708738981
1785126574315079346,82.390506348,0.968018,0.4081484247073488,-0.03465852546769849,-20.98342256829664,0.21755123327963166,-0.04675294100424451,-31.334121395650108,0.19098053373918636,-10.35069882735347
1785126574348437012,82.423864014,0.991905,0.4088875036809019,-0.034262789537514715,-20.195721880848758,0.22147392445051017,-0.0387570454726425,-30.701864271188903,0.18746745855309593,-10.506142390340145
1785126574381794678,82.45722168,2.210011,0.40973120205777275,-0.03389757430781215,-19.252269799603063,0.2141824600496514,-0.04641064643948216,-29.59752838692059,0.1959486858213935,-10.345258587317527
1785126574415152344,82.490579346,2.230469,0.4104514343681238,-0.03333840375596428,-18.47075310201196,0.2181033742609751,-0.0390740632839254,-28.948586414943897,0.19243355740931462,-10.477833312931935
1785126574448510010,82.523937012,2.435463,0.41102692820306774,-0.03273694035521291,-17.64666400175962,0.2188054663176941,-0.042737498188420084,-28.058401303399663,0.19248143174427365,-10.411737301640043
1785126574481867676,82.557294678,2.247782,0.4117201966767003,-0.03211459918206916,-16.85174192008766,0.21972548364238403,-0.0405224547834198,-27.27412756958535,0.19217872376759768,-10.422385649497688
1785126574515225342,82.590652344,2.129242,0.4123051066082055,-0.03164126336096054,-16.019898312972767,0.22284696287671407,-0.040850938279024716,-26.449553424483863,0.18968185558529022,-10.429655111511098
1785126574548583008,82.62401001,2.156376,0.41287260882968824,-0.031285052992563095,-15.193870036570129,0.22348718029252485,-0.037228826608394334,-25.70413798389129,0.18947867686629352,-10.510267947321159
1785126574581940674,82.657367676,2.141787,0.41326059638941853,-0.030877723361304787,-14.402479946426208,0.2234667633878916,-0.03485003386474154,-24.910166784127043,0.18983539790077933,-10.507686837700836
1785126574615298340,82.690725342,2.079514,0.41366503249921266,-0.030557025193750725,-13.583362612443137,0.22347748135357084,-0.03162493871579456,-24.19784464675178,0.19019054931848398,-10.614482034308642
1785126574648656006,82.724083008,2.12286,0.4137249382115353,-0.03034861488472987,-12.739506347366751,0.2206874651902595,-0.037000648893325896,-23.172729409360283,0.19315205291917373,-10.433223061993532
1785126574682013672,82.757440674,2.065355,0.4137346822803156,-0.030198979669686377,-12.113757020649718,0.22204633970794635,-0.033838884681613675,-22.41977143555848,0.19172289791946567,-10.306014414908763
1785126574715371338,82.79079834,1.906046,0.41307636396729314,-0.0298266115171118,-11.149512879844496,0.21871337532087856,-0.041658075874921846,-21.450699783706707,0.19472276421727483,-10.30118690386221
1785126574748729004,82.824156006,2.101027,0.41263353950562903,-0.02938517847236552,-10.473985259842353,0.2201301337438123,-0.033853137040518254,-21.008961639420274,0.19255524891226775,-10.534976379577921
1785126574782086670,82.857513672,2.240933,0.412302057032512,-0.029616871743439604,-9.932778836469403,0.21601166193504925,-0.041148708942829265,-20.244014378125485,0.19662884446772108,-10.311235541656083
1785126574815444336,82.890871338,1.854172,0.4117884332929699,-0.029908827435652846,-9.462599489499775,0.21587745046169995,-0.042043896799751464,-19.78457890925396,0.19628645674723874,-10.321979419754184
1785126574848802002,82.924229004,2.019589,0.411458462120717,-0.029897456563378805,-9.043216656417624,0.21524108533623748,-0.04358786786541113,-19.32604513996628,0.19669439827763582,-10.282828483548656
1785126574882159424,82.957586426,1.843834,0.4112470490079742,-0.029593251661305692,-8.651697078692637,0.21723385160484743,-0.034365697259245175,-19.134090999633877,0.19407188617512308,-10.48239392094124
1785126574915517090,82.990944092,1.755097,0.4111529708642256,-0.029075090992524644,-8.191938321328873,0.21676287053187226,-0.03682242528993244,-18.595977945574774,0.19454442242310158,-10.404039624245899
1785126574948874756,83.024301758,1.81704,0.4114748253893573,-0.028295052919773384,-7.675477662788827,0.21593896613251914,-0.0386390326273148,-18.036668857310517,0.1958092698814335,-10.361191194521687
1785126574982232422,83.057659424,1.702315,0.41219144347940495,-0.02675287625098849,-7.203710531099553,0.2167422024679102,-0.03400486771401017,-17.6441728289499,0.19558373447745878,-10.440462297850345
1785126575015590088,83.09101709,1.851996,0.4127267473687024,-0.02659420859120651,-6.632672501406482,0.217045911668862,-0.033261451053115045,-17.057607970074883,0.1957943859824224,-10.424935468668403
1785126575048947754,83.124374756,1.67552,0.41335695682159806,-0.026880605965707682,-5.973290780497983,0.2212625601192659,-0.024140646452843886,-16.667667009465173,0.19211393656516723,-10.69437622896719
1785126575082305420,83.157732422,1.674759,0.4141083160778717,-0.027349901972125945,-5.3580090085135685,0.22146811717447343,-0.023067692940801188,-16.059346176972443,0.19268778774932468,-10.701337168458874
1785126575115663086,83.191090088,1.694979,0.414872211809145,-0.02730864779261094,-4.714723247066846,0.22100356431341822,-0.02496842399854942,-15.41090933222723,0.19388277161529507,-10.696186085160383
1785126575149020752,83.224447754,1.746908,0.41553478268129374,-0.027176921115333486,-4.141889221404479,0.2213902107757308,-0.02881949275355906,-14.736982908277314,0.19415152031848992,-10.595093686872834
1785126575182378418,83.25780542,1.725167,0.416122373933531,-0.027185555633687436,-3.567438180283868,0.2220775323354829,-0.03155197144099108,-14.105102702538654,0.19409396213641952,-10.537664522254785
1785126575215736084,83.291163086,1.583262,0.4169132541947815,-0.027130403974108153,-2.9737187853665437,0.22320447647433025,-0.026099123030661555,-13.600287107342288,0.19371152290541596,-10.626568321975743
1785126575249093750,83.324520752,1.810196,0.41759244083083313,-0.02671960741152765,-2.340607499133367,0.2244597832435868,-0.020961680866374087,-13.050410597137683,0.19321846998879771,-10.709803098004318
1785126575282451416,83.357878418,1.795698,0.4179358937446867,-0.026649437933421338,-1.56827915658071,0.22549144672887342,-0.016960276276085547,-12.34456736823886,0.19268820680271057,-10.77628821165815
1785126575315809082,83.391236084,1.816486,0.4179742317730394,-0.02595631131148904,-0.7623765489867491,0.22375532447491267,-0.014871482645433266,-11.540536315271366,0.19453497726278982,-10.778159766284615
1785126575349166748,83.42459375,1.874468,0.4177356111637258,-0.023973409568017662,0.16041494111310126,0.2254339567075231,-0.014362355029042592,-10.642858688916531,0.19254168036023772,-10.803273630029633
1785126575382524414,83.457951416,1.900024,0.41774549886760387,-0.022758713675048253,1.2818553707945388,0.21369356942221954,-0.031955840365307644,-9.010150465673904,0.20425909294261735,-10.292005836468443
1785126575415882080,83.491309082,1.686222,0.41833558933559734,-0.022654492580728713,2.7518825607411217,0.21684095669444953,-0.026588544010112087,-7.760434466522125,0.201533033877427,-10.512317027263249
1785126575449239746,83.524666748,3.252587,0.4193545560322887,-0.021419317373387425,4.216968153350075,0.2187740104838511,-0.02618995850488623,-6.257728489411212,0.20063727038941298,-10.474696642761288
1785126575482597168,83.55802417,1.371186,0.42058074408553814,-0.02024806342131602,5.566516046958854,0.24260530989773862,0.011031772197388738,-5.886285774108381,0.1807033018255863,-11.452801821067233
1785126575515954834,83.591381836,1.251454,0.4196938779812091,-0.018143574482287206,6.675456171455498,0.216974504524244,-0.02098006417621137,-3.9549162901128607,0.20273921684905521,-10.63037246156836
1785126575549312500,83.624739502,1.386591,0.4195479192188262,-0.015849057990894255,7.694112110902995,0.2303485171436736,0.0014447556828445858,-3.5351736606528195,0.1899881305160332,-11.229285771555816
1785126575582670166,83.658097168,1.259945,0.41838753855065947,-0.015921336775047784,8.814517533288932,0.22804584258213154,-0.002777104710394886,-2.232583209314236,0.19079500009367376,-11.047100742603165
1785126575616027832,83.691454834,1.398659,0.4183662116999013,-0.015602367732439282,10.047568356492205,0.22705849424228902,-2.4924706595617636e-05,-1.0826612848528718,0.19194087498515008,-11.130229641345077
1785126575649385498,83.7248125,1.259615,0.41991191795856486,-0.01622744870833681,11.17323097935878,0.22420766216276203,-0.0023040495201175197,0.10338702057906858,0.19619892145866535,-11.06984395877971
1785126575682743164,83.758170166,1.224522,0.4203848078711808,-0.014623805487151142,11.889010650002,0.22413256024143932,0.0013446507602984826,0.6177880934423617,0.19690082857787086,-11.271222556559637
1785126575716100830,83.791527832,1.117188,0.4197302663410083,-0.013982231412288382,12.196851679332608,0.2243586115489863,0.009800058015529411,0.6657042929465743,0.1968138226512597,-11.531147386386033
1785126575749458496,83.824885498,1.252802,0.41980866372955844,-0.013756152662960652,12.235872747771703,0.21998192642656697,0.0006475212751392179,0.9747151341418585,0.20034517903876264,-11.261157613629845
1785126575782816162,83.858243164,1.093493,0.4198810805068448,-0.013082768136474604,12.123834114010803,0.22057548008905756,0.005152900436961253,0.7418670634878735,0.20013810723151867,-11.38196705052293
1785126575816173828,83.89160083,1.204073,0.419782841333086,-0.012364706615860865,11.992969053132922,0.221060317334414,0.007026964948502352,0.5816866132072371,0.19966641798375337,-11.411282439925685
1785126575849531494,83.924958496,1.084818,0.41961801395059445,-0.01205179234777759,11.899691782341362,0.2217012277808446,0.009583629713115552,0.3965642223695356,0.19909582048731073,-11.503127559971826
1785126575882888916,83.958315918,1.02875,0.4195115083254142,-0.012121118992431679,11.803777660041076,0.22108054814918945,0.00773747522950183,0.34958865442796494,0.19942218964029526,-11.454189005613111
1785126575916246582,83.991673584,1.167225,0.4192990344584065,-0.012553899160427012,11.740897846452917,0.22166127835344526,0.006478114945647334,0.3311027551803213,0.19855200880156804,-11.409795091272596
1785126575949604248,84.02503125,2.38788,0.41913058287208454,-0.013533798859544005,11.72699181624658,0.22134921366855975,0.005600052498774833,0.31153663445923235,0.19870474144273262,-11.415455181787348
1785126575982961914,84.058388916,2.223894,0.4190043913026344,-0.014860734171394413,11.736006122517196,0.2203566524531145,0.006515879885046598,0.2901574552598951,0.1997946039775476,-11.445848667257302
1785126576016319580,84.091746582,2.359838,0.41896203775462754,-0.015818191887417454,11.788563563755451,0.22135231441427777,0.005025177876249336,0.40539159112207807,0.19870593554736737,-11.383171972633374
1785126576049677246,84.125104248,2.315981,0.4190228169785855,-0.016798549300024945,11.855465239915711,0.22120812651125416,0.006351569795715784,0.43433157041970805,0.19916470515338075,-11.421133669496003
1785126576083034668,84.15846167,0.885191,0.4192601016531064,-0.017127929051086593,11.94416820662261,0.2206435956107598,0.005628150506451434,0.5641534378111418,0.19991587137918415,-11.380014768811469
1785126576116392334,84.191819336,0.797884,0.4194539487039668,-0.016896100141856774,12.050366094260024,0.22204758261752927,0.006855215324277656,0.6745491036494988,0.1988300740779031,-11.375816990610526
1785126576149750000,84.225177002,0.840992,0.4197963502736325,-0.016128554412331686,12.058812861963165,0.22162135281938342,0.006898744197955007,0.7040974939801982,0.19950836097085992,-11.354715367982967
1785126576183107666,84.258534668,0.78611,0.42010996522580113,-0.015241287425126149,11.995146677240607,0.22313400925173688,0.009161977527019558,0.6174591314984565,0.19848185451627845,-11.37768754574215
1785126576216465088,84.29189209,2.661463,0.4203088329642434,-0.01461900816711248,11.921535800873857,0.2231110394872463,0.010806682318780958,0.48560574271948015,0.19883016745172458,-11.435930058154376
1785126576249822754,84.325249756,2.638143,0.4204687553498155,-0.014354132160374067,11.843992270176324,0.22413597137298438,0.008567106592427046,0.4761947668046364,0.19766624711886432,-11.367797503371689
1785126576283180420,84.358607422,2.60791,0.4205826465986794,-0.014505303586491103,11.832269166519255,0.224107487526469,0.013317174005977974,0.31555690916590556,0.19843532546357218,-11.51671225735335
1785126576316537842,84.391964844,0.80072,0.4205524534852799,-0.014803591871718924,11.853239538852916,0.22432992989397388,0.010855222090872267,0.3875670381196613,0.1978930354977343,-11.465672500733255
1785126576349895508,84.42532251,0.690048,0.42049356554047423,-0.015005406368226004,11.851771342134334,0.22431226957839326,0.01027127516998601,0.39419151638833183,0.19780296134018266,-11.457579825746002
1785126576383253174,84.458680176,0.650902,0.4204166026676608,-0.015061374902190672,11.855055794094165,0.22331087540461445,0.011050911902938332,0.366645390835059,0.19882786334437064,-11.488410403259106
1785126576416610840,84.492037842,0.685188,0.42037630731619524,-0.014914526986400112,11.837180204297939,0.22431038367904713,0.008878188621079074,0.43510369781234887,0.1975042777452336,-11.40207650648559
1785126576449968262,84.525395264,0.583582,0.42037489406202094,-0.01470800900221153,11.822846320547761,0.22372022589996338,0.011160897110417522,0.35163403196060083,0.1983488311369467,-11.47121228858716
1785126576483325928,84.55875293,0.61763,0.42040032378921965,-0.014513788718798576,11.826552297120275,0.22365826791206114,0.008273252469455088,0.43595839845247175,0.1980572790807905,-11.390593898667802
1785126576516683594,84.592110596,0.514587,0.42042347848805844,-0.01442658859943377,11.799698100218597,0.22359231167914168,0.009420383267451258,0.3778074953169556,0.19827048770449834,-11.421890604901641
1785126576550041016,84.625468018,0.468532,0.420399959660372,-0.014448840979314398,11.799603273946174,0.22410003205497644,0.009367447950714603,0.36750166262220346,0.1977394174065509,-11.43210161132397
1785126576583398682,84.658825684,0.586742,0.42044134544706563,-0.014539113652260793,11.816107319237874,0.22382155259713504,0.01014640652824811,0.34655665925431395,0.19816336151501854,-11.46955065998356
1785126576616756348,84.69218335,2.23761,0.42046600643587584,-0.014599637862459658,11.808970077197891,0.2239614756468633,0.008776321037265672,0.37457666534189055,0.19789003531024907,-11.434393411855998
1785126576650113770,84.725540772,2.847286,0.42045966119743405,-0.014612620766642326,11.815893568104034,0.22425737546483304,0.010745218108004726,0.31573478151360196,0.19783416519673686,-11.500158786590431
1785126576683471436,84.758898438,2.845902,0.42048839004322325,-0.01454000836764735,11.824686629853698,0.2237408723807446,0.010169628808632798,0.3380734334044129,0.19829309588518393,-11.486613196449285
1785126576716829102,84.792256104,2.708618,0.420490221351733,-0.014429039499955998,11.813509266182795,0.2236016446091837,0.008420463453684716,0.3836250440396798,0.19821001850798348,-11.429884222143116
1785126576750186523,84.825613525,2.865299,0.4204991302710833,-0.014352487179779716,11.824174137175739,0.22387370549499397,0.01021582257151746,0.339755662288423,0.1981543830259963,-11.484418474887317
1785126576783544189,84.858971191,3.070623,0.4205692787580755,-0.014294709734164218,11.814681911077994,0.22375446980240687,0.008562235271147392,0.3779123536520059,0.19813760107367853,-11.436769557425988
1785126576816901855,84.892328857,2.831296,0.42056293584710497,-0.014299882837899985,11.810822845615265,0.22447599992983128,0.011418566413107008,0.28227097996682526,0.19776633957603004,-11.52855186564844
1785126576850259277,84.925686279,3.136512,0.4205999562550904,-0.014358485575431457,11.827993281924728,0.22335168215831194,0.009190165494676638,0.3491663294955494,0.19864898842274417,-11.478826952429179
1785126576883616943,84.959043945,3.127975,0.4206145125763956,-0.014363632154414802,11.816325797728508,0.22347441928969947,0.008928198068855545,0.3520984945597517,0.19851127357466855,-11.464227303168755
1785126576916974609,84.992401611,0.20984,0.42063133718556167,-0.014354591846602122,11.824984401516344,0.22348080331315703,0.010605388325940213,0.3033744916084259,0.1987242652933654,-11.521609909907921
1785126576950332031,85.025759033,0.215998,0.4206689278019156,-0.014307156505822344,11.835667495958463,0.2233255550066087,0.01029698432737572,0.32091775256287564,0.19887124108922166,-11.514749743395587
1785126576983689697,85.059116699,0.168746,0.42068294025877695,-0.014236832439940478,11.82431247413323,0.2242605180607164,0.009332499066130578,0.3460267797806414,0.19783144676667616,-11.47828569435259
1785126577017047607,85.092474609,0.112666,0.4207025451424053,-0.014189974016876356,11.830889924715644,0.22392929917700755,0.010209627765937965,0.31324941590746386,0.19828023324305133,-11.51764050880818
1785126577050405518,85.12583252,0.20059,0.42071916893028355,-0.014149577989090695,11.824675773626023,0.22371693225776965,0.008414049845762552,0.37139319559250095,0.1982901877427195,-11.453282578033521
1785126577083763428,85.15919043,0.175743,0.42074631851342376,-0.014163415178202438,11.822624208834275,0.22414458839889922,0.00969712244893018,0.32210914469041535,0.19804435245641355,-11.500515064143858
1785126577117121338,85.19254834,0.073649,0.42076329620779884,-0.014170369359634033,11.843038270054464,0.22339158615302573,0.009223096437268805,0.34456615061117585,0.19875322933712622,-11.498472119443289
1785126577150479248,85.22590625,0.061915,0.42079173825553234,-0.01414577477877857,11.832413274717972,0.2239273594449358,0.009408570943084445,0.33461271594940767,0.19826848172835515,-11.497800558768564
1785126577183837158,85.25926416,0.001079,0.42080315532165447,-0.014124834376268769,11.834930978130387,0.22402471174985977,0.009596506159315694,0.33130229850456344,0.1982030722550565,-11.503628679625825
1785126577217195068,85.29262207,3.124414,0.42084220090387225,-0.014061526939891655,11.846890048175576,0.22388765232532862,0.009022028814821288,0.352375361612031,0.1983026594679427,-11.494514686563544
1785126577250552979,85.325979981,0.082245,0.42085759947797846,-0.014004863160622799,11.828270749339325,0.22412689789253287,0.010557323563086926,0.28607080536685964,0.1982580892749449,-11.542199943972467
1785126577283910889,85.359337891,0.090641,0.4208597016994592,-0.013995343544914884,11.843342002141744,0.22412793575523923,0.010761434601789447,0.2942575812589095,0.19828334724766092,-11.549084420882835
1785126577317268799,85.392695801,0.118111,0.4208944708119945,-0.013986692524342093,11.845388762954443,0.22366067170590107,0.0090794630404665,0.3481724944296777,0.1985779923414545,-11.497216268524767
1785126577350626709,85.426053711,0.218775,0.4208899372195145,-0.013989791802587831,11.840666091649428,0.22354827294714638,0.010309510023717274,0.2886185886608012,0.19883206111448407,-11.552047502988627
1785126577383984619,85.459411621,0.214057,0.4208775932003781,-0.014004148550346679,11.858027335420111,0.22378423108787232,0.00943817246417864,0.33643409506600525,0.1984825831234554,-11.521593240354106
1785126577417342529,85.492769531,0.787488,0.4209124060202595,-0.014015218564412096,11.850847793470802,0.22423747635539235,0.008562897056472986,0.36011937435206465,0.197966662000627,-11.490728419118737
1785126577450700439,85.526127441,0.230849,0.42091260001900715,-0.013976355217577036,11.853762688847526,0.22319385013016727,0.009879212849351993,0.31446527099214594,0.1991526856093121,-11.53929741785538
1785126577484058350,85.559485352,0.247353,0.42093366451137404,-0.013960629076595205,11.871063333107434,0.22392053311282645,0.007056421538875588,0.41284176331227856,0.19813099293153164,-11.458221569795155
1785126577517416504,85.592843506,2.197674,0.420958609356627,-0.013929581087512355,11.863819796324114,0.22401889039155662,0.008597056394818262,0.35727854558691824,0.198223869153796,-11.506541250737195
1785126577550774414,85.626201416,3.068941,0.42097794405031574,-0.013929963510583149,11.87642122537662,0.22455183991680291,0.009089621274935435,0.35143963029126507,0.19777036094614203,-11.524981595085352
1785126577584132324,85.659559326,2.961602,0.4210111673206495,-0.013903252319086595,11.877850859280404,0.22322273072001086,0.007608377399417861,0.38651284617424053,0.19895480860253392,-11.491338013106162
1785126577617490234,85.692917236,3.100548,0.42104106824473525,-0.013883245430384467,11.869116989974327,0.2236886274286056,0.007384251030324185,0.38781072588262616,0.19849506870899894,-11.481306264091698
1785126577650848145,85.726275147,3.085953,0.4210588453231285,-0.013873017195767862,11.888868341931385,0.22377152304296813,0.008866553281276706,0.3520296961709685,0.19859349334244647,-11.536838645760417
1785126577684206055,85.759633057,3.023674,0.42109010504080774,-0.01383318779178297,11.884385028975778,0.22366553574991263,0.007396671826140108,0.3903149168080571,0.19856275456160494,-11.494070112167721
1785126577717563965,85.792990967,2.915857,0.4210787642545609,-0.013827136001247686,11.884767254235852,0.22351869289302745,0.009042034002051344,0.3431906438985136,0.19887931197843076,-11.541576610337339
1785126577750921875,85.826348877,2.959914,0.42108150574809533,-0.013817176228460598,11.902461301194847,0.22311683207155877,0.007726246432949395,0.3922212796388868,0.19913345043921113,-11.51024002155596
1785126577784279785,85.859706787,2.795353,0.4210986084568612,-0.013783199956269282,11.891755898124794,0.22362657737030792,0.010595653619766172,0.2883946525550808,0.19897118274546804,-11.603361245569712
1785126577817637695,85.893064697,2.835118,0.4211027137443104,-0.013785484800514308,11.896504692432469,0.22341122630897,0.009332505709734273,0.33536985055712626,0.19903860351607497,-11.561134841875344
1785126577850995850,85.926422852,2.689863,0.4211348536061716,-0.013782612103648645,11.905338841217235,0.22366709560740924,0.008541192218508978,0.3640411684023157,0.1987256090403845,-11.541297672814919
1785126577884353760,85.959780762,3.913906,0.42116581628866384,-0.01377630543649383,11.897300485490256,0.22317350056371763,0.011265192333174155,0.2657456254118549,0.19956962117685917,-11.6315548600784
1785126577917711670,85.993138672,2.732199,0.42117564441938016,-0.013768948010011273,11.920539268254107,0.22358035221758216,0.008929565329233042,0.3560151546723413,0.19889475108238977,-11.564524113581765
1785126577951069580,86.026496582,4.058252,0.42122256544571335,-0.013747921748604258,11.920215118751106,0.22377918509407324,0.008981853453442852,0.34651299275443714,0.19874740533002694,-11.573702125996666
1785126577984427490,86.059854492,0.643672,0.421233533121113,-0.013711532653993275,11.90433994307195,0.22384551138793657,0.009129319664970124,0.3249420339780745,0.19870514753874302,-11.579397909093876
1785126578017785400,86.093212402,0.659936,0.42124704168111293,-0.013709436840448758,11.924342084109961,0.22381474980261687,0.009151903888832934,0.3378167322218618,0.1987514799349579,-11.586525351888099
1785126578051143066,86.126570068,0.561754,0.42127642767698437,-0.013669506799059816,11.913335583189106,0.22329499466427338,0.009470765658139828,0.3157272112956491,0.19932917505262496,-11.597608371893456
1785126578084500977,86.159927979,0.21973,0.42126107259787055,-0.013670282839140402,11.914425808733087,0.22342686635446438,0.009462043445970486,0.32437657607841597,0.19918202147613473,-11.59004923265467
1785126578117858887,86.193285889,0.735664,0.42126795371448034,-0.013666456413238354,11.93557276297183,0.22383662769871726,0.009773315249163281,0.32530488338147445,0.19881788498001898,-11.610267879590356
1785126578151216553,86.226643555,0.134518,0.4212824070584685,-0.0136538525863866,11.923780583412256,0.22397619524208642,0.009745081447107166,0.3179079473150662,0.1986888304239441,-11.60587263609719
1785126578184574463,86.260001465,0.825407,0.42126693522935765,-0.01364340518686566,11.927143382922063,0.2236558638710313,0.007574824334935462,0.38663032710811307,0.19874694661157785,-11.54051305581395
1785126578217932373,86.293359375,0.830942,0.42129962609794974,-0.013598925265375705,11.9308241188129,0.22327375233091867,0.008222614867827957,0.3634252294059577,0.19922456247908074,-11.567398889406942
1785126578251290039,86.326717041,0.94519,0.4212963043926917,-0.013591267322228318,11.919470213185749,0.22303202878602438,0.008483051847954726,0.33890822624240036,0.19948934444892955,-11.580561986943348
1785126578284647949,86.360074951,0.85798,0.42130926095959187,-0.013597454246041196,11.941401751993874,0.22305676971987873,0.008928711198058976,0.33911443079306414,0.19952813939985384,-11.60228732120081
1785126578318005859,86.393432861,0.969373,0.4213253587933287,-0.013568026719776444,11.936824820928829,0.22335162774040845,0.009166613298529152,0.33797763029332595,0.19927484046857483,-11.598847190635501
1785126578351363525,86.426790527,0.991353,0.421329629683535,-0.013542777151384883,11.932246326769139,0.22379744448360164,0.008380941179035997,0.3547715608111122,0.19874509708491528,-11.577474765958025
1785126578384721436,86.460148438,1.01787,0.4213572703920061,-0.013525135092702228,11.945892283888842,0.22344196916307324,0.007783291345831282,0.37857668146965145,0.19905907539679177,-11.56731560241919
1785126578418079346,86.493506348,0.800007,0.42141970938573137,-0.01350475032230472,11.940342333718098,0.22348709731291136,0.0076567958561062155,0.37340827017226563,0.19906061880399767,-11.566934063545832
1785126578451437256,86.526864258,2.213553,0.42145141098897393,-0.013493341666043324,11.946290309816769,0.22356866906836523,0.009433800340084716,0.3260655483225756,0.19920650940817017,-11.620224761494194
1785126578484794922,86.560221924,2.401858,0.4214960724406827,-0.013460317988713943,11.956368220938131,0.2231668685796093,0.00851717763553208,0.3489492476937567,0.1995431868495664,-11.607418973244373
1785126578518152832,86.593579834,2.130247,0.4214791681759662,-0.013423724068965803,11.939721266874322,0.2233347145384759,0.009201813095047098,0.31763920911214477,0.1994320421578731,-11.622082057762178
1785126578551510742,86.626937744,2.357647,0.421501150937672,-0.013434560987538258,11.957304438951018,0.2234280683954848,0.008980380568738863,0.33248457904555834,0.1993373412904251,-11.624819859905461
1785126578584868408,86.66029541,2.139687,0.42151002898575474,-0.01340817189158261,11.961807215423486,0.2225825204360754,0.007869171990143356,0.3687536276626396,0.200062187882778,-11.593053587760846
1785126578618226318,86.69365332,2.162047,0.42150666460386116,-0.013404810054191307,11.952870415849148,0.22301801878625224,0.008909530758855345,0.32394515579927263,0.19973901052230383,-11.628925260049877
1785126578651584229,86.727011231,2.071157,0.4214946213207594,-0.013390016608660238,11.964546231149896,0.22249055818849686,0.008718832760883841,0.33534739791489165,0.20022841547491382,-11.629198833235005
1785126578684941895,86.760368897,2.203434,0.4215523333615342,-0.01333771068778572,11.953044821176086,0.22272075064131405,0.007741688150132083,0.35382496087588117,0.19994584102300242,-11.599219860300204
1785126578718299805,86.793726807,2.095856,0.42157969746202656,-0.01333236734580856,11.961688006671611,0.2234006468998138,0.007671661430005664,0.3644538331590905,0.19928899946197562,-11.59723417351252
1785126578751657715,86.827084717,2.073393,0.4216214944940794,-0.013332541748146742,11.983113044377374,0.22375379846591686,0.007657152909984339,0.3834878361790684,0.19897786915467483,-11.599625208198304
1785126578785015625,86.860442627,2.051646,0.4216536516641689,-0.013302120037504556,11.970513493692579,0.223651156855388,0.0075790712450627675,0.37329490883018596,0.19910050753295552,-11.597218584862393
1785126578818373291,86.893800293,2.065666,0.4216396758972532,-0.013302756378048508,11.980319884664244,0.22323091814695037,0.008925174847954988,0.3368566942495177,0.19964998391837224,-11.643463190414726
1785126578851731201,86.927158203,1.920418,0.42164437343828304,-0.013318886873372099,11.981821502246904,0.22332185331530668,0.008439455836190563,0.34839709476274044,0.19951252458278187,-11.633424407484164
1785126578885089111,86.960516113,2.09179,0.4216438936224228,-0.013320049466381628,11.967439980475463,0.2236822513987794,0.010206219508992975,0.27861247588214666,0.19935470178499298,-11.688827504593316
1785126578918446777,86.993873779,1.871684,0.42165836324664174,-0.013315401014975026,11.986988543315217,0.2228894243218781,0.008337720024924245,0.35106474077335115,0.19994486423022959,-11.635923802541864
1785126578951804688,87.02723169,1.92003,0.4216960217279586,-0.013264630334333949,11.98344069491337,0.22268664745802538,0.008550010186224869,0.33270306621321544,0.20020142254327658,-11.650737628700155
1785126578985162598,87.0605896,1.813406,0.4216618573126491,-0.013259110348892045,11.976550737864375,0.22312130446961306,0.008020232882079365,0.35066813340506414,0.1996776441456576,-11.625882604459314
1785126579018520264,87.093947266,4.806332,0.42167371696444694,-0.013239818652333868,11.992800909295998,0.22298336337651475,0.008631893555441696,0.33027980088319414,0.19989054105634232,-11.662521108412804
1785126579051877930,87.127304932,1.526453,0.42169343603139914,-0.013202111123022664,11.983190534954474,0.2234510825489803,0.007623931295902887,0.3579159918661305,0.19933327558910777,-11.625274543088343
1785126579085235596,87.160662598,1.62425,0.4217007706857088,-0.013184553993652065,11.989598051809104,0.22307061966841496,0.008078067504081006,0.35041621736070655,0.19976495179612672,-11.639181834448399
1785126579118593018,87.19402002,1.701777,0.421742889031523,-0.013162851222616373,12.005014865890029,0.22298129870442393,0.007708561104592511,0.3653656972665982,0.19985441111441582,-11.63964916862343
1785126579151950684,87.227377686,1.564016,0.42173983927930137,-0.013158514163657348,11.990297773091493,0.22349176604079427,0.007812612592318132,0.35461860826861036,0.19935417402250616,-11.635679164822884
1785126579185308350,87.260735352,1.675881,0.4217466862255841,-0.013176233826198397,12.006088765394319,0.22300354424773847,0.009076808796958621,0.3140966156647788,0.1999850854169234,-11.691992149729542
1785126579218666016,87.294093018,1.661383,0.42176273099774836,-0.013167631813955694,12.005454790146427,0.22282270561644676,0.00853944921335641,0.32916886904818893,0.2001207911873207,-11.676285921098236
1785126579252023682,87.327450684,1.821646,0.42178149784945596,-0.013137892108786353,11.996162407072305,0.2226758571475468,0.007822934300610833,0.3517174874039914,0.2002059249949477,-11.644444919668313
1785126579285381348,87.36080835,1.577442,0.4217761119887521,-0.013141769929611996,12.01383503054502,0.22311884263965912,0.009204823693443975,0.3108510309901639,0.1999101821113474,-11.702983999554855
1785126579318739014,87.394166016,1.483698,0.42178480909316135,-0.013118070175371394,12.000108331093973,0.22384187967553834,0.00863365122310927,0.3195395579537641,0.19913447890866917,-11.680568773140209
1785126579352096680,87.427523682,1.630518,0.4217737302176796,-0.013120033880883147,12.001790120791814,0.2225284772538447,0.007515982713922906,0.35969008656203466,0.2003110481464357,-11.642100034229777
1785126579385454346,87.460881348,1.387762,0.42179964145535803,-0.013109768038803399,12.021393387577918,0.2227712934028581,0.007628502287431116,0.3559432447307104,0.20010586994046686,-11.665450142847208
1785126579418812012,87.494239014,1.36149,0.42178814876241844,-0.013080714409842903,12.004298247812374,0.22228307646388543,0.009410248458646252,0.28314429293595555,0.2007688155157435,-11.72115395487642
