stamp_ns,time_gap_ms,go2_x_m,go2_y_m,go2_z_m,go2_yaw_rad,vo_x_m,vo_y_m,vo_z_m,vo_yaw_rad,position_difference_m,yaw_difference_rad
1785119631167083008,30.554049,0.0,0.0,0.0,0.0,0.0,0.0,0.0,0.0,0.0,0.0
1785119631200424072,2.779106,-2.2880417289814623e-06,2.617032766813751e-05,-9.782551767887044e-06,3.381224502519262e-05,0.0002729793956637412,-0.00031476412395714976,-0.0015019802249770918,0.0003890203881699249,0.0015552049248651306,0.0003552081431447323
1785119631233765137,2.555335,-9.435617697787683e-06,2.1768609633398283e-05,3.1028824202750296e-06,-0.00019127411568227155,-0.00010222297132470414,-0.00031915322282872284,0.00036001601905011473,0.00020647382257750883,0.0005022192508669571,0.00039774793825978036
1785119631267106201,2.537082,4.583879699079306e-06,1.0384055544106946e-05,4.9782984762672495e-05,-9.725419404692068e-05,0.0005936102993086103,-0.0010661084468269254,-0.0006711812031867163,0.00047974883078611086,0.001423227877384571,0.0005770030248330316
1785119631300446777,2.623744,3.728463411588477e-05,4.135376719921465e-05,-6.03655099846936e-05,3.371210477588468e-05,0.0007062978234751121,-0.0016703187222523513,-0.0012278707281584982,0.0007772802882903601,0.002177261994603541,0.0007435681835144754
1785119631333787598,2.537785,1.9783574040151822e-05,2.3562330775403513e-05,-8.73800898365708e-05,-9.639744906916248e-05,0.0007428160944367956,-0.00012182014421679677,-0.002247064500742206,9.208759007306966e-05,0.0022821369030570455,0.00018848503914223213
1785119631367128174,2.598937,3.6161008873077664e-06,1.734308072278676e-05,4.1567122377392776e-05,0.00011211208935899968,0.00018920852046009514,-0.0015120477338983395,-0.00014060165445361027,0.0006861689762425356,0.0015513433769808853,0.0005740568868835358
1785119631400468506,2.474605,2.4350713633375293e-05,2.3819474775809023e-05,0.00017903284980429657,-7.88107538807706e-05,0.0002781694671638537,-0.0017604163891236162,0.0003203318804326315,0.000842145469134971,0.0018077297900198472,0.0009209562230157415
1785119631433808838,2.556027,1.743151521742478e-05,4.574944747242048e-05,0.00021494781546803316,-0.00024289070813805804,0.0004198007287077373,-0.0019537576535227238,-0.0038470184702957626,0.0006021268931640984,0.00454527224020482,0.0008450176013021564
1785119631467148926,2.507756,1.7700252881162398e-05,4.495473261504875e-05,0.00013412182322519145,0.00016794589701109614,-0.00047526057925212237,-0.0005043825260390827,-2.2463286298307756e-05,0.00034045221463397497,0.0007545201801725803,0.00017250631762287882
1785119631500489014,2.665002,8.8580843807307e-06,2.15929936536055e-05,-2.6035235848561845e-05,-5.436210690292078e-05,-8.39593883298211e-05,-0.00035588002581913485,0.0004641900399190589,0.0002950126292242136,0.0006256371030171418,0.0003493747361271344
1785119631533828857,2.450798,1.249215702858848e-05,4.472670291650366e-05,-0.00010224787258269013,-4.8739016032267984e-05,-0.00045636087676432195,0.00014472062855067495,0.00027406711437605536,5.4718593113220654e-05,0.0006094546101805359,0.00010345760914548862
1785119631567168945,2.452594,3.988959680774861e-05,4.8652041181534644e-05,-0.00017550250626237007,0.0001350716161433671,0.001173470745402315,0.00018132253510729326,-0.0008181806620469545,0.00033616071153645677,0.0013098255198041287,0.00020108909539308967
1785119631600512939,2.424736,3.505854082606977e-05,2.338084101519442e-05,-0.0001645335953169989,-0.00017706084335154763,0.0004374394465996189,-0.0015681212862975137,0.0005488441266712602,0.0005342360777667592,0.0017898874793687942,0.0007112969211183068
1785119631633856689,2.330602,2.8371649391980273e-05,4.5342218428703124e-05,-0.0001441169490771809,-5.43577295869086e-05,-0.0005663512332100201,-1.5736727849341595e-05,0.0006218684029461976,9.389720687604783e-05,0.000971678704245003,0.00014825493646295642
1785119631667200439,2.37356,1.929901480250126e-05,4.382880977633721e-05,-0.0001814765830301639,3.542215604137398e-05,-0.000662060701349518,0.00013641240192363156,0.0004098591207055389,0.00014028583166945556,0.0009069182426449783,0.00010486367562808157
1785119631700543945,2.362878,-3.133266473696593e-05,2.0192677759987336e-05,-0.00011030800137985386,-0.00015895560799342396,-7.716742810121332e-05,-0.0003791919343629616,-0.0005803869910908931,0.00014279243097305562,0.0006185330633854639,0.0003017480389664795
1785119631733887451,2.362211,-4.9714360062346894e-05,4.649984537912644e-05,2.3261740271606e-05,0.00012891308093929124,-4.492700354345771e-05,-0.0004240366170954702,0.0006180724567652519,0.0003775021922785901,0.0007584373868396988,0.0002485891113392989
1785119631767230713,2.352489,-4.233269455402165e-05,2.49238065967216e-05,2.6526331973235837e-05,-9.995262644071073e-05,-0.0005595926287665479,-0.00024336786990563242,0.0013998214456783064,0.00024428575123043166,0.0014918035167367765,0.00034423837767114237
1785119631800573975,2.527541,-5.565282853340375e-05,2.442711047814619e-05,6.782086558981723e-05,-0.00014843524297751404,-8.248455721779647e-05,-8.508621726193955e-05,-0.0005115107823549504,4.631807504098636e-05,0.0005902018882783251,0.00019475331801850038
1785119631833916992,2.359515,-3.303243061426333e-05,6.990172781706502e-05,1.0824795949551574e-05,6.355257957690325e-05,-0.0005367807222711795,-0.0010556978697649835,0.0011424790902845852,0.0005193870836405132,0.0016737318295686006,0.00045583450406360993
1785119631867259766,2.204131,-9.397518068406556e-06,6.249085186691656e-05,-1.3021080030882444e-05,-0.00016176848554063565,0.00017790671181409944,-0.00037625947699125876,-0.00043209978186295407,0.00018085269747453308,0.0006349895148223236,0.00034262118301516876
1785119631900602783,2.305995,-4.593607750273243e-05,3.189754188167988e-05,-0.00010276353949447938,-6.0590749504531736e-05,-0.00051140127435288,-0.0002486031590107904,0.0002526737315664076,8.421370848847659e-05,0.0006493644172104937,0.00014480445799300832
1785119631933945313,2.273163,-2.9818452789676807e-05,7.423489508813749e-05,-5.5792885238427665e-06,8.529169030483556e-05,-0.0003659593120050278,-0.002900210134491618,0.0012588219506191594,0.001234407650414491,0.0032494652490482343,0.0011491159601096554
1785119631967287842,2.303513,-2.3878278830079052e-05,5.628574785055153e-05,-5.740035098591448e-05,-0.0002668099909801604,0.00021843505920915405,-0.0004152578512866386,0.0006818456413970571,0.00015566505169685793,0.0009096998169359249,0.00042247504267701834
1785119632000630371,2.219661,-3.835076006705051e-05,7.666890006798651e-05,-0.00012945181138524254,-9.586086364736572e-05,-0.0009838313370943528,0.0005780125441867186,0.00020421901624243844,-0.00017672951382968817,0.0011209884888989147,-8.086865018232245e-05
1785119632033972656,2.34896,-1.4270078360155828e-05,9.832769116836603e-05,-0.00019910089369746528,-4.898520023647263e-06,0.0007432583605427651,-0.001121865005358873,-0.002303428483349638,0.0005813399193776197,0.0025477272532546404,0.0005862384394012669
1785119632067314941,2.240795,-3.7160572006727184e-05,7.588315280683868e-05,-0.00020913794078810126,-0.00016598558403882254,-0.00010966216229374905,-0.0004937349206445912,0.0006140977063508635,0.00022074085443651482,0.0010037121902801498,0.00038672643847533736
1785119632100656982,2.211074,-1.527787960543657e-05,9.124492768998376e-05,-0.0002858142988435275,0.0001055661068845842,-0.00020853366872509348,-0.0010073990847375624,1.4422091172259861e-06,0.0005414114170859924,0.001151903974920204,0.00043584531020140815
1785119632133999023,2.161804,-1.8374722297733293e-05,7.456416685502645e-05,-0.00034274583543759794,-0.00020413413207489962,0.00047283935056033626,-0.0006924994798567659,-0.00042597677549588393,0.00031731208828611484,0.0009146612995331072,0.0005214462203610144
1785119632167340820,2.168806,-2.720094390347357e-05,7.680485578550947e-05,-0.0002570669702287362,-2.0245831465372597e-05,0.0005336331693869184,-0.0001196497800700188,-2.4666957469811112e-05,0.00017933942558018506,0.0006380745195584109,0.0001995852570455577
1785119632200682617,2.15578,-7.866689561575534e-06,9.82804794705968e-05,-9.165167529130727e-05,0.0001608415569505177,-0.0002912701589584748,-0.0008344494088593658,0.0006138765680941871,0.0005410982013412211,0.0012033589129037292,0.0003802566443907034
1785119632234024170,2.207372,7.171280431408925e-08,7.945785682843624e-05,5.4427107636249136e-05,-0.0001751505872372615,-5.88349985612252e-06,-0.0005990179873273219,0.0001012882786540847,0.0002687476244704143,0.0006801183022165058,0.00044389821170767583
1785119632267365479,2.185774,4.47080894646286e-06,9.414861786066497e-05,0.00010837791238244826,-9.439157207004578e-06,0.00040899735271867596,0.000824634440328639,-0.0020368636944180733,-0.00013305137069768674,0.002302023634325045,-0.00012361221349068216
1785119632300706787,2.690606,9.995577443060333e-06,0.00013308294701503968,6.0819560759711194e-06,7.982079751741794e-05,-0.00014508603720665464,-0.0032799319608887868,2.9982130149418883e-05,0.0012324306712107797,0.003416620009175277,0.0011526098736933618
1785119632334048096,2.318534,-1.9030431693814853e-05,0.00010486209081084283,-6.692343759958399e-05,-0.0002211373361582995,0.0007981411006711186,-3.939576075352299e-05,-0.0024901185788379072,0.00011822598794923911,0.0025613383871653187,0.0003393633241075387
1785119632367389160,0.271339,-1.5597316886686498e-05,0.00010972053903419688,-0.00012415382005382265,1.1675199797186492e-05,0.00021344400903397615,-0.0005017824313082856,-0.0012129743992364281,0.00030390725494008653,0.001269616503267313,0.00029223205514290003
1785119632400730225,1.133319,-5.2247778687376845e-06,0.00012846066272392785,-4.5157393627796036e-05,6.138623184615523e-05,0.0007765807740093409,-0.0004555403820059116,0.00029283720028211284,0.00026403590200321146,0.001032723335025047,0.00020264967015705626
1785119632434071045,1.141553,-2.872913046897433e-05,0.00010412195650694525,-0.00010367627847635724,-2.9904194841733297e-05,-0.00028246016360229686,-0.0006175654867018868,-0.0006374221661795683,0.0001962285430430369,0.0009327898345824171,0.0002261327378847702
1785119632467411621,1.148112,-9.801405446712674e-06,0.00013668220689691494,-0.00016006191169101128,0.000258868600927787,-0.0005051719882083372,5.7189370719291044e-05,0.0009742017103624572,0.00021055053561836425,0.001240268152289257,-4.831806530942277e-05
1785119632500752441,1.178757,2.8724343426222096e-05,0.00011817982367700503,-0.00020574625620539477,-6.994898994077638e-05,-0.0007354565795809323,-0.000251608197481953,0.00029872834948547317,6.515815525881228e-05,0.0009875273623893572,0.00013510714519958866
1785119632534092773,3.275024,1.5076177469175776e-05,0.00011192381927387779,-0.00019616593106106154,-0.00010585526647135501,0.0003697665117529927,9.681775583511531e-05,-0.0012010844649716582,5.783042539255803e-05,0.001065783601949291,0.00016368569186391306
1785119632567433350,2.091153,3.5857373008699265e-05,9.856767230670465e-05,-0.0002119536841803919,7.475589340897706e-05,8.274451488129018e-05,-0.0010003362278052186,0.00037749315119356446,0.000475788881522933,0.0012478925264166575,0.00040103298811395595
1785119632600777100,4.516099,2.8718425963035252e-05,8.318522380445346e-05,-0.00014744797472511774,-0.0001062783669415749,-0.00025627381353719416,-0.0006853353765046875,-0.00043058143102988315,0.0001787287355465585,0.0008671845499972661,0.0002850071024881334
1785119632634120605,1.307652,-1.2793415330769201e-05,8.758774262492488e-05,4.5041888237521605e-05,0.00011048274118020254,-0.0012062403590299706,-0.0010189674076070995,0.00270443825106582,0.00045180935703052316,0.003117878914030236,0.00034132661585032053
1785119632667464111,1.241801,2.4950345070986965e-05,9.305823055327416e-05,-2.3483767002561445e-05,0.0001448431519051163,-0.00026682652856774226,-0.0029501780469605395,0.00075453708969424,0.0011018622772319105,0.003154637417869405,0.0009570191253267942
1785119632700807373,1.36954,1.0023236363770088e-05,5.8741325849427666e-05,-7.93039812939246e-05,-0.00011103288147230607,0.00026699387761848313,-0.0011523411071485442,-0.0004158618536192953,0.000397105668605896,0.001282975358846508,0.0005081385500782021
1785119632734150391,1.308685,7.312888043550353e-06,8.324725288676407e-05,7.518144248387843e-06,0.00021694981950337973,0.00027102762957421803,0.0002758959422191462,-0.0006253320513643829,0.00011053682604332325,0.0007121505125247007,-0.00010641299346005647
1785119632767493652,1.301001,1.5222399135318701e-05,4.794644751129015e-05,-9.906333652792639e-05,5.742405348385668e-05,5.325694925577661e-05,-0.0009595189304024345,-0.00014121094673932356,0.00039277748036102225,0.001009063692610254,0.0003353534268771656
1785119632800836426,1.327878,-8.087329075872152e-06,4.313476571532231e-05,-1.7150860204154913e-05,5.757817670376803e-05,-0.00025538481221762805,0.0008620499773376426,0.0013191062237173853,-0.00023064891883837685,0.0015866194135094826,-0.0002882270955421449
1785119632834179199,2.041757,4.667997681054451e-06,8.6436192693699e-05,-0.00011337377292216431,0.0002444395228568894,5.0796673873517764e-05,-0.000912703119163324,0.0016834029177496678,0.0005293942083667322,0.002056407959381362,0.00028495468550984276
1785119632867521973,1.974587,-1.0337268643162331e-05,5.628740371815973e-05,-0.0001814230741960439,-0.00010595392845156897,-0.00038925599091743787,-0.0010010462567176135,5.6345597769957194e-05,0.00028983960489276653,0.0011480713431442126,0.0003957935333443355
1785119632900864502,1.959638,-1.5729324833088333e-05,8.897231379557184e-05,-0.0001811734619283954,0.00021028154924313498,-0.0004801360998135632,-0.00012375556910291299,0.0015635178286111681,0.00015588293766649554,0.0018179313804692532,-5.4398611576639446e-05
1785119632934206787,1.954946,8.936130436121418e-06,7.786083226912652e-05,-0.0001846061353701794,0.00028611320645413873,-0.00033593378549763656,-0.0006722344242206101,0.000639463656512197,0.00034695624544725523,0.0011664772499357303,6.08430389931165e-05
1785119632967549072,1.909246,1.311490723785388e-05,8.144713349637775e-05,-2.6694587910331114e-05,8.299088747085699e-05,0.0010442230034731481,-0.0009860663836097064,-0.0016357751836202335,0.0004101609587456384,0.0021890430280870014,0.00032717007127478143
1785119633000891357,1.983709,4.870095582120243e-06,9.559753072674913e-05,-0.0001083317655702951,0.0004211134687849956,-0.0005015209166520065,0.0005149216801995346,0.0004227899200163468,2.6404289452494847e-05,0.0008451951517270872,-0.00039470917933250076
1785119633034233398,2.001911,1.8367972450798088e-05,8.53402304557716e-05,-8.453948677201647e-06,0.00019834101327280082,-0.00018032082317388784,-0.0005881449075359567,0.0002887507797948054,0.0002748509773446636,0.0007624894223716451,7.650996407186276e-05
1785119633067575195,1.919029,-2.4753623573738335e-05,6.893569630890592e-05,4.547629384207711e-05,0.00020343952028083187,0.001031225460556776,-9.788211334029243e-05,-0.0026470880798374137,0.00019119333830939475,0.0028970369197069794,-1.2246181971437123e-05
1785119633100916992,1.809205,-9.465452862406148e-06,0.00011197228067330612,-4.2743968462980215e-05,0.0005012557339567204,-0.00082016498102156,-0.0017922957747136996,0.001324325004001181,0.0008108477921852715,0.002480392736483297,0.00030959205822855113
1785119633134258545,1.907765,-6.594247701679692e-07,0.00010552575433686716,-7.958975468656298e-05,0.00023872541649467912,0.0011598964415756878,-0.0011059292067586975,-0.0012191851250720896,0.0006043037206926832,0.002028100256367264,0.0003655783041980041
1785119633167600098,2.116713,-1.9032454921799944e-05,9.970776931339445e-05,4.6159230086899914e-05,0.0003213590961165908,-0.0002950380141162439,0.00019903715455733785,-0.0007915767599209582,-6.974586582838237e-06,0.0008876074495144932,-0.00032833368269942904
1785119633200941650,1.514069,7.1352562508233105e-06,0.00013234545176946414,-1.169058249911091e-05,0.00055567628469005,0.00012504182786030486,-7.865604615936714e-05,0.0001283780664449529,0.0002748559572285635,0.000279361447186128,-0.0002808203274614865
1785119633234282959,1.544965,3.445199648278834e-06,0.00011446719049147484,-7.973928425466355e-05,0.00029359674327765424,-0.00011452013382825839,-0.00042426337640744105,-0.00030827499540221403,0.00024018911219014796,0.0005969715360745222,-5.340763108750628e-05
1785119633267624023,1.426604,1.1503060626894624e-05,0.00014632802011186555,-0.00011180708575882116,0.0005050269226148863,-0.0017978929915142452,-0.003325545581239941,0.006530222419288245,0.0010737472692722754,0.007710017919770568,0.0005687203466573891
1785119633300965088,1.472037,2.4567417228945827e-05,0.00018591064390824355,-0.000147738119193841,0.0004740137992095236,0.00048041162889197786,-0.0011076117046507593,-0.0015282073131809293,0.0005446670889597347,0.0019459417275642277,7.065328975021113e-05
1785119633334305908,1.501967,9.458819960438584e-06,0.00016433188870885505,-0.00018411016924966132,0.00025445808609209135,0.0003252498339539833,0.0008149137547377566,0.0002493262420144545,-0.0002718349007834394,0.0008431179345348041,-0.0005262929868755308
1785119633367646729,0.757276,3.591900537852489e-05,0.0001790308255587354,-0.00018710708380484674,0.0005259419835115503,0.0004611799004536068,0.00011762697540874645,-0.0015074357482419498,0.00014738189690712258,0.0013884830009141512,-0.00037856008660442774
1785119633400987305,1.54108,5.841207602323452e-05,0.00016807079738026393,-0.00021687448920276387,0.0004019230218809724,0.0004782799331348405,-0.0008570818934498937,-0.00033744349715214073,0.00043449232824366513,0.0011143446247143215,3.2569306362692735e-05
1785119633434327881,1.710113,4.769293073647358e-05,0.00017308358753002364,-0.0001921441931473183,0.00042351186077389883,-2.7239153246132196e-05,-9.989876904154606e-05,-0.0002536984342756662,8.214784038398588e-05,0.0002896948546492166,-0.00034136402038991294
1785119633467668213,1.917659,8.352771587409503e-05,0.00021922645984025918,-0.00021412109214626813,0.0006674059440484686,-0.000553372646549225,-2.6453089166825727e-05,0.0011516987397083027,0.00024330564557951728,0.0015269133326887053,-0.0004241002984689513
1785119633501008545,1.702251,9.355970862074522e-05,0.00019736708760167675,-9.422578453451485e-06,0.00045813212168661964,-0.00011546004987935559,-0.0014027253669216633,0.00010326386906672661,0.00047402555248264176,0.0016176165670271447,1.5893430796022124e-05
1785119633534348877,1.539166,8.558907228117864e-05,0.00019071844238273346,9.433534579021782e-06,0.0006096275530013688,4.570456073822115e-06,-0.000529076267508876,-0.0005832611775087498,0.0002995402162432014,0.0009359249234297095,-0.0003100873367581675
1785119633567688965,1.513528,0.00011184764460310427,0.00020088162477546512,-5.553834814216643e-05,0.000654544335509501,-0.0004345181440695317,-0.0023258624926967243,0.0009529558825949377,0.0008256000810030233,0.0027748895516114163,0.0001710557454935223
1785119633601032715,1.572375,0.00010711125261380497,0.000194392559272709,-0.00012092481415112233,0.0003997814641083459,0.0001456424566883216,-0.00010612973518134764,-0.00020315389123970543,8.331745999091914e-05,0.0003139425493146842,-0.00031646400411742686
1785119633634376465,1.4567,0.00011979810205932126,0.00022990886333075242,-5.409817141687365e-05,0.000722533226333858,-0.0011924815752246815,-8.816576938065675e-05,0.002032923171642242,0.00021285118904099684,0.002485740837209579,-0.0005096820372928612
1785119633667719971,1.572286,0.0001168735861995992,0.00022065363348713524,-0.00012340099616901993,0.0005593519407921404,0.0005864042361910841,-0.004392325779408466,-0.002391862378311487,0.0014911033493316514,0.005161972020202335,0.000931751408539511
1785119633701063477,1.66689,9.959263966954722e-05,0.00021573174235844204,-3.202563258678794e-05,0.0003729152869749897,0.0002413388167016554,-0.0003531336680173339,-0.0008450483172777181,9.168680897478342e-05,0.0010023500983425229,-0.00028122847800020627
1785119633734406738,1.693778,9.085467496867184e-05,0.00029505077288031535,1.4522387009060965e-05,0.000811711645704261,-0.0005651866535207173,-0.001261542465348002,-0.0002997686774611037,0.0006692145686598039,0.001718182646632782,-0.00014249707704445708
1785119633767750000,1.567124,9.613400098925677e-05,0.00026122695663300587,-3.868826894387646e-07,0.000576145262569582,0.00013539390444432278,-0.0005094007463674817,-0.00021337387702858226,0.0002761252939062643,0.0008004822648933148,-0.0003000199686633177
1785119633801093018,1.650035,6.648304772284997e-05,0.00022971546902447157,2.8752923339443612e-05,0.0005446026770372454,-0.0002734951965882088,0.00020267215407620878,-0.0006350036477859123,-8.959440761782302e-06,0.0007462501813737204,-0.0005535621177990278
1785119633834435791,1.818055,5.719954406772975e-05,0.00022368102552027528,-4.628710261907444e-05,0.0006605457037162592,-0.000201267773210046,-0.0004702401791165119,0.0004249226882549849,0.0003442103668669127,0.0008777076161005527,-0.00031633533684934654
1785119633867778564,1.573611,4.37682455845463e-05,0.00020329910630326504,-8.888268486154045e-05,0.0004078167408206917,-0.0008470097484115932,-0.0001183166900970259,0.0018374785304672312,3.476813610883372e-05,0.00214657627094984,-0.000373048604711858
1785119633901121338,1.842959,4.6426423564166324e-05,0.00018699938730020236,2.471449541834128e-05,0.0006113770967279301,0.00035075031085379387,-0.00033285634597866664,4.457607046292438e-05,0.0003124463249090977,0.0006027084651481445,-0.0002989307718188324
1785119633934463867,1.475962,6.887261592172978e-05,0.00020448987041261378,-2.3805508742762578e-05,0.0005984401539832054,0.0003360075733198196,-0.0012756347115526524,-0.0004004705990256552,0.0006988958374561335,0.0015504858766979311,0.00010045568347292805
1785119633967806396,1.689753,3.752074668820786e-05,0.00019288446725142157,-7.551348891763841e-05,0.0003447021990944021,-0.0002532542856811216,-0.0012590547022505642,1.960791168220814e-05,0.0004180089472123573,0.0014838212669440942,7.33067481179552e-05
1785119634001148682,1.652723,4.020482275799152e-05,0.00019187425589608557,3.573398187295089e-05,0.0006414104765541755,0.0007900719325295981,-0.00036248071027809284,-0.00023815003125419377,0.000395415562478274,0.0009719169529778905,-0.0002459949140759015
1785119634034490967,1.819301,6.509955246207246e-05,0.0002167478966129213,0.000153832375101802,0.0005442206764676265,0.0007241128829637511,-0.0003477124893099907,-0.0021632313562338227,0.00024004768793655306,0.0024742066268050706,-0.0003041729885310734
1785119634067833008,1.58533,5.46309707167267e-05,0.00022231779033033056,0.0002686286626656914,0.00044927501597216924,0.00010461523073139807,3.9755206517177445e-05,0.0008664675015460879,4.1813302570506865e-05,0.000627087554119526,-0.0004074617134016623
1785119634101174805,1.840589,4.239982525517217e-05,0.0002130596664447044,0.0003266296218137198,0.0006599959464370811,-0.0003431856482538551,-0.0003226598203843217,0.000756210323628301,0.0003633541232949146,0.0007875348280051137,-0.00029664182314216646
1785119634134516602,1.848131,6.236141924783507e-05,0.0002116302460316408,0.0002474000546676026,0.000409281388941727,-0.00010679498294724848,-0.0014238813161253723,0.0014272258242184917,0.0005135275829947691,0.002023734371119196,0.00010424619405304202
1785119634167858398,1.775086,4.924354335738783e-05,0.00021941120615476202,0.00012875594312574987,0.0004884301592956038,0.0007764213954872455,-0.0008586834648039686,-0.0003054570228810977,0.0005399570286111742,0.0013709911188721357,5.152686931557035e-05
1785119634201199951,1.769271,6.000039042305238e-05,0.00023095074207489646,-2.5410943653147844e-06,0.0005780279328277585,-3.6904614463535274e-05,-0.000693611893001408,-0.0002424749178584174,0.0004207131418419376,0.0009600910820371829,-0.00015731479098582087
1785119634234541504,1.444467,5.986241674760513e-05,0.00022803044508924608,5.090702359976496e-06,0.0003409615638544292,0.0008163303666548148,-0.0006784716585521291,-2.079638429041769e-06,0.00021818931367720032,0.0011806952345673654,-0.00012277225017722892
1785119634267882813,1.57045,4.0057143347290255e-05,0.00024878774460660276,8.35122412493597e-05,0.0006249174960016769,-0.0004288316774926283,0.0002736742466719852,-0.0002151434573487145,6.711709704877113e-05,0.0005564811682337537,-0.0005578003989529058
1785119634301224121,1.87889,6.14853465798465e-05,0.00024144608845061741,0.00015340049088585794,0.0004968795659415151,0.0004808085564288923,-0.0020917416468312607,0.00012871991721285987,0.0008621737006194812,0.0023706973853920526,0.0003652941346779661
1785119634334565186,1.922416,6.845874357185092e-05,0.0002458318966132752,7.430758800882438e-05,0.00042357983379219825,0.0002930730308082587,0.000215502014833871,-0.00046727335134167443,-5.956837854748085e-05,0.000587095727822338,-0.00048314821233967913
1785119634367906006,1.424853,5.64590027658123e-05,0.00027355728482124814,-2.2827933549324254e-05,0.0006910239233283683,0.0006579012505418247,-0.0005718461404730685,-0.0008444140896313972,0.00045996340450668463,0.001323421150191783,-0.0002310605188216837
1785119634401246826,1.34724,5.1017160458232126e-05,0.0002648422660807937,-0.0001003961141249216,0.0004234915726187376,0.0004798313842758043,-0.0014809668137137984,-0.0019197976232030714,0.0005470139638743778,0.002557724151052524,0.00012352239125564023
1785119634434587646,1.363802,3.101545042384322e-05,0.0002616364944679867,-6.960897304073889e-05,0.0006384357733657623,6.783079640334958e-05,-3.2296938746002553e-05,-0.00010377213586010517,0.000118912930713721,0.0002981934850971362,-0.0005195228426520413
1785119634467928223,1.581832,4.220981737277708e-05,0.0002578652808970061,-0.00013184063633228275,0.0007400392226703076,-0.00028581277595540896,-0.0014131799279336538,0.0001757277382348945,0.0006932058341105727,0.0017304881440574932,-4.683338855973488e-05
1785119634501268799,1.514237,2.373746889285177e-05,0.00024079507391705146,-0.0001330038129078557,0.0004861456854426677,-0.0005198483015507037,-0.0014208862324045514,0.0011807482445284844,0.00037809995925230374,0.0021869190021639117,-0.00010804572619036395
1785119634534609131,1.445695,3.804803966323084e-05,0.000268184768444138,-0.0001910768016829136,0.0007664105734941781,-4.0638672848701505e-05,-0.0029148307295856447,0.0012807264421748424,0.001102092815860843,0.0035077035290990506,0.00033568224236666484
1785119634567949463,1.799775,3.229471274498261e-05,0.0002922331145536408,-0.0002093336714629974,0.0007496269863840857,5.844357233392249e-05,-0.0001583742202927164,0.0006702883678254979,0.0001987660509027818,0.0009886686325949613,-0.0005508609354813039
1785119634601292969,1.97878,1.1166926328336787e-05,0.00028112674910095583,-8.904609272973478e-05,0.0006522205756147884,-0.0003692251344893183,0.00022777582338040928,-0.0003915832438760869,-1.379824001407859e-06,0.0004889510906339126,-0.0006536003996161963
1785119634634636230,1.794428,2.5242561961148957e-05,0.00028959015208287965,1.964314894947891e-05,0.0008608124307298247,-0.00012355450999020111,-0.0012612096794763308,1.2914197618599709e-05,0.0005468324426796733,0.0015579364444583046,-0.0003139799880501514
1785119634667979248,1.941474,3.048181042796467e-05,0.000280185550310278,-3.472642872639694e-05,0.0006721045134078026,7.001095724235608e-05,-0.0008469396736921873,-5.5677561460247255e-05,0.000287734882545196,0.0011280127543575528,-0.0003843696308626066
1785119634701322266,1.986953,2.9206940091236795e-05,0.00028588717067603594,7.265967041460881e-05,0.000734799885999846,-0.00040589411471859634,0.0003997931915411168,0.0015745189629532035,-0.00011402740479553116,0.0015677591792333649,-0.0008488272907953772
1785119634734665283,1.965674,3.3268461382872365e-05,0.00030634642050864384,-3.171267338632668e-05,0.001013599941893317,0.0002260884097771395,-0.0014724282994860944,-0.002775954138594818,0.0007197193899088917,0.003275985387079859,-0.0002938805519844254
1785119634768008057,3.568801,5.03618840445014e-05,0.00029940529174831484,-0.00011813785163893422,0.0007909877755322094,0.0006905730742806703,-0.001005562952190476,-0.0011124256511757253,0.0004918333348459984,0.001761085095644165,-0.000299154440686211
1785119634801350586,1.269324,5.267243306817586e-05,0.0002946887386394862,-8.923957399467248e-05,0.000995343904936049,0.0010000400716064686,0.0002026401421639649,-0.001466550788105356,0.00016955174478606782,0.0016742056525940235,-0.0008257921601499811
1785119634834693115,1.246984,7.773383582801378e-05,0.0002987417579672104,-0.00016712967478719933,0.0009903288707210388,0.0003852253518497097,-0.0008648372779923016,-0.0010237903764028133,0.000507347823438731,0.0014772727449737723,-0.0004829810472823078
1785119634868035400,1.161706,8.192390060531519e-05,0.00029381885129596146,-0.0004195290817679477,0.0008227326126964584,0.0002683155791815607,-0.00023697718906790015,0.00032931957933018637,5.9521439136295335e-05,0.0009366219149352062,-0.0007632111735601631
1785119634901377686,1.588551,0.00010005017140585715,0.00029944228694373486,-0.0004041976744707832,0.0011094755418580207,0.0004889175011343862,-0.00099650633675914,-0.002811659158829452,0.0005957811703280636,0.002761624781551255,-0.0005136943715299571
1785119634934719971,1.202628,9.92350669495128e-05,0.000284385922890434,-8.864587984961359e-05,0.0009722888157101589,0.00027376093672591093,-0.0013201931057375425,0.00020714042424446527,0.0006611828864351824,0.0016409212887958837,-0.0003111059292749765
1785119634968061768,1.196994,6.404926365144365e-05,0.00027703667188763465,0.0001231537780617186,0.0008971368294038726,0.0012605288957630184,0.0002369772424280703,-0.0019847527766851097,9.56910114975034e-05,0.0024241366115570137,-0.0008014458179063692
1785119635001403809,1.127696,7.054861774000134e-05,0.00030980546000180305,0.00012978434655480287,0.0011849833167672764,-0.0009876500921844353,8.696815219030899e-05,0.0035511470845453023,6.81017504686529e-05,0.003588197870846626,-0.0011168815662986236
1785119635034745361,1.129936,5.448922576927715e-05,0.00027881557128337273,5.914685359695606e-05,0.0008451455253514465,-0.0004983183794055008,-3.729572430164355e-05,-0.00031962927994675484,1.7011052542170324e-06,0.0007409412654710452,-0.0008434444200972295
1785119635068087158,1.112857,5.862258101105737e-05,0.0002866219122391565,-1.5160002853498976e-05,0.0009897543908351705,-8.144124680703584e-05,-0.00043935028174937413,-0.00028254129182683497,0.0001966111592245452,0.0007862227775895454,-0.0007931432316106254
1785119635101428467,1.302976,7.169894478909101e-05,0.0003047412584596974,-7.214427704420085e-05,0.0011488492312387085,-0.0009755490933562546,-0.0006984474709398716,0.0015974749514418567,0.00043714986728056807,0.0022115027579281865,-0.0007116993639581403
1785119635134770020,1.064412,5.939762128726537e-05,0.0002732294584124534,-1.759571381093272e-05,0.0009030269641561724,0.0005252552065917154,-0.0004393555949045487,-0.0028789034086344244,0.00013740863610324172,0.0029852776206665626,-0.0007656183280529307
1785119635168111084,1.111009,3.5605140449389846e-05,0.0002871514278637301,6.101799061020046e-05,0.0011495274545544666,4.210084255685598e-06,-0.001609260423792758,-0.0009040819797805268,0.0007630825419267385,0.0021280933986798554,-0.00038644491262772806
1785119635201452148,1.194322,6.051586799865797e-05,0.00032043487134498437,4.156202779832363e-08,0.0010480047668850049,0.0003641971331601802,-0.0004646418757284309,-0.000501149113979919,0.00037218642510887507,0.0009796733656288461,-0.0006758183417761299
1785119635234793213,1.116464,2.4867990776991348e-05,0.0002804881887311642,-4.635843367983784e-05,0.0008021555713398596,0.0009223471064033664,0.00015729123045402893,-0.0027357562874555153,2.7309138718166093e-05,0.002837870164297066,-0.0007748464326216936
1785119635268134033,10.079444,1.8007218698168183e-05,0.0003239214776801738,-6.420955169627458e-05,0.0010882288395133017,0.0013619016375530802,-0.000652661445256151,-0.002504143918378041,0.0005952229561502968,0.0029517869381300186,-0.0004930058833630048
1785119635301474854,1.204184,3.0259525218803463e-05,0.0003280399089036976,-0.00012681340298081322,0.000890507114592341,0.000658215673472966,-0.00016795590658358735,-0.0004671196452280136,0.00022154092076899916,0.0008695683478735359,-0.0006689661938233418
1785119635334815430,1.169015,2.196036024697447e-05,0.0003145741298956466,-0.00016810047177235577,0.000939635282731871,0.0005105964793609876,0.00024807393133648484,-0.0002447761613273781,6.86418012374506e-05,0.0004990658219913983,-0.0008709934814944205
1785119635368155762,1.029321,2.9713932325848206e-05,0.000337454002250688,-0.0001911376156140543,0.001124057830078889,-1.2856994341400073e-05,-0.00023804472063512425,-0.00012901022261131319,0.0003019739485556343,0.000580405786326968,-0.0008220838815232547
1785119635401496094,2.286857,1.984295443793496e-05,0.0003169242508075873,-0.00016911315137056176,0.0009026717895105917,0.00029133724022344776,-0.0004691801849322279,0.00033792028603913445,0.00017258902727635734,0.0009740391356385488,-0.0007300827622342343
1785119635434836426,2.299848,2.7489645551779185e-05,0.00030217286516758245,-0.00024321473228493498,0.001065216178968739,0.0003413677368714827,5.6949430778132004e-05,-0.0003000706060231678,0.00021116462843346148,0.0004023513133603457,-0.0008540515505352775
1785119635468176514,2.208883,5.697057675033022e-05,0.00032049512072591127,-0.0003149460952380444,0.001162569171863112,0.0007209665659460698,-0.000165277937567449,1.640884210827543e-05,0.0002618530950077933,0.0008869398132542571,-0.0009007160768553188
1785119635501516357,1.059017,2.6643177022667387e-05,0.0002931873802415173,-0.00019117382833513656,0.000942682831110354,-0.00047400655446930404,-0.0002380753480794862,0.0027497999272013897,-1.0961577677974372e-05,0.0030302172976373622,-0.0009536444087883283
1785119635534856201,1.064872,2.2517952330980596e-05,0.0002806586909048844,-4.759362058353297e-06,0.0012586181558133104,-0.00044063205752511867,-0.00011830787002681969,-0.0012143500227530066,0.0002906965639372755,0.0013552829279567804,-0.0009679215918760348
1785119635568196045,2.368937,4.5003749984030394e-05,0.0002779959979789359,-5.710662114258015e-05,0.001129735686748815,0.0008067343518619473,0.00018460146432374444,-0.0034131551437172718,0.00016489034057925282,0.0034426759555075373,-0.0009648453461695622
1785119635601541748,2.366557,1.2362503961171652e-05,0.00025527476374753933,-4.9843954623290095e-05,0.0009174526466796948,0.00047751885893102967,0.001235650246904974,-0.00015616179426713856,-0.000233340004457004,0.001090325641985711,-0.001150792651136699
1785119635634885498,2.384158,1.619661144026577e-05,0.0002966838553858531,-2.0586177373722046e-05,0.0012504526142938822,0.0003232642145718078,0.0003011200391409501,-0.0003138988458243389,0.00027452457484694197,0.00042466753359879145,-0.0009759280394469402
1785119635668229004,2.307101,1.7518709231858278e-05,0.0002906058715533151,-0.0001046091073487239,0.0010255634827862716,0.001463739041477836,-0.0008674075672778304,-0.0009355677766926045,0.000498417946111019,0.0020305271936305,-0.0005271455366752527
1785119635701572266,2.495399,-1.8715364342126662e-05,0.0002742720006545589,-5.57527256700686e-05,0.0010033773873115394,0.000660143525006941,0.0022324186288775433,-0.000894493140442361,-0.0005775998686543841,0.0022357712523068387,-0.0015809772559659235
1785119635734915527,2.373751,-8.927319333695693e-06,0.00028597440011628254,-3.0467033416684816e-05,0.0013038664029724012,2.419830604298572e-05,-5.669716262421676e-05,-9.226744305604747e-05,0.0003210715864094977,0.0003497719222567832,-0.0009827948165629036
1785119635768258789,2.389434,-1.5695026105450756e-05,0.0002809828601832931,-9.29476411343849e-05,0.0010822782051851442,0.0015982050119495252,0.001120917638370704,-0.0026228027479201985,-3.850657371746871e-05,0.0031161403411548794,-0.0011207847789026129
1785119635801601807,2.351466,7.615644786527639e-06,0.000286377722712569,-0.00013857096789665445,0.0012425466079282676,0.0007247758933150223,-0.00028448041706188675,-8.827687641201544e-05,0.00047093690105289905,0.000918001815605214,-0.0007716097068753685
1785119635834944824,2.433661,3.107319783177521e-05,0.0002717335950818888,-0.0001834576971618076,0.001146922477021526,0.0007423624983714863,0.0024763938850010745,-0.0011890266860711792,-0.0006051191138169147,0.002525396692495069,-0.0017520415908384409
1785119635868287598,2.385675,8.110749331768686e-06,0.00025823953237232543,-1.893506549541861e-05,0.0009156525282446408,0.0006068794781138247,-0.0002293703754655185,-3.6258356155717246e-06,0.00016085092166770137,0.0007723482280088587,-0.0007548016065769394
1785119635901630127,2.428281,1.7639689895902635e-05,0.00026981546126961925,9.121245722690326e-05,0.0011782011764454655,0.0014607398496540424,0.0013761802745853025,-0.002479878131457546,-2.1718925142414327e-05,0.0031491408330620533,-0.0011999201015878798
1785119635934972656,2.51714,1.7340985657663036e-05,0.0002619029706682742,1.5725947754927692e-05,0.0009871122651591484,-7.816889710960424e-05,-0.0006398260415147823,0.0005440906951303868,0.00031224540088456215,0.0010494792305653221,-0.0006748668642745862
1785119635968315186,2.407159,-2.3262341078371162e-05,0.00025711783109662973,-4.372649214531645e-05,0.000832436514819254,0.0009679004621417461,0.0005699632879779889,-0.0011996902106840418,-6.539857037382831e-06,0.0015545186074654572,-0.0008389763718566369
1785119636001657471,2.47384,-5.663406711526432e-06,0.00027960357793169833,-0.00010661155685231983,0.001120823803116063,0.0009183911966777659,-0.0004539989851832565,-0.00011297049351327674,0.0005600722902212794,0.0011798686650340501,-0.0005607515128947836
1785119636034999512,2.53074,1.552179820844896e-05,0.00027769663141002823,-0.00015111385951600592,0.0008964716049426823,0.0016059275349638402,0.00034899670533795755,-0.0013367955646275775,0.00013268926517488096,0.0019850227237698994,-0.0007637823397678014
1785119636068341553,2.44745,1.2542588554344263e-05,0.00026562472497220407,-0.00018112502306865232,0.0009246492944679077,0.0003695489303842733,0.0008390935438570361,-0.0001684062670262067,-4.16268996873054e-05,0.0006756343545848004,-0.000966276194155213
1785119636101683594,2.507926,1.0710554800647867e-05,0.0002909833033179881,-0.00018880379070467746,0.0009903377840931912,0.0004997142693623786,0.00044700912800767353,-0.000704511152123591,6.498250165246566e-05,0.0007276144401033593,-0.0009253552824407255
1785119636135025391,0.804988,-1.2644428359699412e-06,0.00026453534790918306,-0.00017475227343432658,0.000800060375584783,0.0011862719539098775,0.001991683613576989,-0.00030993054555549464,-0.0005076400371564476,0.0021003706792966535,-0.0013077004127412307
1785119636168366943,0.774803,1.1432414053883657e-06,0.00027658957998324046,-0.00019366237355625368,0.0010375425858385426,0.0010397460491263532,0.00045492798731167094,-0.001191119419295854,0.00020930961025352745,0.0014510068703592976,-0.0008282329755850153
1785119636201708496,0.783241,9.258059485352224e-07,0.0002711558316694035,-5.1165361998876725e-05,0.0008547858739138579,0.00014118063200310984,-0.0004750024637204056,0.0007857133223787099,0.0003609235005383956,0.0011299511274281667,-0.0004938623733754624
1785119636235050049,0.771174,-5.398611814940447e-06,0.00026248758642215557,0.00010222104888766065,0.0008053515113023355,-1.313082521321719e-05,0.0010871894413814513,-7.348581315806293e-07,-0.0002997519708996367,0.0008311394921958012,-0.0011051034822019722
1785119636268391357,0.738372,6.2372661170009624e-06,0.00028775027191498605,5.4101575210872114e-05,0.0010768306435046226,-0.0007096401546215358,0.0005567596141794094,0.0008842344314182438,5.6250692415474104e-05,0.0011287014958366126,-0.0010205799510891488
1785119636301732422,0.665044,9.386743904843382e-06,0.0002800782292142264,-1.417021449885563e-05,0.0008487209328344244,0.00042459596782921705,0.0017814274489768873,-0.00015140178775796905,-0.00046770893026161004,0.0015637393273858027,-0.0013164298630960343
1785119636335073486,2.63814,-3.5017693956203976e-06,0.00027517155486719364,-6.673903997214883e-05,0.0009561412686045389,-0.0006508778729160384,0.002139041374898979,0.00172478985248355,-0.00046339250020390306,0.002665085795605489,-0.0014195337688084422
1785119636368414307,2.571035,1.7596582850881968e-05,0.0002812677726836672,-8.813039458796306e-05,0.0011293107735630306,0.0005705988773208009,0.0005884869779097563,0.0012989037380221936,0.0001943961902501897,0.001524486425906887,-0.0009349145833128409
1785119636401755127,2.641019,-3.7924647444676415e-05,0.0002839860270495284,-0.0005012901595676613,0.0007922061900745153,-0.00044319126714105874,-7.138812040789866e-05,0.0009656262814327693,9.33514500449561e-06,0.001562810181243581,-0.0007828710450700197
1785119636435095947,2.675479,-5.380023754733313e-05,0.00029095553237042283,-0.00019701090045736342,0.0009168454788271924,0.00044110168699847694,0.0007241129177969252,0.0007513854742817991,2.291685138564942e-05,0.0011541269077042853,-0.0008939286274415431
1785119636468436523,2.603598,-2.308952835332762e-05,0.00030659034504179844,2.337196457290371e-05,0.0010023820992645024,-0.0005157128763321842,-0.0006453378988408774,0.004431198014645126,0.00036581813048914863,0.004536273319826611,-0.0006365639687753538
1785119636501776855,2.501433,-6.208043758904613e-06,0.00029453410072908116,0.0001931715802337493,0.0008171706872503794,0.0004946421833641987,0.0009420131709656503,-0.0003902770907724465,-0.00015433938540826775,0.0010052325343434584,-0.0009715100726586471
1785119636535117188,2.67798,-3.646607590549993e-05,0.00028098956312669213,0.0002895544370950295,0.0010141695125562924,0.00045037211668710534,-0.00026886215911750235,0.0004677986253077014,0.0005178991570488474,0.0007557243762466153,-0.000496270355507445
1785119636568457275,2.282553,-3.0649375525009584e-05,0.00029870514522588765,0.00020055219152693561,0.0007805302144412172,0.00037861472682336385,0.0011196090713065734,0.0014039508202360153,-0.000208923922823762,0.0015131254478411885,-0.0009894541372649794
1785119636601797607,2.677252,-3.089387243406924e-05,0.00028948299201361186,9.36810351148496e-05,0.0007706576971639263,0.0009162278279885619,0.0012411988334982565,-0.0008363755099953645,-0.0001861911517683888,0.0016333425040225425,-0.0009568488489323151
1785119636635220459,0.501201,-3.920946204599491e-06,0.00032376315683789756,2.6062680777563183e-05,0.0010323320173156675,-7.15302876160425e-05,0.0012477712467598382,0.0010052225010202863,-5.273295179906098e-05,0.0013480044239041072,-0.0010850649691147285
1785119636668644531,0.478618,-8.335898158963037e-07,0.0003264357244837959,4.53657417838822e-05,0.0007328029889715628,0.0003133212911236087,0.0009877212683849052,-0.00014745590130527036,-0.00020370544932114633,0.0007570812676551316,-0.0009365084382927092
1785119636702069580,0.535882,-1.9856773534540242e-05,0.0003318434059908656,3.283964256061465e-05,0.0008923209901182333,0.0006955871903821699,0.00148294285607983,0.0002707167663953228,-0.00026151911783097977,0.0013760361679635619,-0.0011538401079492129
1785119636735495361,0.33373,-2.160486839513871e-05,0.000346162505610445,-3.9236166230228145e-05,0.0008850240441454149,0.0007519179218681047,0.0001551593159853375,-0.0009155162517746444,0.00019208533958152492,0.0011843506718136009,-0.0006929387045638899
1785119636768922119,2.352767,-1.9640093609952877e-05,0.0003047176839880601,4.674989616495198e-07,0.000682425479390835,-0.0001825541066170896,0.0005665247676418486,-0.0002686878979818933,-0.0002155340547308853,0.00040930251940249216,-0.0008979595341217203
1785119636802349854,3.220868,-4.2223492092574424e-05,0.00030684460013864724,0.00015370694581487643,0.0009363070294729073,-7.317703864112328e-05,0.0004788821970656971,0.0005204555907569164,6.696471242829248e-05,0.0004062753073559724,-0.0008693423170446149
1785119636835778320,0.993121,-4.308484262457618e-05,0.0003065423274047357,0.00012263346177623937,0.0008322653533592429,0.0009850490671468807,0.0022553357601048435,0.00025621906760597135,-0.0005379698979715515,0.0022074193742562622,-0.0013702352513307943
1785119636869208008,3.240413,-7.427435968468991e-05,0.0002863979638994938,0.00017786124998601021,0.0007457251849197562,0.0003287409284786531,0.0015559428077887884,-0.00030025242479181905,-0.00041807687534774484,0.0014151883687865852,-0.0011638020602675009
1785119636902638428,3.065093,-7.098361409907085e-05,0.0003120111203123885,0.00023580597548378534,0.001007479003617399,0.0007948007989523386,-0.00014770786996901546,-0.00045778836068029974,0.0004471251869353361,0.0012008319212391987,-0.0005603538166820629
1785119636936069824,2.987264,-5.858448509039832e-05,0.0003101457422032559,0.0001860515327914149,0.0007167262938813008,0.0011208593478597045,0.00043252539085334975,-0.003128624339407895,3.5885977660772725e-05,0.003520389278365108,-0.0006808403162205281
1785119636969502197,2.914419,-6.665926044656811e-05,0.0003071390943851127,0.0002518686538815245,0.0008248104807758383,0.0002855789361179265,0.0006312296546462353,-0.001150484030032293,-4.2551737772070026e-05,0.0014817892861165056,-0.0008673622185479084
1785119637002935303,2.881371,-3.9306087227695274e-05,0.00034415873760222166,5.556229941736967e-05,0.0009679012073253349,0.0009801979182140648,0.0005580922642370745,-0.0008258819699816035,6.753677928972831e-05,0.0013645878392344363,-0.0009003644280356066
1785119637036369629,2.766042,-4.504764814493182e-05,0.0003054511130484424,-5.446855727974428e-05,0.0007137373766681616,0.00031457503925913315,-0.0006074897272033736,0.00029508245485441607,0.00021618722986703844,0.0010416215076405773,-0.0004975501468011232
1785119637069804688,2.623992,-4.704290636515447e-05,0.0002969813914581861,-0.00010422389881182481,0.000946549349636873,0.000796582459956286,9.952013987368487e-05,-0.0007175310347929212,0.00024519297961674724,0.001061527365461502,-0.000701356370020126
1785119637103240723,2.627116,-2.9757502009499017e-05,0.00030227492947957756,-0.00015919504369276566,0.0008426824347749913,0.0005163983687628843,8.845153992105846e-05,0.0008249818101581798,0.0001308115991031068,0.0011456922609310843,-0.0007118708356718843
1785119637136677734,2.416118,-4.714362430267213e-05,0.00030094593296720046,-8.50384807156149e-05,0.0008881190880888237,0.0004321883290176027,0.000604277104686239,-0.0005500201090368393,-6.394860346458644e-05,0.0007334690422141429,-0.0009520676915534101
1785119637170115723,2.302848,-5.3655316184251816e-05,0.0003205765689951457,-0.00012932249085128276,0.0011313551432683138,-0.0003241477791194606,0.0004152956795258486,0.0005645142734531976,0.0001398982168704898,0.0007506979005598683,-0.000991456926397824
1785119637203554443,1.165703,-6.415513493020969e-05,0.00032444852028795933,-0.00016536394807923157,0.0008644660325226468,-0.0005112099341582718,0.00024647670056505717,-0.00010629686588210423,-8.811271998685487e-05,0.000457631421979551,-0.0009525787525095017
1785119637236994141,2.267701,-9.819826369959962e-05,0.00032068306673425207,2.311528034487149e-05,0.000861268845221582,0.000744626182602697,0.00053500475890778,0.000742348778978495,-3.146271490529868e-05,0.0011285316391566786,-0.0008927315601268805
1785119637270434814,1.952428,-7.209459245850706e-05,0.00036262820381207717,4.569538689513473e-05,0.0011496243117159128,-0.00040109387484326797,-0.0007060082948508578,-9.241015570291563e-05,0.0005475750533777935,0.0011266310997751511,-0.0006020492583381192
1785119637303876465,1.968533,-8.363926089197608e-05,0.00033065626351944316,-9.158587037147968e-06,0.0008174548734242325,0.0005589701678954973,9.176859006119913e-05,0.0014093530867037391,4.478661864882022e-05,0.001575496609655517,-0.0007726682547754123
1785119637337319092,1.778623,-9.736568502943133e-05,0.00034970760595852716,-0.00017128388817778096,0.0010224738143208075,0.0010440164708521006,-0.0008194892468494729,-0.0024037427390849737,0.0005059131876386733,0.002766522551394579,-0.0005165606266821341
1785119637370762451,1.767509,-7.26206564627452e-05,0.0003560850703027333,-0.0002197087867107412,0.0010834556423372842,-0.0006195031096661348,-0.002321625693818366,0.003237834071759058,0.000858185388583951,0.004407246075733379,-0.00022527025375333322
1785119637404206787,3.136815,-0.00011124189925130363,0.0003386319057847532,-0.000196617765927693,0.0009465939586554293,0.00012931789294999468,0.0018508164237810447,0.0009992971971968891,-0.0005368007512541836,0.001942880240549293,-0.0014833947099096127
1785119637437652100,1.416194,-0.00011441152664657966,0.0003619658068971406,-0.0001920654304034198,0.001215921029892121,-8.375761647868698e-06,-0.00012461533827822394,0.0008457866410928577,0.0002789766510150351,0.001151147999437147,-0.0009369443788770858
1785119637471098389,1.31465,-9.962448783532341e-05,0.00036289636833637174,-0.00015938412435726574,0.0010442414760256271,0.00039410033108460644,-0.0016711933381499454,-0.000559099759899527,0.0006314079908040229,0.002130975767142382,-0.0004128334852216042
1785119637504545410,1.260059,-0.0001171678455889525,0.0003556748550533622,1.994879682091066e-06,0.0010484100341088313,4.503284032649926e-05,0.0006591993654899382,-0.0006536227778346739,-0.00023570533084597234,0.0007404530395609003,-0.0012841153649548037
1785119637537993652,1.005643,-6.657541870361446e-05,0.0003990265984977644,1.4831154372920941e-05,0.0013670023025783005,0.0002437589666178125,-0.0005844107714150945,0.0005637915457542732,0.0004708850843547673,0.0011682525422867765,-0.0008961172182235332
1785119637571442627,0.940753,-7.692835596689922e-05,0.00036212221538109673,-3.4477716183170205e-05,0.0011154209459923934,0.0003615277739272121,0.0006190467153131027,-0.0005439780916650429,-0.00016452775311003086,0.0007196142085334354,-0.0012799486991024243
1785119637604890381,0.848235,-0.00010155897492325567,0.00036678462018003357,4.2694133575254415e-05,0.0012787718662394612,0.00013278440847590167,-0.0002684987772134237,-0.00010905651333800753,0.00013342616749534322,0.0006939236810956456,-0.001145345698744118
1785119637638247803,0.822446,-9.598928440267668e-05,0.0003626812187964466,5.800639686703474e-05,0.0013270563694894432,0.0007391011036520182,0.0001244054108050632,0.00017327134302744357,0.0002928747504815743,0.0008760350019883049,-0.001034181619007869
1785119637671604980,0.820743,-0.00010311098180705605,0.0003545972519423984,9.949003455940069e-06,0.0010786197050788192,0.00034079626703089266,-4.522493410099966e-05,-0.0014564722699154577,6.47367497979331e-05,0.0015834464869453563,-0.001013882955280886
1785119637704962402,0.805206,-9.193613561437317e-05,0.0003696578766822421,5.653574180386279e-05,0.001292479086296062,0.0003782806567222404,-0.0004347545037371142,5.081589903943193e-05,0.00036618151508247335,0.0009317809968917154,-0.0009262975712135886
1785119637738319824,0.72315,-7.230929074608865e-05,0.000350314256073259,-6.678131496202162e-05,0.0011165797503350208,-0.00047692659289988226,-0.0005232156074960921,0.0009268669426824624,0.00018582474606430665,0.0013835123576136292,-0.0009307550042707141
1785119637771677246,0.789151,-8.492512012095316e-05,0.0003124926529396159,-8.157675884505242e-05,0.0010109976886228614,-0.0001857209851977891,0.00011307152059493976,1.2318274559946149e-05,-5.279388966044726e-06,0.0002423734138480257,-0.0010162770775889061
1785119637805034668,0.672286,-7.844318338676299e-05,0.00031940437890318364,-0.00014598706018839828,0.0012711843046738609,0.0001494586670655649,5.0215120371644645e-05,0.00012148074295532471,0.00024268114182844462,0.0004426523873954418,-0.0010285031628454162
1785119637838392090,0.641728,-7.542265746898095e-05,0.0003004374165066328,-0.00010186524086278295,0.0009286047884202134,0.0006158218969434225,-0.0002915281625190879,-0.00021851323118399343,0.00018094203970470577,0.000917523315454183,-0.0007476627487155076
1785119637871749512,0.552043,-7.763670776285674e-05,0.00030424856961970326,-5.512543863535024e-05,0.0010632457115560769,0.00042966910756627314,0.0010211911333011187,-0.001145791566149777,-0.00016698275370614763,0.00140032797286641,-0.0012302284652622245
1785119637905106934,2.773698,-2.0484421145890906e-05,0.00030760856469611784,-2.660776481015778e-05,0.001313020886988201,0.0006899234453554867,-9.4950698981562e-05,-0.0002192891051291359,0.0003831716888590241,0.0008389632867216974,-0.0009298491981291769
1785119637938464111,2.810687,-2.591863489409416e-05,0.0003137468369963923,8.749249343866319e-05,0.0010564280905691126,-1.4876522435469087e-05,0.0005125730566015121,-0.0007653774237803169,-0.00011805003055297761,0.0008758087060238225,-0.0011744781211220903
1785119637971821533,2.778063,-2.0433732820618907e-05,0.00030068432877034717,0.00011887243079275924,0.0011571433011107433,0.0005564405258251216,0.0009089374131069053,-3.959331651049919e-05,-0.0001410659170881381,0.0008531512866786224,-0.0012982092181988815
1785119638005178955,1.416633,5.912900970330269e-07,0.0002985578403584719,0.00012706692255592337,0.0012143249136354875,-0.0004766668753274036,-0.0010332309293603985,0.0011025143858883618,0.0005409516864823684,0.0017184104391370794,-0.0006733732271531191
1785119638038536377,0.509648,-2.2065882368814753e-05,0.00027724624689355213,0.00010068893888360648,0.0010779687532363118,0.0003512285050066113,8.781812114872634e-05,-0.001185300968559959,0.0001105258109224681,0.0013524059141085943,-0.0009674429423138437
1785119638071893799,0.546086,-3.237268473551265e-05,0.0002839559886972328,1.814349746559237e-05,0.0013096427943857117,0.000996684050777286,2.2385509166973066e-05,-0.002330941014041095,0.0003243355528840767,0.0025779012632113282,-0.000985307241501635
1785119638105250977,0.51911,2.4325125697276434e-06,0.00029044884992798623,-6.883581483242086e-05,0.0010280948696160792,0.0009998796376111565,-0.0011470045624633696,-0.0010230067802223133,0.0005569101243967685,0.001992891194029931,-0.0004711847452193108
1785119638138608398,0.405346,-3.419332761976372e-06,0.0002939902600175716,-1.2261980249621222e-05,0.0010315258163602235,9.305428331829964e-05,0.00013917974415575437,-8.351380186820602e-05,1.6893798298108857e-05,0.00019583226625092474,-0.0010146320180621146
1785119638171965820,0.417465,7.244113459415877e-06,0.0003184238689038008,-1.530416332343528e-05,0.0013561497654914064,0.0007363353559578827,0.00022990434907871647,-0.0019881690808166734,0.0001244053994932169,0.0021051379356122066,-0.0012317443659981895
1785119638205323242,0.369979,-1.0516916115399735e-06,0.00027489772959750933,-9.799567504325931e-05,0.0010446501170029198,0.00036885285274554656,0.00027542554802455286,-4.285756785176287e-05,1.259739794040299e-05,0.0003739917932160767,-0.0010320527190625169
1785119638238680420,6.251893,2.095375324061448e-06,0.00028031135547373985,-0.0001177472643078585,0.0011147998670067172,3.921651164301841e-06,0.0007526769436399585,8.200961748862724e-05,-9.6461491583247e-05,0.000512869765137425,-0.001211261358589964
1785119638272037842,0.267861,2.990508901721419e-06,0.0002830080630987975,-2.8647508016647858e-05,0.0012716707139275646,0.0009667317378303513,-0.0013342487826084365,-9.296728091337206e-05,0.0006916525120532023,0.0018837340296626972,-0.0005800182018743621
1785119638305395264,0.243741,3.148351456495717e-06,0.00029467557156156446,8.149084668212497e-05,0.0010675437586746975,0.0011560330601447595,0.001209975723609852,-0.0014853246779950276,-0.0003061356738085525,0.0021498438101955645,-0.0013736794324832502
1785119638338752441,0.251098,1.613693883533369e-05,0.000300059925710457,4.1751350055403325e-05,0.0014048571711699584,0.0004865767169884635,0.0005242998655119076,0.00039177394242663303,0.00011914478668454162,0.000627784159278649,-0.0012857123844854169
1785119638372109863,0.281337,1.513376439247038e-05,0.00030760517123171784,9.295622589724366e-05,0.0012478539771519136,0.00016241158068301974,0.0005278363462429995,0.0005930560142080046,-5.012760515295631e-06,0.0005659437462209743,-0.001252866737667209
1785119638405467285,0.17234,1.5013600896387607e-05,0.00030796740988407647,0.00018399925914078027,0.001144115689072529,0.0005618435503601082,-0.00013920836335123605,0.00038639752144969773,0.00016376555728826674,0.0007348157744528653,-0.0009803501317842624
1785119638438824463,0.200677,1.0608235395127145e-05,0.0003158236455794174,0.00011126855765295782,0.0014048379120969166,0.0019687909767013042,-0.0006574022478844133,-0.003430299928164765,0.0005716000640828379,0.004162253671725822,-0.0008332378480140787
1785119638472181885,0.128396,8.524172881531941e-07,0.00030802925647302075,-0.00011377911265227475,0.0011555684916594716,0.0006454005719158442,-0.0013578522309849628,-0.001166483649915582,0.0006181195806246763,0.0020733524294398046,-0.0005374489110347954
1785119638505539307,0.157443,-6.6571053463763985e-06,0.00031832067513740754,-0.00016716867862223765,0.0012489106462882675,5.076131552217596e-05,0.0008430751511341285,0.0006571748727918849,-0.0001423046954192543,0.000978880189753414,-0.0013912153417075218
1785119638538896484,0.016636,1.7564618368046082e-05,0.00034231424681237406,-0.0001654672297084731,0.0014347362903516323,-2.7028564340254408e-05,0.0002003626148211053,0.00040745944633684557,0.00012448362961296145,0.0005919322544796642,-0.0013102526607386708
1785119638572253906,0.29446,3.3812791929110214e-05,0.0002962081834691995,-0.00012082986923828902,0.0012585552877270563,0.0003705365077482405,0.00043714064575671316,-0.0001931251543609921,-0.0001402148936898619,0.0003721174921613291,-0.0013987701814169183
1785119638605611084,1.587369,2.2789626338473838e-05,0.00030785963818441895,5.259791367788709e-05,0.0015154010641453112,0.0005141254925519644,0.0014580823576883428,-0.0010641840628753912,-0.00020484636787806458,0.001676790154147206,-0.001720247432023376
1785119638638968750,0.040599,-3.444789348123194e-06,0.0002950269514104965,0.00011885846431933054,0.001457812241231895,0.000555454818308041,-0.0011685590403281653,0.0004901505855920125,0.0006045043137889844,0.0016100653918307245,-0.0008533079274429106
1785119638672326172,0.024211,-5.800904338105526e-06,0.00025872414992242956,4.3658107875218064e-05,0.0012600919843785477,0.000246761050486424,3.47956550476584e-05,-0.0009355468455762797,1.3477310232523725e-05,0.0010357479677535544,-0.001246614674146024
1785119638705683594,0.067382,-3.723949747216559e-07,0.00028391317394095263,2.0261706298079123e-05,0.0016255628581156947,0.0011441085810677681,-0.002881472074128603,-0.001414182038805094,0.0012321316630914865,0.00365884262179793,-0.00039343119502420823
1785119638739041260,0.005051,7.864485881460977e-06,0.0002743434641793732,-7.462883227066718e-05,0.001569369471063158,-0.0004387429372241337,-0.0004202286981047597,0.0009169408318429207,0.00030902796245000817,0.0012903871813465168,-0.0012603415086131498
1785119638772398682,0.083442,-9.527883503073704e-06,0.0002757430891552807,-0.00012403624445101876,0.0014761920545169034,-0.0003246796598644332,-0.00012339844854353626,0.00018595413606311274,9.08008108876972e-05,0.000595591005029116,-0.0013853912436292064
1785119638805756104,0.107801,1.2230597614796403e-06,0.0003000464512897809,-0.0001672032958646814,0.001618730720187854,0.00029856783827109264,-0.0008715343310891406,-0.00022154141564608795,0.0005643979080942776,0.0012099454856347516,-0.0010543328120935765
1785119638839113525,0.180081,2.39074715646908e-05,0.0002954250573701231,1.563511607791882e-05,0.001477922430698835,0.0001284018855613239,-7.425536872351063e-05,0.00042211558419739313,6.129625505920741e-05,0.0005592933675236077,-0.0014166261756396277
1785119638872471191,0.153662,1.5535627059779135e-05,0.0003025426873712871,0.00016893152286363418,0.0017065690939738886,0.00016918766988318888,0.00023769098631121655,-0.0005158408937453917,0.00011589595151717174,0.0007047892989700943,-0.001590673142456717
1785119638905828613,3.115016,3.8976071856823376e-05,0.0003008719047351531,6.89166821571382e-05,0.0016313143446968243,0.0003370934133703776,-0.0003571577348720053,0.0013585770028845367,0.00031135336507639663,0.0014782086113845137,-0.0013199609796204273
1785119638939186035,2.954997,7.017572131577013e-06,0.00028488493470624497,4.442233713300639e-05,0.0014132102153647612,-0.00016001327828242036,0.0005834689457245282,0.0004895739671589667,-0.0003229352486455843,0.0005614371650866719,-0.0017361454640103455
1785119638972543457,3.045556,3.418727123844175e-05,0.00027274197085691,-6.96928214647884e-05,0.0017991639321181443,0.0006490792564456055,0.00037413860190539915,-0.0007247810807259916,0.0002056203193845325,0.0009041648398836706,-0.001593543612733612
1785119639005901123,2.906751,6.793697796049891e-05,0.00027598170556158676,-0.0001472951151941468,0.0016923039521897266,0.000210063303791587,-0.001269584257732319,-0.00039849453809062473,0.0006495650574811688,0.0015722834316529532,-0.0010427388947085578
1785119639039258545,2.960832,5.363924213829101e-05,0.0002606964031969586,7.180779955083178e-05,0.00155950781636014,0.00017130250600661277,0.00013207429972657728,0.0003673778226934283,4.291640791571832e-06,0.00034314709345382316,-0.0015552161755685683
1785119639072615967,2.876391,8.259931467462808e-05,0.00027050893425796177,3.913249091910986e-05,0.0018130942114854651,0.0008509594358104192,0.0005262965477518121,-0.00032663939576189335,7.926577365544394e-05,0.0008885908237512177,-0.0017338284378300211
1785119639105973389,0.401427,8.626463337169577e-05,0.00027458764515102914,-2.3715695999413334e-05,0.0015809472707703535,0.0006612454837926375,-0.00030663573512166106,-0.00043431960590443693,0.0002616334494978482,0.000914887516012594,-0.0013193138212725052
1785119639139330811,0.412673,5.77462044682643e-05,0.00026368140577917804,-7.166234101089856e-05,0.0015525540911687007,0.0003380546952377743,0.0005647657503489483,1.7071567304509385e-05,-7.829547646257323e-05,0.00042083053480874684,-0.0016308495676312738
1785119639172688232,0.47637,4.3557425271814674e-05,0.0002552138183258883,-2.057615248830162e-05,0.0016193850223170138,0.00026552744926802994,0.00018659486315000925,0.0008694312343406926,0.00019297807913152943,0.000919832811532881,-0.0014264069431854844
1785119639206045898,0.084694,4.343801740664315e-05,0.00021675373647593745,-0.00010358257859479173,0.0013542046791961107,-0.00016348849007981412,-0.0008497666857523523,0.0009735703243745096,0.0002206182257278372,0.0015298832527045145,-0.0011335864534682736
1785119639239403320,0.217772,4.326225699247252e-05,0.00022516620271528253,-0.00016115721281299044,0.0015900331443539177,-0.00035296550681540915,0.0015154312514381913,-0.00010034100403485214,-0.0003361027147521782,0.001351102863596355,-0.001926135859106096
1785119639272760742,2.914531,3.3204600978918475e-05,0.00025483567431193167,-0.00019134811477895542,0.0016581733657012596,0.0003588243877080043,-0.0010093974460501356,0.0006820316817909516,0.0005414900477851253,0.0015707023579234855,-0.0011166833179161342
1785119639306118164,2.680125,1.5314209184986918e-05,0.00021844116883742545,-0.0001818010341814829,0.0014589129351516089,0.0008211145413309779,-0.0005345530174102861,-0.0013362150159100753,0.0002490642224459983,0.001596554434092338,-0.0012098487127056106
1785119639339475586,2.743266,1.4601012225316433e-05,0.00022661574811320937,-7.94717539318063e-06,0.0016900105626830653,-0.0006359753460043879,-0.00017998917094987362,0.001529538796406169,0.00023286977530055636,0.0017182666474018261,-0.001457140787382509
1785119639372833008,2.879363,3.003749169989631e-05,0.00023397427284056548,4.516639611362959e-05,0.0015286266081986823,-0.00011035119918533232,-0.0002712789258072079,0.0012921762599071638,0.0001968627265161349,0.0013527835671941922,-0.0013317638816825474
1785119639406190430,2.58583,3.359478796735825e-05,0.0002190687931386484,2.1080301417349225e-05,0.0016051413683168825,0.000300822832686435,-0.00020528636948669482,-0.00042847598732204605,0.00013871157637308516,0.0006734901548473451,-0.0014664297919437972
1785119639439547852,2.776286,3.417508722177773e-05,0.00026678789082083235,-4.408575944292889e-05,0.0017709871612937443,0.0006996166793530586,-0.00043475198312859577,-0.00022182209424258985,0.0004603249227159996,0.0009831382974878004,-0.001310662238577745
1785119639472905273,8.669954,-6.350800468133368e-06,0.00025677653342101164,-7.943629319280893e-05,0.0014565157913042216,0.0015122016121163968,-0.0003481207734938444,-0.0020206951613691185,0.0003645241192040714,0.00253779198811729,-0.0010919916721001503
1785119639506262695,2.512277,8.79667566095344e-06,0.00026514521929046995,1.4175780174722735e-05,0.0016530744448606616,0.0011488625755741912,0.0010026764300028533,-0.002437062285493435,-8.700991648319633e-05,0.0028021903214272273,-0.0017400843613438579
1785119639539620117,2.640029,1.650722986431742e-05,0.00028313976304076817,0.00014697246726549424,0.0016250044572805483,6.944542218309703e-06,-0.0011714901362719619,0.0004330653370648939,0.0006534539219203919,0.0014825278139446944,-0.0009715505353601563
1785119639572977783,0.747468,2.050168080823072e-05,0.00027644395050576375,0.00025996525873879734,0.0013522265004140134,0.00037798608406323827,0.002078315666332594,-0.0005645879629947877,-0.0005849865782214782,0.002013560228634482,-0.0019372130786354913
1785119639606335205,0.698394,2.7033085879354294e-05,0.00027198018583780696,0.0003581765178845161,0.0016819474322007544,0.0002847133393116425,0.00042912023029240246,-0.0004904025006745031,6.112017892062708e-05,0.0009006544605556056,-0.0016208272532801274
1785119639639692383,0.825028,3.5251281202863e-05,0.0002737012393028579,0.00035880911399823763,0.0015753283048418054,-0.0004451784471095624,-0.00040142976749725707,0.0009051161538939964,0.0002432958034145918,0.0009925049027732578,-0.0013320325014272137
1785119639673049805,0.749967,2.7819000120279054e-05,0.00025890689206888544,0.00023633226801233315,0.0014666682287346868,-0.00014324828285674492,0.0006140532959648207,0.001070461875671896,-0.00015901706090252333,0.0009225861400864704,-0.00162568528963721
1785119639706407227,0.512304,4.622072238062923e-05,0.0003000659688528687,8.99110297471136e-05,0.0017525161032951766,0.0007590362375342343,-0.00011837222676182657,-0.000325150637696307,0.0003870317808110461,0.0009249176557801749,-0.0013654843224841305
1785119639739764648,0.946742,4.6397568770952384e-05,0.00027974674828562063,4.017562105567152e-05,0.0015291599340979828,0.0006954671230413751,0.00037828904433306854,-0.00018468889190282744,0.0001292033674535767,0.0006939495079464866,-0.001399956566644406
1785119639773122070,0.671647,1.8706630114446728e-05,0.00028254705346474453,5.53347146061461e-06,0.0015666968558174204,0.0005901718952332393,0.0011778123454201912,-0.0014071706984448787,-0.0002553501380843261,0.0017674290831277309,-0.0018220469939017462
1785119639806479248,1.013812,7.17064781889481e-06,0.00027479936014168085,-0.0002533897354614205,0.0016367050970250748,0.0005597820237835963,-0.0005058871992096444,-0.0003109292317705485,0.0004639878665163153,0.0009582075090672788,-0.0011727172305087594
1785119639839836670,1.099206,-7.700978741322322e-07,0.00027529072407386405,-7.759639079663918e-05,0.001377636349891535,0.00021861180097473972,0.00041948996579135595,0.0005907160344703105,-4.852624549552888e-05,0.0007180273926673192,-0.001426162595387064
1785119639873194092,1.037019,-1.437627785536224e-05,0.00029764309026496423,3.408091545765757e-05,0.0016418035107235848,0.0009339278424838961,0.0008244202984773136,-0.0006552807506248349,1.730179092800565e-06,0.0012852993575072078,-0.001640073331630784
1785119639906551514,1.195369,1.3217696132064427e-05,0.0003293696397479144,-0.00014250555428311227,0.0015854934188466719,-0.00017670381520694915,-0.0018687650716682814,0.0022762960816545778,0.0007113712643476882,0.0032739071068093708,-0.0008741221544989837
1785119639939908691,0.983448,-2.3218513344833188e-05,0.0003153619944226853,-0.00020279503332022884,0.001388610117173456,0.00012364888051988605,-2.7627347435959133e-06,2.856239576133449e-05,-4.330877667237059e-05,0.00041988050047479575,-0.0014319188938458267
1785119639973266113,1.179707,-4.575707636087321e-06,0.00033454607767745417,-8.950673905223565e-05,0.0017644609944936838,-0.00037073739834689296,-0.002093299222111654,0.001380603723576338,0.0008281531420401795,0.0028617707727528175,-0.0009363078524535043
1785119640006623535,1.196437,2.8299398100238404e-05,0.00032460439665415487,5.559456548028636e-05,0.0015310946948547733,0.0008431014899983952,-0.00034388250363773134,-0.0006032043767718513,0.00033779134794658907,0.0012428971120474945,-0.0011933033469081844
1785119640039980713,1.356212,1.8658361111826544e-05,0.00030342130168331804,0.0002038788334807359,0.0014338894507688563,0.0005256170418549862,0.0001981433251606605,-0.0003733902825114445,5.5889431507496794e-05,0.0007754548269241371,-0.0013780000192613595
1785119640073338135,1.11831,2.260777165396073e-05,0.00035354632433898746,0.00024618776174718153,0.0016805826831607776,0.0003954658177658682,0.0006331273340851969,-0.0013549336701753874,1.9905300437548805e-05,0.0016675666413438705,-0.0016606773827232287
1785119640106695557,1.305986,2.5443598165034987e-05,0.00031416803826849957,0.00016762694233127715,0.0013537013570574952,0.000999254537913077,-0.00197683271658744,-0.001965319381175553,0.0006845041260500785,0.0032781781867501883,-0.0006691972310074168
1785119640140052734,1.297198,1.0179034407079784e-05,0.00032223723385571974,8.244790499072576e-05,0.001496910247869107,-0.00048017841261150946,-0.0007021164256319119,0.0006093414516637576,0.0002525502610484807,0.001251945547968432,-0.0012443599868206259
1785119640173410156,1.197817,2.3151010453481768e-05,0.0003305931824297251,0.0001342510848636106,0.0015470473883031394,-2.991994379653302e-05,0.0003072052151808674,0.0006890417351052839,0.00013860943185266196,0.0005578137581600327,-0.0014084379564504774
1785119640206767334,1.36999,1.435356151197582e-06,0.0003247487007124064,8.663488991498408e-05,0.0012619478931432306,0.00043397886971630333,-0.00020161052780427957,-0.00039435762454268175,0.0001880020861782092,0.0008339674619169716,-0.0010739458069650215
1785119640240124756,1.382905,3.2410218420966125e-05,0.0003270059953946679,-0.00015919029542570815,0.0015369955516642531,0.0009435800088447645,-0.00015896749071874874,0.00039333718856352125,0.0002762060670043445,0.001171190521115008,-0.0012607894846599086
1785119640273482178,1.90294,6.201166415182989e-05,0.00031336293306763094,-0.0004607262014995388,0.0013936923834325962,-0.0003504131249600536,-2.406104843295541e-06,-0.0011933756835807486,0.00013255674676265904,0.0008980977427713749,-0.001261135636669937
1785119640306839355,1.916257,1.541433785316046e-05,0.00029628974190769477,-5.836791656720518e-05,0.0013618343037727885,0.0007288013332387341,-0.0007353572134583447,-0.00015484864658492698,0.0003520349245163729,0.001257984489954478,-0.0010097993792564156
1785119640340196777,1.889753,6.401336298037789e-05,0.00030578524012106055,-0.00010860811074658492,0.0016601104557321241,0.0010970005609949038,0.00022618882802171085,-0.00300555707116346,0.00032908378380059407,0.003076639631049013,-0.0013310266719315299
1785119640373553955,1.922382,4.4014907163477024e-05,0.00027575742481975935,-0.00014730093526683203,0.0013121729173079712,0.0004897565891693953,-0.0011575421894671326,-0.001168578425775747,0.00043712293722815855,0.0018155002462166194,-0.0008750499800798127
1785119640406911377,1.858684,9.13848633652906e-06,0.000277316090536562,-2.90419260140568e-05,0.0013258215987138771,0.00023577674116415575,-0.00047899550895752133,-0.00045540029824403587,0.00018894622451689501,0.0008973035136737226,-0.001136875374196982
1785119640440268555,1.866994,4.556294825463999e-05,0.0003165008437353828,4.146431595715973e-05,0.0016269260496985958,0.00021895977053193143,-0.0008759488335815375,-8.29871433310127e-06,0.0005066313609043169,0.0012060178481650922,-0.0011202946887942792
1785119640473625977,1.772301,4.311799689966296e-05,0.0003011823612667809,-3.624200191987573e-05,0.0015353075889206176,0.0010397421377261733,-0.0019513340085819631,-0.0036009397636499476,0.0008329067965634137,0.004332915855056284,-0.000702400792357204
1785119640506983154,1.834018,1.8453708330418792e-05,0.00030270489975887027,9.508256964508744e-06,0.0016910490541114842,9.150489849454284e-05,0.0007201124831074539,0.00021509943131434547,-2.871361053536135e-05,0.0004709918236995678,-0.0017197626646468455
1785119640540340576,1.671853,3.6323029223744936e-05,0.00030736962448470195,-5.586480927190221e-06,0.0015848934419353908,0.0011731491883102921,-0.000436234499740919,-0.0025527453745380927,0.00040338708145211616,0.002886752368813429,-0.0011815063604832747
1785119640573697754,1.757173,1.7706609634149233e-05,0.00029906158286971196,2.9849584453460446e-05,0.0015113593869470325,0.0010323052560264948,-0.00030076601761135866,-8.536385706395502e-05,0.0002415411639916908,0.0011842625134092296,-0.0012698182229553417
1785119640607055176,1.658189,2.397176042590635e-06,0.00030377397195993167,0.00013782575375166121,0.0018265467250560977,0.00019959778870531764,-0.00020455552989622597,0.00017528639919151622,0.00033348267969978145,0.0005465256298186342,-0.0014930640453563163
1785119640640412598,1.763291,2.705124048802226e-05,0.00028788152438356926,0.00025430934516706397,0.0015732845661841815,0.00019120706279887877,8.512313306665353e-05,0.0014792173111244497,6.268861132393357e-06,0.0012523807824754564,-0.0015670157050517882
1785119640673770264,1.587292,1.5056272466821714e-05,0.00027659743456382786,0.00035305066506424065,0.0016571935889061467,0.0007082105273118897,0.0005729259798717216,-0.0014696031576637558,-3.851028055109705e-05,0.001972394581537653,-0.0016957038694572434
1785119640707127930,1.823996,4.169880743925464e-05,0.0002882806032358002,0.00039420212162180997,0.0019517823998572268,3.885827691795958e-05,0.00011567646141852,0.0004253388968193461,0.0002847431887516791,0.0001754131042876332,-0.0016670392111055477
1785119640740485352,1.562173,3.864581476805514e-05,0.00028206952837808523,0.0002571431478160771,0.0016226759324569648,0.0003243301623048047,-0.0007084716427149021,0.0007915771333477394,0.00018721317653309986,0.001161209301955949,-0.001435462755923865
1785119640773843018,1.751431,2.9715500099371785e-05,0.00027890466148839033,0.00024771271164172475,0.0017950154282771792,-3.9701312007210505e-05,0.00023917716707138592,-0.0003480301233968385,7.173596694583668e-05,0.0006010877582478939,-0.0017232794613313426
1785119640807200439,1.487463,6.0898394682430413e-05,0.00028756576243513655,0.00018259910629090298,0.0018618316609591463,0.0002783811516277495,-0.0004151926213016445,0.00017673502787371228,0.00033716627902395343,0.0007356646538311817,-0.0015246653819351928
1785119640840558105,1.567764,4.295661497538903e-05,0.0002717361368482749,5.886000687031668e-05,0.0016404219333251984,-3.632866856792794e-05,0.0003929785636285422,-0.00015659601719696526,-0.00010844860625906071,0.0002596289285595768,-0.001748870539584259
1785119640873915771,1.495477,3.519386083135617e-05,0.00028013213138317105,9.208578936919994e-05,0.0018572299864231944,0.00023894877239506417,0.0008654108296921567,0.00013562313457716647,-6.60449194204107e-05,0.0006212589790967635,-0.001923274905843605
1785119640907273193,1.538591,3.354741118930661e-05,0.0002928204303954433,-8.519008941720708e-06,0.0017083535580536494,0.000862387547225786,-0.001945290860598753,-0.0002482226671707845,0.0008023580340751735,0.0023986612861654883,-0.0009059955239784758
1785119640940630859,1.526147,1.8293425146993622e-05,0.0002903424947744877,-3.363320705155882e-05,0.0017295521061817542,0.0004852828944906127,-0.0002243230496693674,0.00012130011287724868,9.364051147210045e-05,0.0007120141295927258,-0.0016359115947096538
1785119640973988281,1.38997,1.3866110208209574e-05,0.00031154198943877053,-7.730404113601096e-05,0.0019994710724231565,-0.000289444738464909,-0.00035177328932518094,0.0015124124327823647,0.00043682989411800984,0.0017490520568044792,-0.001562641178305147
1785119641007345947,1.341525,-1.4968558674145489e-05,0.0002926916470093243,-0.00015337141618981424,0.0016987687244563172,0.00011991510915527555,-0.0006585868544620847,0.0009492435326967024,0.00029098123344165256,0.0014624924330460048,-0.0014077874910146647
1785119641040703369,1.649045,-2.3267138828311212e-05,0.0002771952461047131,-0.00018167219229026378,0.0017479853863412568,-0.0008829482477037002,0.0007670578105283694,0.0016741766037321306,-0.00024555943224318315,0.002103138534352578,-0.0019935448185844406
1785119641074061035,1.325227,8.758144794548318e-06,0.00029961382057276464,-0.00020474428177948676,0.0019323997522373987,0.0001851979336043645,-0.0005581767044630675,-0.0004926904475026214,0.00041776661721293546,0.0009218723221092799,-0.0015146331350244632
1785119641107418701,1.334003,1.737986161977825e-05,0.000261682301432536,-0.00017627805379155903,0.0018015366679367615,-0.00014208674219224102,0.00034510117364615166,0.0004446446878924077,-1.5537697021875978e-05,0.0006464776539935972,-0.0018170743649586374
1785119641140776123,1.228582,7.690640499443167e-06,0.00027717517142908474,-0.00010283296059444253,0.0019241638123918409,0.0006819888680303736,0.0003788261106723245,-0.0032046856918960883,0.00020258220807257697,0.0031759252793137098,-0.001721581604319264
1785119641174133789,1.299346,3.0590374583451134e-05,0.00028757416567659925,3.8631822295135287e-05,0.0018277983119851496,0.0002445001496321239,-0.00025421620177502814,0.0004076759314669935,0.00029913392275294126,0.0006895561968680969,-0.0015286643892322082
1785119641207491211,1.201793,2.5834352411571998e-05,0.00027955913217173,0.00010696804579684713,0.0017046484813314233,0.00015292760386250145,0.001627027049957889,-0.000882041620242435,-0.0004241706349095153,0.0016762943069599883,-0.0021288191162409384
1785119641240848877,1.390575,9.854698531662908e-06,0.000286505833156335,1.4726439181973877e-05,0.0019509563713561889,0.00022775407622563297,-0.0009960159393888751,-0.001498046998168621,0.0005349845076628898,0.0019952006687562686,-0.001415971863693299
1785119641274206299,2.257901,1.7725493221231608e-05,0.0002893235269640686,9.082479603391569e-05,0.0016585514868299078,-3.9881603782575525e-05,-0.0003212397508955371,0.0005440480000349799,0.0002671178399960016,0.0007625728598244645,-0.0013914336468339062
1785119641307563965,1.127751,1.1220407616344543e-05,0.0002783831404188004,5.364716270558071e-06,0.0017347598967079525,0.0007079779615222516,6.191471228371026e-05,-0.001828765444293215,0.00013150310124856153,0.0019739207469384153,-0.0016032567954593912
1785119641340921387,0.995389,3.7536414194737374e-05,0.00031212762237916377,-8.191335306842823e-05,0.001986354330640191,0.0010922106699263268,-0.0002253132465446757,-0.0011167683896222869,0.0004627650777965997,0.001572293045196563,-0.0015235892528435914
1785119641374279053,1.027053,3.008741341102312e-05,0.0002915413562808645,-0.00014989501282693652,0.001725712705224501,0.0005518513425231067,-0.0010214858056481124,-0.00034455149875418895,0.00048460299229707295,0.0014262429923401164,-0.0012411097129274283
1785119641407636475,1.217747,6.33903866039745e-05,0.00030068306310877536,-0.00011548059786507475,0.001938022381704536,0.0006295410542507267,0.00083783521074432,-0.0011446409394388467,-0.00010990084308155466,0.0012915997897392922,-0.0020479232247860905
1785119641440993896,2.726421,9.330777905867797e-05,0.0003266950404472173,-0.0001895303807953084,0.001966504265877189,0.0010265508522520753,0.0011488869207791868,-0.0008656689291105336,-0.00015050093366191983,0.0014156643169427902,-0.002117005199539109
1785119641474351563,0.980673,6.407428237240032e-05,0.0002972781564265852,-0.00012785407080290304,0.0016888598558506274,-0.0005989513911379842,0.0009089715209710606,0.0016243585325818868,-0.0002713226714285262,0.0019707919279878692,-0.0019601825272791535
1785119641507708984,5.767327,6.801921344745894e-05,0.00030300876316340916,-0.0001716790561019263,0.0019006425944698572,0.0006475867613959106,0.0003377099579154607,0.00037515480846017646,0.00020173397206274884,0.000797577576781171,-0.0016989086224071083
1785119641541066650,0.90501,8.58968015963603e-05,0.0003059765822807749,-0.00015574636867332636,0.0018117367968637085,0.00034974408785683696,-0.0008590427719257791,-0.0003981088904891353,0.0005161964878024676,0.001218862206372727,-0.001295540309061241
1785119641574424072,8.262805,0.00011428755208139477,0.0003205368623523953,-7.24203007982679e-06,0.0017580349879895683,5.0834836974416255e-05,0.0006146269907209679,0.000686814180623056,-0.00015358052706600605,0.0007564583757706272,-0.0019116155150555743
1785119641607781738,0.878459,0.00013899060883442718,0.00032032021459048934,-7.499497728293419e-05,0.002025086004690883,0.0009406662479368177,0.0003217567914160448,-0.0008874357936101285,0.000134288073811259,0.0011413789791815863,-0.001890797930879624
1785119641641138916,0.929446,0.00011774621621137425,0.00029913643111902495,-0.00014345012450022552,0.00171561615652868,-0.000639013241682698,-0.000914124197985074,0.001876831476650865,0.0003698635357572925,0.002475121002940224,-0.0013457526207713876
1785119641674496094,2.587501,0.00011542059830396575,0.0003097639272170266,-6.92709704966404e-05,0.0017484412678008174,0.0014326860732699633,0.00027303317323890033,-0.001500951405152156,0.00020083540910471791,0.001945827933503012,-0.0015476058586960995
1785119641707853271,2.566553,0.0001153644723713699,0.0003302732521519911,-0.00017537245816315756,0.0019541171840841668,0.0012473355518214206,0.00103008423480846,-0.0014907274156045758,4.5440424799890887e-05,0.0018711634349312303,-0.0019086767592842759
1785119641741210449,0.650871,0.00012046680542839369,0.0002991253768102837,-0.0002205457904204221,0.0016852016335716386,0.00027141999028524,0.0004666411289534298,0.0007532410310784778,-0.00012858260037300407,0.0009995544832371267,-0.0018137842339446427
1785119641774567627,2.28052,9.857432887998841e-05,0.0003059349681126963,-0.00010551290415751976,0.0017904185357177377,0.0001565985217113182,0.0007142951407127287,3.306048701757705e-06,-9.075753776327671e-05,0.0004265752008978549,-0.0018811760734810145
1785119641807924805,2.716146,0.00010217483740240104,0.00033454416043946004,8.705148011317589e-05,0.001822013023638057,-0.0003611650813938768,-0.001184573391969567,0.002276259586777201,0.00039157798138887966,0.0027046319810042213,-0.0014304350422491773
1785119641841281982,2.638216,9.82120424933195e-05,0.00031382034297203963,0.00023911376042392814,0.0017281736948045864,6.489925557924355e-05,0.0005492440058092121,0.0006128784944687862,-0.000210882999528172,0.0004429832042090047,-0.0019390566943327586
1785119641874639160,2.695233,0.00010145624890547616,0.0003377616647500921,0.00028999006339693707,0.0020155603797064694,-0.0003618002368317386,-0.0008956673808311549,0.0022234925674321166,0.0004659093091860825,0.0023397405230433928,-0.0015496510705203868
1785119641907996338,2.710288,9.433365523753486e-05,0.00032469565932492593,0.00023473935195924325,0.0018330391251385248,0.0002297107505219898,-0.00012438240665316232,-9.770414071751988e-05,0.00013733317772652722,0.0005749058558524184,-0.0016957059474119976
1785119641941353516,0.614663,9.944947052741018e-05,0.00031108704501971456,7.356920032277035e-05,0.0018140985315905338,0.0005973437623562096,0.00035661641621583884,-0.0008168350066111691,-2.993017421739897e-05,0.0010211715336822084,-0.0018440287058079327
1785119641974710693,0.681863,0.00014242808045449718,0.000328281016540958,-5.591234406974575e-05,0.002020580197774554,0.00048031146397256965,-7.940672694395264e-05,0.0002773472671761844,0.00028523348601009515,0.0006256488196530283,-0.0017353467117644586
1785119642008067871,0.531625,0.0001453291485396584,0.00030378062269446795,-5.491554002693832e-05,0.0017033569001999238,0.00034859880295454664,-0.0006050106558007444,-0.0004100779168068368,0.0001576134292962457,0.000996674698261603,-0.0015457434709036783
1785119642041425049,0.587857,0.00021048951130150668,0.00030963134616193363,7.199219270124283e-05,0.0018912549838010998,0.0008078692868411136,0.0006969444132502633,-0.0022608564069202153,-3.6217065611869334e-05,0.002439068797085666,-0.0019274720494129691
1785119642074782227,2.818702,0.00019566096076653673,0.0003354108589721001,1.7155406333992875e-05,0.0020201268265509116,0.0005025977890187694,-0.0016880010793017789,0.0009777190667284745,0.0008670039042994334,0.00226077168996722,-0.0011531229222514782
1785119642108139404,1.224605,0.002918141942604113,0.0016866392861841371,-1.701488512450373e-05,0.0012482256170717396,0.0026806201659901525,-0.0010929305933314196,0.002087597505768875,4.714113440605681e-05,0.0034945412610781867,-0.0012010844826656829
1785119642141496582,0.468307,0.004682907662187205,0.0019973506886761306,-0.000405198066287334,0.00019251780818371864,0.004282533148212385,-0.0019045869717724347,-0.002397631433744148,-0.0009103492016065248,0.004399455418710672,-0.0011028670097902435
1785119642174853760,2.745849,0.007001793768148331,0.0018726396549320944,-0.0006039306194631554,-0.0018817097734614035,0.0072208724586305855,-0.005595613003682835,-0.001811634948352187,-0.0020555914166279976,0.007568443894985923,-0.00017388164316659406
1785119642208210938,2.94234,0.010524888481359046,0.001789454523199449,-0.000795420500769887,-0.004876432580499753,0.01085625069460211,-0.004505489785775511,-0.0025173281066633822,-0.005473056341058841,0.006534607147541117,-0.000596623760559088
1785119642241568115,3.098538,0.014539328800211979,0.0016972801567728543,-0.0011601543117890332,-0.006739851957298392,0.01554702171661855,-0.0027294494124063384,-0.0050405946481922705,-0.0077693554286937016,0.005972369454145201,-0.001029503471395309
1785119642274925293,3.616963,0.019668046901509556,0.0016488897597784378,-0.0016793959945757657,-0.009105633390979405,0.021265029292121432,-0.003981383220101235,-0.0020978445136441265,-0.009309687792470633,0.005867318446019277,-0.0002040544014912278
1785119642308282227,3.027315,0.024028986205184052,0.0017117467640808944,-0.0022348874236060544,-0.010392304904871162,0.0271308268418971,-0.004499096876394165,-0.002537297560065419,-0.011034722930680438,0.006948916890611606,-0.0006424180258092754
1785119642341639404,3.13416,0.028861134760238202,0.001659241460966281,-0.0029126443079170445,-0.011967731572174557,0.034350891113015515,-0.005799827610289435,-0.009313496186558991,-0.012020978332332427,0.011258154422237094,-5.324676015787052e-05
1785119642374996582,3.07006,0.03405683926191454,0.001531267009134189,-0.003699958410805661,-0.013402258714303953,0.03902916922236995,-0.0039872569141404576,-0.0029363863096170664,-0.014170053343716071,0.0074673431607976005,-0.0007677946294121184
1785119642408353760,3.178336,0.03941661505919108,0.0013606468487266752,-0.004582956295062857,-0.01438975258546553,0.04528983821804239,-0.0034768979292735987,-0.0071335844731261824,-0.015363670564663786,0.00802510397786569,-0.000973917979198255
1785119642441710693,3.162867,0.04397576106995189,0.0011761529063426472,-0.00538259558812,-0.01527931813132789,0.05196731575462149,-0.0031350384844581326,-0.008464890990158772,-0.01643729873645448,0.009589153374078903,-0.0011579806051265906
1785119642475067871,3.251117,0.048925047864046896,0.000990360820786964,-0.00631945352701087,-0.015850017814876938,0.05643967114080248,-0.0031035875226880184,-0.0045019896594373976,-0.01707059009114669,0.00874832275013522,-0.0012205722762697532
1785119642508425049,2.953366,0.05379592631873641,0.0007619721733811976,-0.007289523042924824,-0.01517442433153291,0.06273391520208822,-0.0015496297260338267,-0.008049460450942876,-0.016914210116820053,0.009263296037826108,-0.0017397857852871432
1785119642541781982,3.321783,0.05935736244204591,0.0004087081718052528,-0.00846368044811971,-0.014777179564156579,0.06785425386065579,-0.0016803363476875874,-0.006226544373076036,-0.016743830606508112,0.009031392395546272,-0.0019666510423515336
1785119642575139160,3.301043,0.06322566216915441,0.00016324632432941893,-0.009444920809572904,-0.014404073264897026,0.07390521329013583,-0.0026775777293891884,-0.006459035865364168,-0.01591389476402746,0.011447209369531686,-0.0015098214991304346
1785119642608496338,0.054294,0.06860516510533646,-0.00027954722503461936,-0.01126386295215624,-0.0134537913848461,0.07979563506980351,-0.0016432595087308957,-0.012204374651819443,-0.015536441826364907,0.011312421998650282,-0.002082650441518806
1785119642641853516,0.044791,0.07336893332561054,-0.0006480753508458124,-0.011715054797803513,-0.013242701071638814,0.08442015316642225,-0.004912091784120554,-0.00951350876997147,-0.014245280092262558,0.012048157578063566,-0.001002579020623744
1785119642675210938,0.065097,0.07807781725794698,-0.0009564843337597348,-0.012556681964251751,-0.01357171968884412,0.08936925306699668,-0.005284901538243396,-0.012331364519131999,-0.014321237142408082,0.012094729681850496,-0.0007495174535639624
1785119642708568359,0.04344,0.08266692636857845,-0.0010256037319084838,-0.01338963878293756,-0.014824971441068873,0.09623783227725255,-0.003839614549176309,-0.013242508893450635,-0.015736280495861347,0.013860367645418589,-0.0009113090547924734
1785119642741925537,0.089967,0.08712310576804404,-0.0011968432185601719,-0.013146147348058242,-0.016624471372535442,0.10175936592166417,-0.004141520980614206,-0.016371110138650505,-0.016975893930593938,0.015273886977697868,-0.0003514225580584958
1785119642775282959,0.003453,0.08908077075531771,-0.0009394187339789908,-0.013508655538068506,-0.019718752677948564,0.10537041150855735,-0.004136347876795669,-0.013973546003423347,-0.019906825155816214,0.016606892393177416,-0.00018807247786764916
1785119642808640137,3.092847,0.09541770642033953,-0.00010567845382943608,-0.013582579880938962,-0.02591039799862523,0.10706600595473004,-0.009637290936275005,-0.019886286727650797,-0.02310537991752653,0.016317819663413245,0.0028050180810987
1785119642841997559,3.128331,0.10239312375483174,0.00108228151703105,-0.013181678137864817,-0.03710858805747572,0.1152870526080245,-0.028882497643279877,-0.03430989367306957,-0.026341149268697756,0.03886570317258481,0.010767438788777959
1785119642875354736,3.256328,0.11259086558941625,0.002698378853251007,-0.012738830955425011,-0.051383477196382026,0.1405285473364372,-0.033279975333314955,-0.08163002494558698,-0.03600857122974988,0.0825890588441468,0.015374905966632144
1785119642908712158,3.048387,0.12064623789570318,0.002193905674544717,-0.011845322373684066,-0.06764041706635184,0.15539856211308972,-0.051221185729850446,-0.026668801303838356,-0.04454802995391128,0.06542653556350794,0.023092387112440556
1785119642942069336,3.148965,0.13228379378440708,0.0022398048763405377,-0.010489553926773853,-0.08626319237895248,0.1645044113433777,-0.03211663048318215,-0.024858738824707877,-0.06968412535426594,0.049244353190244276,0.016579067024686547
1785119642975426758,3.316295,0.13768376147510583,0.005901941380622843,-0.006888944886917726,-0.10838647570556141,0.17632511831971295,-0.056587189760427835,-0.06967480676681029,-0.08333017758064692,0.09664424670696461,0.02505629812491449
1785119643042141357,3.078041,0.15211737181994936,0.006292188706710086,-0.0031763057176707227,-0.14133120427774346,0.19953586934162515,-0.04763212842395149,-0.034742100609578684,-0.11951289697873245,0.07843943709881744,0.021818307299011006
1785119643075498535,3.132604,0.16222737991741085,0.006050207600259459,-0.003923817959008112,-0.15548035884077513,0.20847889644261347,-0.05234757391145658,-0.04533157696182461,-0.13157090487257117,0.08522972587076967,0.02390945396820396
1785119643108855957,2.90702,0.17183531390767962,0.004617407283161462,-0.004897903448466968,-0.16950616598357676,0.22358139061097712,-0.05732485713618082,-0.04986404577958496,-0.14398424566280954,0.09239293550765462,0.025521920320767225
1785119643142213135,2.940364,0.18270595724285765,0.0022599005080902396,-0.005766101943073979,-0.18447390582712148,0.236676332496382,-0.04907621758475544,-0.0516221388012922,-0.1619118591651252,0.08746984933216187,0.022562046661996266
1785119643175570313,2.867373,0.19280594348969024,0.0005896577739338614,-0.007134785719918299,-0.19752579066941534,0.24619466049916994,-0.06349561834018182,-0.05929636350667005,-0.17066924802893463,0.0983773750195852,0.02685654264048071
1785119643208927734,2.837293,0.20233632765288861,-0.0009987594655056567,-0.007479128470910221,-0.20591527226715695,0.2688564252822612,-0.05642218354222975,-0.057648874399913945,-0.18385820516354703,0.10006839027180586,0.022057067103609912
1785119643242284912,2.838927,0.21303819936200916,-0.0033197564393760122,-0.007626466540746666,-0.2145521122844648,0.27901101621242735,-0.05902338821314333,-0.04254853116953546,-0.19287465624622993,0.0931389164308002,0.02167745603823487
1785119643275642090,3.066106,0.22188766980901922,-0.005594473003303499,-0.007965965500930138,-0.22604188920348475,0.2880851543868873,-0.0595953564175642,-0.04895067230638739,-0.20544996610346583,0.0947520372651003,0.020591923100018922
1785119643308999512,2.781155,0.2314551764279164,-0.008582555022634447,-0.009207364292786726,-0.2352192201403477,0.29947515274654063,-0.05711932421450034,-0.04614343679648278,-0.21707181847204118,0.09136087014673706,0.01814740166830653
1785119643342356689,2.817361,0.24149911533447688,-0.011917610823665428,-0.009635642517981725,-0.24361366793322697,0.30984469724862324,-0.06176378121082249,-0.047733367914007334,-0.22479144621180436,0.09277497480355226,0.018822221721422616
1785119643375713867,2.614671,0.24741321126756588,-0.01416613582636863,-0.008823603154421147,-0.25282926514459353,0.32509908882102395,-0.05897459629780133,-0.045835923261101925,-0.23616430709162853,0.0970196142063564,0.016664958052965
1785119643409071289,2.678765,0.2528093137562642,-0.016760120982152186,-0.00826400628394988,-0.2639213555330696,0.33189195591073606,-0.06470651361000805,-0.041950574283485774,-0.2457676893926885,0.09842614347694477,0.01815366614038111
1785119643442428467,2.665618,0.26017474914777106,-0.019830765510244572,-0.007549708399791035,-0.2766203447562798,0.3351768292813449,-0.07701851592926506,-0.04336299319548337,-0.25399876938213223,0.10088777027077454,0.02262157537414755
1785119643475785645,2.620761,0.26753413803518816,-0.022565007962939133,-0.007035274356158381,-0.2890605990075772,0.3375646754881362,-0.08933156752615343,-0.03461060805404756,-0.2640666715978696,0.10061038057977387,0.024993927409707576
1785119643509142822,0.408143,0.27359348329113836,-0.025227424245207422,-0.006810190774031899,-0.29893909812783964,0.3529314264062022,-0.08709898827233252,-0.038640321410410725,-0.2788377464932343,0.10552609567884469,0.020101351634605358
1785119643542500244,0.773917,0.28248161493988716,-0.029871524400794144,-0.007163310803906928,-0.3127541547224392,0.36166138822813787,-0.09433955746656472,-0.03524932656274195,-0.28988083091345956,0.10589800784978724,0.022873323808979662
1785119643575857422,0.731751,0.2917792460588042,-0.034110279649381466,-0.00786936774320733,-0.323300177645559,0.37686462503610685,-0.10130047532523757,-0.049961480479915554,-0.29991318469681877,0.11630043020260418,0.023386992948740245
1785119643609214600,0.758012,0.30151682046730854,-0.03653619599613771,-0.008247203858224582,-0.3351795554020864,0.34400478527856193,-0.16610529786901088,-0.0808208476170513,-0.2893343197333791,0.15446783834306216,0.045845235668707296
1785119643642573486,0.830088,0.31257826269869254,-0.03932866548634238,-0.007844436254178085,-0.3471200174938647,0.35499747207952403,-0.17096522278386644,-0.08313975722046474,-0.3007727145146775,0.1574704985102139,0.046347302979187155
1785119643675932373,0.769843,0.3217402578458128,-0.04366728712648189,-0.008097834084887233,-0.3575351201836641,0.4067503513249446,-0.12042126566924238,-0.0552959888527291,-0.3307756523355749,0.12387717719161355,0.026759467848089247
1785119643709291260,0.945394,0.331981674550569,-0.04557202884379333,-0.006911980062671825,-0.3663337411908002,0.41522255635975497,-0.12912688587634297,-0.05339851038794778,-0.3384626696923856,0.12677324654588396,0.027871071498414612
1785119643742650146,0.91495,0.3428672271961574,-0.04838619807110353,-0.0031583767235271194,-0.37530460351991923,0.42806860017470877,-0.1294927692332943,-0.048457951696297866,-0.3490941918548492,0.1260539619997381,0.026210411665070044
1785119643776009033,0.914071,0.35150132260474115,-0.04991177936642681,-0.00122667358309891,-0.3815588718242308,0.44087473875629385,-0.1345060814970645,-0.05703283711238917,-0.3548756889032471,0.1351226530061711,0.026683182920983706
1785119643809367920,1.012135,0.3595572772892334,-0.05186007792928192,-0.0009530449199398891,-0.3860259441331956,0.4567337558210128,-0.12960057032110037,-0.05093660898957612,-0.36314339118915545,0.13410894382651437,0.022882552944040124
1785119643842726807,0.989322,0.36979187780286304,-0.054622857567741635,-0.0008465561219771397,-0.3906835661952791,0.4715859498094103,-0.12988509373959473,-0.05155421384530272,-0.3694162717790647,0.1363733985828903,0.021267294416214385
1785119643876085693,1.11242,0.38112274126293305,-0.057437559690603004,-0.0011079541752988774,-0.393655930061444,0.4880827281492045,-0.125008254497452,-0.05072023931730444,-0.3756232146966536,0.13589560856923727,0.018032715364790397
1785119643909444824,1.032153,0.39228783901377345,-0.06029057258428998,-0.0018164092926371204,-0.3945054592124829,0.496075293395474,-0.13667717835510332,-0.05819174994733057,-0.3737261115931697,0.1406589075108717,0.020779347619313215
1785119643942803711,2.285605,0.40504681894297595,-0.06378350676874928,-0.0031838742068579272,-0.3928826141648771,0.514421792248458,-0.13762412132410126,-0.06858315935543675,-0.37373820882924663,0.14728335833159187,0.019144405335630443
1785119643976162842,2.220914,0.4158520900961645,-0.06752368145841285,-0.004219302532507723,-0.38972755273579607,0.515932144540002,-0.15796548887250356,-0.08838569714199059,-0.36322446733817454,0.15899597418604078,0.02650308539762153
1785119644009521729,2.103537,0.4274055044952524,-0.07217032900590292,-0.005344180190836761,-0.38666455894061447,0.5245337707448874,-0.1638406667426385,-0.07261390960740696,-0.35781446502857756,0.14954118971442523,0.02885009391203691
1785119644042880859,2.28108,0.43757897142653923,-0.07520686337250254,-0.006543878283051363,-0.385293076161523,0.5453416884921801,-0.15294935577723628,-0.05695857455776641,-0.36341652878334413,0.14212086375737104,0.021876547378178846
1785119644076239746,2.088601,0.44806207068521764,-0.07964117581936042,-0.009896900049006606,-0.38412526996622676,0.5709784505506683,-0.14064194209799916,-0.054508183579573474,-0.36971407344062046,0.1442903203408098,0.014411196525606296
1785119644109598877,2.157186,0.45993848863833525,-0.08548683560855513,-0.009445290097840548,-0.3798476952749586,0.5680373163176612,-0.16173689215355389,-0.06172356243228109,-0.3591410599110494,0.14224080085205526,0.02070663536390921
1785119644176317139,2.108865,0.4761239832340948,-0.09371586389988092,-0.007101341791376773,-0.3754719257932283,0.5949157601705752,-0.1654385716981995,-0.051926036348043825,-0.3563575562352107,0.1458248481012341,0.019114369558017597
1785119644209676270,2.019616,0.4854080929128685,-0.098441397301345,-0.006652124405323478,-0.3740862260580343,0.6087059548478497,-0.1661241922494002,-0.05155660770783006,-0.35623561741489795,0.14764733695662535,0.017850608643136368
1785119644243035400,1.972091,0.4951027564284038,-0.10238407525424201,-0.006559649853792455,-0.37468344357253786,0.6059295661019551,-0.19517717778506957,-0.05385984458940178,-0.34737399706203353,0.152086981828626,0.027309446510504324
1785119644276394531,1.977256,0.5054701507702263,-0.10678171884432938,-0.006681875983714202,-0.37640704992657725,0.6239475641237764,-0.19279995040854753,-0.05213338074108663,-0.35239137066582943,0.1533032058408854,0.02401567926074782
1785119644309753662,1.897306,0.5158209467461559,-0.11205325149866674,-0.007097761511960471,-0.37788988208558466,0.6406248464265787,-0.1928837392010299,-0.04874182416261994,-0.3563248533487895,0.15441440694344225,0.021565028736795167
1785119644343112793,1.909623,0.528436961303971,-0.11772813120886547,-0.0074293687260249056,-0.3792858188372125,0.6516226463492427,-0.20857934792732039,-0.05934581894429887,-0.35384026100698796,0.16162912603414972,0.025445557830224563
1785119644376472168,2.071662,0.5410501618089568,-0.1229597655564623,-0.007573713833562192,-0.37994580387855914,0.6588020987371824,-0.22212051595159413,-0.06197378360161877,-0.35114431950662317,0.16327198369605203,0.028801484371935967
1785119644409831299,1.795731,0.5554930575492837,-0.1280266945422453,-0.007874169584057074,-0.38049060311239985,0.6626806582532556,-0.2479454277886637,-0.07954496205676756,-0.34286079030719663,0.1760863050375188,0.03762981280520322
1785119644443190430,1.808764,0.5686608946277103,-0.13265206653893577,-0.008409747294061395,-0.3819861400012572,0.6788821200798506,-0.24791662948157278,-0.05619191782412678,-0.3456338148242941,0.1664865575086857,0.036352325176963074
1785119644476549805,2.047097,0.5830257807811464,-0.13694061016383036,-0.007064985364021529,-0.3849737444641398,0.7039341072800029,-0.24627107690053765,-0.06231235556346863,-0.35072274420790245,0.17211695525884457,0.03425100025623734
1785119644509908936,1.69368,0.5965540235389,-0.14095435586823624,-0.0024908540815716273,-0.3863553256005295,0.7289123218250391,-0.23863557715647477,-0.056716567694469505,-0.357843368146889,0.17320729815568517,0.02851195745364049
1785119644543268311,1.794207,0.6066845337805218,-0.14369840732549952,0.0001622537771522441,-0.3852142819760346,0.7439462228484665,-0.24402381753760716,-0.05222815585626484,-0.3564074645771587,0.1779064761091345,0.02880681739887586
1785119644576627686,1.867793,0.6200406054439197,-0.14782114769326782,0.000939878037144444,-0.38240161598666195,0.7538965225069865,-0.25532997656981615,-0.05624768632051144,-0.35126107410869456,0.18095848235538062,0.031140541877967387
1785119644609986816,1.660528,0.6340602166810989,-0.15225596403779829,0.0007022416346391285,-0.3789824613684821,0.7737554923603033,-0.25540127905463833,-0.05251565017906948,-0.35006457104402766,0.1816201257187861,0.028917890324454465
1785119644643344482,1.642601,0.6491916936285786,-0.1567378774713763,0.0002196851484383952,-0.3761716434914052,0.7881627625361703,-0.2612776695488684,-0.05335175838362078,-0.3466370825584305,0.18196545189412325,0.029534560932974685
1785119644676702148,1.681179,0.6640053008929562,-0.16141701066232436,-0.00043396011404192786,-0.3712169653512015,0.8068642264147863,-0.26630118816772186,-0.06007065602286806,-0.3411232963716996,0.18699170781389565,0.030093668979501942
1785119644710059570,1.581003,0.6783068964994085,-0.16622088028335294,-0.0011958824844984764,-0.363546021726385,0.8204492888690417,-0.27351358220175387,-0.06337356032942242,-0.33121744161930644,0.18863257199036634,0.032328580107078564
1785119644743417236,1.577857,0.6939186338255905,-0.17216536722546827,-0.0022847031330299385,-0.3518615969573625,0.8286907009993513,-0.28875841152148335,-0.06294464417058329,-0.31574732029703095,0.18824738116420284,0.03611427666033156
1785119644776774902,1.759487,0.7073257275568203,-0.17642693135683352,-0.0041614957065904245,-0.33804156070646263,0.8449843425880771,-0.29837345569876833,-0.07301342455494175,-0.29902774137588956,0.19637066277206555,0.039013819330573074
1785119644810132568,1.554162,0.7229817181465481,-0.17714038381445255,-0.005351816387472636,-0.3183861804045983,0.864362158857715,-0.30369585821411055,-0.07673956319703908,-0.2800910479357687,0.2027336368508024,0.038295132468829596
1785119644843489990,1.572957,0.733737351360009,-0.18420105800324035,-0.003531772296337162,-0.2881153288094576,0.8749317273565764,-0.3162491133550503,-0.08292931918960131,-0.24329094243644125,0.2089892609392234,0.04482438637301636
1785119644876847656,1.581733,0.7422211439108686,-0.18829532596535284,-0.0019724806310631522,-0.25559900025248516,0.8864087949755728,-0.32502118681212333,-0.08720027427902184,-0.20610885436648813,0.2162124338560259,0.04949014588599704
1785119644910205322,1.450319,0.7519220819797235,-0.19130195085324883,-0.0030898621998179483,-0.21908195798789726,0.9027587445273546,-0.32158221965744715,-0.08903308550070353,-0.1721381489724697,0.21705042004001737,0.046943809015427544
1785119644943562744,1.486041,0.7629838550484493,-0.19371686583111455,-0.004842252130065611,-0.1779685898938054,0.9163386183149645,-0.320473803783497,-0.09618738977899365,-0.13338965645024656,0.2189267889219925,0.044578933443558844
1785119644976920410,1.317434,0.7738642912419783,-0.19505874385910993,-0.006356295888570064,-0.13656298052144267,0.9212160294683658,-0.316527473786986,-0.09402407817766596,-0.09342534466770513,0.21012574130771658,0.04313763585373753
1785119645010278076,1.418954,0.784811726392767,-0.19573824705436937,-0.007920286638611355,-0.09161609109473508,0.9390274631694708,-0.309135456600844,-0.10744730414273225,-0.05232726154016776,0.21574764845943112,0.03928882955456732
1785119645043635742,1.378616,0.7961269165322914,-0.19609097030138198,-0.009115680887101648,-0.05029417928783919,0.9545015153253431,-0.3171073763988621,-0.08395365995845887,-0.008088728415075262,0.21290422071695814,0.04220545087276393
1785119645076993164,1.336375,0.8065762046988768,-0.19632420402320233,-0.009303213712024732,-0.02496635317399748,0.9679381760376015,-0.33597453817510914,-0.08751405566546766,0.030321414331517815,0.22728140579934175,0.0552877675055153
1785119645110350830,1.253837,0.819132647450229,-0.19486739172675172,-0.009187961403750144,-0.014737821823711349,0.9729807093749382,-0.3420380062073889,-0.05971898924481851,0.04148657164759001,0.21881910496863002,0.05622439347130135
1785119645143708496,1.290269,0.83021601886459,-0.19461094431605966,-0.008359963026163507,-0.015426549377251648,0.9821813889541774,-0.34141534978991217,-0.04232712045310816,0.04079964510432256,0.21400648344539333,0.056226194481574204
1785119645177065918,1.239446,0.8400910157061178,-0.19286487231428387,-0.00792093538218094,-0.0196909032397719,0.9918692577014666,-0.3482749344747085,-0.035832393759200575,0.038973843341279804,0.21901591648242788,0.058664746581051704
1785119645210423584,1.234632,0.8489309674289215,-0.1929916483992545,-0.004427052257696008,-0.021436814922592532,1.003591490206809,-0.3430795320805722,-0.043939118151342826,0.035957010719941895,0.21910603251633695,0.057393825642534424
1785119645243781250,1.097972,0.8571289808355758,-0.19310266243563678,-0.0018036749485426586,-0.018902006393052027,1.0154004922352544,-0.34019987612440794,-0.04172365511793492,0.036919933166262416,0.2197295301329871,0.05582193955931444
1785119645277138672,1.168504,0.8648772224459225,-0.1923239517532596,-0.0004981241740338155,-0.016451937934640483,1.0269375174351525,-0.3459653837205352,-0.04510818090842217,0.042505077751565735,0.22772634013393483,0.05895701568620621
1785119645310496338,1.088349,0.8747914902551478,-0.19142513356063673,-0.00017971950238812487,-0.013941778500097432,1.0363050612634053,-0.3434006976996221,-0.04614371702590209,0.043915715700684,0.22648597039009696,0.057857494200781436
1785119645343854004,2.303678,0.8844832033666127,-0.19063471271223378,-0.0003638453762066737,-0.01237559170402812,1.0474569564934344,-0.3419623829828671,-0.04210285091376009,0.045824277763733684,0.2262800313351659,0.058199869467761796
1785119645377211426,2.291558,0.8946938503831545,-0.18985763527114718,-0.0006768570565571846,-0.010560934401784329,1.058365687811307,-0.3359360400070856,-0.049761008986410935,0.04626148756163092,0.22480352458975633,0.05682242196341525
1785119645410569092,2.306148,0.904453225863309,-0.18960182656780242,-0.0011788792662860079,-0.007840709401291467,1.0692712431669895,-0.33190359077158066,-0.04623695807149595,0.04839858112705677,0.22236232007478365,0.05623929052834824
1785119645443926758,2.377004,0.9147030229821239,-0.1891854448021149,-0.0021445290887227263,-0.004643145207063354,1.0806353730092553,-0.3332356793011635,-0.050492910403104815,0.05379020507767996,0.2249924016949866,0.058433350284743314
1785119645477284180,2.414714,0.9249966146410845,-0.18970107300346983,-0.0036974687706177807,-0.0010278311485124438,1.0948360495561587,-0.33815902723478924,-0.05326724792153658,0.05984370388784706,0.23095965195655083,0.0608715350363595
1785119645510641846,2.42525,0.9326828386864284,-0.18871978292974126,-0.0047594982696081665,0.0018476609081366064,1.107237667913831,-0.33137349782540093,-0.042540827072097144,0.05856345419845689,0.22857580708863656,0.05671579329032028
1785119645543999268,2.401925,0.9408098665189564,-0.189140155201151,-0.0055108504055893775,0.005523763212947091,1.1166999796939103,-0.32980443619852856,-0.04587274732160875,0.06147317169789566,0.22880746181859254,0.05594940848494857
1785119645577356934,2.481841,0.9484822890722869,-0.1899179434106536,-0.00670312540858331,0.010248600466889463,1.124245327646792,-0.335168845318692,-0.04557060059917891,0.06845304473390923,0.231303157915609,0.05820444426701977
1785119645610714600,2.563665,0.9546525804462414,-0.19015014421479656,-0.007335134369920275,0.01369909069145167,1.129332947348067,-0.3369646696953729,-0.05014927285277226,0.07349655744400455,0.23216542793248113,0.059797466752552875
1785119645644072021,0.747453,0.9614447697039259,-0.19041858768404882,-0.007144680280973632,0.01892084626244302,1.1375417672085666,-0.328637411703531,-0.054414124356137475,0.07454061663074567,0.22879903012611977,0.05561977036830265
1785119645677429443,2.157659,0.9678214677838879,-0.19133329523979042,-0.007177638800594861,0.025553289425384266,1.1406001127396606,-0.3349532121849996,-0.0489235338116223,0.08429908251622813,0.22852102845553068,0.058745793090843865
1785119645710786865,0.755479,0.9732743423751926,-0.19108660411570988,-0.007006826442195206,0.030591856949125414,1.1491715228211152,-0.3253903278882595,-0.04853973012694049,0.08578882803318463,0.22517169093046555,0.055196971084059215
1785119645744144287,0.812659,0.9781301277182238,-0.19135114079038934,-0.007081160268254939,0.036068022765191124,1.1538063674091916,-0.3330996628132735,-0.049225950685059874,0.09497234821705884,0.22963224522463493,0.05890432545186772
1785119645777501709,0.58809,0.9816684089075621,-0.1910985740170477,-0.006899675952370108,0.04167853769882683,1.1590397905117398,-0.3329436766567407,-0.05824565972511466,0.10246878678089828,0.23284555010699862,0.06079024908207145
1785119645810859131,2.674054,0.9865056414933666,-0.19023318008712164,-0.0067895887756756375,0.047380717427825944,1.1637323114576281,-0.33625020455312243,-0.051845680380828395,0.11082700735531753,0.2340092206970868,0.06344628992749159
1785119645844216553,2.736083,0.9898582117245318,-0.18920712501077028,-0.007428882278241957,0.05381135407593969,1.1695051349549683,-0.3357057096240511,-0.05471755438314343,0.11796071846904799,0.23658205939864047,0.0641493643931083
1785119645877573975,2.733262,0.9959361429253241,-0.18790179905000276,-0.008144262272702344,0.06306608724295257,1.174809899515086,-0.3389667456666491,-0.06525354838391634,0.12968185686369443,0.24099358799137394,0.06661576962074187
1785119645910931396,2.75166,1.0012240832254011,-0.18687020114549308,-0.00880848107318291,0.07331017154769691,1.1835620852079631,-0.3326461498427502,-0.07036463892957667,0.13876868340619333,0.24142687248030073,0.06545851185849644
1785119645944288818,2.737872,1.0056935371191864,-0.18608887734201995,-0.00923060009089647,0.08522037627448825,1.1908011619329095,-0.3304676026845666,-0.06848245876942587,0.1506798742910679,0.24211739270977006,0.06545949801657966
1785119645977646240,2.875718,1.0097725967410052,-0.18549438315073224,-0.009485040858452715,0.09810088320104707,1.1966963558977939,-0.33532276107492054,-0.06916474956057793,0.1667818326509646,0.24688196005271237,0.06868094944991754
1785119646011003662,2.827836,1.0122092618359206,-0.18486363061796257,-0.009525333235394264,0.11308969047893777,1.194424623727444,-0.33654499221521295,-0.06918682957504933,0.18206163317356328,0.24447733578133854,0.06897194269462549
1785119646044361084,2.897256,1.0139748660664836,-0.18352569864702117,-0.00809631821281366,0.1302758367534056,1.1992879713308366,-0.3284609983877106,-0.07027805956701057,0.19528338379029342,0.2433387701363696,0.06500754703688781
1785119646077718506,2.854142,1.0156137493030075,-0.18275413601754664,-0.006798304348539628,0.14749521167206625,1.2006385184049426,-0.3310380854304652,-0.06866888779559051,0.21441612495048082,0.2450515536184088,0.06692091327841457
1785119646111075928,2.961232,1.0168855046333936,-0.18164120182279356,-0.006249354438657794,0.17143247201899128,1.196796936558356,-0.3330430149869189,-0.066837950563434,0.2378554301025157,0.24282011932096226,0.06642295808352441
1785119646144433350,2.938861,1.0186419956116346,-0.1804021923769061,-0.005782160046836285,0.19568598849853816,1.197684722000581,-0.32931333267197255,-0.0634140156204388,0.2622656694511537,0.23990051345009808,0.06657968095261554
1785119646177790527,2.977757,1.0203438934434874,-0.17909783583162,-0.0047656551071019295,0.22226289574423702,1.2000839574114233,-0.3277118836474228,-0.06499934348811584,0.2876590214292116,0.24087491156070298,0.0653961256849746
1785119646211147949,2.973029,1.0228942207549052,-0.17808965940588,-0.0031960597214794064,0.24754596088641262,1.199486870249265,-0.32295074115604583,-0.06340550230689207,0.3120966403498514,0.23620938558345245,0.06455067946343879
1785119646244505371,3.081311,1.0257267209542607,-0.17680204586475645,-0.001989503921863323,0.27551838786724264,1.2006997598768383,-0.3194818924270333,-0.061371778818934665,0.3384210924932273,0.2334509745895015,0.06290270462598468
1785119646277862793,3.096133,1.029282904770917,-0.17541227309405347,-0.0012218310310955604,0.3041562476404278,1.201300996584614,-0.3157793034584739,-0.05913653273645772,0.36492852548848553,0.229449863364903,0.06077227784805772
1785119646311220215,3.045152,1.0326437380889262,-0.17383834778543694,-0.0006474668488511462,0.33271055708744574,1.2078089724476384,-0.3178253751287011,-0.059089318639899684,0.39778003468852247,0.2341592906802106,0.06506947760107673
1785119646344577637,3.110995,1.0364452170225722,-0.17237516866282587,-8.583948033269993e-05,0.36369917757950176,1.2115908740442303,-0.31691800498880035,-0.056396185492957454,0.42965506761895,0.23396471480709918,0.06595589003944824
1785119646377935059,3.121764,1.0408398352975297,-0.1702307495391302,0.0002926399688419664,0.3954699352555198,1.2167501106254126,-0.31489850225199834,-0.0550612552084121,0.4616992547706893,0.2343869393806267,0.06622931951516947
1785119646411292480,3.142308,1.0453204419019788,-0.16823827443667344,0.00027897232974338185,0.4248282533376232,1.2222272566783048,-0.31162763993530723,-0.05868492963610644,0.4923880144213783,0.23523025525523802,0.06755976108375511
1785119646444649658,3.125891,1.0511591658309398,-0.16645240408770284,-0.00031430633207079847,0.451988221391612,1.2237807511202794,-0.30539352845795836,-0.06401151375153476,0.5160333281300817,0.2305649192355892,0.06404510673846975
1785119646478007080,3.28138,1.0564412876612876,-0.16452627598780994,-0.0016166045505832795,0.4721319735241327,1.2300711357073675,-0.3028756457941877,-0.07360331363609013,0.5338305835749138,0.2333879999984747,0.06169861005078103
1785119646511364502,3.301209,1.0624014180614683,-0.16303878056668564,-0.002021840274913608,0.48559944484119516,1.2398376288735435,-0.29561519896904764,-0.08359387982591067,0.5480924158167023,0.23603837243180356,0.062492970975507156
1785119646544721924,3.272401,1.0681374923392037,-0.1598459977989238,-0.0027400575586628458,0.4927809449048819,1.255255942323083,-0.2947451875531788,-0.08670365624164159,0.560152661062232,0.24548114311392696,0.06737171615735016
1785119646578079346,0.01016,1.0730725185128507,-0.15693023861293012,-0.0031577607572830088,0.4975673926313926,1.259903646682381,-0.2907041867432419,-0.08906401601640865,0.564890228251722,0.24531861801362906,0.06732283562032937
1785119646611436768,0.023179,1.078251311847083,-0.15367190875911027,-0.003432069722532992,0.5054687472351689,1.265696364682352,-0.2866808481236531,-0.08297217504431559,0.5718137651537212,0.24321524240453707,0.0663450179185523
1785119646644794189,0.04481,1.0824543140566434,-0.15062206921184543,-0.003979199075948894,0.5107659749264176,1.2704092948302803,-0.2826758561280231,-0.08609633753012519,0.5777486379381835,0.24394364485352726,0.06698266301176592
1785119646678151611,0.024291,1.0864214523236841,-0.14721823024579206,-0.004463198629104963,0.5160200067907932,1.2723672571548963,-0.27832604187348065,-0.08686196087930756,0.5825286918219958,0.24198069473512576,0.06650868503120266
1785119646711509033,0.168868,1.0890185021684702,-0.14372131067149813,-0.004689838286141617,0.5195461350090389,1.277352848635261,-0.2718891305203719,-0.0939695153675132,0.5857627083022166,0.24467872168139296,0.06621657329317766
1785119646744866455,0.031579,1.0965289678441175,-0.13793307805505758,-0.005914018469243083,0.5203451718385627,1.2832786648261603,-0.2698262811772421,-0.09488831147493693,0.588133692361982,0.24533179811956235,0.06778852052341933
1785119646778223877,0.111966,1.1010319681200869,-0.13419963109994043,-0.006485279937540891,0.518912129592539,1.2964711147537165,-0.2626033379033881,-0.09179756130621439,0.5894215401344051,0.24892199041080088,0.0705094105418661
1785119646811581543,0.056699,1.106179367144492,-0.1300824430349152,-0.006570354261159103,0.5165781216254292,1.300567180909253,-0.2565912643501775,-0.09166495194546515,0.5863805957521034,0.24704694810070874,0.06980247412667429
1785119646844938965,2.415414,1.109570853095229,-0.1264393949258078,-0.006169753435915455,0.5150346243840319,1.3033974768815406,-0.2533389519417866,-0.09802967005846204,0.5831254253230754,0.24921978641583262,0.0680908009390435
1785119646878296387,3.080094,1.1178074005533847,-0.1193304371187832,-0.0030667414550314574,0.5110606868320021,1.3100078151252676,-0.24711779755975974,-0.0896517926549876,0.5802772554375847,0.24651081100303648,0.06921656860558256
1785119646911653809,3.101512,1.1210273969929487,-0.11653509582561689,-0.0020814394543218085,0.5122896836105298,1.315358480162138,-0.2422421834136685,-0.08056536740713348,0.5811247194226931,0.24439019763992703,0.06883503581216321
1785119646945011230,3.075246,1.1246610267404447,-0.11293713130924182,-0.0015095793009549502,0.5151681574148603,1.3200717727144637,-0.23681004318666563,-0.08039248058588079,0.5830893391593023,0.24444297914696173,0.06792118174444195
1785119646978368652,2.989852,1.1287084083440369,-0.10873326909633414,-0.0016467412736242775,0.5163038813500896,1.3262211372912687,-0.2315740947794375,-0.08353805578401662,0.5847495140431489,0.24659143120337584,0.06844563269305926
1785119647011726074,3.005309,1.1334417281744655,-0.10445808484403869,-0.0019462194525925029,0.5172473969621602,1.3305510394886007,-0.22713324881405308,-0.0808844525249193,0.5851902423388574,0.2452193326440302,0.06794284537669726
1785119647045083496,0.339028,1.1381808629940833,-0.1007733513515265,-0.002084049227505444,0.5185051350599852,1.3342060609856121,-0.22053581865777497,-0.08042464043377018,0.5855158874178716,0.2427059435890382,0.06701075235788645
1785119647078440918,0.319756,1.143292593918811,-0.09729013958642067,-0.0025707592823176898,0.520823446691816,1.3370977169932847,-0.21538661834658296,-0.08096305040109897,0.5871593129453213,0.24010946531178884,0.0663358662535053
1785119647111798340,7.023889,1.1475244741028303,-0.09481865663208502,-0.0031119365774154913,0.5231774861206675,1.3419127303019027,-0.21126786602640438,-0.08088509952304013,0.5901557358044762,0.23957436714148891,0.06697824968380872
1785119647145155762,2.993228,1.1519801114240182,-0.09126085695643268,-0.0035830630263220553,0.5248322322414044,1.3557753074870673,-0.208648824769963,-0.07770542507553294,0.595003596508259,0.24658982436735166,0.07017136426685455
1785119647178513428,2.92118,1.155303215266983,-0.08931211117427353,-0.004048475385061714,0.5270617931134703,1.3557124391806328,-0.2065894629392668,-0.07543373000938201,0.5950963398450205,0.24292733243597847,0.06803454673155018
1785119647211870850,3.007447,1.1581023095570613,-0.08795540096933409,-0.004698201745239307,0.5306687081353687,1.3549665971996476,-0.20429022163234611,-0.07610752670608292,0.597188889646335,0.23955924098035022,0.06652018151096628
1785119647245228271,7.322307,1.159790436968391,-0.08697638516952597,-0.005013976598968578,0.5333524054263041,1.3583252950313052,-0.20429899902089718,-0.0752457875817054,0.6014666204294816,0.24106678091536035,0.06811421500317749
1785119647278585693,0.415608,1.1620534468785626,-0.08588548625126537,-0.005506676880674903,0.5375165542254211,1.358961451648212,-0.2014286780721203,-0.07472543658269082,0.604176323696501,0.23856703085967385,0.06665976947107988
1785119647311943115,0.45451,1.1640396846953887,-0.08536612840696736,-0.005526100631945738,0.5422411227468656,1.3617124836808305,-0.20026999179950153,-0.07335506881458341,0.6092620627224411,0.2384915139077077,0.06702093997557544
1785119647345300537,2.703304,1.1661989020773171,-0.08462487547979747,-0.005490875906795913,0.5480200884297514,1.362956264963675,-0.19900360300555126,-0.07288641638776834,0.6142600784795211,0.23735650831002497,0.06623999004976977
1785119647378657959,0.558541,1.1678845279187384,-0.08404899224943845,-0.005579974846915411,0.5532423802173022,1.3643628319356604,-0.19842515689945636,-0.07209023627680516,0.6201506573435103,0.23687390287848578,0.06690827712620806
1785119647412015381,2.710137,1.1700348308090265,-0.08346335213236704,-0.007027562449197979,0.5598639687164768,1.3668576814214382,-0.19769104172155694,-0.0716873596197041,0.6268219746794439,0.236575757342571,0.06695800596296708
1785119647445372803,2.844327,1.1718910513992027,-0.08294056563713706,-0.007809697179224468,0.5662545687221636,1.3678709183851898,-0.19700249794592223,-0.07286323105794891,0.6328261369784082,0.23590293541193896,0.06657156825624455
1785119647478730225,2.573443,1.1738843373952035,-0.08231995514354348,-0.008319624905116917,0.5733662024019411,1.3690689926590267,-0.19579028294907885,-0.07068520890797936,0.6396626404502218,0.23422645241469048,0.06629643804828067
1785119647512087402,4.042468,1.1755316771321611,-0.0818252039571129,-0.00863967318531264,0.5786777421793929,1.3707517510232299,-0.1948012228823523,-0.07268197407022582,0.6464892716877755,0.2344693464077216,0.06781152950838254
1785119647545444824,0.687005,1.1776800995926402,-0.08122596057995032,-0.008950267984896718,0.5864730064919389,1.3733494401007007,-0.19456864490571135,-0.07209531444713019,0.6540691219870417,0.23477723867050243,0.0675961154951028
1785119647578802246,0.773114,1.1795695545169866,-0.08070512088340448,-0.009341007107358718,0.5932453837551359,1.374560310306657,-0.19355301146779705,-0.07189299676671497,0.6612391575929509,0.2338135852834863,0.06799377383781502
1785119647612159668,0.774108,1.1814323242180433,-0.07988689458736828,-0.00981759540838869,0.5998671059089457,1.3760387035828483,-0.19303560324214367,-0.07354682484644703,0.667992669444102,0.23395659393248636,0.06812556353515631
1785119647645517334,0.811824,1.183185330004797,-0.07913948776665754,-0.010105934929325378,0.6069303163159312,1.377959624078363,-0.19152643163863378,-0.07361179345405319,0.674709697860694,0.23366823671971643,0.06777938154476282
1785119647678875000,0.933225,1.1847489417006618,-0.07810203531720399,-0.010576496356728022,0.6135031395380642,1.3805647870182496,-0.19011560625026125,-0.07321882183756742,0.6820433096966912,0.2341259197360769,0.06854017015862701
1785119647712232666,0.936131,1.1865959112951716,-0.0771154513920765,-0.010959842930759928,0.6197009993542884,1.380993835871559,-0.19029593733136238,-0.074197670950062,0.6884938813570853,0.23366514153732582,0.06879288200279698
1785119647745590088,0.926635,1.1882194223568245,-0.07617266890385008,-0.011180778215888781,0.6265024200587629,1.3830984777392674,-0.18779451657288954,-0.07258104244309872,0.6949381384626432,0.2328245595957924,0.0684357184038803
1785119647778947754,0.925965,1.1898096936695466,-0.07526247229918277,-0.011301080375402867,0.6324429515913389,1.3842163637715588,-0.18831630682062214,-0.07608632714795027,0.7015969484678486,0.23403472195281932,0.0691539968765097
1785119647812305420,1.038306,1.1914828101393053,-0.07412095121536012,-0.011405560604336201,0.6377687477968084,1.3860645453897436,-0.18676695197098833,-0.07527009608696703,0.707171725081053,0.23373029771880416,0.0694029772842446
1785119647845663086,0.985423,1.193149562437244,-0.07286904032657311,-0.01150661863041869,0.6432037095847406,1.3870962662309705,-0.18594793316004132,-0.07636617807170179,0.7125134053363573,0.23368552023566166,0.06930969575161672
1785119647879020508,0.920375,1.1947325714941444,-0.07141069263871386,-0.011657215625542236,0.64843970293641,1.3868471280083108,-0.1842168936415367,-0.07689556097245562,0.7170904515012801,0.23214065458882305,0.06865074856487019
1785119647912378174,1.078731,1.1964389421348247,-0.06940298727772898,-0.011904259151031918,0.655141796545836,1.3860164291525188,-0.1809421695091207,-0.07593902120329607,0.7225740898119745,0.22908745820730053,0.06743229326613842
1785119647945735840,1.024417,1.1982449785723166,-0.06666927018115743,-0.012046672686908332,0.6633969755244654,1.3864501844093107,-0.17697983128375908,-0.07775526602754182,0.7297962300518135,0.2278316014817103,0.06639925452734806
1785119647979093506,2.25117,1.200361942559817,-0.06299040805945778,-0.012265154801837392,0.6715185084891534,1.3876359500733328,-0.17449535722853224,-0.07577369642100887,0.7376893438200347,0.22702035688009184,0.0661708353308813
1785119648012450928,2.189141,1.2024774744290097,-0.05901975239426738,-0.012384739815627183,0.6791010992446099,1.3866762563620243,-0.17450467495490796,-0.07802283309497784,0.7455662935972684,0.22709979721213353,0.06646519435265852
1785119648045808594,2.286132,1.2049151695903824,-0.05501576406280845,-0.012571496744945749,0.6856023073953968,1.3894025314826322,-0.16922831267343252,-0.07686293772315586,0.7523232114209235,0.22630396006510972,0.06672090402552666
1785119648079166260,2.119431,1.2083687747067127,-0.04967280902897286,-0.012978565671695363,0.6922812512622712,1.3961779556385077,-0.16158529358425325,-0.07753318535324706,0.759215144216252,0.22795611762757623,0.06693389295398078
1785119648112523926,4.738891,1.2098007994885904,-0.04483476444649923,-0.01318688943616368,0.6991323451460522,1.4001103266938264,-0.1548769139169601,-0.0793425883376829,0.7647405949060528,0.22957257523996236,0.06560824976000068
1785119648145881348,1.200872,1.216518112689041,-0.03886100577925416,-0.013345399461459666,0.7029659861633112,1.40613692122802,-0.14769394401182942,-0.07391990981289633,0.7705411662890803,0.2268681826532619,0.06757518012576913
1785119648179239014,1.276496,1.2222011630082708,-0.03279556830378425,-0.012587473731417942,0.7092995688625438,1.4188570327117607,-0.13990397065516727,-0.06389242075654916,0.7786770825506449,0.2297344957387838,0.06937751368810119
1785119648212596680,1.016427,1.2283072326040345,-0.026029680232322213,-0.011228993464026088,0.7166452147251242,1.4246190396503975,-0.13196702547542571,-0.06314390817585246,0.7855802583160958,0.22903319644213402,0.06893504359097158
1785119648245954346,1.384353,1.2334480613375423,-0.019014710503750223,-0.009278008443489185,0.7216720690140026,1.4284177952063348,-0.12361702811832329,-0.06602984124098658,0.7904155371548519,0.22841981634937658,0.06874346814084929
1785119648279311768,1.927272,1.2387491839141034,-0.012565599421938379,-0.006908558426935589,0.7243604466902067,1.434180637329375,-0.11608647973234168,-0.06189407449917153,0.7937976749513186,0.22788907964616573,0.06943722826111186
1785119648312669434,2.099572,1.2458936851322302,-0.003458096819318055,-0.002502412461412486,0.7356163967494607,1.4377574575066114,-0.1077549891462962,-0.04400406809787962,0.8010550267821699,0.2222879581069599,0.06543863003270922
1785119648346027100,10.479939,1.2507070976898822,0.0035417599452975067,4.547434220703549e-05,0.7508191244357079,1.4373357050892985,-0.09695000185773454,-0.04449512595845967,0.8118523397801061,0.21659338947730275,0.061033215344398206
1785119648379384766,1.934733,1.2545648040345025,0.009414312602050038,0.0010286783660059667,0.7602776785481001,1.4424958114004551,-0.08786689525215943,-0.044882654716496675,0.8238355093764368,0.2165399442056087,0.06355783082833666
1785119648412742188,4.568651,1.2578869677257039,0.01484790080079902,0.001363378766899191,0.7685995551440904,1.4505755750100278,-0.08041780354874345,-0.0442300292768148,0.8371343913622014,0.21973441391695442,0.06853483621811096
1785119648446099854,1.534343,1.264841975020445,0.025415519862822613,0.0011657634466459691,0.7814006129626907,1.4569534403369837,-0.06710699762148908,-0.04446790148575199,0.847176939682513,0.21805885151230345,0.06577632671982225
1785119648479457520,1.479076,1.2718133284777904,0.036319557012732505,0.0007333680883254991,0.7932882221950663,1.4614507451920906,-0.055611557060855375,-0.0390652568385095,0.8588324902946907,0.21447053433735616,0.06554426809962433
1785119648512815186,1.481267,1.2792727159778652,0.04632559094450383,0.0006541841843280471,0.8067193779891209,1.455564349132573,-0.045418099574242116,-0.04653401090386147,0.867710727282609,0.20426054544633557,0.06099134929348815
1785119648546172852,1.522321,1.2865209523833625,0.056739870040376804,0.0020078642790004094,0.8228381235467886,1.4623446904914,-0.03187335077386796,-0.04714319717809296,0.8838015067716137,0.20293377399466261,0.060963383224825085
1785119648579530273,1.580296,1.2945278930261817,0.06671954000033842,0.0023016465932518522,0.839212854167412,1.4677258667218283,-0.021319901180991488,-0.050419547625552785,0.8998395157120131,0.2013156864619736,0.06062666154460117
1785119648612887939,1.703843,1.3025436371312649,0.0772702610471525,0.0012263598474265597,0.8534314682945336,1.4942490894872646,-0.002946668601747558,-0.036161799489256935,0.9190217303578881,0.2111483145182559,0.0655902620633545
1785119648646245605,1.696736,1.3110623875858043,0.0873589664999961,0.0034075263388257822,0.8683085474347243,1.4942204969824564,0.006046160384133136,-0.03254097187704353,0.93276590511814,0.20359508834981324,0.06445735768341565
1785119648679603027,1.657914,1.3185406508641586,0.09564516643431634,0.005030080743184907,0.8814455380294716,1.500047921081944,0.01830149298548366,-0.03783240648196166,0.9462151047452317,0.2019012773005601,0.06476956671576019
1785119648712960693,1.804348,1.325428619792567,0.10423935022944816,0.00548825377776275,0.8944940713520297,1.5142489359498592,0.033304146710084956,-0.03102311432068629,0.9611594732758972,0.2049829136598796,0.0666654019238675
1785119648746318115,1.769983,1.3337119038911698,0.11600177017278043,0.005297413778902227,0.9050321308180792,1.5164149363915587,0.04081530051908662,-0.033561731168787114,0.9714409803337019,0.2013540077820392,0.06640884951562265
1785119648779675781,1.586355,1.3402377671527326,0.12638681950271383,0.004680299736740311,0.9132495306683307,1.5266921976042436,0.052284009951003206,-0.03169373611571173,0.981238118530698,0.2039106458786542,0.06798858786236728
1785119648813033203,1.600381,1.3475954434981972,0.13725308564148014,0.003832859059508107,0.9220589578510742,1.5333835341163162,0.067753499591404,-0.02926170497355694,0.9888087280456276,0.20110359829002813,0.06674977019455341
1785119648846390869,1.419614,1.3568955807896084,0.15111115849449555,0.002721327928071484,0.9321500383349437,1.5381622704490838,0.0824268402492345,-0.028533480460116747,0.9971975371727142,0.19634666129145983,0.0650474988377705
1785119648879748291,1.527101,1.3651609157996107,0.16528096636508802,0.001960374062937962,0.9428710163858148,1.5436467902625066,0.09426930990183217,-0.03267395400379914,1.0073010868394852,0.19519067451360086,0.06443007045367033
1785119648913105957,1.489623,1.3732572911599505,0.17998567180489985,0.0013015763446552068,0.9542693372394683,1.5488250656913063,0.11146590927317562,-0.03274725115509718,1.0162108700163028,0.19151585826088852,0.06194153277683456
1785119648946463379,1.921948,1.37981779059469,0.19230702519426743,0.0018286058937173524,0.9614035583127513,1.5679022770368596,0.13021656208520077,-0.027826202676772757,1.0292611866950927,0.2002758280988134,0.06785762838234144
1785119648979821045,1.955134,1.3857577936104784,0.20835125688893125,0.008158945790616073,0.9659760940107289,1.58278179678461,0.1516470415479083,-0.02171379426356138,1.0351352857869014,0.20718640511033976,0.06915919177617247
1785119649013178467,1.994514,1.3904740116393821,0.2190564730679679,0.012814497997990306,0.9765796509178896,1.5842527949284786,0.16805362678719285,-0.010959802552459088,1.0423360082708446,0.20178385601530682,0.06575635735295504
1785119649046536133,2.506783,1.3936646325315727,0.2257693948022381,0.014099109176081277,0.9823586215279051,1.591233641026268,0.18389023714872393,-0.005795679712701899,1.054009706179727,0.20293639296162264,0.0716510846518218
1785119649079893555,1.995315,1.4039111945919094,0.24664969160138664,0.015197923205639272,0.9967132341063227,1.599066814450455,0.2027782750719269,-0.00570833106295039,1.0642099429493534,0.20111561008091197,0.06749670884303072
1785119649113251221,1.995599,1.4108609531826939,0.2618937557022414,0.015564522909925025,1.0057623309953587,1.607292313905913,0.21885804546184545,-0.0039550417770762925,1.074011074757424,0.20203555438843127,0.06824874376206536
1785119649146608643,2.074794,1.4178925700505363,0.2779940856183416,0.015004423660828449,1.0147048660789841,1.6102862423509228,0.23705976340444196,-0.003208752150473381,1.0828630366797918,0.19754154917250513,0.06815817060080764
1785119649179966309,1.175759,1.4258163910504247,0.29579466811867383,0.013813840284824894,1.0266943122010992,1.6110012833318874,0.25403199691649286,-0.0024011320110321676,1.0916660570893268,0.19052687569420185,0.06497174488822766
1785119649213323730,1.252491,1.4332608073164987,0.31201582581379894,0.012755414222834029,1.0373067069021125,1.6119526463807887,0.27080110823707976,-0.003907105773773449,1.1013874564436756,0.1841387136528986,0.06408074954156318
1785119649246681396,2.218691,1.4404186338837353,0.32699200378508714,0.011500147723527039,1.0470460419686085,1.6060987155237234,0.28344483525805986,-0.011302758470616148,1.1085912538381184,0.17281845349919478,0.06154521186950989
1785119649280038818,2.136954,1.4485153575084482,0.3439469322248017,0.010323613716995753,1.060475799870196,1.6319394042786892,0.3115156767894297,0.002386514231309803,1.1252037537378934,0.18643809913998693,0.06472795386769747
1785119649313396484,2.261454,1.455381328801918,0.35920774788744664,0.014789280963605366,1.0745275377286498,1.6362814431726336,0.33045706611980774,0.005945429521132271,1.1387279401726784,0.18338393274706094,0.0642004024440286
1785119649346753906,2.212618,1.4622635280261207,0.37156930778297664,0.016634973634880316,1.0847281659884485,1.641620335237958,0.342366412746208,0.0046715204650408775,1.150838764029973,0.18211204678301657,0.06611059804152464
1785119649380111572,2.257725,1.4686594602343896,0.3850830413645292,0.017013923223815428,1.093306997401691,1.6517912321593877,0.3620584248897879,0.005632585569613394,1.1602712350363356,0.18492407549856077,0.06696423763464465
1785119649413468994,2.268018,1.476086753899755,0.4033408330516289,0.016869325537768237,1.0992839742728957,1.6567071630331882,0.37883742672466203,0.007649747598816857,1.1662901413860096,0.1825079443052428,0.06700616711311393
1785119649446826660,2.075659,1.4822628571894707,0.4178581429858277,0.01645454580422755,1.1053651949874241,1.668133766973249,0.39911169641233524,0.011639787642486132,1.1733456374380367,0.18687591139346535,0.06798044245061252
1785119649480184082,0.975104,1.490997428710589,0.43835297712498017,0.016081554588132964,1.1137145885989688,1.6742368255494855,0.4205638143942835,0.010285567193903845,1.179840871965936,0.1841920854282721,0.06612628336696715
1785119649513541748,0.897811,1.498065170508869,0.4570462353725311,0.01559983847733022,1.1187921567737105,1.6769153403955592,0.43906898723266174,0.006843682151719642,1.1839675407555197,0.17996453815343433,0.06517538398180922
1785119649546899170,1.168376,1.5080335753150667,0.4743902925869063,0.014100229323768582,1.121662367477938,1.6979375377952333,0.4642619162898068,0.015443942163174944,1.1915275724371874,0.1901786121946392,0.06986520495924942
1785119649580256836,0.946839,1.5125238280022233,0.49256503739788654,0.015503300039781086,1.11801332047136,1.7195617781064327,0.4909882018279627,0.01764073912649116,1.1940194539371145,0.2070549874782472,0.07600613346575447
1785119649613614258,0.821391,1.5169881278500623,0.5073593529702747,0.022551763007496877,1.115768858276794,1.7197336259363794,0.5065048704278927,0.026504820367446537,1.1893189443199996,0.20278583233839356,0.07355008604320568
1785119649646971924,0.968211,1.5230442508071294,0.5229160345076768,0.025850379510929746,1.1167612802236961,1.714521691403377,0.5261288659621179,0.03409263357540286,1.1869500530832227,0.19168168221117923,0.07018877285952652
1785119649680329590,0.805564,1.5302052732071272,0.5413097012008027,0.026441321371339914,1.1183590505294567,1.725818036119141,0.5469410007665729,0.03804255910621471,1.1900804885803518,0.1960373772163163,0.07172143805089504
1785119649713687256,0.88658,1.5369031961119501,0.5601089984541775,0.025601183079449683,1.1201385611149253,1.7334286075075476,0.5676704873307387,0.03962306940162304,1.1922566280437104,0.19717004522561518,0.07211806692878509
1785119649747044922,0.735854,1.54496705835496,0.5810831133398451,0.02441196777703359,1.1220118479339096,1.7315325371629258,0.5933014465831107,0.0332788580531909,1.1915587895968023,0.1871752849423728,0.06954694166289267
1785119649780402588,0.794221,1.5533397837103913,0.6012965822294607,0.02327635531469282,1.124354282164422,1.7450183180332568,0.6154473448125295,0.043461938492174314,1.1962315144283509,0.1932572440299699,0.07187723226392895
1785119649813760498,0.785825,1.560463370069358,0.6204514479713079,0.021799527494580688,1.126216759365354,1.7553627082332863,0.6387496607936849,0.03838482693777639,1.1988389521865865,0.19645775313499533,0.0726221928212325
1785119649847118164,0.788879,1.5665017874218725,0.642062659091043,0.019878136284410035,1.1267526298684551,1.7644139340644842,0.6635923727449242,0.058406381956152935,1.199181360249348,0.20277369669966303,0.07242873038089281
1785119649880475830,0.668908,1.5760653228114279,0.6579891412632384,0.023966763350720382,1.1317069187332343,1.7612322661863034,0.6868489334137604,0.052331666021377905,1.2019712747439286,0.1895369415846989,0.07026435601069436
1785119649913833496,0.762323,1.582338488936624,0.6726421249147351,0.026848645765015743,1.133841472123125,1.7633868054260138,0.7117707982187668,0.06197956653889065,1.2045086451989258,0.18853044203150887,0.07066717307580084
1785119649947191162,0.609212,1.5877000949701554,0.6901291376155458,0.02791558584940971,1.1320687034341506,1.7789519665066196,0.7297703998773721,0.05720407118039042,1.2065601546691824,0.19750069218332922,0.07449145123503187
1785119649980548828,0.772483,1.5935793714934914,0.7087913845737397,0.02779157809223637,1.129649199251102,1.787732334941366,0.7467198706524869,0.054124726507298396,1.2045853255253058,0.1995679783363733,0.07493612627420387
1785119650013906494,0.700673,1.5995821596865296,0.7274967196471218,0.02697146618812828,1.1289096824495286,1.7861995186703563,0.7699709851018971,0.04993112790300204,1.200243012815548,0.19276215387384163,0.0713333303660193
1785119650047264160,0.662957,1.6065147847731465,0.7496979050490012,0.025449705323176933,1.1287012085269355,1.7814841260879997,0.7917194043209572,0.05698428973363781,1.1956719408788925,0.18268690926050796,0.06697073235195705
1785119650080621826,0.501264,1.6161796977753253,0.7673118515521993,0.024572203934598358,1.1294213199589132,1.7914844172211355,0.8277901857507713,0.06322415388817874,1.1971112867361493,0.18942900201031115,0.06768996677723615
1785119650113979492,0.754657,1.6242045707875568,0.7853864608757801,0.02536433128335666,1.1305109096229613,1.7963104376396002,0.8524731439355824,0.06785097623870621,1.1983448507231258,0.18954199389164816,0.06783394110016451
1785119650147337158,2.927048,1.625450610067236,0.79839340286645,0.027127205849385806,1.1285123566064927,1.810593030822231,0.8657367268002161,0.04696658765875549,1.1987252924646161,0.19800616230826196,0.07021293585812337
1785119650180694824,2.98646,1.6312500232420595,0.8126154118202052,0.03214784548809141,1.1267811517417463,1.810272474114087,0.8838702947371164,0.07800034552962706,1.1949714371927724,0.19806248512979244,0.06819028545102612
1785119650214052490,2.944544,1.6380184547381846,0.8279085143824686,0.03375345079234672,1.1269748349057624,1.8155162307175783,0.9017249515226963,0.06941994791321075,1.1944482113332313,0.19551579446832623,0.06747337642746885
1785119650247410156,2.963902,1.6451808448969019,0.8440292791059916,0.033782546016494816,1.1275240094260737,1.817432518401033,0.9204976481321633,0.07994742484857478,1.193454443047204,0.19403413752244003,0.06593043362113038
1785119650280768066,3.064328,1.6533112008845794,0.8620282465678543,0.03290642197016899,1.1289977470831607,1.8234040422790512,0.9402442589291916,0.06736682108526568,1.1940424425239733,0.19035976042884054,0.0650446954408126
1785119650314125732,3.046969,1.6622868572658684,0.8794847268877253,0.03134963483467613,1.131059841374786,1.8313768990964414,0.9644157690589589,0.06380576396400602,1.1956316714028121,0.1919846985793829,0.06457183002802602
1785119650347483398,3.04916,1.6699102725664365,0.8946954793246719,0.02899527008327376,1.1329587308993978,1.8471641038197701,0.9793911865831829,0.053267794955158605,1.2001969972374857,0.1979430195426475,0.06723826633808794
1785119650380841064,3.027987,1.6764467729657702,0.911603646303678,0.027457497499132684,1.1327020405152646,1.8649663125003477,1.004896427936114,0.09883376580910551,1.2024469160878948,0.22212098408053155,0.06974487557263022
1785119650414198730,3.107664,1.685118451596666,0.9262589172214093,0.027971253434753172,1.1308322151424144,1.8749784374728344,1.0235186832867311,0.10104657562606457,1.2036799970413812,0.2254911950505917,0.07284778189896679
1785119650447556396,3.09722,1.6903322850495124,0.9348710113159854,0.029997344973430262,1.1314166477020111,1.8722373864855069,1.0402702388203522,0.08282768465524422,1.2017632287207622,0.21677063426085316,0.07034658101875113
1785119650480914063,3.222436,1.6956976458380135,0.9470051295920917,0.03141692888025799,1.129749271502393,1.8743966412522772,1.0568245031814294,0.1004794695276352,1.1989160516917745,0.22082404827892316,0.0691667801893816
1785119650514271729,0.176413,1.6999104701606365,0.9594760171424679,0.03209607658574013,1.1250855589556343,1.8962528384772162,1.062174461262411,0.09557866395898412,1.201251327728471,0.23049367653022956,0.07616576877283676
1785119650547629395,0.058827,1.7039230099277454,0.9724851663546152,0.031991734085960614,1.1193871145999195,1.8873596499768892,1.0803656853294459,0.09349937417822468,1.1899255252826826,0.2215183899285056,0.07053841068276312
1785119650580987061,0.068795,1.7075619737954992,0.9849134269465715,0.03122707022243918,1.114620031419298,1.8853811333998531,1.0972217620613895,0.08168912470298016,1.181990037762919,0.21628507715757472,0.06737000634362111
1785119650614344727,0.178183,1.7102649211781487,0.992419743527835,0.0315684457329278,1.1114519229763222,1.8908007145797994,1.1110862644604365,0.11216661764003662,1.179986480136656,0.23058833709487328,0.06853455716033376
1785119650647702637,0.064168,1.7100296930115837,0.9984999348256482,0.03270110127193916,1.107013382821524,1.8914198600283372,1.121405465104307,0.11188392647127814,1.1754286734086683,0.2329765693583651,0.06841529058714424
1785119650681060303,3.285395,1.7115544645094671,1.0060185261264563,0.03253054822656709,1.101152219371113,1.898364071726473,1.1271004973826275,0.11134871138989175,1.1731542938962856,0.23615879394232334,0.07200207452517261
1785119650714417969,3.216924,1.7128500400432234,1.0116533509951309,0.03200706552163579,1.0954105788620454,1.8936121377637973,1.1356496903598388,0.11503385124966899,1.1656979213436012,0.23440024593954434,0.07028734248155577
1785119650747775879,3.236661,1.71112067333281,1.016350774367412,0.03117553847611059,1.0886568147587197,1.8826953273375235,1.143392279867339,0.09796363389841786,1.1547214239472867,0.22369187671139154,0.06606460918856706
1785119650781133545,3.179633,1.7118873544996631,1.0198476519747584,0.030635408129093024,1.0835057397604122,1.897576640369439,1.1455191815143424,0.10973916870740678,1.153939403276169,0.2377630104984311,0.07043366351575675
1785119650814491455,3.150972,1.7127173423558222,1.0229744482141507,0.029821359216034873,1.0804567227699258,1.9014432777815193,1.1449092844358304,0.11395460570608246,1.1522483936491394,0.23992495941787165,0.07179167087921368
1785119650847849121,3.182874,1.7129368356801506,1.0256440932858948,0.0296633676436778,1.0789521923675955,1.8930171804272633,1.1521856000602484,0.10624812777313634,1.146778787613652,0.23303842812945985,0.06782659524605639
1785119650881207031,3.263885,1.7133599836618971,1.0275073791270442,0.029450891652783896,1.075948271704895,1.8942437604352331,1.1521813516833173,0.10051907548187197,1.1450727099139306,0.23089657183577553,0.06912443820903569
1785119650914564697,3.098853,1.7137688665626454,1.0295672456062728,0.02924977668651995,1.0702540738124704,1.9040109322634142,1.152287544754142,0.10088528522774705,1.1432220022357258,0.23745307214057773,0.0729679284232554
1785119650947922607,0.362559,1.714065308250478,1.0315119478414878,0.029075161750644455,1.0636564603916878,1.9049242909097674,1.1529059678046583,0.09883450210251873,1.1368901064401298,0.23670662202584491,0.07323364604844194
1785119650981280273,0.305384,1.714636050840937,1.0337923977989623,0.028704242772523387,1.0552542901047106,1.9045523585221142,1.1555226368351263,0.10518104941761128,1.1283425131287599,0.23819142926159909,0.07308822302404927
1785119651014637939,0.101344,1.7152121166428,1.0358586131869436,0.028356332561660064,1.0463101543739133,1.9065392505721874,1.1617318753082095,0.1015435075142696,1.1190307995440114,0.24042985021046478,0.07272064517009813
1785119651047995850,2.754518,1.7158583311252338,1.0378077245931296,0.02800481103435698,1.036651870137704,1.911743874978873,1.1619426757030893,0.10402104728501366,1.110028234990743,0.24404733260501696,0.073376364853039
1785119651081353516,2.90001,1.7164629494993937,1.0396773566232596,0.027662221203455285,1.024260820821461,1.9085417445539523,1.1679244481835973,0.10280334392517178,1.096902184063572,0.24287397622466025,0.07264136324211101
1785119651114711426,3.117158,1.7173634374962314,1.0421317067170288,0.026886704033683404,1.0111706308705666,1.9125244079415111,1.16954021959162,0.09351886106493766,1.0860511583484975,0.2424058124069964,0.07488052747793095
1785119651148069092,2.982882,1.7178601583397033,1.0441378424205712,0.026211639532997995,0.9970638258887106,1.9284632878681347,1.1692370815584487,0.0971165300294975,1.0782560807429664,0.25501176697628236,0.08119225485425585
1785119651181427002,2.994037,1.718264717729262,1.0457389412180316,0.02547181029437723,0.984228205452622,1.9319312018604087,1.1710698372293882,0.10170493724898023,1.0662554934556683,0.2591769464694953,0.08202728800304626
1785119651214784668,0.761439,1.7185949382947043,1.04712999174165,0.02471920856611203,0.9731389803955066,1.9215956643466212,1.172747203483099,0.09597965481207948,1.0481068368702688,0.24913255480261082,0.07496785647476223
1785119651248142578,0.554682,1.7188870706776185,1.048789388611006,0.024085569655629975,0.9557158725531535,1.919356692193616,1.175469941657995,0.09318265224820926,1.03181898669293,0.24700291191373439,0.07610311413977644
1785119651281500244,0.477004,1.7193216841402246,1.0500822207122809,0.02357549610910485,0.9403562722245611,1.9252803301929515,1.1764907100446875,0.09532809519121757,1.018527934094625,0.2520843222697755,0.07817166187006387
1785119651314858154,0.553588,1.7198228187490718,1.0512548592942943,0.023119224275764818,0.9250102656986401,1.9212248469528617,1.1803154548196586,0.09080763203420901,1.000359175100631,0.24859834035414485,0.075348909401991
1785119651348215820,0.43657,1.7205142831183908,1.0524558700592335,0.02283366790190572,0.9082747248710903,1.9266069989966055,1.1800335485116946,0.09116246944110978,0.9861753763629083,0.251831484721752,0.07790065149181802
1785119651381573486,2.79181,1.721451105885038,1.0535166317411966,0.022917199166605284,0.8903093018192627,1.929090746379004,1.1835008396876343,0.08998925936070272,0.9692940975003652,0.253985778890486,0.0789847956811025
1785119651414931396,2.89714,1.722170560533571,1.053720711772197,0.023633615986452645,0.8720994525600776,1.937174830829187,1.181073140067033,0.09193842749344536,0.9540221511643869,0.25905795589587166,0.08192269860430934
1785119651448289063,2.660105,1.723375347181467,1.0539716539210255,0.024932376765875203,0.8593177549158404,1.904442974820224,1.186400387452444,0.0992176608471152,0.9277464731959543,0.23630733944271293,0.06842871828011388
1785119651481646973,2.685326,1.7241327342760953,1.0535307800744096,0.026387660076698037,0.8552273519009007,1.9012343257751652,1.1853116510688508,0.10140657454802401,0.9218552599130938,0.23315018593175754,0.0666279080121931
1785119651515004639,2.530547,1.724887027980799,1.0532019894203586,0.027740840240987247,0.8537916137026293,1.8935528938442614,1.1908950689328728,0.10408172409216783,0.9162157109492962,0.23072817123249267,0.062424097246666865
1785119651548362549,2.549569,1.7250117898419832,1.0529954988779175,0.028565662168619152,0.8556785614577082,1.882697843914198,1.191828256084036,0.11409531397525834,0.9130531216465514,0.22683638918939664,0.05737456018884324
1785119651581720215,0.766879,1.7253403967262144,1.0522530553816742,0.02896165429280831,0.8613145882187535,1.8819149988604815,1.1888837351945858,0.11564775486676222,0.9181721888249873,0.2251622275879328,0.0568576006062338
1785119651615078125,0.793872,1.7257446137898986,1.0509638232252014,0.029513859944727855,0.8692123292468524,1.8575310786161434,1.1925842149095065,0.12090249727076788,0.91734932449119,0.21395301045913218,0.048136995244337566
1785119651648435791,0.85543,1.7255522639950547,1.0490067614626315,0.030075845787785396,0.8762865193761411,1.863817381423867,1.191918354008168,0.11782940880227896,0.9267835854366075,0.21735145226853989,0.050497066060466445
1785119651681793457,0.786334,1.7247451186063416,1.0478172962503636,0.029843960464029005,0.8769139357567093,1.878405902285398,1.1863024529949517,0.12008876275118557,0.9341216468463112,0.22568539921599473,0.057207711089601876
1785119651715151123,2.498075,1.7229120821858281,1.0464747413022977,0.029345520037746254,0.8737656946529673,1.8873301876594086,1.1840464246779896,0.11313838273155499,0.9347281703720363,0.23017498846044623,0.06096247571906898
1785119651748509033,1.860745,1.7214928195812056,1.0453621588835287,0.02906327005305539,0.8729383538785833,1.8675830166938048,1.1851410944920397,0.11701750059137063,0.9270374975814579,0.22049136763563662,0.05409914370287461
1785119651781866699,2.495355,1.7192960099720471,1.0436872620831077,0.028968981606440992,0.8735654711186694,1.861943894462973,1.1829624480095504,0.11341337797475007,0.9263607468611373,0.21651062893675635,0.052795275742467895
1785119651815224365,2.313873,1.7172541734954836,1.0423827912930006,0.028859923182739364,0.8740252777056902,1.8848205983660524,1.1756516442702991,0.11014573312442752,0.9366877347516851,0.22901195780060274,0.06266245704599493
1785119651848582031,2.392982,1.7155729890725966,1.0413387012020277,0.028667229972372536,0.8735775341354572,1.8639515333324002,1.1773027137266507,0.11154642607106373,0.9293072494792497,0.2176496410390324,0.05572971534379245
1785119651881939697,2.391744,1.7140785568510448,1.0403431509210035,0.02842858557078541,0.873766299992849,1.8670229760443826,1.1774272191843205,0.11128218046612363,0.9306525535804681,0.22146953587590779,0.056886253587619014
1785119651915297607,2.361652,1.7128461554716012,1.0393921401519026,0.028326312865934483,0.8744679257020821,1.8621680192751366,1.1747994748973187,0.11073853775223985,0.9303188848927055,0.217770383944488,0.05585095919062344
1785119651948655273,2.281498,1.7115124310106693,1.0384522192463426,0.02833277652119235,0.8751229535642463,1.8588146630621376,1.1772467569170886,0.10784797481279149,0.9297029392698393,0.21745008165998256,0.05457998570559297
1785119651982012939,2.338911,1.7102698652698587,1.0376548764909777,0.02826837991229309,0.8760295434792849,1.8554123877208757,1.179469390513482,0.10601063137647468,0.9295373982785613,0.2173052366456067,0.053507854799276444
1785119652015370605,2.200821,1.7089595927232257,1.036929063041153,0.028290115194149635,0.8770730403677723,1.8510332942096341,1.1735060574799645,0.11130453652633962,0.9303971348166817,0.21384481806465783,0.0533240944489094
1785119652048728516,2.187178,1.7076245502058855,1.0363196749328594,0.028222637022585005,0.8784500852007656,1.8566578840368082,1.1727905295442547,0.11185653002646007,0.9339492434413327,0.21870038136708278,0.05549915824056706
1785119652082086182,2.119899,1.7061535455221692,1.0354889664235223,0.02806953098933483,0.8820589831470473,1.8483650075852387,1.1722455335885396,0.11356621303567739,0.9352692746658355,0.21502590831294985,0.0532102915187882
1785119652115443848,2.143456,1.704414734457957,1.0346889337419296,0.028090560766893036,0.8874938905655917,1.8345033419973644,1.1728197483523095,0.11090667794644948,0.9360963503984885,0.20703061855959165,0.048602459832896794
1785119652148801514,2.094296,1.7026510024310049,1.0339764106444966,0.027948979284612332,0.8942387377032205,1.8152992856121324,1.174319035550529,0.1070734499822679,0.9358415506660167,0.19658679999520562,0.04160281296279622
1785119652182159180,2.146941,1.7005714059425547,1.0331937600704866,0.027876481139489727,0.9013112114956249,1.8102164694578633,1.1763881863691106,0.10661523911781319,0.9414757361570131,0.1967904359572312,0.0401645246613882
1785119652215517090,1.977136,1.6982672325682875,1.0325396254520607,0.02777371811341013,0.9110830348038153,1.8033090417865467,1.1752715608043034,0.10699225379379063,0.9491666021009709,0.19411791119983152,0.038083567297155674
1785119652248874756,2.010945,1.6958958896116532,1.0318551360991104,0.027859641335277473,0.9232405727664318,1.7902600605701275,1.1808848434579582,0.10651169427161544,0.9558828746839835,0.1931336217939396,0.032642301917551686
1785119652282232422,4.329759,1.6931420479092258,1.0312701734962844,0.027788665218383773,0.9356054763142679,1.778134802632263,1.1755582179363544,0.10691249850658724,0.966528542078528,0.18521174130699541,0.03092306576426007
1785119652315590088,1.940997,1.6902017518955297,1.0307183478609303,0.027526580843009588,0.950101506246272,1.7837655149866458,1.172865907729622,0.11427932772043956,0.9838818381364818,0.19101346976371383,0.03378033189020979
1785119652348947998,1.901845,1.687980540014311,1.0315931529585154,0.028125664165358763,0.9677158239751973,1.780589226920251,1.172192633037586,0.11984130666800309,1.0005811249682912,0.1917194350310376,0.03286530099309393
1785119652382305664,1.857692,1.685587849023008,1.0319375498304226,0.029227653189634543,0.9862001905148267,1.758874003251823,1.1738028727314052,0.12155242875030203,1.013708797956911,0.18444645408838123,0.027508607442084387
1785119652415663330,1.815446,1.6832673895696368,1.032710577779236,0.029946814144226945,1.0074730010538786,1.755682722815617,1.175546777653399,0.11435153944057311,1.034463980182852,0.18102573887701676,0.0269909791289733
1785119652449020996,1.80944,1.6805342266138867,1.0344991013368137,0.030300964497346677,1.0274820520404822,1.7592805356873513,1.175232318640918,0.11076055833631372,1.0577074060417662,0.18022365517930597,0.03022535400128401
1785119652482378906,1.801998,1.677218680368595,1.0372106093608997,0.030576735658332608,1.0415552593115294,1.7857304449789677,1.1740929425118145,0.09953332491380311,1.0843298323466177,0.18779400253853332,0.04277457303508836
1785119652515736572,1.729711,1.6727195398082946,1.0410219932458105,0.03059741042599534,1.0530856404249775,1.7679151467968284,1.1830412666150116,0.09292419374928351,1.0914805629386375,0.18197886008451475,0.038394922513659946
1785119652549094238,1.794038,1.6672334909257884,1.0452733730750854,0.029567978252896296,1.0665038823706998,1.7540974039033554,1.184197251736212,0.09850398335377546,1.102642063091927,0.1777564520328143,0.0361381807212271
1785119652582451904,1.734865,1.6646999486554375,1.0494107544264804,0.027927383812492313,1.0796773453399127,1.779357509847474,1.1812651975958457,0.09521478988777594,1.1290193576341214,0.18724194385433285,0.04934201229420876
1785119652615809814,1.793226,1.6633358326978696,1.053852063452679,0.028155924950165317,1.0889757717672062,1.7823425970504605,1.1835366531257627,0.08433640165717055,1.1412568380078953,0.18476187031791919,0.05228106624068918
1785119652649167480,1.707349,1.6612786490057687,1.0589906693208653,0.028336460382983094,1.0927653282755037,1.8222814637689808,1.1792236719287463,0.08046118579730913,1.1613995609442307,0.2075930352331282,0.06863423266872704
1785119652682525146,1.603592,1.6608756529354989,1.0639569608197565,0.02827394754701001,1.0925293185224165,1.8202644848744727,1.1774719226491244,0.10105333626415829,1.1621448097608964,0.20877568279863207,0.06961549123847986
1785119652715882813,1.69629,1.661168280636313,1.0705040336841416,0.028052853176347294,1.0923838952049139,1.8224942095282224,1.1830704658323024,0.10021123169534828,1.1627449137140484,0.20953302501012885,0.07036101850913458
1785119652749240479,1.505986,1.662382345291524,1.0775666625656308,0.02804366358921174,1.0946863126059523,1.8198786093606276,1.1944916707620254,0.09826445250690397,1.1628410648244722,0.20834464220054913,0.06815475221851997
1785119652782598145,1.775115,1.6647930708634904,1.0852354676235971,0.02766858528936844,1.0964854869012546,1.8206686895998836,1.2021422446426948,0.10071108749291852,1.1643505686104547,0.20808558373323718,0.06786508170920014
1785119652815955811,1.878219,1.6676985841894345,1.0932024046302988,0.026900752850411047,1.0964717314024433,1.834076111237164,1.209341420338571,0.10236411420287374,1.1679832045812695,0.21648203478075634,0.07151147317882622
1785119652849313477,1.819375,1.6716490601843703,1.1025578398805944,0.02610291765177071,1.0946778655108476,1.8389772363308898,1.2228492765684933,0.10170280463942742,1.1657910578937598,0.2195087496786994,0.07111319238291225
1785119652882670898,6.871181,1.675447892717579,1.1107301415340105,0.02575087198127423,1.0928686124673166,1.8388033975497087,1.2329388387301186,0.10541312043456351,1.1623335670861294,0.21901155325225088,0.06946495461881286
1785119652916028564,1.163871,1.6804803941402782,1.1208689527582065,0.025774825127789523,1.0922614803439807,1.8467043047046412,1.2463281182214432,0.09567613253799506,1.1625582222611688,0.219673811410685,0.07029674191718803
1785119652982743896,1.361906,1.6915933669263188,1.1424290210649286,0.02743577913429534,1.0918148656102618,1.8551622382865203,1.2726440573848925,0.09681115595857064,1.1605647590422068,0.2202808985621991,0.06874989343194504
1785119653016101563,6.463778,1.6963980317550853,1.1543561756640481,0.028284331003040484,1.0905741194083916,1.858591641092742,1.288779821357541,0.09242486505548414,1.1576308415858263,0.22020556655098167,0.06705672217743475
1785119653049459229,1.931939,1.7024931482499852,1.1690726962676568,0.02840372934983995,1.0877286066501597,1.8656103703491718,1.308488431088711,0.09474203225099993,1.154203543181453,0.22459907767587992,0.06647493653129333
1785119653082816895,1.816829,1.7096216616833195,1.1856435329391692,0.024717241592966517,1.086847788537034,1.8591055598227406,1.3364933751206538,0.09380000682093798,1.1466392857059915,0.22332384364567667,0.059791497168957486
1785119653116174561,1.874334,1.7178629593876191,1.200284895645243,0.025203274410303646,1.089162328802305,1.8970767106396262,1.349123056579644,0.13291006767321303,1.1622673104104937,0.25665369684290545,0.07310498160818879
1785119653149532227,2.01457,1.7216237272905506,1.2155678383485184,0.031150000080759632,1.0860693799893095,1.8914053061501808,1.3713502171883885,0.1570190938262726,1.1535228599009002,0.26255849412539356,0.06745347991159069
1785119653182889893,2.065875,1.7277642029514955,1.2304601500287322,0.03484118628623352,1.0903697598782716,1.891803007491454,1.3964569504377333,0.14697092726566333,1.1546634217076912,0.2589145533820733,0.06429366182941965
1785119653216247559,2.105499,1.7354147442724674,1.2472642251629358,0.03631604296811798,1.0996090282797313,1.893383409580746,1.4159063972189898,0.15743970812043934,1.1630805916243332,0.2608931269217231,0.06347156334460191
1785119653249605225,2.199243,1.743669883511138,1.2672107451668824,0.036046822367533725,1.1118335169060416,1.8853401132820928,1.4440429021430197,0.14252606563031603,1.1687473066273146,0.25035553716665265,0.056913789721273034
1785119653282962891,1.892444,1.7522847967357977,1.2861991328436915,0.03530693937784245,1.1272788093835666,1.892821234152827,1.4637168289874296,0.14554260781838416,1.1855908623081477,0.2518232024309598,0.05831205292458109
1785119653316320557,2.179546,1.7627510916135423,1.3082387865841976,0.03481888628903777,1.1456445428459434,1.8956962319181105,1.4865791555574777,0.12973007439723078,1.201176104500839,0.24184257516871555,0.05553156165489548
1785119653349678223,2.122371,1.7666416050175655,1.330689153082129,0.03216706077357479,1.1642696068312746,1.9167280963506015,1.5076615685752544,0.14112550005588007,1.222246882460098,0.2563535297532856,0.05797727562882349
1785119653383035889,2.291694,1.7690392516193707,1.3500933323611033,0.033253670715817675,1.1872668992666968,1.9033881381955176,1.54668903153412,0.14223945902115448,1.2383995651230284,0.26187285905590396,0.05113266585633158
1785119653416393555,2.063335,1.778018413421667,1.3644085931388508,0.037819951344871094,1.2122234904758717,1.9223419358422076,1.5614216412779263,0.15177498629224814,1.2714824053426073,0.26949799674724834,0.05925891486673551
1785119653449751221,2.367364,1.78244555525816,1.3810238709119023,0.039637604584140285,1.2356467411955323,1.9361098163157415,1.5779921616232147,0.1509289918672805,1.2982538041730871,0.27348671915746575,0.0626070629775548
1785119653483108887,1.401273,1.7866380162813675,1.4010842563536747,0.039966201510789584,1.2614431648699673,1.9224434846681704,1.61343293359598,0.14251779059262315,1.3117502479220482,0.2721248139981448,0.05030708305208087
1785119653516466553,0.932496,1.7899478590524018,1.4200040865565549,0.03963880379002271,1.290077910343054,1.914879024753762,1.6372629806768233,0.1445500015380782,1.3333424767551592,0.27169023289546923,0.04326456641210519
1785119653549824219,1.13296,1.7926179019777984,1.441529530977008,0.038986848789390946,1.3174099531391263,1.9029709716297103,1.6675972065077855,0.13467682323113261,1.3543593665867897,0.2691485929930711,0.03694941344766334
1785119653583181885,0.871608,1.7921197720666524,1.4617355348084278,0.03767437955244398,1.3454826387628183,1.9112059434160025,1.6865136583515754,0.12810147860945012,1.3861308392482323,0.26996996365168274,0.040648200485414065
1785119653616539551,2.393819,1.7932013844618386,1.4785548348642108,0.0338946174361876,1.3718007548419935,1.8876250995666484,1.7214715245801246,0.157948337981111,1.405713943240763,0.288641094956643,0.033913188398769556
1785119653649896973,2.167361,1.7924861302172084,1.4949192706368002,0.03432333374585977,1.4014745693782766,1.8748536669741445,1.745073235462889,0.1517309166602535,1.4304628872199754,0.288350407933503,0.028988317841698752
1785119653683254150,8.511135,1.7900579461883406,1.5134971421630004,0.04365409989114008,1.4387706519750072,1.8600237715694647,1.7666037906415384,0.1520856544615335,1.4540967315492386,0.2841049000841985,0.015326079574231377
1785119653716611572,0.722198,1.788739008553627,1.5258695157504312,0.04649080626762949,1.4631075750223588,1.8547551727674918,1.7827955427404285,0.15279196586466753,1.4837437479417432,0.285777979932065,0.020636172919384466
1785119653749968994,0.814426,1.786833530067103,1.54100698765304,0.04790301798270079,1.4939154926757365,1.8459255673197794,1.8018315913442275,0.1555281617634863,1.513698686276802,0.2882785360223191,0.019783193601065507
1785119653783326416,2.608828,1.7839286331407214,1.557027635235251,0.04817747131670842,1.5236051245757005,1.8330352411399098,1.8209755383501804,0.15762142871691578,1.5367198559663382,0.2899274638929064,0.01311473139063768
1785119653816683594,2.612201,1.7804300796924075,1.5732881042183327,0.04767869192154421,1.5524863384017047,1.8255664903898199,1.84177080826121,0.1528545301615145,1.5659361585647296,0.29185992340556316,0.013449820163024873
1785119653850041016,2.625831,1.7806585890115618,1.591376566524008,0.045345365545040144,1.584138804031633,1.8467565647357618,1.8423353102520967,0.14442430960348385,1.606344995703851,0.27778745580776976,0.022206191672217823
1785119653883398438,2.629686,1.7733586257338494,1.6049022794770473,0.04467838954620662,1.613289216505389,1.8455358536397921,1.8719967288553654,0.15086610421016675,1.6382684712972966,0.29635253982790144,0.024979254791907653
1785119653916755615,2.594195,1.7703062800362748,1.6186341591897158,0.04744373346272444,1.6436194943128317,1.8337920192059987,1.8821929815379548,0.15112813715362824,1.6666219476493844,0.2902484237412068,0.02300245333655271
1785119653950113037,0.678298,1.767449732539597,1.631137751676433,0.04861264427943347,1.6724884753290232,1.8274772992179598,1.8979663688236421,0.15302000257949688,1.694266685179109,0.2927485544921017,0.021778209850085828
1785119653983470459,0.701385,1.7614982508103953,1.6432570535305946,0.04837132648254262,1.7007856340813918,1.8235342183872492,1.9118411122049501,0.15138648504010938,1.722943854558732,0.2942753485085469,0.02215822047734006
1785119654016827637,0.715417,1.755328709651764,1.6566430979465658,0.04758507921943091,1.7274310241893753,1.813769468532676,1.9231855902777644,0.15107624171444323,1.74883203219767,0.2918400987377728,0.021401008008294697
1785119654050185059,0.623824,1.7487925310874723,1.6689285910952028,0.04642918319058894,1.7540984468949463,1.8064604958968247,1.935147998192089,0.14983789584992238,1.7746607886706214,0.2913618518854706,0.020562341775675064
1785119654083542480,0.78281,1.7421062938558947,1.680622142917972,0.0452068551926577,1.776789921918401,1.8016552225501057,1.9491725617209974,0.14678591384249853,1.800212284544054,0.29322978618158213,0.023422362625653115
1785119654116899658,0.519561,1.731808282026547,1.6941973712900407,0.04380521193808756,1.804737908148195,1.7900718724588176,1.9642306294652994,0.14461434218413866,1.8221968038983598,0.2940664673705089,0.017458895750164904
1785119654150257080,0.480182,1.722854412649697,1.7052951393216271,0.041822743731746624,1.828196313673258,1.7771253193701002,1.9777313259421585,0.14911170762170134,1.8438417815167754,0.2977880603200399,0.01564546784351739
1785119654183614258,0.380727,1.7137657525785588,1.7175608355907914,0.03988095418383687,1.8506050536545702,1.7696140992836542,1.9989036684021808,0.1640129417728536,1.8708464187575458,0.31254052176770575,0.020241365102975584
1785119654216971680,0.430278,1.7031239587064262,1.7270596712605306,0.04282824417218485,1.8714625561332017,1.757470126510245,2.0066098725884975,0.1608724760685914,1.8917606310029629,0.3082795187836524,0.020298074869761207
1785119654250329102,2.973188,1.6960827466945059,1.733817370355302,0.047046116114462674,1.895084364645814,1.7387932367436407,2.007650362186405,0.1638738465810898,1.9111054043287221,0.3007613871184148,0.016021039682908134
1785119654283686279,2.97489,1.6868895079777586,1.7425905584751455,0.04980705590733984,1.920631532543969,1.727402076419878,2.012985194160828,0.16795697488076672,1.9356746069807984,0.2978488384446003,0.015043074436829507
1785119654317043701,2.957764,1.677729387510901,1.7509608405013994,0.05074915118413842,1.9439215668959813,1.7110216782518366,2.0223571767585975,0.16760213556254352,1.9580472508097941,0.2973532712359978,0.014125683913812859
1785119654350400879,2.913215,1.6663762147701837,1.7608441104592316,0.05084872156318595,1.9678025569390336,1.7013667773870647,2.034837969323715,0.16794361118669052,1.9841788654150307,0.3000136452624065,0.016376308475997137
1785119654383758301,3.079194,1.653953323440058,1.7708528917638249,0.05007503979520067,1.9921592945967173,1.6871571815803172,2.037673672686415,0.16484516972840133,2.0062153657865385,0.29234912014990394,0.014056071189821218
1785119654417115723,3.016292,1.6452903526728062,1.7829593325709068,0.04863123023084086,2.0179872803584833,1.6606639994852725,2.0253744879054727,0.1389557641150507,2.020552509900904,0.2591524222800087,0.002565229542420777
1785119654450472900,3.168436,1.6318361490287974,1.7914737366640874,0.04629741978300323,2.0471160439914153,1.6597056013659752,2.0458060689449042,0.1474105990696166,2.054185528618503,0.2751100082556447,0.007069484627087785
1785119654483830322,3.065241,1.6216171919602809,1.799840199554333,0.04869332642777346,2.0728240220846383,1.6465409623730967,2.0553710453365848,0.1442537709265856,2.0811735763272305,0.2739507365031061,0.008349554242592205
1785119654517187500,3.249574,1.6127885855635067,1.8093522772635917,0.05027140073250609,2.096952141960405,1.6329188347485266,2.063419593092683,0.14926233745552536,2.104059660086664,0.2734129357915442,0.0071075181262587606
1785119654550544922,3.153054,1.60281986500564,1.8169163035985245,0.050451382052699494,2.118899041185202,1.6173700413222252,2.0770559408418046,0.1460503583341545,2.1260758278533656,0.27753108431664236,0.007176786668163793
1785119654583902100,2.962831,1.5906719482672735,1.824731333384335,0.049967371930395604,2.137922308600706,1.603601747727311,2.0849463628169254,0.14243629158301993,2.1448482048016517,0.2764589343074378,0.006925896200945747
1785119654617259521,3.235144,1.5792929830138682,1.8324997842954451,0.04890346807288664,2.1568133637735123,1.5927374519807533,2.0917120687771744,0.142691342167692,2.1632259850816844,0.2759853755170037,0.006412621308172107
1785119654650616943,3.304637,1.563813153832595,1.8427057816852972,0.047422792015006016,2.1787217879868557,1.5812621750074907,2.1035067498606574,0.13441310423949987,2.1824326563692793,0.2754794507074569,0.0037108683824236266
1785119654683974365,3.306988,1.551982555353823,1.8499464764914952,0.04632192136250464,2.1942917777994504,1.5662445832835037,2.11315013847382,0.1345030391099038,2.1988304833867685,0.27794870506759617,0.004538705587318059
1785119654717332031,1.31004,1.5385785178008184,1.8570137504022828,0.04467232611065276,2.2117677619376495,1.5492557353519858,2.1220731070751824,0.13326028100230014,2.214784454407278,0.2796753319232337,0.0030166924696284347
1785119654750689453,3.25492,1.5221732465475628,1.868773945233901,0.041974359640644374,2.2298464183769062,1.5291287938385028,2.148973415767448,0.13718818667466992,2.236598790521162,0.2960165464697233,0.006752372144255947
1785119654784046875,0.000487,1.5104237239275833,1.8725796474609717,0.04389502435041281,2.241579263777977,1.5147047901173163,2.1542306163374634,0.13374850115588913,2.2505461526449175,0.2956674535535144,0.008966888866940526
1785119654817404541,0.096616,1.49776659712456,1.877334598500848,0.04870319650938509,2.2583006322014247,1.4931198024974217,2.1585431425686052,0.13983883929974172,2.2643459223837623,0.29564428515333424,0.00604529018233757
1785119654850761963,0.19107,1.4853469417062983,1.8832213135582383,0.051282121062397504,2.275112362160485,1.4780703859137378,2.166194959209363,0.1349330800663983,2.282854989601099,0.2951686218749879,0.007742627440613603
1785119654884119385,0.140327,1.4707416594776004,1.8894164859838347,0.051905536005605254,2.2908596064635782,1.462619766812865,2.170273940757963,0.1368767274945264,2.299333934457305,0.293542123767111,0.008474327993726938
1785119654917476807,3.125014,1.4516542096544314,1.8974360045130294,0.05134226625466601,2.3098607969217264,1.4441036447645668,2.1811962951372785,0.13479327997486182,2.3189939283878895,0.2958732587717969,0.009133131466163125
1785119654950834473,3.310935,1.4346131142519494,1.9045780253062623,0.05004747215636057,2.3250573854814625,1.4272163812022924,2.1832258580613395,0.12931496616293103,2.334992267401271,0.28979762242811974,0.009934881919808626
1785119654984191895,3.226733,1.4196864854661002,1.9155730953305135,0.04843070523804306,2.3470260267623115,1.4225663665422912,2.1528529085374197,0.12649941682311866,2.3453637470483533,0.24980938172749045,-0.0016622797139582701
1785119655017549316,3.115591,1.401713965037551,1.9228948784905058,0.0472444499164239,2.367983693498194,1.40392817936393,2.1656702289674628,0.12443368094905256,2.368414139270054,0.25476057570138466,0.00043044577186002186
1785119655050906982,3.183971,1.3865519962951953,1.929578355649179,0.05009966765584028,2.3869634855158917,1.3761888643312479,2.187735630161838,0.11314769637297588,2.3887072864525516,0.2659466615940557,0.0017438009366599339
1785119655084264404,0.377089,1.3756284686188183,1.9360201840360405,0.05160404550878663,2.4015971682333315,1.3555824242019783,2.202430761708452,0.11081965103534601,2.4068103649696035,0.27364745153278336,0.005213196736272074
1785119655117621826,0.338505,1.3595172384232468,1.943703731656033,0.05225641103663946,2.4145880961964923,1.3401193674298888,2.213950306078273,0.11033173401807905,2.4219601036298526,0.2770960691266276,0.007372007433360306
1785119655150979248,0.331393,1.3450072809465887,1.949828379268893,0.05208431827208887,2.425128778999978,1.3233300535929549,2.219592009146762,0.10632783128332468,2.431708202171322,0.2760157185640432,0.006579423171344079
1785119655184336914,0.373401,1.3292368063120725,1.9568107272711996,0.051191855091484426,2.437847479227821,1.3026361845510983,2.2332758169527667,0.10773274492033846,2.444563413599083,0.28343854909547134,0.006715934371261945
1785119655217694336,0.437337,1.3118154970978022,1.9645309219351843,0.04977756879296898,2.451117657440046,1.2843585002606541,2.2382916168105926,0.10817701601681103,2.4560319633391683,0.2812637555214534,0.00491430589912234
1785119655251051758,2.979161,1.2908849993094833,1.9734214332856677,0.04813740109190768,2.467382655303165,1.2687606407552576,2.2336900091153318,0.1028275511232661,2.4660927890628814,0.26687118862157083,-0.0012898662402833772
1785119655284409424,2.832488,1.2742133839051217,1.9828210057756095,0.04588558015269209,2.481566258067103,1.242438058688998,2.2524727411782504,0.09932569507475807,2.4811425644064635,0.27672653573723266,-0.00042369366063965685
1785119655317766846,2.846276,1.2563646203750578,1.9870993345723733,0.04431515460501766,2.491781088415173,1.2154174891147231,2.2649557410719283,0.09873512413740776,2.49317559620348,0.28608107814954015,0.0013945077883068537
1785119655351124268,0.60678,1.244036873227577,1.9902889991875479,0.049378440801795535,2.503164753002705,1.1933403895449428,2.2691186623667194,0.10505234838614298,2.503469857533647,0.2888177600358128,0.0003051045309421241
1785119655384481689,0.489518,1.2283492543755892,1.996116598807552,0.05350441603795769,2.5178566954999653,1.1802393734783276,2.2754041338314113,0.10840908566532884,2.5206541733617973,0.28867041865515575,0.002797477861832043
1785119655417839355,0.108809,1.2113438469432918,2.00267519492129,0.05460456901738289,2.5321927091152965,1.1611932172091686,2.2809778718784233,0.10761432262880591,2.5357624248595294,0.2877107916679165,0.0035697157442329264
1785119655451196777,0.686776,1.1919141440673093,2.0094132048424846,0.05419014330398185,2.547626399627504,1.1414382943059505,2.287464615185509,0.10272541369391901,2.551600714568117,0.28673344882434026,0.003974314940613066
1785119655484554199,0.520877,1.1724878360947375,2.015771066164108,0.05330375272567969,2.5622109014311136,1.1215388900695005,2.2874506326608555,0.09961438996927142,2.564796342268337,0.2802681877681638,0.0025854408372234516
1785119655517911621,0.560971,1.1530355557485685,2.0224360147401295,0.05139236869845688,2.5777132841782544,1.0974327124623213,2.2939118367785576,0.0945309132442329,2.5802935663141184,0.28044916145084686,0.0025802821358640315
1785119655551269287,2.611858,1.1303671520539775,2.0325242299101705,0.0474449012347629,2.5958193595610637,1.0815209720786307,2.2943341669111756,0.09270718882009109,2.5955815878777946,0.27014638085325376,-0.0002377716832691057
1785119655584626709,2.577247,1.1121289358190745,2.0377747537133932,0.045989631224162456,2.6150359098035674,1.0586248814779207,2.3013262066625955,0.0935585044587319,2.611230138989947,0.27310227000774495,-0.0038057708136203243
1785119655617984131,2.599618,1.0962104416329357,2.042379502270315,0.048633722798061454,2.6331766070472784,1.0312288081611156,2.3140666517275266,0.09339061992856042,2.631651038364715,0.282912883604832,-0.0015255686825632608
1785119655651341553,2.534489,1.0795973874847438,2.0487547834027526,0.04962716703012371,2.6478643264956383,1.0155910277678224,2.31791460594207,0.09046904197137136,2.6475856314057356,0.2796638748611004,-0.0002786950899027474
1785119655684698975,2.531111,1.0615986311132237,2.053265341142223,0.049395420914418474,2.6579833656453893,0.9999531842004927,2.3184926437263824,0.08632520470161202,2.656459238690474,0.27478990536718856,-0.001524126954915328
1785119655718056396,2.388021,1.042597773769468,2.057784846859876,0.048756175866282794,2.6671318252542107,0.9787186825734816,2.3289942863565742,0.08947271641130759,2.666293970208519,0.2815900123194946,-0.0008378550456917822
1785119655751413818,2.448062,1.0242074386702107,2.0622368167692873,0.047814410683334405,2.67515917069373,0.9532714182441426,2.3378456324032597,0.08294507543899239,2.674122472063381,0.28675128919539833,-0.0010366986303491643
1785119655784771240,2.426565,1.002265441633096,2.0676620185259345,0.04661493394865789,2.684112346421622,0.9334856013883234,2.3353167948839095,0.08102210333101494,2.6803441972253537,0.2784844682136516,-0.0037681491962682223
1785119655818128662,2.352615,0.9840462324121342,2.0738007289993377,0.045585559655815996,2.693076918447254,0.903435685976652,2.348997451575144,0.07892001499718372,2.692561591739638,0.2886909805068355,-0.0005153267076156709
1785119655851485840,2.519711,0.9627030013301129,2.0810364203235645,0.04324867093018697,2.697354036419432,0.8741478950369692,2.3809367130233396,0.08971658109613749,2.707943526487689,0.3161351911559224,0.010589490068257046
1785119655884843262,0.091616,0.948348654910135,2.081259653628264,0.04654836657110836,2.696959180697498,0.854144866963453,2.374684510665056,0.08357363234504835,2.7042218264578692,0.3103922851750603,0.007262645760371278
1785119655918200684,0.99895,0.9316685771877439,2.0850857255878577,0.051456235024673606,2.6973578493808574,0.8313642404163424,2.3834353181690484,0.08614002178383151,2.706110237459281,0.31666449821927933,0.00875238807842349
1785119655951558105,0.895993,0.9140512095127988,2.0901600530920446,0.05309650504521589,2.6982942350037193,0.8142678322777057,2.3768056985126855,0.08350266488514245,2.70333626841331,0.30503603552247377,0.0050420334095906405
1785119655984915527,1.074847,0.8946078347193793,2.0957966575276314,0.05265468706621669,2.6999085123041935,0.7905810220839806,2.388229969074978,0.08429557123527333,2.706565120853172,0.3119935335878413,0.0066566085489783156
1785119656018272949,1.052952,0.8777466869157116,2.1006126495425184,0.05171079276997506,2.7009188383827443,0.7664706660299152,2.392881818457887,0.0816388962610595,2.7074694661856022,0.3141644653700183,0.006550627802857978
1785119656051630371,2.218349,0.8525090123154505,2.108544982059664,0.05028847476819967,2.7030127839981497,0.7426287361134594,2.3956313956452826,0.07557797401672128,2.7084989581217704,0.30843450315410514,0.005486174123620735
1785119656084987549,2.42693,0.8327843296809352,2.115214242107258,0.048690235128302534,2.70585318822052,0.71970464076064,2.402450535821077,0.0690557478840687,2.7114822176076423,0.30936460460525717,0.005629029387122397
1785119656118344971,2.214698,0.8130010664143715,2.1228676504846815,0.04533733753304088,2.7077175829095577,0.6955573538176191,2.415317776278404,0.06569482798318513,2.714162907341583,0.3158077407580449,0.006445324432025501
1785119656151702393,2.236115,0.7934277924830814,2.129462139316246,0.04374510566217723,2.7111790046961146,0.6753175677759184,2.4169493199060956,0.06363672510055882,2.7160909131639217,0.31143952977706413,0.004911908467807091
1785119656185059814,2.049633,0.7782679288912884,2.136264577125902,0.04705227722341936,2.7162478028895856,0.6507300537795292,2.430264002751188,0.06969592299622104,2.7233991964423647,0.32126983448482194,0.007151393552779162
1785119656218417236,2.130178,0.7638294994641049,2.1428968830663133,0.04893738526511218,2.7176303991482764,0.6328467735659644,2.4292507823600022,0.06867002808473278,2.7235728147575267,0.31550658838929857,0.00594241560925024
1785119656251774414,1.983993,0.7457367901687433,2.149177805778379,0.049245558171479964,2.715554041124458,0.6105787835281106,2.4421856088635843,0.0580546020415822,2.7225967533822657,0.3227984799868071,0.007042712257807615
1785119656285131836,2.037597,0.726320971431429,2.1558389059349032,0.04887704913436233,2.7123629471994377,0.5899116393295067,2.450939876470729,0.05765791016955783,2.719277809980812,0.32522175852208624,0.00691486278137443
1785119656318489258,1.94505,0.7087618400404829,2.1622135256800914,0.04827861542826141,2.7105618340542246,0.5669603713154662,2.4580878402572908,0.05607828403163176,2.7160252251250836,0.32819217143225987,0.005463391070859025
1785119656351846680,2.045384,0.6871092254844009,2.1703154210050664,0.047198918074652096,2.710127824722034,0.543436260864747,2.4616849809899697,0.04519883456553478,2.713221810559627,0.32487250050202765,0.003093985837592683
1785119656385204102,1.048137,0.6691123964006782,2.1783386340348687,0.046305128903259565,2.7106547315061404,0.5137222581310287,2.48008389187091,0.05088282621440223,2.7169488063530594,0.3394366671570299,0.006294074846918907
1785119656418561279,1.398169,0.6479544696965774,2.188610846540942,0.044508863114198056,2.7109499706939193,0.4856123866328099,2.5085082434647474,0.054866311872939645,2.7233631911709013,0.358882394715734,0.012413220476982012
1785119656451918701,1.467828,0.6299555425098765,2.191236767637722,0.04843719316134571,2.707838250794117,0.4694473064123932,2.4994959190611765,0.05613912836499506,2.714787630309238,0.3476289949030648,0.006949379515120757
1785119656485276123,1.497432,0.6143243512677763,2.196877254675385,0.05294251283492724,2.7076297140637586,0.44687190175015773,2.5064328598157304,0.05637808507107599,2.7140841072444526,0.35196135964029607,0.0064543931806939625
1785119656518633545,1.497233,0.5958899247332405,2.205212541871449,0.05396079188604661,2.70936823106257,0.4270980489908574,2.510721566634031,0.050741169967355164,2.7146946349839487,0.3490513250129777,0.00532640392137873
1785119656551990723,1.558065,0.5765211671611796,2.213179655663969,0.05281896032365624,2.7111895349433195,0.4048233045853562,2.5211211327163356,0.04456523023743078,2.7168788344290973,0.35267014810249503,0.005689299485777788
1785119656585348145,1.680812,0.5533241164969526,2.223156003825033,0.05085722077755908,2.7129228084815273,0.3827036041280658,2.528839591948635,0.04241814034948181,2.7180781646903265,0.350178573541576,0.0051553562087991445
1785119656618705566,3.871839,0.5331166688925782,2.2326745421387746,0.048779349375338975,2.7153955688627995,0.36068135740153723,2.5331557952672865,0.034186894742156984,2.7187274804838633,0.3467504287854806,0.0033319116210637216
1785119656652062988,1.707435,0.5152217737217868,2.241272448340005,0.04603629639307599,2.7152832420682693,0.33520764301225886,2.5568295151522755,0.027979306862567586,2.721521873781077,0.363740848051433,0.006238631712807584
1785119656685420654,1.754358,0.49408597381170294,2.2475674878920384,0.04315175220248408,2.7113677901614213,0.30679284822225117,2.566130146955756,0.052043492831789474,2.7162421449482927,0.3696484082127654,0.004874354786871482
1785119656718778076,1.597677,0.483284733356786,2.2575182248947874,0.04438318204371581,2.711771256790875,0.2885571066109665,2.563462760867201,0.033388709320794546,2.716320189134295,0.362824731984866,0.00454893234342002
1785119656752135742,1.61885,0.469791949871253,2.2645897519320397,0.048332836210876536,2.709804434806939,0.2700611020710438,2.576749639150064,0.03042101840245785,2.7167924370912924,0.37102161657801275,0.006988002284353367
1785119656785493408,1.774607,0.4539619749027295,2.270019568478704,0.050294005115511325,2.7040924045929935,0.2529405450939323,2.5811844921046254,0.026424716760058045,2.709383484881627,0.371218221352474,0.005291080288633677
1785119656818850830,1.74556,0.43499007235497544,2.276796663476025,0.05068492077983227,2.6976369138774867,0.23269304093637128,2.5878216116313038,0.025516787453471152,2.702134862727957,0.3718790693638285,0.00449794885047039
1785119656852208496,1.739407,0.4189552163801199,2.2824233895988413,0.049976875537291326,2.6948104000896724,0.21245520769398257,2.5921438933383834,0.023925912602939074,2.6978407597931855,0.3731590769281346,0.0030303597035130636
1785119656885565918,1.800483,0.3984411260011424,2.290060761724014,0.0480303266889453,2.6943188561418006,0.1933182085042445,2.594131885198225,0.018457526941296782,2.6944741679584197,0.36797990420432264,0.000155311816619097
1785119656918923584,1.825324,0.37978020428289055,2.2978413121096644,0.04598250436869521,2.694964179485097,0.1617403418431753,2.618744140142157,0.018785008791497092,2.6997028690398834,0.3889212136379978,0.004738689554786291
1785119656952281006,1.866134,0.3627607830402045,2.3073718507642256,0.045134574915389275,2.695123384394205,0.13645991509321576,2.6358893908428733,0.01963075118593785,2.7047403870714666,0.3997327882444837,0.00961700267726151
1785119656985638672,1.652318,0.3424578810839242,2.31184402234403,0.04515179732829966,2.6943047843102295,0.12615508133656686,2.630580179419974,0.010388316158744242,2.700139815385337,0.38676625839014495,0.005835031075107633
1785119657018996094,1.444461,0.3264283722781887,2.3176932636841094,0.05060671793356702,2.692501135358714,0.09909933050281228,2.6415500299173758,0.02151111491764968,2.6990438760346014,0.3967470886905652,0.0065427406758873366
1785119657052353760,1.330451,0.3103056164547991,2.3249589289800308,0.05329874150281264,2.691666943648261,0.08005472887672453,2.647177630459587,0.020665642507198344,2.697783164668451,0.3973729758850242,0.00611622102019016
1785119657085711182,1.467263,0.29227573744368346,2.33282760700341,0.05340310379076142,2.6921657917492396,0.060630325860199,2.652573667725764,0.01900329681504936,2.6970632005975608,0.3963338072573563,0.0048974088483211276
1785119657119068848,1.29341,0.2738621134104523,2.340452564199649,0.0520524855498614,2.693188592545703,0.040753835431119746,2.660776220439306,0.015680872237583923,2.6984415843039824,0.39783113033568596,0.005252991758279535
1785119657152426514,1.255933,0.2548533075764729,2.349220994363394,0.0501650073672474,2.695640626547147,0.019645415527201074,2.6679045368654206,0.011745805252066638,2.7000977445117034,0.39794219157444205,0.004457117964556279
1785119657185783936,1.242779,0.23539657075735604,2.3588146638339453,0.04821745207633284,2.6980737948444666,-0.00043050915905504993,2.6750792533038563,0.005333661546143222,2.7018506024343414,0.3968333676301803,0.0037768075898747533
1785119657219141602,1.217461,0.21726296438478576,2.3659187846804515,0.04533832843998173,2.699129902824939,-0.02777041530823443,2.7036584962614536,0.001989126920952431,2.7074650294549953,0.41950997987525845,0.008335126630056422
1785119657252499023,1.183567,0.20884244012030617,2.3693721192163393,0.04374066508822286,2.6991846306990817,-0.049554429641627165,2.709889163413904,-0.002067046347374353,2.7078411691749005,0.42990597357884996,0.00865653847581882
1785119657285856689,1.209985,0.18743166881660414,2.383271180902808,0.04676499730963764,2.706201921596905,-0.06666750499614324,2.709371897133914,0.0013761574086535928,2.7131289605435964,0.4158944746523067,0.006927038946691333
1785119657319214111,1.080961,0.17516569739338536,2.3883248316121946,0.048377597618882405,2.7080941392255307,-0.08195135883431763,2.7089836192502887,-0.0009084356451642494,2.713624249164641,0.413956944340395,0.005530109939110517
1785119657352571777,1.0771,0.15866013734058554,2.3944536347649796,0.049540096348063785,2.7062842859296596,-0.0969053836052842,2.707756550943015,-0.0008062472210299276,2.7080878034151494,0.40743982021001834,0.0018035174854897917
1785119657385929199,1.152877,0.1431957388376427,2.3998608739587675,0.04936709959406241,2.703328121692472,-0.11813440282121644,2.722558089432598,-0.003659503729724645,2.706842823173547,0.418615284568136,0.003514701481075022
1785119657419286865,1.028854,0.12631109040040905,2.4059131013485398,0.04825657871267702,2.701166453701535,-0.13575845480237833,2.725817741381843,-0.007226162765049842,2.7026135588887406,0.4172502364762871,0.0014471051872053664
1785119657452644531,1.029762,0.1085005962411215,2.4121211587973996,0.04641027075607801,2.700399828684471,-0.15420370632691294,2.729633552961894,-0.012318546639810558,2.6994301965901593,0.4162652339897558,-0.0009696320943115566
1785119657486001953,2.312669,0.09437948883429872,2.4179171444203265,0.045093681632450526,2.700112039768694,-0.1817910491200268,2.7549348417223576,-0.009501091717237063,2.705770997684535,0.43912604523741106,0.005658957915841256
1785119657519359619,2.280051,0.07867976366558418,2.42466112778835,0.04448417646934247,2.6991614353865745,-0.2027186244083225,2.7689593763828384,-0.012902286411132318,2.7084133564994706,0.4483520301256115,0.009251921112896078
1785119657552717041,2.25911,0.06402538976810336,2.428567448466685,0.04437993624823659,2.6981554417411204,-0.2169875944182853,2.7714588174618178,-0.013222318865208289,2.7075402491829013,0.4470579470346661,0.009384807441780831
1785119657586074707,2.388856,0.055027352024636676,2.430325384842412,0.04409221685720317,2.6963361031465194,-0.22464744977451978,2.759782478893355,-0.014568232163199368,2.6994317488298747,0.4361204189913202,0.0030956456833552974
1785119657619432129,2.407731,0.04566027306844152,2.434386575366037,0.048941619591654204,2.6943754111979477,-0.23662919960344675,2.765578563587929,-0.014430985247182861,2.6980364205470777,0.43976307995078656,0.003661009349130051
1785119657652789551,2.320748,0.036362324266514395,2.438784119429106,0.0504780521686831,2.694032038074732,-0.24640005047592572,2.7718103551831255,-0.014838717011189245,2.6984188761052925,0.441732175199603,0.004386838030560725
1785119657686146973,2.522014,0.02637467644818636,2.4434715842918715,0.05090780958644342,2.6943697293085576,-0.2537604346900071,2.7743200263198573,-0.015873231034384216,2.6977074113460926,0.4386297749482519,0.003337682037535039
1785119657719504395,2.481761,0.018012709994757688,2.4483834186974023,0.05108574304153085,2.6943769487984324,-0.26213490739128936,2.7786251140830647,-0.016761370943958017,2.697214922444207,0.4383440381417723,0.0028379736457746496
1785119657752861816,2.315146,0.011200812593578557,2.4521001341921123,0.0510231765194338,2.6941206750555122,-0.2723349673101685,2.789367399035301,-0.014594530301217322,2.6989864440850866,0.4454743874442534,0.004865769029574363
1785119657786219238,2.508067,0.004851837150755739,2.455539662602369,0.050837518439019826,2.6952016442747304,-0.27645125859005,2.7878611605762744,-0.016262118913480464,2.6986971808279128,0.44053532323959954,0.0034955365531823546
1785119657819576660,2.550545,-0.0009679278929879007,2.458638400591585,0.05005311979340199,2.69808590112232,-0.28417460817037743,2.791304010359088,-0.014919007049940761,2.700865188094502,0.4416942482558174,0.0027792869721818825
1785119657852934082,2.526505,-0.00541810437443681,2.4605903151250037,0.049357685496700145,2.701263865416348,-0.28871855443447936,2.793680818225665,-0.016249851099942557,2.7048535230720856,0.4421682678781397,0.0035896576557377102
1785119657886291504,2.667451,-0.009352185404053198,2.461872990257945,0.048631559023746496,2.7050257157636515,-0.294111661160514,2.7959180726787642,-0.016712947889666457,2.708577454993609,0.44378370937471706,0.003551739229957551
1785119657919648926,2.696817,-0.013221473657457848,2.4628297951423823,0.047648140784403846,2.7076712698322063,-0.2970619157502181,2.7971654230238334,-0.017951491594607363,2.711679078252803,0.4434512604633785,0.004007808420596781
1785119657953006348,2.697572,-0.01662147676905059,2.4638341064798377,0.046468764015805145,2.7091396342469367,-0.30229752122832465,2.80298521207511,-0.0194531202511084,2.7150782081597002,0.44830789601533116,0.005938573912763534
1785119657986363770,0.52538,-0.018191411254518407,2.4638113647120803,0.04506920320877529,2.7112470338760803,-0.30310679988843137,2.8015816005222067,-0.019692916204402503,2.717903653847846,0.446609049382711,0.006656619971765476
1785119658019721191,2.770846,-0.01908092570435651,2.4633627548169432,0.0440556619288352,2.714145997533966,-0.3059810811451088,2.804374971238022,-0.02183801933868271,2.722250286206689,0.45049196238260436,0.008104288672722948
1785119658053078369,0.540277,-0.019370566161093533,2.4644299667917653,0.042333312234726694,2.7212786254174652,-0.3039005463284196,2.793134019079924,-0.019657392387783572,2.725742073106004,0.439142927831328,0.004463447688538569
1785119658086435791,0.510434,-0.019535277883435193,2.464699388735288,0.04184559323250844,2.731335853302179,-0.3039880131698293,2.794263109187336,-0.01922070156051598,2.7366480201208145,0.4396074348891925,0.005312166818635333
1785119658119793213,0.528037,-0.019711071335762602,2.464333534026748,0.04169491650929469,2.739743183617697,-0.30343048451507665,2.7934217502699368,-0.019680401861891926,2.745748842638582,0.4388196545166392,0.0060056590208850125
1785119658153150635,0.469108,-0.019079171133591994,2.4636663394973395,0.04170150434817412,2.748175359398276,-0.3022278454387503,2.791840276549144,-0.01898455217563196,2.754640287989804,0.43766894129839856,0.006464928591528363
1785119658186508057,0.403502,-0.01868976305503239,2.462542067616606,0.0416963695269238,2.7564681366120203,-0.3013157719271826,2.7916595128549546,-0.019543983661670154,2.763537521171814,0.438116576392496,0.007069384559793779
1785119658219865479,2.972068,-0.018167255475691053,2.4616545701211727,0.04191942582801124,2.7641034828896536,-0.3001618614005045,2.789888538974768,-0.018143891204349005,2.7721241861830856,0.43688224744546844,0.008020703293432074
1785119658253222900,2.963286,-0.01759764043717027,2.4608699917125647,0.04231246362797164,2.773482979021399,-0.30012244279024053,2.790166466193077,-0.01710319643468712,2.782198171185534,0.4379345301647469,0.008715192164134855
1785119658286580322,2.534411,-0.01712830904796055,2.460381270895732,0.0426171298637808,2.7839655579492613,-0.29911421190234827,2.7888248042973784,-0.017743004270983433,2.7922759778171584,0.43707499337611316,0.008310419867897156
1785119658319937500,2.922353,-0.01681852914257448,2.459948083259103,0.04298238610289176,2.7946020739935116,-0.2980785431217234,2.7876412293006765,-0.016526265271325863,2.8033581324304966,0.4359257654859979,0.008756058436985015
1785119658353294922,2.926208,-0.016630845265817738,2.459508460673322,0.04335681940350762,2.8059720468462253,-0.29915023272605945,2.7883930977657942,-0.01696839358306713,2.81524742556763,0.43774586249127795,0.009275378721404604
1785119658386652344,3.023284,-0.016647765306898033,2.4591873042620045,0.043799100186600506,2.8173368110710073,-0.2988752449541712,2.788364612504113,-0.016001348143295874,2.8267905321640385,0.43770554503002196,0.00945372109303122
1785119658420009766,3.052888,-0.016523381208136186,2.4591838419650034,0.044224300104331635,2.8293702356546633,-0.30007824481809114,2.785515688008236,-0.01635609556512024,2.8375686849054755,0.4365384504924068,0.008198449250812256
1785119658453367188,5.736373,-0.016567349392596256,2.458958942301528,0.044502964452925425,2.8403984755238447,-0.2994845907988927,2.786263580344891,-0.017533538448927282,2.8505775116297625,0.4370572265298187,0.01017903610591775
1785119658486724365,3.099215,-0.016780666692452113,2.458586448797115,0.04465097716019774,2.8528811744569342,-0.30049187736381794,2.780163532032159,-0.013746431532388382,2.8596921785126823,0.4327980231754526,0.006811004055748082
1785119658520081787,3.108554,-0.017040447617460402,2.458150547514575,0.044907139643521006,2.864873529888983,-0.3004940528308092,2.782287836600379,-0.017385842936964782,2.8730437011656393,0.43507625097574776,0.008170171276656202
1785119658553439209,3.205869,-0.01733147789961328,2.4576573112481435,0.0453086202934969,2.876495893465908,-0.3002081673502534,2.7849278331460745,-0.016161328761851862,2.886977184993505,0.43692536041613017,0.010481291527596694
1785119658586796631,0.172959,-0.01776665360955906,2.457053832336328,0.04558476156067963,2.8909204520392136,-0.2980913851026891,2.792982637032684,-0.016839024867273032,2.903617879338361,0.4419579686162706,0.012697427299147359
1785119658620154053,0.041312,-0.01802141962280316,2.4566765189864013,0.04578796027503226,2.9043845255164733,-0.30016909573014494,2.7852191826286767,-0.02098453166982896,2.9147334360733925,0.4381850735094263,0.01034891055691922
1785119658653511475,0.04914,-0.018486333057717894,2.4561242643944783,0.04584239841682947,2.9185220959855416,-0.300712201639759,2.7792835044551345,-0.01384541959335551,2.926749051211545,0.43318122183710284,0.008226955226003252
1785119658686869141,0.040272,-0.01894016874298268,2.455400982076296,0.0458826194698469,2.932942726885754,-0.30364214842748655,2.7693355955928207,-0.0152719750036433,2.9371331962688965,0.4281939317940675,0.004190469383142492
1785119658720226807,2.838439,-0.01921707920027284,2.4551242010429606,0.045899817639993026,2.942585847503346,-0.2999702379239972,2.7712068595199573,-0.01607925295826107,2.953744490007146,0.42728443490894663,0.011158642503799943
1785119658753584473,3.08048,-0.01971428054511506,2.455014407472105,0.045859763867258166,2.960499315372703,-0.3010033646308905,2.7770986630590255,-0.02047423607314258,2.9713269426141475,0.4327378144684009,0.010827627241444484
1785119658786942139,3.14466,-0.020114780164034583,2.454836137402687,0.045872439319146065,2.9759072285463084,-0.30077668722184125,2.7754796735582414,-0.01894583092855397,2.98620641148425,0.43102759947544805,0.01029918293794152
1785119658820299561,3.237765,-0.020750088183279676,2.4542095670852913,0.04564191845759644,2.99375088842959,-0.3005427532830946,2.7722867852884616,-0.020685292667801506,3.000586090827469,0.4287847375072923,0.006835202397879048
1785119658853657227,3.18932,-0.021382827209593898,2.4540335715786448,0.04535557411669988,3.009629575796202,-0.30128839835853033,2.76869527573062,-0.023155710057103554,3.015171745291683,0.4266765904982145,0.005542169495480919
1785119658887014893,3.313252,-0.021777789313694403,2.4537016759727703,0.045083490933188614,3.0252461981091034,-0.3019349628512641,2.7652810814706767,-0.020343268865033376,3.0302340903861156,0.42408776062589093,0.004987892277012129
1785119658920372559,3.248357,-0.022766384721615223,2.453294313898928,0.044629566054257004,3.041321134560385,-0.30177038021277,2.766567430390245,-0.024341867379649728,3.047549237813987,0.42513566498958716,0.006228103253601791
1785119658953730225,3.114796,-0.02401823026719099,2.45262674775471,0.043238696525560644,3.0576673008182578,-0.30365904413677913,2.762835260143366,-0.024569964946861596,3.0626135577710363,0.4231150204267275,0.004946256952778505
1785119658987087646,3.13324,-0.02499450037676836,2.4522473922497667,0.04246953348465249,3.070003293358883,-0.301277351063979,2.76529700801691,-0.023375489301056172,3.0799246992457414,0.4226911905179219,0.009921405886858638
1785119659020445313,3.189574,-0.026465281166002483,2.4513753127417446,0.0415364607471212,3.088651980894769,-0.3037799298286975,2.763723990524343,-0.02543315201424107,3.0955917998649234,0.42302486913757015,0.006939818970154388
1785119659053802979,3.139699,-0.027898510163811344,2.450761478103492,0.04086741344494574,3.105130190049449,-0.30345443546903816,2.7622167917768654,-0.023353784294065594,3.1118059036703807,0.4207847937191082,0.006675713620931667
1785119659087160645,3.057637,-0.029159671531794464,2.450081263279494,0.04033481228611991,3.1206484122698823,-0.3073365248831181,2.75679385070653,-0.028511638688111587,3.1294266400432207,0.4197556513477553,0.008778227773338365
1785119659120518066,0.916599,-0.03016102152591753,2.4492983816339056,0.039799569699249894,3.1352108449168887,-0.30688574244075384,2.751115750187432,-0.028845958952396392,-3.139394056758636,0.4151897201639671,0.008580405504061939
1785119659153875732,0.3268,-0.0309566794286804,2.4491542076340758,0.03873980001963821,-3.1302742340592404,-0.30680588470966186,2.7500763349331194,-0.029813582113449734,-3.1213079576937655,0.41394018523721043,0.00896627636547498
1785119659187233398,0.381205,-0.03242289292553307,2.4488344732614697,0.03774608027262219,-3.1121992744576104,-0.3068812977843992,2.754221400639479,-0.032446410814521445,-3.1004862583960375,0.4165520102173,0.011713016061572823
1785119659220591064,0.47328,-0.0342016941940865,2.447224647535973,0.03707796580733195,-3.0949011329000555,-0.30717610677746815,2.754045362508197,-0.03271163845785712,-3.0819850149248134,0.41656280429822407,0.01291611797524217
1785119659253948730,0.432795,-0.0336302664879192,2.4455781956208105,0.03671183588577302,-3.075043696476965,-0.3080982455239605,2.744693763532484,-0.032530799232781196,-3.065227891891239,0.41182197246068974,0.009815804585726172
1785119659287306152,0.465498,-0.032765854589479365,2.4461871012083023,0.037748188738774634,-3.0564494392194126,-0.30225725399105224,2.7523154481821375,-0.031760568356317,-3.0427778787062683,0.4137289529211792,0.013671560513144332
1785119659320663818,0.500592,-0.029730625620455847,2.4446785544898924,0.03937861996820896,-3.038529541499113,-0.29354350645986227,2.769172769131802,-0.03349391608570101,-3.0165724335110617,0.4245045794143863,0.021957107988051398
1785119659354021484,0.519711,-0.02981275791299822,2.441859703122631,0.043936974562333475,-3.01299339944227,-0.2920512546711781,2.7454212560269475,-0.05020135203053084,-3.0024038783933,0.4120445001663959,0.010589521048970152
1785119659387379150,0.509028,-0.030675994906193212,2.440634191821126,0.04502908239779581,-2.983983620001584,-0.2909920288801216,2.737251892633553,-0.044458958737542194,-2.977821390126979,0.4046660443939001,0.0061622298746049076
1785119659420736816,0.569394,-0.02962113346221168,2.4392809326280873,0.044129763426119184,-2.9551588087148977,-0.28948735925761554,2.732383438476997,-0.043467344111336244,-2.950110342339506,0.40138857419337,0.00504846637539158
1785119659454094238,0.52175,-0.02935734901828357,2.4374775780390854,0.041673511245830366,-2.926094238172536,-0.29242119702612257,2.716059701898496,-0.04438542926814447,-2.9267547433030776,0.39270437876995895,-0.000660505130541722
1785119659487451904,0.626938,-0.02984692114500692,2.437665245724726,0.03877929562945198,-2.901903301439514,-0.3004601940287263,2.715493246506415,-0.03478143410936216,-2.9009602271902315,0.39475450907987814,0.0009430742492826383
1785119659520809570,0.643912,-0.029119633048156932,2.435397972184102,0.03828079951788626,-2.880840015968818,-0.28938798482128403,2.7234621219894053,-0.04146274101031951,-2.8767338346050524,0.39633269054384845,0.004106181363765504
1785119659554167236,2.640258,-0.029338958414878585,2.4343403237859547,0.04172166097888401,-2.8569913677617524,-0.2904949607439693,2.7199641249268325,-0.03902600084343773,-2.8565683689702257,0.395352498690027,0.0004229987915267408
1785119659587524902,2.613271,-0.028632656440821417,2.4338732497206985,0.04209477731740671,-2.8357318278761223,-0.28814190890113156,2.718549110606127,-0.03621540716053745,-2.834737853161533,0.3930876274780705,0.0009939747145892852
1785119659620882324,2.572461,-0.028290583128016564,2.4334707302778127,0.042452120965912984,-2.814008066120862,-0.2843261772478992,2.7212771813102155,-0.03475789914595659,-2.815182234644546,0.3928716914182841,-0.001174168523684127
1785119659654240234,2.531402,-0.027803545189349327,2.433880947747905,0.043318875026248135,-2.792080366145582,-0.283912126851802,2.720146973516083,-0.035555764385012595,-2.7943414389643464,0.3921237710883093,-0.0022610728187641986
1785119659687598145,2.572596,-0.027605363809518176,2.433745736842134,0.043758414114892036,-2.7725238696618684,-0.28441338223705387,2.7228484677834426,-0.03631194522526495,-2.7714420115084013,0.39489493515524104,0.0010818581534670635
1785119659720955811,2.550854,-0.026910846870748528,2.4330660070607295,0.04383083486849276,-2.7527875691725643,-0.2840354645854666,2.722694988774621,-0.03427720641475849,-2.752213724800787,0.39509351069926685,0.0005738443717770991
1785119659754313721,2.55271,-0.026353521655615754,2.431749332512649,0.04396802280177352,-2.732814702795654,-0.2829313235727674,2.7212111487219017,-0.03329246996052803,-2.7328389116072698,0.39444834290648256,-2.420881161580013e-05
1785119659787671631,2.131312,-0.02598938360980559,2.4313601530316418,0.04424343480428639,-2.7171929404184834,-0.28204746271602726,2.7186237832231184,-0.035680964518101446,-2.713097063502135,0.39303185966712423,0.004095876916348384
1785119659821029297,2.629176,-0.0256939684251608,2.4302026397448127,0.044478833092760524,-2.6991996606203945,-0.2790101979865404,2.722067028488323,-0.03576808637200832,-2.693671916965942,0.3947068553488797,0.005527743654452522
1785119659854387207,2.456241,-0.025525996817330025,2.429092711852917,0.044291701458145254,-2.6839133698231996,-0.2769809964186683,2.7230236505121526,-0.03641822995009985,-2.679791192114076,0.39514441227674224,0.004122177709123599
1785119659887745117,2.456905,-0.025291719859864854,2.428161537903406,0.04408208294471457,-2.676054688846272,-0.277301741604086,2.722932538476443,-0.03837640540463088,-2.670882942856685,0.3964825294249564,0.00517174598958725
1785119659921103027,2.379844,-0.02494733529463885,2.427598112685736,0.04228919968715546,-2.670656989673872,-0.2726771662270761,2.7238651502128755,-0.03720688464716887,-2.6648172247079516,0.3942890489011981,0.005839764965920313
1785119659954460693,2.373123,-0.02488530013493907,2.427156315008398,0.04115651251789483,-2.6657614781157437,-0.2716387850674543,2.721135762984426,-0.03756453643505975,-2.66058238356627,0.3918012272911925,0.0051790945494736285
1785119659987818604,2.464146,-0.02457243846484812,2.426809266428339,0.04086215659774905,-2.660475584661625,-0.2718219392854861,2.7200229130753026,-0.03737180285279505,-2.654922914200237,0.39144234651781673,0.005552670461387965
1785119660021176514,2.305547,-0.024120709123893223,2.426466626111247,0.040608908191612086,-2.6554040013477915,-0.2710512540866124,2.717758639672459,-0.0372734090375157,-2.6507209315034066,0.38973245507284776,0.004683069844384935
1785119660054534180,2.328389,-0.023602662432532666,2.4265396960017056,0.0405131772737088,-2.650497149764064,-0.2695259610747263,2.7186920662602843,-0.03757787247988089,-2.6447165139205104,0.3897813339737818,0.005780635843553483
1785119660087892090,2.241315,-0.023168033385474806,2.4267338414693924,0.04036374349400806,-2.645764017171342,-0.26857937469529486,2.7197227781745794,-0.03855663775061774,-2.638980514025808,0.39025334085811253,0.006783503145534108
1785119660121250000,2.049337,-0.02242394070095618,2.4264504386814716,0.039918354680863785,-2.6413046005176786,-0.26625460086776176,2.7178163686270898,-0.038204855683375824,-2.6352225894925967,0.38787979061568845,0.006082011025081879
1785119660154607910,2.19329,-0.021742958000088644,2.426059850821101,0.04173126075830054,-2.636830396111406,-0.26518550141890446,2.7184026448847893,-0.03680509758187443,-2.6305257817577647,0.3884540394545054,0.00630461435364138
1785119660187965576,2.175601,-0.02124623748537927,2.425924184081453,0.04293785010847964,-2.6333404616592526,-0.26370117732175213,2.718516337241349,-0.03724590847069359,-2.626706139545392,0.3883606585143329,0.006634322113860502
1785119660221323486,2.060394,-0.02076358924592764,2.42565356990845,0.04356193235940658,-2.6304125385596238,-0.26519857978390043,2.717568739723036,-0.039014000377577046,-2.6236733124163036,0.3895917294226874,0.006739226143320121
1785119660254681396,1.983572,-0.020243036448577872,2.4253491874634894,0.04386879065135484,-2.627825443866705,-0.2618155623872552,2.7172824326693745,-0.03775912177263268,-2.6215011925362535,0.38761504231844585,0.006324251330451336
1785119660288039307,2.032157,-0.019820055103182226,2.4249227083293627,0.044022822297587576,-2.6256359322522838,-0.2623879557717596,2.7159262529743526,-0.03738908319766393,-2.6194004776976345,0.38749212609687594,0.006235454554649245
1785119660321397217,4.3245,-0.019317835458134758,2.4243006229940045,0.044157267698575364,-2.622868223680759,-0.26192015585763856,2.7160566705671543,-0.0379086286697747,-2.6163597266639984,0.38821680605747905,0.006508497016760373
1785119660354754883,1.971263,-0.018826740960462548,2.4235744495140064,0.04426804372967587,-2.620563909516926,-0.2616243725792684,2.7140464202058077,-0.038222093109055055,-2.614611315182198,0.38746519631181403,0.005952594334727835
1785119660388112793,1.400266,-0.01839847716343404,2.422780092450436,0.04434596353483398,-2.618350412378614,-0.26151896110723793,2.71362944342829,-0.03816050316288103,-2.6115355013772032,0.38795390412296343,0.0068149110014106284
1785119660421470703,1.422967,-0.017809508242330574,2.4219462746673828,0.04439190941111598,-2.6152853194781973,-0.26206519405568646,2.712328281168452,-0.038535573505782336,-2.6081703318710847,0.3884063814803668,0.0071149876071125995
1785119660454828613,1.462357,-0.017429575903742157,2.4222515616444023,0.044517317466894954,-2.611698450662917,-0.25917240970660027,2.7100792144881716,-0.038214642759295356,-2.605280815742342,0.3848752170242423,0.0064176349205746774
1785119660488186523,1.494118,-0.017423430211091735,2.421772370781009,0.04459261136480716,-2.6075757656398904,-0.25832356069146684,2.7093895349220354,-0.03730262754141093,-2.6009293938672946,0.3840095521331397,0.006646371772595749
1785119660521544189,0.941282,-0.016477825370143504,2.418415284071985,0.04387983061558165,-2.6037055040831074,-0.2586243125372545,2.7097524308158185,-0.03910811799409301,-2.5971810170228555,0.3878134267075494,0.006524487060251882
1785119660554902100,1.484441,-0.01568841246668119,2.4158808467257376,0.04268431097449443,-2.60238944993876,-0.25651968456025487,2.70844049298521,-0.038554460768726526,-2.5960581394636435,0.3875443023346153,0.006331310475116591
1785119660588260010,1.589397,-0.015312569548806025,2.414289775283624,0.041912760373225534,-2.602469523934832,-0.25443665121628345,2.706278317550473,-0.04051524473490202,-2.5967335993704803,0.3863055931183749,0.005735924564351792
1785119660621617920,1.56203,-0.014419816178469666,2.4126011196525248,0.04166727190358005,-2.6028456003776004,-0.25436482943773,2.703111466667858,-0.04155132293797942,-2.5973181967388244,0.38586941526682256,0.005527403638776018
1785119660654975830,1.575909,-0.014027302269624762,2.4109000591067242,0.04140509989713742,-2.6029212524478864,-0.25398984873435854,2.7020271502638638,-0.04448151151817312,-2.597278607281042,0.38692830980927395,0.005642645166844318
1785119660688333984,1.588364,-0.013562815384255482,2.4092933431080166,0.04093101353611227,-2.6023962811739487,-0.2549058213922519,2.6988141686288847,-0.043559205527190475,-2.5974518179372086,0.38627367510176724,0.004944463236740138
1785119660721692139,1.732904,-0.013112278277858132,2.407956658721696,0.040624783394701214,-2.602648593755425,-0.25231410762342493,2.6990774933773825,-0.0434501851528789,-2.5972663547953845,0.3860536955776565,0.005382238960040642
1785119660755050049,1.709828,-0.01241430771002045,2.4065235250945687,0.04062237858833671,-2.603400254493276,-0.25302540551787983,2.696353879401653,-0.042157333219704225,-2.59824164077674,0.38567838331062276,0.005158613716536031
1785119660788408203,1.728005,-0.011400361274273138,2.404935424078224,0.04069058545141235,-2.603178984330313,-0.2516581032241967,2.6943306219146517,-0.043836373117791316,-2.5982538079844466,0.3855102720066237,0.004925176345866422
1785119660821766357,1.771684,-0.01035718789715178,2.4030077001448658,0.04069361568244914,-2.603198419304493,-0.2483260618068117,2.6915229959874183,-0.042696972403472803,-2.5987626349015347,0.3831765272903119,0.0044357844029581095
1785119660855124512,1.499591,-0.00896728145703449,2.4005990072634122,0.04068489442120174,-2.602916757548284,-0.248401811131925,2.6885556080079156,-0.039764260849104185,-2.5979997528048187,0.38304042149187223,0.0049170047434654585
1785119660888482422,1.573688,-0.007173501063358824,2.397568593789011,0.04063970514367284,-2.6019330503587654,-0.2467723300659489,2.6847482431729355,-0.04387001894872895,-2.5975613330904284,0.38343401433083646,0.004371717268337072
1785119660921840576,0.96471,-0.005922170587784239,2.3953573562804085,0.04048212627251223,-2.601561488617858,-0.2454813561192747,2.681514248607998,-0.04447337871141171,-2.596212073182489,0.3827424829126868,0.005349415435369042
1785119660955198730,1.454603,-0.002802223831864963,2.3899439674797067,0.040193409855155626,-2.5995959889036078,-0.24390777142538533,2.6792134589153696,-0.04373345745803586,-2.5939778824250164,0.385814000280996,0.0056181064785914
1785119660988556641,0.858348,-0.0009899181106150234,2.3874138684855817,0.040089002187103547,-2.598276284154367,-0.23922623449108904,2.6742450926453807,-0.04406143892831119,-2.591879499216419,0.38224336532563263,0.00639678493794804
1785119661021914795,1.867631,0.0022000676666322906,2.3822291307462224,0.03968760056673878,-2.5954901719079664,-0.23710311574902962,2.6693032420398786,-0.04347837594014389,-2.588959952322612,0.3828761400456494,0.006530219585354491
1785119661055272949,2.000487,0.007379191054508982,2.376567776605631,0.03931072496949796,-2.592624846351209,-0.23134117273441973,2.663652702129557,-0.04316862458589652,-2.586581195475615,0.3823715596820423,0.006043650875593887
1785119661088631104,1.961444,0.011807732660977168,2.3721636260785637,0.03835800991576926,-2.588873858704984,-0.2251016490004714,2.6559064801571886,-0.045152287272546325,-2.5845452236333086,0.378959143043646,0.0043286350716753574
1785119661121989258,2.08834,0.016526869130657477,2.3682655214048567,0.036896096585425246,-2.5850391558914034,-0.21998876808003634,2.6506852498597686,-0.04334652693377542,-2.5801709256098824,0.3770138303762488,0.004868230281521058
1785119661155347168,2.039039,0.02254990647846482,2.3633232901264978,0.036111181108672515,-2.5802174764812,-0.2166716356792498,2.6455302723987666,-0.044327898834157595,-2.5746065858979277,0.37860028084720815,0.005610890583272354
1785119661188705322,2.180437,0.028936796885624717,2.358082730641574,0.036336301550700924,-2.575164528066962,-0.20996373642061186,2.638640169937382,-0.04210860025326408,-2.569863928164639,0.3767486485407201,0.005300599902323011
1785119661222063477,1.242917,0.038095158174564915,2.348456407198262,0.03766047447306904,-2.5703560711820477,-0.19923310533610386,2.633630175583579,-0.04299779552014476,-2.5656865743926094,0.3796768880961417,0.004669496789438287
1785119661255421631,1.172049,0.044870928926339634,2.343285407278947,0.04034607777558376,-2.569608214171802,-0.1816519535434252,2.6266032123551404,-0.04200522230265669,-2.5661773896765365,0.37197221882847553,0.003430824495265661
1785119661288779785,1.262353,0.04952128488943462,2.340209075022538,0.040979474125336805,-2.5688283004505927,-0.17176369812219483,2.6198310967000493,-0.04174901552721584,-2.5657644554082704,0.36605945106453425,0.0030638450423223777
1785119661322137939,2.128016,0.05450783055844227,2.3358214117325167,0.040490378667604965,-2.5684000712811024,-0.167415186456079,2.614178972549807,-0.04266939273255538,-2.563127365876961,0.3655794096011232,0.005272705404141487
1785119661355496094,2.027461,0.06173396953027019,2.3264968327686923,0.03927933342515589,-2.5704197006178426,-0.15748414384133716,2.607767167868689,-0.04285709101353513,-2.5641318830674193,0.365945316757906,0.0062878175504232905
1785119661388854248,2.209908,0.07115244191342102,2.316044915796007,0.04005107642467279,-2.571555212371933,-0.15400004431703723,2.5987341718477905,-0.03510055205815018,-2.5655969078150247,0.36912684108106786,0.005958304556908267
1785119661422212158,2.211867,0.0807046833914758,2.302432091088328,0.04023762967135218,-2.5708859940593873,-0.1475304980733914,2.588133788534784,-0.03717836054514274,-2.565560614653308,0.3737780003200933,0.005325379406079467
1785119661455570313,2.334472,0.08763283511166396,2.2926472069071777,0.042670873731048185,-2.572030860304158,-0.15392424737552768,2.577617113871321,-0.014754194336899874,-2.5628858608232816,0.37796204891163976,0.009144999480876326
1785119661488928467,2.306157,0.0939564056504834,2.2835242508414235,0.04628891918359036,-2.573127122742631,-0.14315098530583473,2.563798531265478,-0.01557219872203422,-2.5655217313406555,0.3722907264784706,0.007605391401975582
1785119661522286621,2.385369,0.0986760813806598,2.2748759401615484,0.048442843302412004,-2.570941745190912,-0.13469334284385903,2.5474626985594617,-0.015031315753372037,-2.565282113791908,0.3644088334338299,0.005659631399003828
1785119661555644775,0.952196,0.10434557349333855,2.261895994403662,0.04903210316722393,-2.567158921688333,-0.12841569546602116,2.5335586071693723,-0.01518004872390895,-2.56102718628095,0.3634578159191979,0.006131735407382877
1785119661589002930,1.110209,0.10904805362703708,2.248858073694545,0.04837877511540998,-2.5631400808921687,-0.1201532051560416,2.5223642779516084,-0.01646850569197354,-2.5556310351165163,0.3626899924494278,0.007509045775652368
1785119661622361084,0.892953,0.11694349874441475,2.2340834435938652,0.04633795704551574,-2.5594603280829227,-0.11376405309046224,2.5077311866244396,-0.01698968106353195,-2.5514957655283417,0.36348239501775076,0.007964562554581
1785119661655720947,1.00281,0.1241640057024497,2.21933737730254,0.044017482975444416,-2.5582936332084234,-0.10751422378932127,2.4929538927179555,-0.020452715583658188,-2.5497473014843184,0.36427627706284416,0.008546331724105016
1785119661689080811,2.410293,0.12967578231161975,2.2096558295212105,0.04326666861859359,-2.5552051471320527,-0.08555672982210692,2.4797974723486407,-0.01861091433105669,-2.5516433747983314,0.3508993826449236,0.003561772333721347
1785119661722440430,2.538177,0.1376068438745438,2.200053373894129,0.045272475051901885,-2.5534708449892753,-0.07758977920629329,2.4720232532257205,-0.01029127258434849,-2.5450432834511165,0.3512328741738467,0.008427561538158823
1785119661755800293,0.915458,0.1464542703377761,2.187388821630092,0.04546899928935649,-2.5571384689247765,-0.06857805081121104,2.4567263073298773,-0.01001634368715836,-2.5478940933264123,0.3490848086454419,0.009244375598364218
1785119661789160156,0.691486,0.15363456289917607,2.17365422674805,0.04528414789895378,-2.5603801106932345,-0.05908951099433288,2.4407501782784684,-0.009480698879532646,-2.5513361368851792,0.3458192698223477,0.009043973808055217
1785119661822520020,0.755999,0.16098554119719968,2.1580832353764907,0.04517429234410074,-2.563266633760575,-0.04953632856198137,2.4239277586487527,-0.01050533115262053,-2.55487852692554,0.34364660433866423,0.008388106835035103
1785119661855879883,0.704642,0.16979642336768203,2.1416395469159872,0.04485051550204143,-2.5650065189269085,-0.04330348952834627,2.4108631557889133,-0.00638900445913069,-2.554765012604668,0.34715761961493585,0.010241506322240301
1785119661889239746,0.71885,0.18084296689452833,2.1248078195922377,0.044162412339265315,-2.5666344705183097,-0.03466225284397794,2.393923164464065,-0.005832382828493576,-2.5564684958019206,0.3483748672391431,0.010165974716389137
1785119661922599609,0.878255,0.190608874416707,2.111964183368785,0.041720630574157494,-2.5708161404509524,-0.054553169789467656,2.3858158341724636,-0.005290710097234642,-2.549475775419946,0.37055258833122723,0.021340365031006225
1785119661955959473,0.577512,0.20184399798968436,2.099194276430565,0.0444864960426288,-2.574353508390566,-0.043411821172084517,2.368892222375762,0.004567748559264138,-2.554655546212546,0.36671638261797,0.01969796217801978
1785119661989319580,0.71903,0.2103909484499409,2.0847656721961996,0.04790841344385095,-2.5732931681633207,-0.04079564533658659,2.3542693798316567,0.017912170493285424,-2.5529737440457914,0.3696305289319124,0.020319424117529294
1785119662022679443,0.499826,0.2176826530526569,2.071738218265097,0.04970897505973235,-2.5719210003585466,-0.025539953268410395,2.3383584327346565,0.020857393685419102,-2.552678198300097,0.36204418064264676,0.019242802058449637
1785119662056039307,0.595095,0.22435316720978127,2.058887837541153,0.05029379827889836,-2.570939927045648,-0.015034818324544398,2.323462542548842,0.020867782697782625,-2.551002577331174,0.35801155364187387,0.019937349714473918
1785119662089399414,0.034709,0.2288824569130209,2.049014555875385,0.05040265159445774,-2.570531917709456,-0.005395921687620633,2.3059357816515997,0.021536822921338104,-2.5501113132728106,0.34889555886982015,0.020420604436645284
1785119662122759277,6.112296,0.2383481139207855,2.0314138732990603,0.0498015331033964,-2.5692338965183206,0.002715794813603638,2.2928177656171234,0.01567454404816065,-2.5481023370105103,0.35358059351276405,0.021131559507810316
1785119662156119385,0.353036,0.24986723603865027,2.008292910445626,0.049803833676423166,-2.569092688028862,0.009585939031843746,2.2732257258892945,0.013217991382833473,-2.5489440496658426,0.3595316707141577,0.020148638363019167
1785119662189479248,0.54725,0.25750635776673764,1.9935698447256767,0.04707542602084479,-2.5691730384699834,0.024069400770887987,2.251993870298653,0.012706736807762216,-2.5530713975279067,0.34993856129762246,0.016101640942076667
1785119662222839355,0.396705,0.2627187168091901,1.9826811503061792,0.04864505138617448,-2.5604138445046467,0.059066301031499686,2.2369275848123222,0.020017949861518135,-2.552110619823134,0.3270092764018763,0.008303224681512678
1785119662256199463,0.596396,0.2718926676138515,1.968898391111941,0.04905121899177799,-2.557777234553707,0.06140264100426237,2.224727654603503,0.03538854711111235,-2.5451247234818792,0.33157402184679563,0.012652511071827632
1785119662289559326,0.399366,0.2798149003466813,1.9528194168487434,0.047709432650116165,-2.5608264460279466,0.07455956073338779,2.203512247539374,0.038275722874190024,-2.550249303498223,0.3241383110334012,0.01057714252972364
1785119662322919434,0.329644,0.2870552259569855,1.9347624649048702,0.04573680497051566,-2.563638931078665,0.08376695475232011,2.1886457015188094,0.03992966341546744,-2.552343784973561,0.32529454642829686,0.011295146105104069
1785119662356279541,0.245856,0.29528400530743304,1.9187037268756313,0.04309319701070015,-2.56668954499969,0.08642215614670075,2.1774264463831647,0.04341732300469059,-2.552149261200352,0.33250687614224506,0.014540283799338026
1785119662389639648,0.894014,0.30337432168367146,1.90160946808788,0.04158895998708041,-2.575809395804613,0.08907401152043351,2.166925923817273,0.020061424704159368,-2.5562960415916565,0.34173217494439173,0.019513354212956635
1785119662422999756,0.135739,0.3117058793077572,1.8910459637606825,0.041230675184680765,-2.580605440688208,0.10511027365891223,2.1548126236813254,-0.0013478826816014787,-2.5628184394060827,0.3377388469647481,0.017787001282125292
1785119662456359863,0.19548,0.31959025665223706,1.8787193122967574,0.043150677050794346,-2.584213803396231,0.1149092235226455,2.140283061826209,-0.004179657735075038,-2.566424068975,0.3354848446380928,0.017789734421230996
1785119662489719971,0.153653,0.3294358668375937,1.8620138161948316,0.04437513342643778,-2.587717824875545,0.12444306246512866,2.1253113049784145,-0.0032484530918569926,-2.570223106196751,0.3370691671409507,0.01749471867879393
1785119662523080078,0.113496,0.3375116537058236,1.847666798731763,0.04469581468534911,-2.5864566497973867,0.13628424618434395,2.110640639203856,0.0010097547644984956,-2.570202579215933,0.33400027266735227,0.01625407058145356
1785119662556440186,0.059271,0.3443831023034016,1.8343941508509654,0.044147148693158736,-2.5851389899855794,0.14699568550051725,2.095884731542298,0.0011326977921194822,-2.567895426380895,0.330438132013731,0.017243563604684375
1785119662589800293,0.060361,0.3518837206238522,1.8202936243003218,0.04233045010641216,-2.583235619186868,0.157353835249155,2.0786963487718984,-0.0003379471982639981,-2.5661563977917745,0.3262429101862231,0.017079221395093658
1785119662623160400,0.022827,0.36016867420745574,1.8062892448605763,0.039381311926974964,-2.5802193313458583,0.16788305331287057,2.0662782325299713,-0.002416753446014857,-2.5622984218870135,0.32605998218287646,0.017920909458844836
1785119662656520020,0.027095,0.368252602312956,1.7911174346138736,0.040707706236578815,-2.5714600644613896,0.1763736443900631,2.0696707578009113,0.0003802757525561166,-2.548173650185011,0.3406402647978674,0.02328641427637868
1785119662689879639,0.045783,0.37613930431912457,1.7790271171335994,0.0424947228111775,-2.5654791615448342,0.1952478466312777,2.0589299349107515,0.0021598486429968942,-2.543999491818142,0.3356995813792246,0.021479669726692133
1785119662723239014,0.059936,0.3832837135552953,1.7695242725009288,0.04233664528722471,-2.5669153866866434,0.2022008082058276,2.0474922448315054,-0.002205495271677606,-2.5429036021700595,0.3347255809419792,0.024011784516583926
1785119662756598633,0.110095,0.3895625515337031,1.7573093181416872,0.04160336077197602,-2.5690074075388845,0.20919982471473583,2.036531939166245,0.00026294783184788655,-2.543615895756263,0.3349701704024665,0.025391511782621556
1785119662789958252,0.029124,0.3954947496011905,1.7430034887005421,0.04089520201731464,-2.5705238070269436,0.21686043045952821,2.0243743597421586,0.0011922514017136691,-2.5443631946373513,0.33564283298397435,0.026160612389592334
1785119662823317627,0.017528,0.402669613756163,1.7295000393898914,0.039255501779423455,-2.5719768149113653,0.22699102280377628,2.012685301455264,0.0038153347237109194,-2.5462053767500485,0.33513111674535184,0.025771438161316773
1785119662856677246,0.167107,0.40978331631309517,1.7186763808448198,0.0364517498889238,-2.573277554488022,0.2321474952339487,2.002117113436472,0.003957772629791049,-2.545019699714177,0.3360788484577273,0.028257854773845018
1785119662890036865,0.009366,0.4196157745108562,1.7042026855602024,0.03488241202591534,-2.5803725322174005,0.22741123161005783,1.9874658680099027,0.013577803622713734,-2.5474668033662424,0.3429788669618739,0.032905728851158056
1785119662923396484,0.21712,0.42684913171312927,1.691587867588495,0.037362698945419895,-2.583117001912891,0.23886137952383585,1.9761064374753947,0.011017897078033112,-2.55293158044222,0.3420296188476982,0.030185421470670715
1785119662956756104,0.113262,0.432433958689865,1.684549923989736,0.03919452478774588,-2.5836278450558536,0.24748241903827034,1.9632897324110852,0.010552640541687835,-2.553421628549614,0.3357429230101961,0.03020621650623978
1785119662990115723,0.410184,0.4380931482154651,1.6750403405379044,0.04034563400690621,-2.58330808384748,0.25947915923389986,1.9512627615067903,0.008466580389552822,-2.554098311480872,0.3304815531392898,0.029209772366607822
1785119663023475342,0.298457,0.44446494117837776,1.6632453674745784,0.04122900594336096,-2.582097899574279,0.26379799059720094,1.9445679931678932,0.009858062467667475,-2.5499082299120377,0.33580813398998755,0.03218966966224146
1785119663056834961,0.35267,0.4502592794716583,1.6531453775490674,0.04160083331858973,-2.5796006125587008,0.27072123618744115,1.9292560314275513,0.008284726347080268,-2.548434712361304,0.33103015747098696,0.031165900197396734
1785119663090194580,0.392577,0.45708087973254397,1.6421819444062278,0.04155448224615116,-2.578005471661214,0.27820628218553395,1.9173429512546116,0.010698021616245218,-2.54763083980799,0.3296389274646216,0.030374631853224084
1785119663156914063,0.382276,0.4714748245915385,1.6193191412650145,0.03956602506002362,-2.578243996833996,0.2947843190639644,1.8900775106017111,0.008610100854500407,-2.5505831899983047,0.324789006206914,0.02766080683569117
1785119663190273682,0.524226,0.47726941917253063,1.6099985330140698,0.03898886364778196,-2.575988789170699,0.3128460107653769,1.8845266591854526,0.007423451407927781,-2.5493267841636786,0.3215542326595442,0.02666200500702054
1785119663223633301,0.436103,0.48424312837770817,1.5988748042810261,0.04094477998406448,-2.569561065237332,0.3275891379199766,1.883467163862529,0.007864855505398241,-2.540845837462823,0.32653876532811965,0.028715227774509078
1785119663256993164,1.482116,0.4905039941294539,1.5919168081524409,0.041063929292522644,-2.5692868931865704,0.3349768032185003,1.8716795357628797,0.013394814590891785,-2.5389130470242502,0.32128098415725886,0.03037384616232019
1785119663290352783,0.6461,0.495423593219725,1.5831130390238848,0.04038904099925273,-2.5703838174009483,0.34158376023030645,1.8612787018628218,0.01373967941841872,-2.539696538613101,0.3189874898322871,0.030687278787847383
1785119663323712646,0.601136,0.5015104300308637,1.571339897800098,0.03921378683533139,-2.5718599843734484,0.3477127607639709,1.8486052524168441,0.012469857845877334,-2.540952916510088,0.3181902539055391,0.03090706786336028
1785119663357072266,0.545676,0.5088965028977298,1.5593660409620926,0.03809802814675725,-2.573724180913804,0.35490457436127437,1.8354866589326782,0.008918382804542456,-2.544068402150509,0.31750206522971197,0.029655778763294727
1785119663390432129,2.656665,0.5171324974684468,1.5435322948720063,0.03725069555600327,-2.5727725973702387,0.3636307418477544,1.8232704018933439,0.00935383605995031,-2.5443047769744984,0.3203036563454414,0.02846782039574025
1785119663423791748,2.565259,0.5258049529514602,1.531715806559154,0.036038647071587444,-2.5719413560815503,0.3681637022182245,1.8059212602657042,0.007954654985190601,-2.5435080418554636,0.3175344160664521,0.028433314226086637
1785119663457151611,2.647893,0.5361812082625852,1.5160508003656121,0.035453519103313035,-2.5791467762507585,0.3713418902080397,1.7832865310335702,0.016385623259031302,-2.548377626697693,0.3145640176089016,0.03076914955306531
1785119663490511475,2.642789,0.5454220109028531,1.5025276011883084,0.03767829086985149,-2.5814824768872753,0.3826846285454309,1.7691087068635372,0.022450529765208338,-2.555807151581442,0.3126992584382531,0.025675325305833496
1785119663523871094,2.533978,0.5525920278141084,1.4922246147491363,0.039145560848468625,-2.580958251560221,0.3973829864867993,1.7556950979192985,0.027172802177783503,-2.555973304814725,0.3060226935406058,0.024984946745496117
1785119663557230957,2.505271,0.5603412513792788,1.4786338966398198,0.039883074417932686,-2.580129189538039,0.4081929212374068,1.7405784772501405,0.0297658702945546,-2.5554797690534166,0.3030947632265377,0.024649420484622375
1785119663590590820,2.38525,0.5680740897629374,1.4646145368283123,0.03986596654873304,-2.5782180128805297,0.4151708181688565,1.7267480922624745,0.029822978362839803,-2.551943294350555,0.30363509836715225,0.026274718529974535
1785119663623950684,2.461207,0.5756306354809303,1.4510171170916824,0.03886820283441137,-2.5766483998714484,0.43239729991356635,1.7083906120133374,0.031584808617698926,-2.55171353098474,0.2946352866464849,0.024934868886708376
1785119663657308594,3.015956,0.58657719896491,1.4358482549745653,0.03593245725714932,-2.5732626313822777,0.44058646177178346,1.6870144408263372,0.03165166356450935,-2.5505924936448117,0.2905444431686112,0.022670137737466067
1785119663690666748,2.386474,0.5985659796985064,1.4227340071998547,0.03248097966540277,-2.5693142967519687,0.45545642234471434,1.6884031052494772,0.021735025350641434,-2.5391062518145047,0.30195345766961046,0.030208044937463988
1785119663724161133,2.302161,0.6079543653261191,1.4134660047373326,0.03518225290609629,-2.56439537848167,0.46863408490018643,1.6864546483511946,0.029121734660537343,-2.5294794010072863,0.3065447275056308,0.03491597747438391
1785119663757656494,2.047118,0.6176539942461546,1.4029597418618243,0.03632192623930254,-2.5659240276352477,0.4798451209722208,1.673376580778576,0.03257392752664691,-2.5289077601889107,0.30353022883579445,0.037016267446337014
1785119663791152588,1.856431,0.6283539413199909,1.3895648699652978,0.036292901165260474,-2.568205850280813,0.49235436747064254,1.660056767914026,0.03355179179855168,-2.5305274547751266,0.3027693257641364,0.037678395505686524
1785119663824649658,2.403388,0.638326702224858,1.375559640181062,0.03605608641035782,-2.5705178123332524,0.5052659751569678,1.6466428667468926,0.03209799828898384,-2.5326627412793368,0.30200486630972295,0.03785507105391561
1785119663858147705,1.597297,0.6500274929530817,1.3601619706345818,0.03555515557895848,-2.5716861093664676,0.5171981889066382,1.6285985595457653,0.03149043529760544,-2.535227885190509,0.29953021255075407,0.03645822417595879
1785119663891646484,1.576778,0.6627079435669062,1.3443394564267406,0.03427531690547689,-2.5730460728871973,0.5286331085823985,1.61585236257802,0.031031356091654767,-2.5356233598274627,0.3028297258602563,0.03742271305973466
1785119663925146240,2.121609,0.6720856076163673,1.3324020935603733,0.03194283217949645,-2.575553759355061,0.5343916022443147,1.6030632064043546,0.034045325566637315,-2.5351311998588235,0.3036799262377811,0.04042255949623729
1785119663958646729,2.282598,0.6849581567211762,1.3240854520583856,0.032622853222355266,-2.580799453010665,0.5046652881098607,1.594867675011897,0.029050649964694815,-2.5270428569494485,0.32533258578853785,0.05375659606121631
1785119663992148193,0.852529,0.7000881607674534,1.3078442087300355,0.03847564716705821,-2.5826418684430945,0.5101194098206812,1.5888294271173866,0.029813585988566867,-2.5276319477368077,0.33928726853851165,0.05500992070628685
1785119664025650391,0.755397,0.706982753574646,1.2969194018634762,0.0410287066074526,-2.5806183367382793,0.5246582013052996,1.576863306153458,0.03493473848844211,-2.5257715181972413,0.3341376488167289,0.05484681854103802
1785119664059153564,0.478237,0.7159897879457123,1.2839369569763441,0.04185124808116475,-2.579739671146,0.5363636912769046,1.5616820621292706,0.036438544102610756,-2.5234539929918567,0.3308129009050909,0.05628567815414343
1785119664092657715,0.414437,0.7248618908034741,1.2697997633087923,0.04171077782577598,-2.5801109885344795,0.5466772792365802,1.5459493655474452,0.03712996924022136,-2.5232496959564146,0.32867817454633125,0.05686129257806493
1785119664126162598,0.185159,0.7338520076740734,1.2558372929829151,0.04043983086941912,-2.578409126884417,0.5544638916431138,1.5328219203779891,0.03450782197625293,-2.520519422050861,0.33005419057456853,0.05788970483355583
1785119664159668457,0.006879,0.7445251627997619,1.2388568080382771,0.03838902909135169,-2.576643553250744,0.5619140724972236,1.5094523603173,0.034222628535338306,-2.518245588726884,0.32647530091610966,0.058397964523860146
1785119664193175049,0.190969,0.7542621183955124,1.222712766456484,0.03671446623738968,-2.5746161324152417,0.5850799022513541,1.5010594222019158,0.031124043702529598,-2.5190735118601375,0.32577712603593406,0.055542620555104165
1785119664226682617,2.770878,0.7615190505153219,1.2131295356404619,0.038663140841530025,-2.567538791510242,0.6081064149827958,1.500661157781527,0.026243068768124232,-2.5139404199832103,0.326135138650248,0.05359837152703184
1785119664260191162,0.53571,0.7693737642477548,1.1997407625755683,0.03895423333182234,-2.567167009452865,0.6210345043591585,1.4891487946366622,0.026077992015592338,-2.5121033808624356,0.32546481013499057,0.05506362859042956
1785119664293700439,0.634438,0.7770588191232995,1.185195278716584,0.03800246454179199,-2.5689735386262744,0.626754521236263,1.4710849666284425,0.028435627941036604,-2.512560330368232,0.32313436830550907,0.05641320825804241
1785119664327210693,0.881962,0.784073753359122,1.1700775867712363,0.03692520263330767,-2.5699261422566098,0.6367571146663856,1.4607590725059083,0.030447767877396135,-2.51215923225651,0.32594458937932935,0.0577669100000997
1785119664360721680,1.077768,0.7912443965571401,1.153371496030346,0.035181173028719565,-2.5715626613160283,0.6451775712112059,1.4451676814837184,0.030326421368995254,-2.513077362272529,0.32634965899393265,0.05848529904349942
1785119664394233643,1.230441,0.8004284560570949,1.137831245555799,0.03234056466697565,-2.5724699185649373,0.6498202791665041,1.4251586806283003,0.028487907390509236,-2.5143658599317114,0.3244298396568044,0.058104058633225986
1785119664427746582,1.317811,0.8053861704439111,1.1310506218832805,0.030753642165887687,-2.5762443341524044,0.6473005367307156,1.4145298577585335,0.08245071902801233,-2.513787197009501,0.32867024890459484,0.06245713714290346
1785119664461260254,1.525599,0.8137265251476715,1.1193715539115687,0.031520449407756786,-2.5822086386859366,0.6546291159083262,1.4018085981141029,0.08196720766523351,-2.5196760295173233,0.32806637283212103,0.06253260916861336
1785119664494774902,1.660454,0.8225749234473694,1.1030269780104727,0.03569066289991166,-2.582970331536721,0.671199752850221,1.3865174990691271,0.0862386171882321,-2.5261869495937175,0.3253250889282247,0.0567833819430037
1785119664528290283,2.006804,0.8258216595288627,1.0950192620317174,0.03767818540380071,-2.5808462876449436,0.687705198317753,1.3829936356394505,0.09434238719900416,-2.523922459367512,0.3243705111093389,0.05692382827743181
1785119664561806641,2.194867,0.831262687982732,1.0835861429668259,0.03787354725331707,-2.579172793899752,0.6933978791976969,1.37241805963113,0.09427980718619972,-2.5209402867254602,0.3249803805538508,0.05823250717429174
1785119664595323730,2.259684,0.8377392086011965,1.0698353702592576,0.036680565693241185,-2.577888809757961,0.6913580866216638,1.3551803616274227,0.0920414838193884,-2.518743801828639,0.3254443550388531,0.05914500792932165
1785119664628841797,2.404157,0.8439271771968916,1.0572919735350796,0.035392613020824415,-2.576273232818277,0.6963698429545632,1.3404172260963225,0.09283435169539833,-2.5172139817590216,0.3243957904605543,0.05905925105925558
1785119664662360840,2.718167,0.8501346420943177,1.0440339725746888,0.034202245935841466,-2.5724053116819743,0.7072899766713483,1.3248610444126896,0.09142556122935971,-2.51487552757771,0.3202232823048429,0.05752978410426435
1785119664695876953,0.413516,0.8583500615017422,1.028101693732418,0.03289291141040157,-2.5679671896835914,0.7112186399879417,1.312081732227009,0.08886927382432147,-2.509731026616522,0.32469319458398804,0.058236163067069587
1785119664729221436,0.380639,0.866337659440651,1.013336794224261,0.03094756454693253,-2.5628665807161246,0.726623023510991,1.2996619793976214,0.08798905890228104,-2.5070049900375704,0.32366035165866053,0.05586159067855423
1785119664762565430,0.387589,0.8737628847205907,1.001386980957236,0.029826436811124814,-2.549285942028445,0.7717226220411103,1.2943926465140223,0.08242002326412172,-2.5052092881673778,0.3146913100040443,0.04407665386106707
1785119664795909668,0.411223,0.8830785738069917,0.9855394149143258,0.03092681664529941,-2.5374146878827353,0.7931349722923653,1.2811789131519016,0.07970586159539916,-2.493221041131124,0.31284494497727033,0.044193646751611304
1785119664829253662,0.349986,0.8930590263243728,0.9718274590142754,0.03161253096587063,-2.532290369685576,0.8178258056632912,1.269637461754537,0.07485516645083963,-2.4887493164930143,0.31019471424716366,0.04354105319256175
1785119664862597412,0.366479,0.8999454915815518,0.9581162751458766,0.030989257605007543,-2.527167185204288,0.8258533026978755,1.2546776283776173,0.07795850696484903,-2.482986133323927,0.3092642867672286,0.04418105188036092
1785119664895941162,0.369382,0.9068894210723335,0.9450639932687133,0.029024450441874204,-2.5232389303108818,0.8435809111890867,1.2390026931860938,0.07521627855177503,-2.48010688205309,0.30420652806422754,0.043132048257791926
1785119664929284912,0.254268,0.9124901179298837,0.930929793224174,0.025714958223055705,-2.5187324203615384,0.8524417976621412,1.228513944000803,0.07609275417780481,-2.475110941712863,0.307733732121916,0.04362147864867527
1785119664962628418,3.020602,0.9168801939034765,0.9204420485498017,0.02322953751870271,-2.5171592026158565,0.8397868523340396,1.221170859414915,0.08629101194425971,-2.463749061444839,0.3167932299709263,0.05341014117101751
1785119664995971680,2.930188,0.9227113172411785,0.9088926214485947,0.022566466398829928,-2.5159582210986424,0.8299062091308167,1.2031043922833689,0.09446124300844914,-2.459660687100826,0.31676839029937415,0.05629753399781645
1785119665029314941,3.075808,0.9283880453284178,0.8980525869014044,0.027249308180341776,-2.510916903569864,0.8530848994750152,1.1836025707603903,0.10887218535281795,-2.4606423119300422,0.30638480891715086,0.050274591639821946
1785119665062658203,3.003752,0.932774906977076,0.886354924737634,0.029287840616390524,-2.5041028281314777,0.8548384993990377,1.1701474991102176,0.112394513355543,-2.4524889381887025,0.30580880946918637,0.05161388994277515
1785119665096001221,3.073789,0.9370300703930977,0.8727587044731361,0.029043780250246676,-2.497384536553151,0.8677133559074924,1.1524288672067016,0.1149546817584338,-2.4481453308166836,0.3006674073265131,0.04923920573646745
1785119665129343994,3.040583,0.9387218041872684,0.8645139456866839,0.025457621864700603,-2.4882749564957307,0.8682666833690814,1.1412248301068002,0.1134553809895337,-2.4388818193596755,0.29879163846577167,0.04939313713605519
1785119665162686768,3.078189,0.9374067999895035,0.855089459998638,0.025785284446148537,-2.469314850565181,0.9178484618209942,1.1280211097391823,0.07646603309393456,-2.4305901311933096,0.278285379252143,0.0387247193718716
1785119665196029541,0.410655,0.9378827838399403,0.847156073702952,0.024294247388728388,-2.4542936290954094,0.8862441673552505,1.1349181157695285,0.0912125218294618,-2.402508875182588,0.29991931418450585,0.05178475391282156
1785119665229372070,0.216176,0.9379782010078047,0.8380047775281543,0.02532066779727015,-2.4412097054700124,0.884925779235847,1.128715986321546,0.0824625117735394,-2.3896945550734867,0.30098630651076624,0.051515150396525655
1785119665262714600,2.36988,0.9369119245538997,0.8323516796138488,0.025907369513426474,-2.431619078993527,0.8876576512963573,1.1249193877422752,0.08377262160551942,-2.376958724533578,0.30227509767317945,0.05466035445994866
1785119665296056885,3.180188,0.9351500761829332,0.8262674256113228,0.02570667981997381,-2.4216846419410163,0.8902835154702632,1.1146880751572605,0.08376900278764712,-2.3682068294197745,0.2976083209574066,0.05347781252124184
1785119665329399170,2.962674,0.9332986659703194,0.820157072492551,0.025770605044852728,-2.412291464632614,0.8844253283319966,1.1076920529954617,0.080106246251764,-2.3566817421567423,0.2966771478393389,0.05560972247587159
1785119665362741211,3.171924,0.9304030612217867,0.8128998094433092,0.0251232380044787,-2.4042355126651676,0.8735494173227228,1.1046070021505496,0.08031985345922162,-2.3453444278556117,0.3022781657007324,0.05889108480955585
1785119665396083008,3.086005,0.9271389757135284,0.8052387944414332,0.02363926169759901,-2.3971378242278156,0.8869534192767101,1.0923949453985544,0.07737730827907144,-2.3423519727451967,0.2948920338514389,0.054785851482618934
1785119665429425049,3.20704,0.9233146288582821,0.797609467287982,0.02248012839899118,-2.3915500106125807,0.8825875797513932,1.083925578123173,0.07356692915290682,-2.336501930021144,0.29367578903276065,0.05504808059143684
1785119665462766602,3.026225,0.9194588170685835,0.7904243086829873,0.02096198815313962,-2.3848839402527386,0.879224078784828,1.074884021271707,0.0717751802191081,-2.3305887428892746,0.291750137512825,0.054295197363464
1785119665496108398,3.073344,0.9161992907232984,0.7843391130931099,0.020369394726738724,-2.3781479909882717,0.8630545412998907,1.0690772871318048,0.07046008386625618,-2.320242047538128,0.29395453608447464,0.05790594345014366
1785119665529449707,3.124028,0.9112379230945997,0.7772032743436762,0.019786374868344045,-2.374872220477311,0.8528730484048744,1.0609026430705202,0.07060871470212683,-2.3140093061093285,0.29406581004893717,0.06086291436798241
1785119665562791260,3.263887,0.9060427260268847,0.7699955310538515,0.017791333849282193,-2.371867917354174,0.8483931978669594,1.0535381227828102,0.0668178269178544,-2.3113856615613986,0.293467999011885,0.06048225579277533
1785119665596132324,3.161261,0.9004593973689554,0.7625525926505845,0.01756049489743413,-2.3704792202553984,0.8447925555818852,1.0458466481616766,0.06296486464969017,-2.310385809478264,0.292259945861673,0.06009341077713426
1785119665629473633,3.273696,0.8956120553569208,0.7563441552855987,0.019088119949364102,-2.3694302813653296,0.8404949131258235,1.0362604047942106,0.0648965023118304,-2.3102688684161263,0.28894534777593556,0.059161412949203296
1785119665662814453,3.180125,0.8921870648732464,0.7522864838012873,0.019837008551886783,-2.366853750438458,0.8308968949005079,1.0320208343284314,0.05903494863185856,-2.306627547446282,0.2890402572422108,0.06022620299217607
1785119665696156250,0.93316,0.8869521636972058,0.7467856057016652,0.019669084349289198,-2.3653779513107525,0.82741210153927,1.0247989470309011,0.054954669545425675,-2.305296997362962,0.28649870764359636,0.06008095394779067
1785119665729500732,0.015721,0.8799879852569819,0.738722813955204,0.018802084475632492,-2.3639375719317925,0.81966340786784,1.0166527717491822,0.05605767754618215,-2.3037508572582928,0.28683112678295475,0.060186714673499786
1785119665762845215,0.007829,0.8723440628818,0.73039643226408,0.0174994228929371,-2.3613760627653493,0.8138497791233713,1.0078871078737641,0.05124522828018287,-2.3019561831362196,0.2855896280749082,0.05941987962912965
1785119665796189453,0.034501,0.8642125177816251,0.7222574728000077,0.015630014254870865,-2.3581982229093645,0.8146819411532775,0.9946756505251934,0.051315372372708445,-2.301446011545782,0.27917447297388376,0.05675221136358255
1785119665829533691,0.128645,0.857317693925001,0.7143834542772716,0.013176669637717305,-2.3550140731526312,0.800635699187296,0.987680807225833,0.05153912740130176,-2.2960839009859777,0.28173741288973064,0.05893017216665353
1785119665862877930,0.017535,0.8500998200672693,0.7051397746970631,0.011484274377576964,-2.3520935211052176,0.7813512930800997,0.9783842172063899,0.050147666187861734,-2.2911887009591028,0.2844006736831226,0.06090482014611487
1785119665896221924,0.089002,0.8422971416099893,0.6966616336768234,0.010171684929561067,-2.350491590340967,0.7759153065116414,0.9665541975262981,0.04715765986030292,-2.2906291736233144,0.28038635201065776,0.05986241671765269
1785119665929565674,0.07537,0.8342500839030764,0.6874186057338,0.008244032817023229,-2.347527699095768,0.7826530134778115,0.9538390662693556,0.04050447146066089,-2.2914427648815088,0.27328164111393793,0.05608493421425909
1785119665962909668,3.245599,0.8267573190847092,0.6787262466326744,0.008893767388620638,-2.343506176931581,0.7741629456256064,0.9453936915174725,0.03910651047705341,-2.2868236660213856,0.2734785258953069,0.05668251091019538
1785119665996253174,3.306443,0.8202804530169558,0.67232297941176,0.009487642194655673,-2.3413169687577375,0.7674841875917019,0.934848241388546,0.03537995808983391,-2.2836956694260024,0.26903042735209287,0.0576212993317351
1785119666029596680,3.196341,0.8142483651699279,0.665228887874256,0.009618821145670253,-2.3410397106449023,0.7548169903352286,0.9288239884945916,0.03459574718354175,-2.280225302723379,0.2713638004968397,0.06081440792152337
1785119666062940186,3.234297,0.8081096572224054,0.6574084671672851,0.00982508964108021,-2.342894438895622,0.7487080708841303,0.9198810194939163,0.03189656076914133,-2.2812183905461287,0.270013960791135,0.06167604834949314
1785119666096283447,0.119483,0.8017717906985987,0.6494047648753956,0.010049862872488205,-2.344417702775299,0.7393477114692925,0.9101860068944178,0.034214551145721195,-2.28284866718891,0.26923512775258923,0.06156903558638894
1785119666129626709,0.187379,0.7939821816458728,0.6399225162863196,0.010030703034837002,-2.3451678450101534,0.7307540702625168,0.8995217143667816,0.0310981070396324,-2.283978868410728,0.2680174867888779,0.061188976599425356
1785119666162969727,0.041169,0.7850862863770496,0.6286989946632132,0.009317392206179553,-2.346196131548851,0.7247348161850918,0.8865964227138895,0.028975634300799743,-2.285891959814646,0.26559335426876785,0.06030417173420499
1785119666196312744,0.043529,0.7769413362422699,0.6188975807900011,0.00863369788889763,-2.346576153905699,0.7190845984982497,0.8721370352745208,0.0266346551755732,-2.287826238365333,0.26038751481826883,0.058749915540365905
1785119666229655518,1.843013,0.7692024566836949,0.6094090970799684,0.009111355353081028,-2.347215026255356,0.6995469474467594,0.8607565898285097,0.026214689567180764,-2.2851218448864703,0.26138090236142736,0.06209318136888565
1785119666262998291,3.33455,0.7579102209114473,0.5960130426816186,0.01022058438700197,-2.34950515186002,0.6876473149740717,0.8472349864291152,0.027876517711042256,-2.2868489054388688,0.26145950537813273,0.06265624642115109
1785119666296340820,3.272155,0.7508791658610284,0.583947615085088,0.01330090185847956,-2.351736960824747,0.6823103500860203,0.8361226640974269,0.0259549720861431,-2.2907591315661215,0.2616372743599222,0.0609778292586256
1785119666329683350,3.207375,0.7433935894725069,0.5754928054077796,0.01532929764587112,-2.350268254992929,0.6778642217167111,0.820318313305172,0.024156766596121364,-2.2928560812904513,0.25359722309946164,0.05741217370247753
1785119666363025635,3.295428,0.7360949907233423,0.5664767061787831,0.01576917002203655,-2.349639023304749,0.6666979651656674,0.8101071265809658,0.022854642703485917,-2.2903584804259784,0.2534204664677193,0.059280542878770597
1785119666396367920,3.078782,0.7276971727474006,0.5564456102512579,0.015423192385144108,-2.3499317586716133,0.6595724306749953,0.7981121495947856,0.021467285078479465,-2.290900264013868,0.2511577746700153,0.05903149465774549
1785119666429710205,0.617664,0.7199809206996547,0.546332612126116,0.014663638162071412,-2.3501367145638916,0.6468946985389858,0.7843974659095057,0.01901815185802634,-2.290988560017213,0.24906913149997859,0.059148154546678544
1785119666463052002,0.23388,0.7100481456519779,0.5339363666227186,0.013379634741630942,-2.3492643968115865,0.6432705609858642,0.7668198895561406,0.015727694632595855,-2.2929304932016157,0.24227978548152385,0.05633390360997082
1785119666496394043,0.190406,0.7004623428538899,0.5227320743725541,0.011953751731623528,-2.347333617844402,0.633526697903682,0.7529031011606163,0.012446086391879984,-2.2908871845947703,0.2397067469450721,0.056446433249631944
1785119666529735840,0.376046,0.6904613863305209,0.5114027934639513,0.010484733637534275,-2.344861302093285,0.629409773341239,0.7335231241372644,0.008278158572796858,-2.2911966848893583,0.23036842170864327,0.05366461720392657
1785119666563077393,3.128562,0.6788834059551044,0.49827274181823655,0.008792739610173968,-2.3418239752492065,0.6262673740553504,0.7177809801841495,0.00014939496739658657,-2.290430242669176,0.225891613235189,0.05139373258003044
1785119666596418945,3.071674,0.6689769769389484,0.4862374099899472,0.006206579016379887,-2.3402562277807686,0.610513875202051,0.7068191465023713,-0.0026390069481144816,-2.285969318444261,0.2283691772954279,0.054286909336507705
1785119666629760498,2.983552,0.6574611210615922,0.4751590315484533,0.005808717796787041,-2.337308668622227,0.6024516232349041,0.6825682217601144,0.0068966889573052435,-2.2888722689417573,0.21458285280200642,0.048436399680469755
1785119666663101807,2.998433,0.6479449934041738,0.46676682760775107,0.009500857455566229,-2.333511557184864,0.5813293431316424,0.6770681248833975,-0.001966147636116195,-2.278113831618221,0.22089765209894083,0.05539772556664335
1785119666696443604,3.00615,0.6396838942150505,0.4583690496559128,0.010961836139072577,-2.3335893854425382,0.5722512622035136,0.6621804220108919,-0.0009425293955918296,-2.2772391063557813,0.2150068586813132,0.05635027908675694
1785119666729788574,2.970878,0.6302082857975134,0.44788337734501343,0.01124641742519396,-2.333871454262649,0.5641386560753018,0.6537150510170323,-0.0106597588619524,-2.27682604166981,0.21728266018662915,0.05704541259283902
1785119666763133057,3.008095,0.6221154676993893,0.43741134830814576,0.011304645716718732,-2.334033541242018,0.5514499590638573,0.6409764622913976,-0.010821096880932683,-2.2763384427661744,0.21661467685092411,0.057695098475843754
1785119666796477783,2.953517,0.6134829536457647,0.42721165154229873,0.01060902485954579,-2.3355653853644798,0.539579554295479,0.6317709066429412,-0.014856356996466877,-2.2762306464806428,0.21898558618304098,0.059334738883837
1785119666829822266,2.896321,0.6038602175402199,0.4160163241838664,0.009082018534427926,-2.3362500928875893,0.5340974147888591,0.6177060511790807,-0.02258597384458566,-2.2785149274671843,0.21575091277778322,0.05773516542040502
1785119666863166504,3.004832,0.5942833993354992,0.4039626964678154,0.007230386226287066,-2.3371976648368484,0.5250389741713295,0.6051280226545436,-0.028070442524841137,-2.279391598049499,0.21565812617809124,0.05780606678734923
1785119666896510742,3.007724,0.5839767777491379,0.39275975032370014,0.006010147162618152,-2.3402603395216253,0.5101665097949737,0.586451781094251,-0.021688461468951772,-2.2804067771069305,0.20912142730865824,0.05985356241469474
1785119666929854736,2.806535,0.574747702443436,0.38190610843786194,0.006787519227000435,-2.3451122705258065,0.49495799369125626,0.5731312711553237,-0.01215071735946416,-2.283892225237297,0.20806757864713643,0.06122004528850944
1785119666963198730,2.90933,0.565493967365329,0.3687100402014156,0.0072633723963505025,-2.3521228517197037,0.47882977100474633,0.5655882439558101,-0.025721094291159482,-2.2881636163378944,0.21762280461165356,0.06395923538180925
1785119666996542725,2.807799,0.5572623726886118,0.3586923694567246,0.01037058947024092,-2.3615471881410226,0.4748804681564537,0.554240661598212,-0.025145760209694508,-2.2993310470709094,0.21514489036085782,0.062216141070113196
1785119667029886475,2.840266,0.549519604271605,0.35007914253526157,0.011612374149246433,-2.3693126334593932,0.46334691025028896,0.5418901073002536,-0.02660427963915097,-2.3069498556742865,0.21372340074439808,0.06236277778510679
1785119667063230225,2.92137,0.542280674731527,0.3423211590247974,0.01148503351231836,-2.378585473228697,0.4509285731348913,0.5342766110776446,-0.026149797484151194,-2.3144768458838283,0.21588997786619876,0.06410862734486855
1785119667096573730,2.886133,0.5326962356813775,0.3322742805316419,0.010606952768119621,-2.3890230672046706,0.4463328675918036,0.5199649677636454,-0.026541654242910547,-2.3264861146098923,0.2099200905684279,0.06253695259477832
1785119667129917236,2.773885,0.5226541213039552,0.32198757244308546,0.00924551370922977,-2.399174040416892,0.4357666001835767,0.5074020466324066,-0.037194295105884116,-2.3367991378021626,0.20996338825645527,0.06237490261472933
1785119667163260498,2.929387,0.512533197887319,0.3123865468820287,0.007728444198311927,-2.408976924650033,0.4226204359275342,0.49472927589668264,-0.0437409396764978,-2.3464895273115003,0.20971951045193904,0.0624873973385327
1785119667196603516,2.796885,0.5011211232045549,0.3028005262337649,0.005750934129099003,-2.419983195608623,0.40948910611659933,0.4801032462241855,-0.04707373522079465,-2.357828035239803,0.20645369157158333,0.06215516036881974
1785119667229946777,2.729467,0.4906947648001218,0.29392677136563056,0.003336626792497294,-2.432288190376772,0.40133296157511855,0.47584994047978585,-0.05434722647185392,-2.3670779361790664,0.2107344259099233,0.06521025419770554
1785119667263289795,2.972951,0.4809203557368134,0.28492163030331846,0.0021723131113275482,-2.444816502024169,0.39039541103187936,0.45935844939139875,-0.04352660562959924,-2.383114247838734,0.20177056435835442,0.061702254185434846
1785119667296632568,2.668794,0.4696265774382675,0.27706531669294304,0.001525633117384251,-2.45878484237745,0.3735511499778847,0.4494176883905594,-0.04283260470378176,-2.3962152817096194,0.20224609033078417,0.0625695606678307
1785119667329975342,2.847911,0.45854669208684823,0.2692521218539953,0.0008469005211274583,-2.474395113257596,0.36844687678339,0.43948150303459693,-0.051619435701477215,-2.4131410421342014,0.19962148023564813,0.06125407112339465
1785119667363317871,2.773595,0.4489413788080146,0.26237932845856693,0.0038700933717009684,-2.4875114362421162,0.36289892047992456,0.42951585061422354,-0.05328505373787961,-2.428761148825445,0.19648061612929454,0.05875028741667121
1785119667396660400,2.722883,0.44169636362599524,0.25796293827376976,0.00594333617016021,-2.5035524818849946,0.34494085058705015,0.4235499339605729,-0.05257817087126305,-2.441335766015631,0.20051296524267498,0.062216715869363615
1785119667430002930,2.658103,0.43262591210773155,0.25263516734236297,0.006934646745855354,-2.5227715581345334,0.3304243476036752,0.41934405227873756,-0.058399626567684486,-2.45704825166142,0.20616881280449403,0.06572330647311331
1785119667463344971,2.869424,0.42368895481273405,0.24670824154417506,0.00723049141262347,-2.54244830415316,0.31468357339671493,0.41331372960424434,-0.06125861077697542,-2.475440659244199,0.21054766431410016,0.06700764490896072
1785119667496687256,2.703561,0.41371074616985715,0.24090288513791994,0.007263738867308649,-2.564198525732804,0.3009011673678828,0.4074102211558453,-0.06483449814151493,-2.496383494666089,0.2136559144911408,0.06781503106671494
1785119667530029297,3.92344,0.40492114028428944,0.23590995246567265,0.00677257693650829,-2.5808042578501094,0.29032041924178814,0.39706355016794515,-0.06801023793968224,-2.5193201095881355,0.21141493967232702,0.0614841482619739
1785119667563371338,0.68468,0.39245363436567066,0.22894438002838535,0.00553343431742982,-2.604266115596044,0.27854718159891506,0.38776731667604497,-0.07049147889804462,-2.5415380676117194,0.209712166115159,0.06272804798432441
1785119667596713135,0.67744,0.38089465777569825,0.22210144732378195,0.0037062545208089094,-2.6236750356202294,0.2643756411185894,0.37999547735373523,-0.07290680028063583,-2.5617020019381376,0.2106579363039726,0.061973033682091845
1785119667630054688,0.777959,0.3690033689713654,0.2162617051969959,0.0025501701816708134,-2.6429778975772575,0.2528593017769677,0.37031832462896086,-0.07750014612787352,-2.5825837848368054,0.2088802036491734,0.060394112740452144
1785119667663396484,0.461251,0.35926013166587234,0.20688955974913592,0.004103092329920302,-2.6566158496237384,0.2271554919316663,0.36509709586622147,-0.06958295626498189,-2.5946739595334756,0.21888557303091855,0.06194189009026285
1785119667696738525,0.668354,0.34887930134922324,0.20055551013604223,0.006093500195927089,-2.6617204413212785,0.21684563743540278,0.3543187802635645,-0.05749843178874934,-2.602262854140273,0.21241460745523316,0.059457587181005696
1785119667730083252,0.658084,0.3401014860402904,0.19560209190078223,0.007598119702153626,-2.662816994073614,0.21559549625606964,0.3426124928942391,-0.06146867275058293,-2.607529252229102,0.20465586068352615,0.0552877418445119
1785119667763427979,4.176885,0.33033439211850985,0.19034702125211017,0.008181502073620069,-2.6640817924198164,0.19154991264457236,0.34125883959642883,-0.06322428015849119,-2.6035318504556217,0.21710433988066685,0.06054994196419461
1785119667796772705,0.739585,0.31788565188091106,0.18323188819223146,0.008377225151743379,-2.6650679006746882,0.18640878360275223,0.3274190572604981,-0.06370530335392152,-2.608453719812763,0.20801922394798808,0.056614180861925156
1785119667830117188,0.879512,0.30526337535942233,0.17589890862185323,0.007824451561471744,-2.6646616944834385,0.17216544318299737,0.3234843674928615,-0.0631590220054687,-2.6063654398597693,0.21103360097253432,0.05829625462366916
1785119667863461670,2.731839,0.291157246921908,0.16799817792089566,0.006677983483742609,-2.663290455709579,0.16177294106090748,0.3133052755265703,-0.06426228720696706,-2.6064022496512558,0.20709170244939593,0.05688820605832312
1785119667896805908,0.897814,0.27929375525771066,0.16162505332347007,0.005111080397587257,-2.662286963842982,0.15251718352730256,0.3038455483493018,-0.0700197811924317,-2.606268921053537,0.20480140309179162,0.05601804278944478
1785119667930150146,0.857252,0.26510099957905114,0.15472470081663223,0.003071784051602142,-2.6604649969118594,0.14194780379281438,0.29357598580201383,-0.07626593560760045,-2.6056032739977564,0.20184365914037786,0.05486172291410307
1785119667963494141,0.885112,0.251167145070663,0.14655582592897984,0.000743513877490187,-2.659690077085305,0.12136746619378745,0.28634139995353564,-0.08200051113317369,-2.6029131242036514,0.20792916345928955,0.056776952881653735
1785119667996838135,0.821656,0.23830422278468522,0.13782454088369397,-0.0003738348334082378,-2.659561278671554,0.09461892470977173,0.279621872868595,-0.08034239400805104,-2.599662913354684,0.2171334122086726,0.0598983653168701
1785119668030181885,0.884557,0.22200331022152744,0.1325336804320876,-0.0004229154645545648,-2.6558933345447624,0.09425914245369434,0.2639000045362703,-0.08609229672626284,-2.6021711331881794,0.2022743839271434,0.053722201356583
1785119668063525635,0.865203,0.21056757500831338,0.12616771113880532,0.0018768252438173655,-2.6545295984607415,0.07826518974197876,0.2547556143794762,-0.08716222895300003,-2.5986970888141303,0.20485781210209575,0.05583250964661124
1785119668096869141,0.873739,0.19833065238340186,0.1192195645834312,0.002412358859585121,-2.657975864614219,0.06357148219376706,0.24636211072945158,-0.09492188185404316,-2.5996218282632118,0.20928262088857355,0.05835403635100711
1785119668130212646,0.952845,0.1850535810801473,0.11133517359677161,0.0024641957359727382,-2.6675032610816976,0.05967110334206668,0.23298751126078776,-0.1095904814944044,-2.611638683715902,0.2075483261124119,0.05586457736579575
1785119668163556152,2.364559,0.1698496385803118,0.10253749497047589,0.0024531843081564406,-2.6822458865546737,0.0431305838998555,0.22444803799725788,-0.11663333614963381,-2.6243661879918587,0.21237113427897172,0.05787969856281494
1785119668196899414,2.346254,0.15353307833842803,0.09259937932162927,0.0017746704082801095,-2.6994541045382228,0.02506686159955208,0.21264862379289842,-0.12113242018117003,-2.641314845845314,0.21452632206441638,0.05813925869290859
1785119668230242432,2.368724,0.13741927998673012,0.08542544147458216,0.0010287139751671373,-2.7185281170039906,0.01029574488365816,0.2026574519395419,-0.12794900595717784,-2.658811227945506,0.2157289727730256,0.05971688905848449
1785119668263585449,2.421235,0.12088048764595655,0.07934598488618849,0.0012276574266247764,-2.740163188121563,-0.031670379905016734,0.19608375422017332,-0.1298362402009803,-2.673816218213058,0.2325450907694432,0.06634696990850529
1785119668296928467,2.242242,0.10903394050386504,0.07004721559973849,0.0018341789878876039,-2.7660443530987555,-0.046339117721587254,0.18822024951369135,-0.13462200832634114,-2.697447724623579,0.23817208951322133,0.06859662847517667
1785119668330271240,0.988742,0.10120847209494087,0.0648213009895644,0.005647462002604863,-2.7915309912042954,-0.05164646607240774,0.1795809396708767,-0.1418248264534582,-2.7297669313232142,0.24141765191236034,0.061764059881081135
1785119668363614014,0.9913,0.08900642898022798,0.060399257646576325,0.006460331464107915,-2.8185585500193957,-0.06760923773812404,0.1724089060797864,-0.14003414025936703,-2.757360617093709,0.24194060975641363,0.06119793292568687
1785119668396956543,1.030568,0.07626411539864307,0.055480427073528654,0.005060330219035617,-2.8400459912071523,-0.07842399578979724,0.16384699324993765,-0.13878886428650625,-2.782998076561399,0.23741169972814422,0.057047914645753206
1785119668430298828,1.004504,0.06155211611401658,0.05119709917611595,0.002944757672182106,-2.859595212542088,-0.08940625804684615,0.1587762049247134,-0.14307175166026745,-2.803896392520226,0.2359714298820776,0.055698820021861994
1785119668463641357,1.082158,0.04689204759304233,0.04824709152573751,0.0009366712652275725,-2.8726077014910194,-0.10028581966957091,0.15132862623280052,-0.14385079293357236,-2.821112086227588,0.2307607791602672,0.05149561526343139
1785119668496983398,1.055373,0.03396793735333984,0.04374271418491463,-0.0011526434615522112,-2.878146825495151,-0.12980447999724523,0.15516960010187042,-0.14344238596728545,-2.82287691027835,0.24389285846935405,0.055269915216801024
1785119668530325684,0.953254,0.019448800622062497,0.040200750155761196,-0.0013446464348018208,-2.876187165512008,-0.1489269885832425,0.15019351785036578,-0.1369374022658688,-2.8210869974025368,0.24255764421986767,0.05510016810947116
1785119668563667480,0.992981,0.007791537577043001,0.03686326791691907,-0.003022083716485623,-2.874303000125213,-0.15982400682735404,0.14465908002828576,-0.14131892892587772,-2.8191673473739973,0.24257148478253174,0.05513565275121568
1785119668597009521,0.958329,-0.006441738192662257,0.031820797456704554,-0.006110290743263428,-2.873548874246185,-0.17197351399160776,0.13993313994653359,-0.14642487080921884,-2.819213214032601,0.24244015504217914,0.05433566021358427
1785119668630351318,0.94942,-0.019261152048908388,0.029023186287504315,-0.006423091554660831,-2.8707333236547177,-0.17481976476559902,0.13355393008570243,-0.15058276112719854,-2.8194105128566007,0.2364469680935011,0.05132281079811696
1785119668663692871,1.177731,-0.02656896438393005,0.027258826850155064,-0.005538399690132953,-2.8681647814572457,-0.19164144735346011,0.12981819243127704,-0.1508657286835244,-2.8143767830917055,0.24266722204385466,0.05378799836554026
1785119668697034912,1.006703,-0.03733514595475894,0.023979933641515745,-0.005288559109040946,-2.8686484159000316,-0.20007885049215376,0.1257288442673357,-0.1577704959082878,-2.814271358951832,0.24513077169165334,0.05437705694819961
1785119668730379883,0.839082,-0.046076955786629126,0.020781866348944012,-0.0049504124605670614,-2.8713172624604453,-0.21370150509393365,0.12088276567936276,-0.1613797127914732,-2.816268439426584,0.2501765488195335,0.05504882303386127
1785119668763724854,1.179769,-0.05845059860888191,0.016616437908961276,-0.004703935703893881,-2.8725863683124286,-0.229897377073699,0.11657757903175407,-0.16108871421086376,-2.817374284986745,0.2526705889675508,0.05521208332568372
1785119668797069580,1.017148,-0.07090885952470877,0.012107937056513198,-0.005251498018699187,-2.8737077957815775,-0.23839862219255098,0.11005283049945873,-0.1627139048037799,-2.820573125559519,0.24988083620123874,0.053134670222058755
1785119668830414063,0.603944,-0.08464619386047399,0.00719024268091558,-0.0067842307094192365,-2.87455921847379,-0.2501292371654483,0.10205875729216912,-0.1660760041022141,-2.8234748387276993,0.2485126591476642,0.05108437974609048
1785119668863758545,1.207595,-0.0954456516593752,0.003424582092087918,-0.007167716399942039,-2.875423650903535,-0.27662721893159176,0.09770419827739613,-0.16596966658912435,-2.8192603335764694,0.2587150280350048,0.0561633173270657
1785119668897103027,2.067825,-0.10814290462265382,-0.0015484196390029546,-0.007251996144656711,-2.8771228512243603,-0.28908929770526576,0.09263088161278608,-0.16623821985343826,-2.820002259974925,0.2586270621629938,0.057120591249435464
1785119668930447266,2.176812,-0.11532947451890063,-0.00629409280903241,-0.007254660062528607,-2.8783877722800977,-0.29991814254262544,0.08697698527996314,-0.16818060078051314,-2.8218554260610955,0.26204890529560443,0.05653234621900216
1785119668963791504,2.210698,-0.1206131138736721,-0.008806731222566255,-0.004554152657811709,-2.8797081577009536,-0.30680241813000886,0.08130865754497162,-0.16991630940502012,-2.8259361464712835,0.26482424963789014,0.05377201122967002
1785119668997135498,2.055286,-0.12684732042906785,-0.01078435044391565,-0.0033387439932376028,-2.8782398734343793,-0.3108894171795335,0.07795311683603133,-0.16935290508899606,-2.8261160231405538,0.2632613400404546,0.052123850293825484
1785119669030479492,1.97569,-0.13318985696183197,-0.01257233020237717,-0.0029477713335714626,-2.875827883885215,-0.31683693012733943,0.0754701222478012,-0.17053280978594051,-2.8244304415851826,0.26374697349691273,0.051397442300032285
1785119669063823242,2.110439,-0.13719118757762963,-0.013037244115423965,-0.0027098501204015843,-2.8717954810281445,-0.32195127110665117,0.07361186661350663,-0.16866447352119995,-2.8209014973369633,0.263030975141458,0.050893983691181255
1785119669097166992,3.786802,-0.1414656704450351,-0.014036394363057968,-0.0024075211775791503,-2.864853880716763,-0.32718392551797354,0.07269373912678935,-0.16787624957604688,-2.8155658284452136,0.26342605490025023,0.04928805227154953
1785119669130510498,2.108621,-0.14408621404788796,-0.014705653378537121,-0.0018767237556812826,-2.8560518897209635,-0.32829991732291913,0.06852348075590517,-0.15989582204842054,-2.8094134028176954,0.2565771086210159,0.046638486903268106
1785119669163854004,2.001857,-0.14664272133223,-0.015261023434566192,-0.0017262022989504321,-2.842026786102988,-0.3272769076703615,0.06667634660573231,-0.15504375383009789,-2.7989265029907693,0.2506964568769684,0.04310028311221891
1785119669197197510,1.997613,-0.1480154064979966,-0.015612664934422,-0.001688278867282318,-2.824387235224949,-0.3300847249676019,0.06604654059979376,-0.15358885533536334,-2.781321049424218,0.2507812746354902,0.043066185800730857
1785119669230540771,1.987415,-0.14819635580433227,-0.015886056682909478,-0.0015714438183191898,-2.8101368403664826,-0.3290539634582933,0.06507465772787055,-0.15112963303328003,-2.763320008943108,0.24825745403809332,0.04681683142337478
1785119669263883789,1.303418,-0.14872894179228568,-0.016123215324153544,-0.0014233026438345074,-2.787637168014292,-0.32743420816907387,0.06474190340193559,-0.1486027125462246,-2.742345510084174,0.2452274828737576,0.045291657930118134
1785119669297226807,0.563935,-0.14868136748334868,-0.016473927441835554,-0.0006687829259163169,-2.760355548872804,-0.3238557106831903,0.06385156587946732,-0.14906379820164367,-2.7181479243101996,0.24322688163829656,0.04220762456260463
1785119669330569824,1.41178,-0.14825002475051433,-0.016927116674839936,0.00012880616614952402,-2.733987666871646,-0.31733028683100295,0.05996719197775457,-0.14628904254091532,-2.6929954741728923,0.23651438888230905,0.04099219269875353
1785119669363912598,1.422921,-0.1483435007294955,-0.017928985216822235,0.0004499119529255942,-2.704321098154842,-0.311194039306643,0.05844867655811098,-0.14150898297751718,-2.6630666558973304,0.2291422549049948,0.0412544422575114
1785119669397255127,2.772124,-0.1482595720038346,-0.01932318508820078,0.0008262218034498243,-2.6698814048735326,-0.31163557089156163,0.05614872396619808,-0.14012642197809172,-2.6298871187673596,0.22859434345119778,0.03999428610617306
1785119669430597900,2.115585,-0.1483128910368275,-0.021018798647804055,0.0011466356247442563,-2.6343528572225883,-0.30969849799050153,0.05486526006276666,-0.1392663790925988,-2.595385173309295,0.22697911622043096,0.03896768391329308
1785119669463940186,1.936608,-0.14810691154646147,-0.02341010497075279,0.0012316141271008134,-2.596695166693822,-0.3113440285258009,0.05516911408648345,-0.13649895059260236,-2.5577699719685936,0.22757583018717084,0.03892519472522826
1785119669497282471,2.003442,-0.14814807900017965,-0.025594858986044345,0.00109785102519495,-2.5633189620608214,-0.309921253644666,0.05121943420435629,-0.136648749708995,-2.5227457736016343,0.22593167481944765,0.040573188459187115
1785119669530624756,1.846639,-0.1478234823796751,-0.027999543565310786,0.0008453044133561985,-2.5299537071102898,-0.3069856408039248,0.04882810245256306,-0.1378691453633026,-2.487145572281478,0.2246703773169816,0.04280813482881163
1785119669563966797,1.980712,-0.14788478286178694,-0.03061472283022322,0.0003621099531775009,-2.4927686235588444,-0.3050651626000445,0.04762260114976917,-0.13921274737606912,-2.4500468032273703,0.22429420731863026,0.04272182033147409
1785119669597308838,1.811517,-0.14904582494941257,-0.0323200167176524,-0.0007377094078928028,-2.4549678781690574,-0.3043756917446874,0.043429500253578855,-0.13929455079627004,-2.412297332737836,0.22150249464856284,0.042670545431221285
1785119669630650879,1.928901,-0.15032481757499053,-0.03481371638005772,-0.0015902666750615868,-2.4201905793274805,-0.3071436113511042,0.04616821612549946,-0.14036709970417624,-2.3717643886443702,0.22451996984526934,0.048426190683110264
1785119669663992432,1.848408,-0.1510651443734928,-0.038681465549840234,-0.003151969991812508,-2.3921580017229487,-0.3145335504638211,0.05681925878213775,-0.13182592339794474,-2.3332976946042314,0.22890892167586746,0.05886030711871726
1785119669697334717,1.933362,-0.15237525373621302,-0.0414556940445486,-0.003606589468506716,-2.3740921198273877,-0.31231498299788546,0.059039898534032166,-0.13277352951797677,-2.313452457365577,0.22883220823511835,0.06063966246181085
1785119669730679688,1.739541,-0.1537400167587702,-0.044189482133659426,-0.00388083213189162,-2.358789438524796,-0.3118533744594572,0.0608883882497654,-0.13159028933508404,-2.295255804872679,0.2288031865749148,0.06353363365211662
1785119669764024414,1.893817,-0.1545223370334661,-0.04629063935805976,-0.004110393245750563,-2.3435856864356484,-0.3096380523940058,0.046744740776785636,-0.1295502981408773,-2.2828184229692883,0.22011732518987595,0.06076726346636008
1785119669797368896,1.756275,-0.15473642413558286,-0.04923969454656133,-0.004312031154433687,-2.3340904967860534,-0.31630502037630887,0.04615517127408005,-0.12292428757630018,-2.2677160696999215,0.22197625794130219,0.06637442708613195
1785119669830713623,1.778466,-0.1552445285893127,-0.05305597314105327,-0.0049754418837060195,-2.330056859230708,-0.3185724616487821,0.046133057529502,-0.1233041484608328,-2.260288302068851,0.22475800391322806,0.06976855716185693
1785119669864057861,1.772537,-0.1564740163660998,-0.05720319420361233,-0.00678177261859783,-2.3280184327141673,-0.3181862780178878,0.039476582938048024,-0.12428446710985419,-2.2582916616437396,0.22204665746055033,0.06972677107042768
1785119669897402344,1.835503,-0.15691804189937542,-0.06076172725094266,-0.008875759983560508,-2.3278995232347865,-0.32777706256607614,0.03554057283939049,-0.11589231428960096,-2.2533479650022716,0.2234266788935698,0.07455155823251491
1785119669930746582,1.742313,-0.15773804655720716,-0.06468806309652572,-0.009026456153798266,-2.329975245588108,-0.32835538763706457,0.03493018273647698,-0.12137443537267346,-2.2544410106092627,0.22727987243609973,0.07553423497884548
1785119669964090576,1.899228,-0.15910445973980497,-0.06935352706097338,-0.009973549382842228,-2.332085187782084,-0.33068591233042194,0.026309195901653686,-0.11656409408272862,-2.257840019607417,0.22350189184243824,0.07424516817466699
1785119669997434570,1.687028,-0.1605575958060036,-0.07331975939408494,-0.010810733972223138,-2.3321251157525005,-0.3295054051040147,0.023322737951770346,-0.1230064296743802,-2.258993950385674,0.2246575364725871,0.07313116536682651
1785119670030778320,1.677926,-0.1625166180838198,-0.07753823762617791,-0.011182617884639139,-2.331888290784928,-0.33133675050771105,0.01699461340253079,-0.12436866837107949,-2.259416437929169,0.2241601638560144,0.07247185285575908
1785119670064122070,1.720561,-0.16413254643307448,-0.08154620909080934,-0.011390024319642122,-2.3313729035985866,-0.3334210080156031,0.012634568514814069,-0.12388867733258911,-2.2597512680173173,0.22401908183256758,0.07162163558126934
1785119670097465820,1.750141,-0.16624338566275565,-0.08590596351696307,-0.011888218709700969,-2.3296484408250637,-0.33404658352453664,0.008257426380424418,-0.12592234697377938,-2.258811527150929,0.22367038163010258,0.07083691367413492
1785119670130809326,1.632171,-0.16799808254777981,-0.09029389416041461,-0.01259411421514703,-2.3292297732442155,-0.3359456124927854,0.0027705134084963163,-0.12734669214052544,-2.2582494727689215,0.22368618846790908,0.07098030047529402
1785119670164152588,1.62674,-0.16953458406905275,-0.09553366534845945,-0.013223291853624109,-2.3296995405650143,-0.3376722507260148,-0.00563050558617178,-0.12647778619123626,-2.259900069362152,0.22176436497273255,0.06979947120286224
1785119670197495850,1.550738,-0.17094007726758537,-0.10152952598816817,-0.014204475678150898,-2.328517990750456,-0.33419309787851464,-0.01743136750820195,-0.13098028045051988,-2.263203510900478,0.21762499300068558,0.06531447984997785
1785119670230839111,1.548408,-0.1720793499709154,-0.10727763407901347,-0.015312078133276936,-2.3259640292092527,-0.3334227245782874,-0.022480772527575965,-0.13604727045134993,-2.2613544757404664,0.21863023332272807,0.06460955346878627
1785119670264182129,1.574931,-0.1730345210401008,-0.1130729468852716,-0.01589098365272979,-2.319910588894377,-0.32683442543891394,-0.03435495252165471,-0.14253073141962722,-2.2604333015080624,0.21421615005451358,0.059477287386314526
1785119670297524902,1.706127,-0.17375587413126184,-0.11876092709860739,-0.01600053193824303,-2.3100358542903066,-0.3234819459436023,-0.04280728463625826,-0.14829205924252523,-2.2524695856563213,0.2137472820415552,0.057566268633985285
1785119670330867676,1.640149,-0.1753514201833502,-0.12388523114351861,-0.017725642306813907,-2.30002929005007,-0.3249828345738555,-0.04694864525520038,-0.1468519524998432,-2.241005217319348,0.21209055237025554,0.059024072730721855
1785119670364210449,1.592769,-0.1761534361654104,-0.128305334981859,-0.01787988053463027,-2.2876312629846707,-0.3222687554177691,-0.05225327638368623,-0.14257386798819568,-2.2302919747128715,0.20659669078740964,0.05733928827179913
1785119670397552979,1.490796,-0.1760933565656205,-0.13389229134299166,-0.01709659836174689,-2.272919028516977,-0.3169680452993127,-0.06748038240278774,-0.14586033772480173,-2.221390928768128,0.20207998453496903,0.05152809974884898
1785119670430895508,1.492059,-0.17474974376804817,-0.1388058474047008,-0.01560132067826721,-2.2576002429853563,-0.31279791664268963,-0.07199515440546407,-0.15057233708639842,-2.2059993124534922,0.2042991483176305,0.0516009305318641
1785119670464237793,1.607291,-0.17206425105133877,-0.1439474293575503,-0.014035887346091621,-2.240517844092767,-0.30769070878411425,-0.07651204062478649,-0.1510629748833787,-2.190406415166384,0.20425104751170955,0.0501114289263831
1785119670497580078,1.605937,-0.1693821813268711,-0.148502051516207,-0.012793807935534243,-2.2209531584935958,-0.3020740461515504,-0.07561499968232044,-0.15099740312402612,-2.1700630540193266,0.20498752898337783,0.050890104474269116
1785119670530922119,1.7989,-0.16669173901411002,-0.15456458953708102,-0.012439104285281746,-2.2037651444997395,-0.30071827076430074,-0.08115309481786083,-0.15266865662794615,-2.145668933144612,0.2074046434391454,0.05809621135512755
1785119670564264160,1.425857,-0.16158766752615933,-0.16345566324060812,-0.012949728064087061,-2.178641351174574,-0.2914071360676844,-0.09274387857902087,-0.15758213948197003,-2.1260320453963666,0.20681340704843695,0.05260930577820755
1785119670597605957,1.70847,-0.15603359242325263,-0.1731711492761257,-0.013981071547053917,-2.1558093192046583,-0.28025000498236435,-0.09656822851734574,-0.16160142249275172,-2.1021759174858854,0.2075800872703409,0.053633401718772955
1785119670630947754,1.405767,-0.1513987194444951,-0.18418124557943663,-0.012712448477932702,-2.1378681577179948,-0.28470661601744257,-0.11800257544164096,-0.14876944456192398,-2.079878002878198,0.20164850074649712,0.05799015483979675
1785119670664289307,1.551057,-0.1456895245088358,-0.19220127375920237,-0.008726225687310699,-2.116591596115822,-0.28963619562407783,-0.12379554973941788,-0.15489576803498764,-2.0531809731319317,0.21625337526605196,0.06341062298389044
1785119670697631348,1.574504,-0.14072333592222327,-0.2009470624473122,-0.005238333522836643,-2.0903893657044885,-0.28227419869054804,-0.13378637566670407,-0.14797850131278753,-2.0286099783966383,0.21194801272954505,0.06177938730785026
1785119670730976318,1.588108,-0.13576889756008612,-0.20816435360781702,-0.0026075542214508236,-2.064292109390423,-0.2720397099539824,-0.13897974439695313,-0.15231390398039776,-2.0020206793967863,0.21393512011892904,0.06227142999363666
1785119670764321045,1.431962,-0.12939303812613942,-0.21695180995988644,-0.0011838006576909447,-2.0350793052149743,-0.26293048646689227,-0.14524743795474618,-0.15085863447958012,-1.973931556814321,0.21301718933837455,0.06114774840065329
1785119670797665771,1.389305,-0.12251533823881804,-0.22604159035103766,-0.0018758981174378775,-2.0054578136119594,-0.24768139984640458,-0.15283886680512243,-0.15220628566248728,-1.9469437443705058,0.20886456648349566,0.05851406924145364
1785119670831010498,1.387893,-0.11829159801976855,-0.23386430463653415,-0.0044368760376525965,-1.9759046139982201,-0.2355041607753548,-0.15623857921337655,-0.15314905071292928,-1.918412724234204,0.20464566697551576,0.0574918897640162
1785119670864354980,1.461351,-0.11151544216420224,-0.2416409811760074,-0.0074903074604708055,-1.939964347492389,-0.2096563149451565,-0.17342624997520995,-0.16722416756572225,-1.8899588808321925,0.1994988384104743,0.05000546666019656
1785119670897699463,1.326192,-0.10050493432976013,-0.2503716999307213,-0.00660168254490472,-1.907026730859667,-0.24474587831473918,-0.1883130754384893,-0.1832415247353707,-1.8315637041494124,0.23634372562989364,0.0754630267102545
1785119670931043701,1.394172,-0.09647059076834388,-0.25432692721516387,-0.005206462496619574,-1.8773379996529689,-0.2513062772528617,-0.18653510310448088,-0.18831501261118655,-1.7905255391808759,0.24919583132637785,0.08681246047209301
1785119670964387695,1.301702,-0.09014859323783642,-0.25971049091392234,-0.00548185056592181,-1.847574118156291,-0.24108522685808356,-0.19141041993952704,-0.18426373480927263,-1.7612321126135724,0.24374111101191578,0.08634200554271866
1785119670997731689,1.313182,-0.08145202616433421,-0.26574484746928334,-0.006774937970347627,-1.8181620908771539,-0.23509606140434022,-0.191346482542323,-0.18855997566991523,-1.7292362919934436,0.24937402872005454,0.08892579888371022
1785119671031075684,1.16206,-0.07201744975340456,-0.2721220751088564,-0.006384038966839446,-1.7920861660802525,-0.22849552744716484,-0.19712252615899095,-0.19069406195569327,-1.6997122431659215,0.25314127619882454,0.092373922914331
1785119671064419434,1.387885,-0.06156504904253738,-0.27811180515968886,-0.007395179230059128,-1.7635205917440155,-0.22314647901652146,-0.19768703464743978,-0.19072661122993037,-1.666724480551695,0.2572685681996712,0.09679611119232057
1785119671097763184,1.284453,-0.05125268028957221,-0.28238548647386946,-0.008747309818837382,-1.7338913661614388,-0.20013884874712448,-0.207184121624105,-0.19839055911628828,-1.6429270566936738,0.25256068268305965,0.09096430946776501
1785119671131106689,1.18222,-0.04169317840220468,-0.2858201788821744,-0.008912603857660453,-1.7120202841353243,-0.14862777707839644,-0.22367272771691585,-0.19256265420258634,-1.644272855790097,0.2214151193393762,0.06774742834522729
1785119671164450195,1.363466,-0.029566682300268373,-0.28937898733012424,-0.009199094114860565,-1.6889248261400165,-0.15334889395162235,-0.22975817354874095,-0.19207938648354442,-1.6141692427960865,0.22873976194380866,0.07475558334392997
1785119671197793457,1.183513,-0.02186212589375819,-0.29096715819112073,-0.006515653810534528,-1.6594274305237033,-0.11884903444414963,-0.23662502463674695,-0.16854607869929666,-1.601677398586452,0.19650289183377473,0.057750031937251256
1785119671231136719,1.261767,-0.014885782198901637,-0.2929333250432969,-0.004382560476543009,-1.6328380571293257,-0.12331827986258738,-0.22931624001576575,-0.17993680460854697,-1.5660993113825288,0.2159259889169078,0.06673874574679695
1785119671264479736,1.206514,-0.005006664421247445,-0.2946289699311983,-0.003213981134321586,-1.6043586125579141,-0.10034120733726262,-0.22914755225689304,-0.1771768971101037,-1.5463409862730624,0.2089009029861752,0.05801762628485174
1785119671297822754,1.22207,0.005237881114496098,-0.2963026640788965,-0.00394906694080444,-1.574542914743754,-0.08451772921943264,-0.2242765770620232,-0.16952554121751268,-1.5204116534725807,0.20164175071468626,0.05413126127117329
1785119671331165527,1.062871,0.01214487941084441,-0.2970373343267324,-0.006235505381225714,-1.5436670518255442,-0.09533173936810864,-0.2169154784563471,-0.16733120377261443,-1.476054938946686,0.20957709658376433,0.06761211287885827
1785119671364508301,2.184087,0.023413334493670383,-0.2964909866475149,-0.006502285980216783,-1.514081432183958,-0.06085993080133904,-0.22482397683291888,-0.15818428983809107,-1.4582076225564349,0.18773804578078634,0.055873809627523086
1785119671397851074,1.116407,0.03275172790108551,-0.2955402310944192,-0.004515172390185418,-1.4809482873220288,-0.06731251185195873,-0.22163866467909282,-0.15765082890365956,-1.4186589783057069,0.19729374772609076,0.0622893090163219
1785119671431193604,1.119576,0.0392947112765962,-0.2954088006378276,-0.004777042081387119,-1.454938857352998,-0.06448378647808782,-0.22153214736654075,-0.15879277479194231,-1.38573796036928,0.19987141470744152,0.06920089698371791
1785119671464535889,1.117268,0.049662104581982766,-0.2951597128459001,-0.005534849514687495,-1.427690363550684,-0.05246643401444255,-0.21586753371145748,-0.15456585384269547,-1.3606236317176903,0.19730111078943474,0.06706673183299361
1785119671497878174,1.150485,0.060578892306993766,-0.2940333845977429,-0.0055289125809023275,-1.4004324845353076,-0.03772430743842657,-0.2181005748774817,-0.15387238532085054,-1.3345411778259428,0.19348151481924356,0.06589130670936472
1785119671531220459,1.099778,0.0703403593203653,-0.29321749482549314,-0.007339312434366575,-1.3742347128759282,-0.020289099893395085,-0.21064541283480193,-0.1579316069360792,-1.311036401258759,0.19419033643553593,0.06319831161716927
1785119671564562500,1.21001,0.08019861783830928,-0.29233270597925304,-0.008359436823404825,-1.350322312846704,-0.012675533544371795,-0.21123414659297984,-0.1477929692065441,-1.284407323627719,0.1861297780647202,0.06591498921898498
1785119671597904297,1.065616,0.09057506310792748,-0.29157789472764684,-0.00837366979096046,-1.3333942590891543,-0.018911220520935974,-0.22266618292171508,-0.15260839382769464,-1.2580037644517068,0.19375171210814265,0.07539049463744753
1785119671631246094,1.101466,0.10234875020560738,-0.29122924131280586,-0.009365965655746796,-1.3165591459204282,-0.005009184300211899,-0.22867215214923273,-0.15122037668848712,-1.2426096491905532,0.18857833766215212,0.07394949672987505
1785119671664587891,2.920926,0.11117607070405434,-0.29146295729830046,-0.006738163164987482,-1.2941636544733972,0.011603546731605267,-0.2231030040257707,-0.14262175467630167,-1.2287771352619556,0.18180242348131692,0.06538651921144156
1785119671697929932,1.127146,0.11700739646859142,-0.29105373064481205,-0.005191642271950006,-1.2749644874114898,0.018717089140784085,-0.22444149561866164,-0.14281741662580305,-1.2079282170209371,0.18176641091321463,0.06703627039055271
1785119671731274658,1.070661,0.12580512180144032,-0.2910726240977792,-0.004322769381981627,-1.2562849336408588,0.034093073517387086,-0.22156903686616863,-0.13883500854772501,-1.1927514376705135,0.17701805253674205,0.0635334959703453
1785119671764619385,1.020612,0.13582118677202626,-0.2911339377446618,-0.004779154587929121,-1.2365808420919544,0.04031882904593686,-0.21580045415921306,-0.13862584726082489,-1.1732866812163207,0.18086119323899646,0.06329416087563366
1785119671797964111,1.048288,0.14548918967887828,-0.2900630502022648,-0.007791842992393149,-1.2175888982906122,0.05146023528312362,-0.21628824607314875,-0.13726158417568957,-1.155019901775932,0.17620039690964975,0.06256899651468027
1785119671831308594,0.922427,0.15496994198677946,-0.289328370002762,-0.007130507094262967,-1.1994091611630449,0.05894351993229491,-0.21007654178534838,-0.1352037019724163,-1.1371390545262499,0.17861878192028374,0.062270106636795
1785119671864653076,0.969898,0.16406863444025901,-0.2882974545133669,-0.0047628596601589825,-1.1816899001768344,0.07269274179290056,-0.20858779055023988,-0.13689552715834077,-1.1205717313972379,0.1793383007235244,0.06111816877959653
1785119671897997314,2.343375,0.1708923949088157,-0.2880656281863683,-0.004159321820176603,-1.1670291752847386,0.08186026569794173,-0.20046579455512942,-0.13480193459635426,-1.105385722029496,0.1807427540927403,0.061643453255242564
1785119671931341553,2.335715,0.1822903149216154,-0.2883175459606951,-0.003688482633119144,-1.152556800292513,0.09126702612606569,-0.20285460889135495,-0.13676594772507877,-1.0884571063555717,0.1824794904392759,0.06409969393694137
1785119671964685547,2.455127,0.19301518585532526,-0.2883021919971122,-0.003109000374774492,-1.1370180374497894,0.10536965394729092,-0.2009022259492831,-0.1297191595960801,-1.0729748892669322,0.1770610791412057,0.06404314818285717
1785119672031373291,2.321534,0.21526045475847796,-0.2894183003925727,-0.002970506253677233,-1.1068496180115714,0.13200699711919325,-0.19569779575450885,-0.12714370880901665,-1.0427630650836348,0.17644731630534616,0.06408655292793664
1785119672064717041,2.508889,0.2267353239295552,-0.29064364637409734,-0.00371959874630579,-1.0939074381807958,0.14624862163664526,-0.19848395593539053,-0.126352015765406,-1.027751966179392,0.17323460246640185,0.06615547200140393
1785119672098060547,2.344094,0.24112127241087478,-0.2926224235925299,-0.004760292237723663,-1.0797268238852997,0.1605907881049188,-0.19487514322196228,-0.12224491285222712,-1.014419126658238,0.17274931491420734,0.06530769722706165
1785119672131404053,2.545749,0.2526265228878489,-0.29521614693926657,-0.005935365692788843,-1.0678912068642812,0.17235122153761434,-0.23983617956311795,-0.12673270766130737,-0.9850874223660675,0.15525161068444177,0.08280378449821368
1785119672164747314,2.36402,0.26593670582288836,-0.2972119053065815,-0.007728295351975025,-1.060054060273647,0.18665958284212805,-0.24831716614452481,-0.11978451900774073,-0.9775726556771492,0.1457125766906314,0.08248140459649778
1785119672198090576,2.507495,0.2774426750589591,-0.3005236114364018,-0.004916867996527498,-1.0470178595952842,0.20273605862537453,-0.24924229314118707,-0.11544505949365177,-0.9701236830700678,0.14292422209225009,0.07689417652521635
1785119672231433594,2.339828,0.2878533606750585,-0.3032918283221915,-0.002631968913880717,-1.0326156836488065,0.22190625317355425,-0.24279380725041194,-0.11955012749113467,-0.963087676752267,0.14723752017238112,0.06952800689653948
1785119672264776611,2.534318,0.30003524772166684,-0.3064338834205516,-0.0012791371501685088,-1.0184197992942023,0.23614971098983442,-0.24178196349764186,-0.11393442975671164,-0.9501442757902043,0.14474960278183321,0.06827552350399801
1785119672298119385,2.569301,0.3140835885630037,-0.31083652106755,-0.0010456520422082686,-1.0024166294274643,0.2510400684711627,-0.25292133137282297,-0.1102103841700003,-0.9328157596993628,0.1387284879304866,0.06960086972810153
1785119672331462158,0.726425,0.329987020275046,-0.31613822065497427,-0.0017450119183436714,-0.9855598421801423,0.26690953687921803,-0.2580181841132941,-0.11050424629446953,-0.9177200283515867,0.13851093321914437,0.06783981382855553
1785119672364804932,2.553674,0.3431404975916013,-0.3209356734446145,-0.0030476672709696,-0.9711486049644347,0.2820031048418785,-0.2551089048877288,-0.10683417384358042,-0.904570506641024,0.13726828911814354,0.06657809832341066
1785119672398147461,2.469203,0.3558069542502325,-0.32684480932972687,-0.007364950744469856,-0.9529252780265617,0.29902942644161123,-0.23939664420374632,-0.1022190243236649,-0.8928076876774982,0.1409544767736267,0.0601175903490635
1785119672431489746,2.574508,0.3706514498546451,-0.32954771818096956,-0.005324156618179971,-0.9328512770226268,0.31313478359381147,-0.259698506075263,-0.10567095151671152,-0.8682790995639749,0.13511683305923083,0.06457217745865196
1785119672464832031,2.573954,0.3811433378507798,-0.33467202718609573,-0.0016895751058724194,-0.9159154472708775,0.32938412734976547,-0.25620749613228366,-0.10432770754267723,-0.853652344432212,0.13917717030927895,0.06226310283866543
1785119672498174316,2.554804,0.39169267472538,-0.3402022390006895,-0.0005283203647352347,-0.9011965469056271,0.34469883707212545,-0.2622624979845679,-0.10517857719590597,-0.8392794229510366,0.1386892218662667,0.06191712395459048
1785119672531516357,2.54447,0.4042176619658818,-0.345922961584848,-0.00026021454195425224,-0.8879546564754233,0.35600624665586744,-0.26046768772997947,-0.10488850361350993,-0.8268529226571335,0.1434364781701164,0.061101733818289754
1785119672564858154,2.622346,0.4170485671805012,-0.35178694610031885,-0.000562354016919096,-0.8750139569963509,0.3682383316742312,-0.27016932848948244,-0.10171333325040133,-0.8117614693343229,0.1388358570202187,0.06325248766202796
1785119672598199951,2.61296,0.43077668642440536,-0.3591857516215277,-0.0016735384710404218,-0.8614589620877411,0.38542103449674514,-0.2797244172360129,-0.103870117567988,-0.798938293900597,0.13716916418506142,0.06252066818714408
1785119672631541748,2.559466,0.44250709551533524,-0.36687373406687934,-0.003328714215681767,-0.8460217791829726,0.4091812713337239,-0.29781043168604776,-0.10193233367188684,-0.7836529153968567,0.12491206532194539,0.06236886378611595
1785119672664883301,2.590844,0.45260589410343466,-0.3749901737444596,-0.003984939292923384,-0.8338384859109477,0.42491415355223433,-0.3413337974922075,-0.11091492779220367,-0.7607352757375906,0.115471237101039,0.07310321017335708
1785119672698225098,2.640348,0.4634838983810653,-0.38474765183558723,-0.004475945045042548,-0.8195196192183455,0.44147623216099086,-0.33794313963761974,-0.10281562011842453,-0.7530670042492772,0.11111116698191158,0.06645261496906829
1785119672731570068,2.647725,0.4718333271448594,-0.3918728154760424,-0.006296656864877016,-0.800437826600078,0.4459131815770146,-0.33324132316514143,-0.09612405838356693,-0.7374712431753478,0.1103560958917152,0.06296658342473017
1785119672764914795,2.627917,0.47782631439707085,-0.39889231176360845,-0.0029789279049146316,-0.7797452333985803,0.45004816309401363,-0.3374995469477325,-0.09212973856727157,-0.7158468376027776,0.11175224518240523,0.0638983957958027
1785119672798259277,0.650602,0.4881852422206712,-0.4090886092512348,-0.0006777528643841075,-0.7512073783901497,0.46598130123958614,-0.3428966994514554,-0.08919390687519517,-0.6949120386146995,0.11273638915141493,0.056295339775450204
1785119672831603760,0.543338,0.4965618030694814,-0.4181674105656148,-0.00011366453376965117,-0.7244371788322513,0.47831132219159916,-0.3543696151226468,-0.08502930569280089,-0.6674969861921984,0.10776782854407937,0.0569401926400529
1785119672898292236,0.5825,0.5153922147486104,-0.437736641611989,-0.0022227108941213045,-0.6590328581309526,0.5058129643804585,-0.3607192720289953,-0.0850515601051515,-0.6082810945412662,0.11350795353948885,0.05075176358968636
1785119672931636475,1.020743,0.5233236478792613,-0.44464695676457766,-0.003961649515380344,-0.6279072108005893,0.5215179071560371,-0.3906505295369288,-0.06371346140265716,-0.5740430800683063,0.08055528459836017,0.05386413073228302
1785119672964980469,0.502457,0.5328169702324074,-0.4509482604110542,-0.003912471039339731,-0.5930082196517509,0.5295430975378611,-0.3872527484811241,-0.05401751183952327,-0.5456426364395649,0.08110703789452561,0.04736558321218598
1785119672998324219,2.914754,0.5373671581831583,-0.45787053656654986,-0.0040930098401940705,-0.5580819211688008,0.5369498034651522,-0.3846772076320009,-0.056345479364144996,-0.510763382119542,0.08993196404412138,0.047318539049258874
1785119673031667969,2.884195,0.542569334717159,-0.4632236116162054,-0.004382668946996154,-0.5168251356397012,0.545390384119321,-0.3878365770930377,-0.05620747273586763,-0.4704722869237218,0.09152580828204547,0.046352848715979444
1785119673065011719,2.422813,0.5465140543218838,-0.4659608814026909,-0.004429361173155019,-0.47847270681879206,0.547414798296152,-0.39928641977979645,-0.06213450968372837,-0.42113852145511727,0.08818264759598302,0.0573341853636748
1785119673098355225,2.834991,0.5503548614988587,-0.468253180621298,-0.004764048608129696,-0.43234928333008876,0.5534578766950754,-0.3942415552866793,-0.06093239708738794,-0.38203451330586213,0.09296360986357681,0.05031477002422663
1785119673131698486,0.738958,0.5547145732490962,-0.4699623424884096,-0.005783868023582883,-0.38238039855119527,0.5528234246646501,-0.40485174930640205,-0.06179420569150734,-0.3317909794503018,0.08590764641844323,0.050589419100893485
1785119673165041748,0.528964,0.5598875180444206,-0.47013659581681644,-0.007506903148174842,-0.33447201304693747,0.5643722591518694,-0.4013896949186363,-0.05840998327331468,-0.2871132670861491,0.08565846631904782,0.04735874596078837
1785119673198385010,0.581231,0.5642770844485538,-0.47027149232292975,-0.009460326801652715,-0.29298411299028493,0.5751940423296334,-0.3545382188166262,-0.046513983336171655,-0.25623823821159597,0.12200960629573485,0.03674587477868896
1785119673231728027,0.385787,0.568247749060458,-0.47051130299567673,-0.011285501453835535,-0.24265447463051643,0.6098008713653066,-0.3000021947368562,-0.042004326065910785,-0.2288011204806028,0.17816751712376563,0.013853354149913621
1785119673265071045,2.083932,0.5727487566304611,-0.4702488818852925,-0.01318433302049474,-0.2012982382481319,0.6016173437557172,-0.2999254229316498,-0.04223575434239384,-0.18257798378552473,0.17517836930786918,0.018720254462607167
1785119673298413818,2.935498,0.5781442124909992,-0.4692399633110992,-0.011935882925354389,-0.15680358881816975,0.5952638895721273,-0.3193339965718826,-0.031634407050551365,-0.12418184786191407,0.15216081644133017,0.03262174095625568
1785119673331756348,2.728004,0.5806956694338558,-0.4703035928554784,-0.00848562229086932,-0.11342439624113546,0.5983479111265603,-0.31520174286810887,-0.026630878811374617,-0.08198639635818508,0.15715417856511826,0.031437999882950374
1785119673365099121,2.911521,0.5831087320692278,-0.4702958471990933,-0.006183977231501384,-0.07338495038757994,0.5992070375617589,-0.31825382697439597,-0.033508257129699744,-0.03936803010974924,0.1553143509972379,0.0340169202778307
1785119673398441406,3.062602,0.5879593965733668,-0.46915732831147866,-0.004331909401113369,-0.036106953515137596,0.5869373165136352,-0.33170164935643015,-0.01833487638803512,0.002207301564987923,0.13817087757222463,0.03831425508012552
1785119673431783691,0.338277,0.5942908094740356,-0.46706203361263404,-0.003955789682763504,-0.0008241780611141631,0.5919792148834827,-0.3298070704358181,-0.01156144046202277,0.0346765025073976,0.13748496030474106,0.035500680568511765
1785119673465125977,0.468053,0.5998178993286291,-0.4660126952294528,-0.0045028816487112655,0.024916696710276205,0.5952166378954927,-0.32949185048317225,-0.004068800288982799,0.061946466245463815,0.13659905227943922,0.03702976953518761
1785119673498468018,1.079201,0.6054300060252059,-0.4644029896006343,-0.005149233209936871,0.04306089600221461,0.6059277943594537,-0.3394836072741503,0.003786848195259018,0.08547840177466562,0.1252395840975859,0.04241750577245101
1785119673531810059,2.732001,0.6105961541185618,-0.46384683582776576,-0.008220678726741332,0.054070528814628725,0.6060486582920014,-0.33591959059979853,0.012988834481165168,0.09491056123899366,0.1297532398070484,0.04084003242436493
1785119673565151855,0.27757,0.61647870210105,-0.4624046829096942,-0.009739304204953161,0.06157821035947311,0.6084006847337946,-0.3339954860541279,0.0122660054016761,0.1022830403277005,0.13053126005888738,0.040704829968227385
1785119673598493652,0.228544,0.6221187363181031,-0.4612704689191363,-0.010193362486670486,0.06894753757522924,0.615822800420311,-0.3313501575283584,0.008934820739409167,0.10896864095282201,0.13147172134811455,0.04002110337759277
1785119673631835205,3.169066,0.6264038684197363,-0.4606729978608187,-0.009624893484284823,0.07487834059891711,0.6217509855979372,-0.3337084879582024,0.011025697063168078,0.11784795950016724,0.1287170656258272,0.04296961890125013
1785119673665176758,3.158721,0.6320223072197075,-0.4611239848431086,-0.008933112798293182,0.08164440842726776,0.6253844879191663,-0.33732782869157246,0.02191300475877001,0.12492876404352347,0.12775379403879292,0.04328435561625571
1785119673698518555,3.157441,0.6379524523571141,-0.46204009584781064,-0.00911099669801116,0.08708016381822573,0.6325851441472083,-0.33642415169874507,0.02639187910017801,0.13070994857787271,0.13064695791262393,0.04362978475964699
1785119673731863281,3.124997,0.643728183601729,-0.4625430510113262,-0.010037154600497448,0.09431435840114215,0.635818362950395,-0.33988887251219113,0.017056442057496908,0.13862571725455383,0.125859746328602,0.044311358853411684
1785119673765208008,0.263427,0.6501567801327698,-0.4614354424140743,-0.009149460783865084,0.09807192264534706,0.6436503537361815,-0.33809401730948846,0.019221649079488135,0.1417007732428842,0.1267294780473858,0.04362885059753713
1785119673798552490,0.15521,0.6562921682373968,-0.4592683228697443,-0.010164312899599424,0.10010610493082063,0.6477773956291768,-0.33350233066960516,0.023191505733854915,0.14258314132113512,0.13039247211155652,0.04247703639031448
1785119673831896729,3.233404,0.6607538262919016,-0.4572163489290097,-0.01137803877525577,0.10227378073851576,0.6547158777246919,-0.3308360539185001,0.026571184411401216,0.14535309323699547,0.13209307071271534,0.04307931249847971
1785119673865240967,3.160655,0.6657825706998753,-0.45401438794204596,-0.0144979889756021,0.10485651795183923,0.6642923000829877,-0.32882515371478604,0.02330677215323707,0.1491702784361709,0.13078136425702208,0.044313760484331666
1785119673898585205,3.245024,0.6715964412453252,-0.45191851006957023,-0.016058633540385964,0.10922572281575457,0.6696206057800803,-0.3249370282851616,0.021464554223487677,0.15331514935554422,0.13242428123993252,0.044089426539789645
1785119673931929199,3.134839,0.6775325143137932,-0.4498566501341294,-0.016831477406457403,0.11620213639555695,0.6735990463475469,-0.3189787164546607,0.022412711052432293,0.15876002652598528,0.13669166771330923,0.04255789013042834
1785119673965272949,0.161579,0.6823629550283578,-0.4476514696806564,-0.01634900743563297,0.1258489553903313,0.679261050243788,-0.31672123114588424,0.0220465300353737,0.16891841264216514,0.13647917963466935,0.04306945725183383
1785119673998616943,0.155893,0.6869582037575319,-0.44499589510655824,-0.01609663081897213,0.1412472671017452,0.6819015782566449,-0.30924049554719896,0.027685992086379847,0.1810361647987387,0.1427305714955621,0.03978889769699351
1785119674031960449,0.366226,0.6896325117090217,-0.44285604186097344,-0.016614533435311954,0.15789294761048214,0.6823115746130032,-0.3052733569439299,0.029421837242646274,0.1971358379241538,0.14526506370819076,0.039242890313671654
1785119674065303955,0.068727,0.6919355420149867,-0.44071945474774615,-0.017370163288276234,0.17828445834984077,0.6835178108642149,-0.3022720420421608,0.03169385998637741,0.21722569531878144,0.14712519384012077,0.03894123696894067
1785119674098647461,0.000129,0.6927602902390194,-0.4384505918560787,-0.017481758908396695,0.20233641272834982,0.6832335342623055,-0.28968068475695546,0.027930308754548046,0.23802536156663004,0.1558380576981935,0.03568894883828022
1785119674131990723,0.059767,0.6924278838391916,-0.43647066960419434,-0.017714874450610013,0.22808512694460273,0.6781991376305767,-0.28098861606287917,0.027421998216517123,0.2615244500071735,0.16252527023900626,0.033439323062570775
1785119674165333984,6.593249,0.691866278342336,-0.43359080476476886,-0.018558968777494942,0.2526471004888958,0.6716944451269934,-0.27822373540347334,0.03774161367253719,0.2899973273593294,0.1664799828249573,0.0373502268704336
1785119674198677002,0.039138,0.6893772127321445,-0.43005972039628837,-0.015941492246333528,0.29275382257479926,0.6645943271179138,-0.27018909474475983,0.04235574206952041,0.3211737695907365,0.17196329810298708,0.028419947015937252
1785119674232020020,0.020885,0.6863746048760174,-0.42827844232342444,-0.01246934541597989,0.32968147525934033,0.6693063874844953,-0.2747694134994027,0.05266259398684422,0.3649810990803766,0.16762611820892276,0.0352996238210363
1785119674265362793,0.04856,0.6834141387874302,-0.42655341341334113,-0.009336447823716612,0.3719358549632345,0.6469909515118694,-0.2556649293868852,0.04387794441080895,0.39002419132261423,0.18265074345608562,0.01808833635937973
1785119674298705566,0.015748,0.6821589009051133,-0.4238623898498198,-0.007732860486620505,0.4135033247407613,0.6314161602875213,-0.24455949969925123,0.03488181402863328,0.4276428171825467,0.19115533637796275,0.014139492441785416
1785119674332048096,0.043573,0.6796772393358316,-0.41873494756090845,-0.007643621363288047,0.4591372053559855,0.6352220564765308,-0.24082617833310782,0.021199992434448915,0.4737572478018485,0.1856333685200958,0.014620042445863013
1785119674365390625,0.027785,0.6749615174428961,-0.41057602494202816,-0.006898273939683815,0.5017557486606653,0.6401526650494062,-0.23035381577908928,0.020524119512277745,0.5149835930811048,0.1855901089583064,0.01322784442043945
1785119674398732910,0.033412,0.6727093383239535,-0.4065543045702829,-0.006191103917988532,0.5396873013206878,0.6252815424860291,-0.2262976422347463,0.015062535113115415,0.5536647473238524,0.18759951307627631,0.013977446003164638
1785119674432075195,0.081734,0.6708713828989845,-0.40333387104907403,-0.005155652784613764,0.581238075785266,0.6136178097546559,-0.21858196452018588,0.01614795424280535,0.5944806704400765,0.19458952252428885,0.01324259465481048
1785119674465417236,0.08499,0.6676392671086379,-0.3978001058926298,-0.005473290524570202,0.6271624750250857,0.6088705790063557,-0.21918211737676702,0.013180287504441075,0.6409563278326205,0.18896057921164572,0.013793852807534757
1785119674498759277,0.073702,0.6627991681732532,-0.3907296971438329,-0.005998652039214423,0.670985979623608,0.5981512314015468,-0.21148231764244024,0.002882429455135344,0.681731713710211,0.19075600225278394,0.010745734086603065
1785119674532101074,0.13465,0.6567141941122231,-0.3836496616170244,-0.007049940981806793,0.7123890827612206,0.5931070856452597,-0.20147274063825432,0.004619068536448103,0.7229076537323575,0.19331440858862592,0.010518570971136952
1785119674565442871,0.058745,0.6509933532606247,-0.37707352431436353,-0.008873941724265066,0.756960946196405,0.5923060530560993,-0.19380600003340415,0.00808147845168146,0.7674728173712538,0.19318041032856054,0.010511871174848864
1785119674598784424,2.880813,0.6469500489530772,-0.3692002566124715,-0.010319915888445032,0.7797090062869194,0.6301240257807,-0.19909510841400718,0.012169831555706712,0.814131151764117,0.1724084256627866,0.034422145477197574
1785119674632125977,3.158662,0.6377370363252816,-0.35798727779758793,-0.0058274730316124415,0.8073342945609977,0.6373212205371132,-0.18769954885900036,0.002720588937754113,0.8372357315501109,0.1705026477602729,0.029901436989113184
1785119674665467285,0.173377,0.6332101592051175,-0.35231702261966175,-0.003650586442333303,0.8170541488484947,0.629789199720045,-0.1803371893110951,-0.009432896411911078,0.8496182286383164,0.17211101399162448,0.032564079789821676
1785119674698808838,0.159217,0.6298287500301908,-0.3467653909598771,-0.00234607229742352,0.8223292823944723,0.6164316560725185,-0.1738677417483513,-0.021437949374197157,0.8551601875322808,0.17446368963110107,0.03283090513780851
1785119674732153564,0.145131,0.6255768100649024,-0.3393478218479795,-0.002164258708417931,0.8261531751157084,0.6058350305022903,-0.16620858017722534,-0.022883719976015505,0.8591802347835761,0.17548854931830185,0.033027059667867675
1785119674765498047,0.175147,0.6174787682929823,-0.3298264490506926,-0.003265901582378646,0.8269108223552992,0.6296542656193177,-0.1534037577884596,-0.003719968757530212,0.8667365019254724,0.17684291024621918,0.039825679570173134
1785119674798842285,0.223515,0.6115209829664989,-0.32038299842675083,-0.005651803330071706,0.8255711873667354,0.6195332377397719,-0.14345031011376586,-0.006637851324937201,0.8659707417001284,0.1771167544611743,0.04039955433339303
1785119674832186523,0.252333,0.6080528699595142,-0.3131522990196319,-0.008010617845687712,0.8265537004024182,0.5537853076535909,-0.13201008431834887,-0.020133595395374442,0.8558038583194685,0.18948466125305022,0.029250157917050323
1785119674865530762,0.144061,0.6022630184821897,-0.30310159224622246,-0.004450087762951555,0.8317592196621995,0.5577667892651001,-0.12761698711475514,-0.020838058380869478,0.8631747350952739,0.18177823476329755,0.031415515433074415
1785119674898874756,0.260373,0.5958178429038476,-0.2981847051549606,-0.002858973725984018,0.8330623513359857,0.5402523241962999,-0.11989135404928015,-0.030735888484860745,0.8624263600761947,0.1888204657716053,0.02936400874020895
1785119674932218750,0.118478,0.5916097832956825,-0.29240866507444496,-0.00231186781072825,0.8336021137360796,0.5318632760730935,-0.11560524892556985,-0.03379464195560013,0.8631259063780051,0.18926240555130913,0.029523792641925502
1785119674965562500,0.225963,0.5830699243640551,-0.2819389712714809,-0.001403130574525447,0.8313952202891671,0.5514876102249603,-0.10116599466835584,-0.026592838115558376,0.8646516276835463,0.1852318358229417,0.033256407394379184
1785119674998906006,0.249757,0.5740240906886465,-0.2729458906114007,0.0005037655208599745,0.831823061536535,0.5398546447683056,-0.09093590542405539,-0.024207191269821845,0.8622660696102432,0.18683098545988483,0.030443008073708255
1785119675032249512,0.32648,0.5654011638876609,-0.2625298329025489,0.0007821413430048644,0.8335173086437628,0.5153732192852639,-0.07998818245156633,-0.028025344567234052,0.8589394556699131,0.19145265899166253,0.025422147026150314
1785119675065593018,0.014581,0.5564288756071378,-0.25189142281792964,0.0011560721781751827,0.8345988731001358,0.511905773533862,-0.06725728171564782,-0.027671000151787195,0.8602051766969142,0.19210172507794282,0.0256063035967784
1785119675098936279,0.348075,0.5453793225077397,-0.2416729301385972,6.732583995840331e-05,0.8346086898406399,0.49104696744730564,-0.05243626013212177,-0.03189815267833787,0.8568492578035398,0.19946005589705526,0.02224056796289997
1785119675132279297,0.275298,0.5349115585427007,-0.23177892045087778,-0.0013810887079820854,0.8291223088415499,0.5147364451584545,-0.040711653200083284,-0.039650022883022586,0.8597630435087,0.1959036680045764,0.030640734667150112
1785119675165622314,0.359877,0.5226098384064625,-0.2182311617938124,-0.0019507826201962813,0.8199441820128894,0.5117125152959691,-0.02823863905890009,-0.015623213128892885,0.8545274824504244,0.19079529790371097,0.03458330043753499
1785119675198965332,0.411078,0.5127487360612107,-0.20911746839113465,0.0011905098867049729,0.8176575525313539,0.48262995529333713,-0.013835752771004295,-0.018236344133261927,0.851111589255806,0.19854342615054724,0.03345403672445213
1785119675232308105,0.382641,0.5024245412157893,-0.19721279019506957,0.0035350385424961226,0.8165765164022968,0.45513787920312315,0.002911968841162097,-0.02701296757659164,0.8479924891274203,0.20789210726110247,0.03141597272512353
1785119675265650879,3.635083,0.4929996500011992,-0.1864739857340129,0.004899593995360568,0.8167243408249922,0.455715568607026,0.014953478726861596,-0.019764157536608918,0.8525774788783939,0.20632844400172973,0.03585313805340162
1785119675298993408,3.092206,0.4797778281585392,-0.16941446300268828,0.005781059615708109,0.8188020796625872,0.43163816160387264,0.02886217195116281,-0.021450761542501515,0.8544046059107259,0.20584611618442045,0.03560252624813864
1785119675332335693,0.401265,0.47406035643719513,-0.158956433825046,0.0055304814832195445,0.8211148323304021,0.4226420921164384,0.04472222114590567,-0.022474918163569012,0.8595151539112285,0.21192719222863196,0.0384003215808264
1785119675365678223,0.391896,0.4588583509509516,-0.14449399402074511,0.001779367998611459,0.8241661789091593,0.4391329924508154,0.06079888861088533,-0.0062336674887551406,0.8689809340750457,0.20639395864434862,0.0448147551658864
1785119675399020264,0.417325,0.45365484672093803,-0.13665088951650187,0.001367340984114072,0.8332922366662953,0.33753462081170277,0.08927380259626655,-0.09472686601457478,0.856703237151975,0.2715878678994478,0.02341100048567979
1785119675432362305,0.479947,0.4475636228119951,-0.12589436698387718,0.004961830126905998,0.8364389412558956,0.3351281025031845,0.09464173283943061,-0.10218558303208418,0.8585176357715553,0.2697378091759705,0.02207869451565969
1785119675465704346,0.384975,0.4407104968997526,-0.1156478586852109,0.005558254687430859,0.8347438314042939,0.32461767162584076,0.10538107333785232,-0.10077309302766814,0.8519456691148963,0.27136265103776575,0.01720183771060246
1785119675499046143,0.452836,0.436515493825629,-0.1078104000433328,0.0037574591062772334,0.8346220775407897,0.3322661769020463,0.11795620370440607,-0.0979600970255672,0.8493665402610888,0.2686725528822344,0.014744462720299167
1785119675532387939,0.391236,0.43139011579101805,-0.10265898322480965,0.005195460194333141,0.8321843200424256,0.33284466945992897,0.1267527986419196,-0.08534440556675674,0.8479704634645023,0.26559073391949783,0.015786143422076737
1785119675565729492,0.428097,0.4297418651317907,-0.0978755063886165,0.0065471975843399005,0.8309163806713644,0.3246946107121574,0.13410411025593413,-0.08881614428941448,0.8455568840302747,0.2719257898269055,0.014640503358910317
1785119675599071045,0.567002,0.42803060200210036,-0.09339871365384751,0.006992356704933821,0.8317692452891818,0.32241253526042396,0.14008491628807193,-0.08995029391583405,0.8460102857750555,0.27398477874233207,0.014241040485873713
1785119675632412354,2.784308,0.4265307861835977,-0.08994782777844686,0.008088162763282258,0.8334410978425495,0.3210622262804523,0.1426233364418316,-0.08944012515906101,0.8480000555422351,0.27335824571408596,0.014558957699685626
1785119675665753662,2.749599,0.4257032820732882,-0.08820386323918578,0.008249031564113395,0.8345806168411319,0.32132423958500256,0.14370167168569814,-0.08649374922801674,0.8498850242841386,0.27138783346309675,0.015304407443006651
1785119675699094971,2.721564,0.4255596086107051,-0.08766415769315382,0.007738570198654893,0.8373081956348508,0.31205576513128325,0.14650768030749436,-0.08913613680607692,0.8504097640591749,0.2776765763517973,0.013101568424324084
1785119675732439453,2.755206,0.4258234342162696,-0.08807025603407229,0.0067298808745431885,0.8413022064747399,0.3202909617961238,0.14501463494297145,-0.0843447503366802,0.8565323052257163,0.2715883973721071,0.015230098750976473
1785119675765783691,2.753568,0.4261565674998018,-0.0889498747792456,0.005682040698137803,0.8459787984794297,0.3217534979661149,0.14370446591710195,-0.07605323186202458,0.86281975159743,0.26778479783847337,0.016840953118000268
1785119675799127930,2.679211,0.42644540367142597,-0.0902374025816338,0.0038543825105354854,0.8523671801166299,0.31442875246541746,0.14032185423070515,-0.0780402309309501,0.8697797294086168,0.2690948322803635,0.01741254929198688
1785119675832471924,2.750535,0.4259022399104438,-0.09079978716543638,0.0031558592123469074,0.8579920807527814,0.3146183349219618,0.13814046573546077,-0.08701664498106144,0.8760473504196672,0.27005337883522673,0.018055269666885754
1785119675865815918,2.69955,0.42507646504895363,-0.09170436950245166,0.0035149302596113458,0.860606172705121,0.31764319428209514,0.13646991471051614,-0.09156403687921814,0.8800355552890293,0.2695281462778089,0.01942938258390836
1785119675899159668,1.801751,0.4242478112059705,-0.09199219331654575,0.002726366916111807,0.862600122501128,0.3022841046200528,0.13869820563043514,-0.09216354603481944,0.8796171873030675,0.2776640082371648,0.01701706480193943
1785119675932503418,2.647182,0.4230802278968146,-0.09171697163732087,0.001896362526375228,0.8656612217032679,0.30116002028143596,0.14044346676958713,-0.09780988325620395,0.8815653781663335,0.28054294080286685,0.015904156463065644
1785119675965846924,2.662488,0.42232882179690956,-0.0915238666100357,0.0017893931372631854,0.8674727824794466,0.3140661766892679,0.13658126643573176,-0.09372203723674802,0.8871316875911188,0.2699540430881153,0.01965890511167223
1785119675999190430,2.626773,0.4217951925175985,-0.09125483327590524,0.0017328169727607026,0.8690886609375262,0.303091652858205,0.13794393649863268,-0.09490454130596847,0.8867444629936367,0.2756109312217538,0.017655802056110503
1785119676032533691,2.671173,0.42159391885555975,-0.09114746796547608,0.0016973898792529735,0.8700580852029197,0.30959236939195994,0.13553150022414603,-0.09290617368172477,0.8896041116969368,0.26995839668399807,0.019546026494017044
1785119676065876953,2.618535,0.42159833638840044,-0.09124269931481964,0.0014092792470280532,0.8707862238645735,0.3033702059379183,0.13796387964230528,-0.09231369144108285,0.8886739916893688,0.27440397573950975,0.017887767824795286
1785119676099220215,0.854217,0.42169328422513747,-0.09139181543071728,0.0010636981781465282,0.8713935322517086,0.31490149016810853,0.1357622218621214,-0.09623199348193189,0.8917334360611057,0.2692023319957839,0.020339903809397097
1785119676132562988,0.689166,0.4217771698711885,-0.09162465057985042,0.0007722660438403788,0.8715270506817011,0.3017196859284528,0.13765416901193062,-0.0949813466457885,0.8890722610038357,0.27595530599569235,0.017545210322134634
1785119676165906006,1.424951,0.42183099618298187,-0.0919225319341649,0.0005500249741732526,0.8722921711472092,0.3084571943691983,0.1371487272888601,-0.0921038560210137,0.8913677179607146,0.27186761926202924,0.019075546813505317
1785119676199248779,0.737202,0.42184914198131856,-0.09220074206714188,0.00040970101036263545,0.8733199763257751,0.3035161506929871,0.13705692114019233,-0.09572457827756856,0.8911747597899994,0.275324486053714,0.01785478346422431
1785119676232591309,0.791492,0.42174683120133616,-0.0924302709902537,0.00039871631933638527,0.8740637199702347,0.3090496382673583,0.13525130190226722,-0.09465081766725922,0.8933758550464574,0.2712452208631141,0.01931213507622276
1785119676265933838,0.655284,0.42158876533087225,-0.09257801706030357,0.0003596305607233114,0.8748946449999726,0.3128101088816732,0.13439041364041587,-0.09614640831427788,0.8949874260949575,0.2695568217889939,0.020092781094984913
1785119676299276123,0.81018,0.4214110268379066,-0.09268723161135031,0.0007608733408370702,0.8751998702951482,0.31147672900099327,0.13482226247951087,-0.09641136370337573,0.8950307550085939,0.2707186055566766,0.01983088471344563
1785119676332618408,0.751214,0.4212682097379648,-0.09280124296914213,0.0012108430250524955,0.875371715200935,0.3037132300593781,0.1363549411368739,-0.09180414291512495,0.8936290374703183,0.2738311844379939,0.018257322269383258
1785119676365960449,0.7981,0.42117029935311173,-0.09289182245551308,0.0013228956140633639,0.8758590840998123,0.31233604784822644,0.13374984428538983,-0.09236836613693825,0.8960304655425148,0.26830838960460746,0.020171381442702474
1785119676399302490,0.86406,0.4211368516497891,-0.09296122882627825,0.0008388682854179139,0.8758252471304493,0.30272425058583174,0.1346993587778443,-0.09292279497251626,0.8940202228636679,0.27320713156116644,0.0181949757332186
1785119676432644287,0.817242,0.4211087948975315,-0.09307153820533132,0.0005867599495847624,0.8760798086786014,0.29559518976897364,0.13803596373285587,-0.09076158669563751,0.8925549426145634,0.27840413603122427,0.016475133935962005
1785119676465986084,2.486135,0.42111306351947314,-0.09320163724504868,0.0007452711855776252,0.8764937806368209,0.3049268264561933,0.13472794892093026,-0.09415436499621978,0.8951737694478352,0.2728682445433264,0.018679988811014292
1785119676499327881,2.426618,0.4210498867611516,-0.09327410673150985,0.0005435785072847359,0.8764735350581182,0.31330577312746655,0.13306008728828408,-0.09578723634808742,0.8969026660981082,0.2685434551352875,0.020429131039990004
1785119676532669434,2.504435,0.42095780680145223,-0.09337765613287397,0.0007164071694730063,0.876982405861372,0.30401752426592116,0.13592870998437795,-0.09220225969832146,0.8953736861337257,0.2736609542369484,0.018391280272353705
1785119676566010742,2.393909,0.4208862373361452,-0.09343005919813525,0.0011265513631992705,0.8770313986500393,0.30876863543661587,0.1336122038118145,-0.0943578997699681,0.8966291823608773,0.27062118589752493,0.019597783710837983
1785119676599352051,2.495335,0.42073699515636176,-0.09352210208140573,0.0013065104915674476,0.876964311199766,0.29920946544005794,0.13583238599100625,-0.0927861643901531,0.8944621627465708,0.2760902988956737,0.01749785154680472
1785119676632693115,2.440605,0.42063836569427515,-0.09354386105958784,0.0013725256103411664,0.8772759312730725,0.2980296540901805,0.1360136539897384,-0.09465695228776778,0.894520038924405,0.27740081020469476,0.017244107651332552
1785119676666034180,2.434033,0.4205900549979537,-0.09357766924748144,0.0014019860582089685,0.877227624528267,0.3035566592405737,0.1338865977211455,-0.09820261908739791,0.8958691882111691,0.2745139082747732,0.01864156368290215
1785119676699375244,2.761726,0.42058847198602994,-0.09358853410229806,0.0014281695422364185,0.8773233574492362,0.31318609463073066,0.13250378973955693,-0.0952215359070944,0.8980112773075637,0.26831730306713863,0.020687919858327523
1785119676732719482,2.429639,0.42062394886786936,-0.09355411053652324,0.0013850913074247974,0.8773508177884451,0.29720813895463666,0.13461181383526183,-0.09754742577329897,0.8946343258751941,0.27763067935100044,0.017283508086748944
1785119676766063721,0.348275,0.4206414040366901,-0.09351067126198452,0.0009576090494640097,0.8770729190496463,0.3013752296074339,0.13586920969871247,-0.10038659230760065,0.8949028405862716,0.27768722927285394,0.017829921536625215
1785119676799407715,0.941056,0.4206387913823679,-0.09350671942636218,0.0010754729674048056,0.8773802948868202,0.29725781594574463,0.13504975222369411,-0.09525226685663776,0.8946132037155781,0.2770197814099637,0.01723290882875783
1785119676832751709,1.030665,0.4206551606305338,-0.09347778767761285,0.0013156853376445994,0.8776615244697821,0.2957221260814913,0.13512410286746537,-0.10145446972263161,0.8945437210087595,0.2800514100188203,0.01688219653897738
1785119676866095459,0.894725,0.42060919793905566,-0.09354765381475617,0.0013926796641191453,0.8774790492323102,0.30191477497903013,0.13379203679959847,-0.0934864381086873,0.8958242904108995,0.27344788892911576,0.018345241178589267
1785119676899438965,1.058471,0.4205633669215169,-0.09356587300141615,0.0014349280012242215,0.877752055820741,0.3079880242640406,0.1321519755859659,-0.09464881898885227,0.8975713822251198,0.2699145075408463,0.01981932640437878
1785119676932782471,2.320922,0.42055269018210034,-0.0935965848359959,0.0014552242855552576,0.8778368841940614,0.29972468831846144,0.13262892525071432,-0.09729281607923519,0.896024899818074,0.2748246039281018,0.01818801562401262
1785119676966125977,2.315247,0.42052429208506403,-0.09365385764663538,0.0014648148733345332,0.8779181897728006,0.31044642795609984,0.13123137200408522,-0.09396071555779248,0.8984308445369024,0.2679487535785789,0.0205126547641018
1785119676999469238,2.276201,0.42052786127794556,-0.09366666488984675,0.001471414139692488,0.878260292165781,0.3043655885400781,0.13361137227126896,-0.09905201134274425,0.8969491217931435,0.2743245137681997,0.018688829627362402
1785119677032812256,2.246934,0.4205068600812422,-0.09367426703135075,0.0014775141529194038,0.878159415963913,0.29930759709363125,0.13477651159560378,-0.0972843688405936,0.8958599367762773,0.276826532573065,0.01770052081236428
1785119677066155273,2.315181,0.4204944932941189,-0.09366744917562231,0.0014723097506862126,0.8784418584726918,0.29761942252988666,0.13393613040845803,-0.09741615196285106,0.8960009836299024,0.27691262216603924,0.017559125157210587
1785119677099498291,2.24896,0.42048682240870416,-0.0936306173128985,0.0014863067450782837,0.8786794842431112,0.3069546711215282,0.13260453875317557,-0.09731442619648618,0.8982340093832152,0.27172316803306534,0.01955452514010403
1785119677132841064,2.236627,0.4204969004612206,-0.09363437897716581,0.0014959364163010915,0.8786114002930727,0.3090242985850656,0.13204893794759628,-0.09665653292502893,0.8986145224744877,0.27017218166384765,0.02000312218141498
1785119677166183838,2.172795,0.4204940745757677,-0.09362420927759563,0.0014904232063456578,0.8789830003726729,0.2972299116335597,0.13575723793647124,-0.09538691050624779,0.8959167489482889,0.27784009786048547,0.016933748575616026
1785119677199526367,2.205053,0.4205207878782068,-0.09360313672540399,0.0014855871534701507,0.8790219285186148,0.30074852293116566,0.13405021702469855,-0.09624289166621611,0.8969261482764879,0.27517685312653645,0.01790421975787304
1785119677232868652,2.191062,0.42052192437183705,-0.09366644882798972,0.0014926871461913168,0.8790064308176143,0.30871069804721,0.13108723020649032,-0.09493779720899584,0.8990667725531803,0.2689141217651595,0.020060341735566034
1785119677266210938,2.1878,0.42053713852528246,-0.09370778903270162,0.0011189819326861451,0.8794222925894211,0.3058072403828774,0.13330039592177886,-0.09519527238196708,0.8981459708442576,0.27197812623128714,0.01872367825483656
1785119677299553223,1.270623,0.42055180728599767,-0.09377454454641965,0.0012595706129226465,0.8794694240335439,0.30905785449403517,0.13255672552423642,-0.09536502508818805,0.8992399679565686,0.2701722743276514,0.019770543923024686
1785119677332895264,1.094588,0.420490849162948,-0.09380156763997324,0.0013993934785982154,0.8796909119554197,0.2979159196411507,0.13333019569749807,-0.09315843419026433,0.8974098727989192,0.2748720321122485,0.017718960843499443
1785119677366237061,1.216333,0.42044390121792147,-0.09376961709886313,0.001453895773988267,0.8797605206916611,0.3147766403805726,0.1307340899157891,-0.09607139776199915,0.901187888811439,0.26660582768474816,0.021427368119777856
1785119677399578857,1.15354,0.42039183586969775,-0.09376863380427362,0.0014719151756345606,0.8794614235667398,0.3036326037919875,0.13342903812952714,-0.09521742822466124,0.8983765149384515,0.27313060893040875,0.01891509137171166
1785119677432920654,1.258357,0.4203631447948126,-0.09375794391070112,0.0014944763647170899,0.8796825656801057,0.2970115674529983,0.13496683959423905,-0.09575315083039367,0.8968427805569712,0.27746664523357506,0.017160214876865476
1785119677466262207,1.188168,0.4203574567775663,-0.09368751643006702,0.0014992278911194349,0.8798225003561706,0.303859693747527,0.1325707555205368,-0.09496669924549672,0.8986743029174763,0.27215842723568845,0.018851802561305697
1785119677499603760,2.031768,0.420380074360639,-0.09368237360416626,0.0015076082967460608,0.8796186211722391,0.3005477889264269,0.13218449314975925,-0.09471269828441695,0.8979989659684867,0.27319217691616837,0.018380344796247616
1785119677532945068,2.05714,0.42037527412054565,-0.09365883373295049,0.0015046405565265,0.8798457880320109,0.3059832825823916,0.13265668911487583,-0.09125388719219625,0.8989195882107204,0.270015533034788,0.01907380017870952
1785119677566286133,2.015521,0.4203703071230086,-0.09365548526099186,0.0015112275004377394,0.8797621003040662,0.30917054675945677,0.13226329792652497,-0.09423539817153714,0.8998082816845467,0.2693920927373498,0.020046181380480532
1785119677599627197,2.093112,0.4203540365869216,-0.09369180359239367,0.0014968218402090778,0.8798029510967086,0.3031641795866856,0.13168291637167895,-0.09428486313195342,0.8986951283800929,0.27147994061942493,0.018892177283384326
1785119677632968262,2.058408,0.42033698163187067,-0.09364721736363502,0.0015090238890455182,0.8802906064294655,0.3022676397879466,0.1330912513659987,-0.09538820351230574,0.8984889572403362,0.27338576291274874,0.018198350810870623
1785119677666309082,1.979125,0.42034587607243673,-0.09367935482884014,0.0015121799357935475,0.8800532975998705,0.29959415348148394,0.13242583940906183,-0.09776255078705902,0.8978615037505037,0.2748818101114308,0.017808206150633166
1785119677699649902,1.960878,0.4203364545505115,-0.09371946142774945,0.0015003143533867487,0.8802518310983392,0.29688629310982206,0.1345843060145341,-0.09722418016217495,0.8973338519222744,0.27768521459635864,0.017082020823935284
1785119677732995361,2.001649,0.4203387370909581,-0.09374664992532235,0.0014794031944483819,0.8805603132069264,0.3038248223363508,0.13110998309417152,-0.09401957225650663,0.8996178591322257,0.270658552527884,0.01905754592529929
1785119677766340576,2.00118,0.42035138416251855,-0.09380110187153874,0.001486318415450918,0.8806247270245581,0.3142355151272916,0.13079169020949016,-0.09576558131507154,0.901826481783133,0.26675912714853695,0.021201754758574887
1785119677799685547,1.968291,0.42032172384169136,-0.093834616396844,0.0014910048525922424,0.8810686936615056,0.29814568825194004,0.13188828565538294,-0.09749911160747438,0.8988259513293775,0.27509426627991534,0.01775725766787184
1785119677833030762,1.941596,0.4202918423546533,-0.09385713421094315,0.0014840436304360681,0.8810481596576872,0.30134954435051114,0.13187345379749393,-0.09486188588659848,0.8995319988676522,0.2727344986459218,0.018483839209964992
1785119677866375488,1.308745,0.4202794407819321,-0.09386765725104582,0.0014846358598522079,0.8810794098072611,0.29814172575307657,0.13349580802502548,-0.09693353153928069,0.8986421317931117,0.2762207494903613,0.017562721985850627
1785119677899720459,1.90968,0.42023275220044,-0.09382197891518186,0.0014908831582950888,0.8815305246002071,0.29672011758762845,0.13256143368558637,-0.09342397018137318,0.8989651476630164,0.27479747050192854,0.017434623062809296
1785119677933065186,1.417432,0.4202409275503914,-0.09378031263632937,0.001496838275443509,0.8814434907327345,0.31245025650474306,0.12929361179640023,-0.09573644325927502,0.9024049540473994,0.26614867191909897,0.020961463314664863
1785119677966409668,0.55004,0.4202371175223297,-0.09379703328833827,0.0014924836922610286,0.8813976802378579,0.29771029613949446,0.13440169564676477,-0.09541603839520021,0.89877541098781,0.2765479045282278,0.01737773074995208
1785119677999754150,1.46435,0.42022720321326856,-0.09375024187023434,0.0015001032373775083,0.8816403730159026,0.31129582821035073,0.13144618169115024,-0.09579677189405296,0.902011157677202,0.2684141493200498,0.02037078466129938
1785119678033098633,1.459081,0.4202335442206036,-0.09375865834920816,0.0015036506723133264,0.8815475510468769,0.3065659500411367,0.13064901926035802,-0.09842491196124854,0.9011522140478687,0.2706747963270254,0.01960466300099184
1785119678066442871,1.173901,0.4202173902323365,-0.09376506823646998,0.0015166072967803164,0.8817657716921194,0.3086549751234263,0.13092396731449177,-0.09450844672016001,0.9015234944732599,0.2686115153166566,0.019757722781140408
1785119678099787109,1.545565,0.4201764848246959,-0.09375138629898984,0.0015278381577462884,0.8817999945921998,0.31042016547624024,0.13007125464936845,-0.09653925490781301,0.902172531707635,0.2678809044712724,0.020372537115435185
1785119678133131104,1.842875,0.42017052188143583,-0.09374450758553259,0.0015196128788865356,0.8816709678529662,0.30615129291721294,0.13055933460975613,-0.09579863988597602,0.9012159453427055,0.2697840627582929,0.01954497748973938
1785119678166475098,1.821454,0.42012204295508077,-0.0937395931856702,0.0015195835352937392,0.8820737740081,0.30845277703685514,0.13025832806577062,-0.09542192140990598,0.901963911213877,0.26840780364348993,0.019890137205776925
1785119678199818848,1.776673,0.42010999231067586,-0.09378021688334118,0.00152402323906304,0.8819591157743812,0.30711963249701685,0.12996817168558217,-0.09292752253058247,0.9016750895934295,0.26786425162063987,0.019715973819048216
1785119678233162598,2.985736,0.4200599694038656,-0.0938736320354058,0.0015209896669406624,0.8820322613872003,0.3028240459778751,0.13171401409590727,-0.09642162932661796,0.9006864534362284,0.27244596609957106,0.018654192049028184
1785119678266506104,1.785107,0.42002768171740756,-0.0939267859852894,0.0015298873771993388,0.8823030887070454,0.29994736185069115,0.1321389464476513,-0.09483518411107793,0.9003117704703008,0.2735164082878313,0.01800868176325532
1785119678299849609,1.741764,0.4199925336377023,-0.09399279319444355,0.0015261677992443907,0.8822071946020023,0.3038310795831045,0.1326124417923183,-0.09582064247548695,0.9008023809159665,0.27261661248381125,0.018595186313964285
1785119678333193115,1.806899,0.41993652741503773,-0.09402286450636732,0.0015372223724486773,0.882580323070833,0.29948367210266247,0.1315722772611219,-0.0930815980225385,0.9005819029736748,0.272680728169294,0.01800157990284179
1785119678366536377,1.733996,0.41992000921574896,-0.0940354819805946,0.001539321945615868,0.8827651191032245,0.3129868417758794,0.13024795636466233,-0.09761184831054001,0.903623830246248,0.2675233028688512,0.02085871114302351
1785119678399879639,1.723082,0.4198821425476079,-0.09408512334267508,0.0015438653309443524,0.88265062125554,0.30075344264565207,0.13144094243808252,-0.09497445122091401,0.9008327991989126,0.2727076070022279,0.018182177943372624
1785119678433222656,1.67069,0.4198431095976319,-0.09411995343059909,0.0015451760827821575,0.8829636338068615,0.2976865721271604,0.1318299274990116,-0.09502057576659406,0.9005094748989981,0.27440938899592204,0.017545841092136638
1785119678466565674,1.723678,0.4198719734272536,-0.09413917917583725,0.0015234008696558103,0.88297716008479,0.3048990044759481,0.1312782386300164,-0.09423909625130926,0.9021098310640802,0.2705591463886954,0.019132670979290167
1785119678499908447,1.601911,0.41985070297326427,-0.09422383010350047,0.001510026410690843,0.8830362410561476,0.29312130158269184,0.13216669893229296,-0.09633672395949394,0.8998055752983244,0.27728505075449794,0.016769334242176748
1785119678533251221,1.710217,0.4198605340438204,-0.09429516171287294,0.0015086565941555418,0.8834883541928871,0.2952173571994354,0.13276807673028568,-0.09482405655693023,0.9005442746458466,0.2763577887616065,0.01705592045295956
1785119678566593750,1.888402,0.41985982259026855,-0.09432891968652474,0.0014907524020649752,0.8836671266150149,0.2968182193988524,0.1314484016187212,-0.09916054298321628,0.9011315591790765,0.2761255478843298,0.017464432564061605
1785119678599936279,1.667317,0.4198587788749789,-0.09443505623344786,0.0014915319681073492,0.8840262912084971,0.2968189797627202,0.13080314537163107,-0.09249044617103276,0.9018380697525596,0.27331968798976225,0.017811778544062577
1785119678633278809,1.582847,0.4198322880696336,-0.09444599238906742,0.001491562724781489,0.8845132115738009,0.2966998409899739,0.13179153275066297,-0.09819303732498011,0.901865496685346,0.2761920288354757,0.017352285111545074
1785119678666621094,1.692624,0.41981073585663814,-0.09451055902733556,0.0014882424166525643,0.8844394933806292,0.3001164284777967,0.1309942535450825,-0.09314630703473505,0.9027293794293175,0.27227714862266555,0.01828988604868831
1785119678699963379,1.868176,0.4197574198657393,-0.09458076117369238,0.0014853759268671175,0.8848071018501242,0.30699192343802295,0.12977549934746366,-0.09427162422457262,0.9044979778654685,0.2687400079958862,0.019690876015344246
1785119678733308594,1.614507,0.41975197968954614,-0.09462752746342949,0.0014974642002948011,0.885049630074735,0.30497531346703344,0.12884136950804265,-0.0963228426723459,0.9046973250523787,0.26959384907571265,0.019647694977643626
1785119678766653564,1.727054,0.4197148218960675,-0.09471627628935884,0.0014914901110764404,0.8850562897406948,0.30797388773288337,0.13025974709616336,-0.09447343868614677,0.9050022931113072,0.26890428599239585,0.019946003370612364
1785119678799998535,1.55326,0.4196358019542346,-0.09480594662260944,0.0014976723467291556,0.8855349589556364,0.2926388991264139,0.13191275848889905,-0.09613982227219386,0.9021711316818057,0.27760162991372783,0.016636172726169348
1785119678833343262,1.5199,0.4196499941803843,-0.09491853678109533,0.0014735780382143728,0.885678722940318,0.2993048056461113,0.1304870799884786,-0.09048074308833992,0.9039181754896838,0.27156261460014564,0.018239452549365764
1785119678866687988,1.505615,0.41959392570480336,-0.0949318728438305,0.0014743518888596396,0.8861975238141495,0.29725256282699564,0.13154183128102362,-0.09799420941277102,0.903863709956476,0.27595605160649705,0.017666186142326512
1785119678900032715,1.527091,0.4195360256635212,-0.09487319712519607,0.001483514810199015,0.8866055296626273,0.2965246076024661,0.13279432674509517,-0.0948093092047693,0.9039007946205889,0.2761097940229556,0.017295264957961635
1785119678933377197,1.512334,0.41950191827787087,-0.09484054276617294,0.0014769894913367776,0.8862612101089835,0.3016774748181933,0.130191450934807,-0.09402495275863006,0.9050617822520173,0.2713717351515014,0.018800572143033767
1785119678966721436,1.507596,0.4194825957343112,-0.09484947671501917,0.00147997561135778,0.8862666105711284,0.2932489340996067,0.13291691621156435,-0.09521153168628343,0.9029789998272121,0.27777997526816384,0.01671238925608365
1785119679000065674,1.408206,0.4195059593092726,-0.09481143390215278,0.0014840953561908884,0.8864490703896191,0.29544734131532985,0.13233573151205752,-0.09365983821878178,0.9036951492244208,0.27575123490275877,0.01724607883480178
1785119679033409912,1.438277,0.41953416014402095,-0.0948547244398937,0.0014847314187613854,0.8864239574103497,0.3046394001187142,0.13072071892014228,-0.0968324380825164,0.9057005886388866,0.2715720021414074,0.019276631228536845
1785119679066753906,1.46001,0.4195462242820185,-0.09485064883558914,0.0014911629990820396,0.8867867883883627,0.3045962614639472,0.1289040425919684,-0.09740903827629857,0.9061666283495585,0.27029780927715313,0.01937983996119586
1785119679100097900,1.461238,0.41952107469046157,-0.09484636760842945,0.0014971096255009973,0.8867044334792864,0.2973760813578467,0.13035532788519558,-0.09823376590142648,0.9045698184104922,0.27492080783890377,0.01786538493120582
1785119679133441650,1.934039,0.41948967238546164,-0.09485264380452801,0.001512517595961169,0.8866153985043557,0.29184155280106205,0.13184860125902959,-0.10014525097067108,0.9030324682804025,0.2793238243629557,0.016417069776046844
1785119679166785400,1.872961,0.4194278744675456,-0.09483839950250592,0.0015145998766654982,0.8868100006521205,0.2972541087769815,0.13046672903656475,-0.09496791049473437,0.9043936593450683,0.2738570882350634,0.017583658692947868
1785119679200129150,1.766346,0.41941511650495694,-0.09481021578639845,0.0015086833402503516,0.8867515987806348,0.299732623231879,0.13028995242503097,-0.10106091115504681,0.9047597170347553,0.2747990295466923,0.01800811825412052
1785119679233472656,1.980876,0.41940714937854245,-0.09480190233491377,0.0015101891457583736,0.8868222485417966,0.3000413218561603,0.12927479223421687,-0.09935654694266088,0.9053195757980464,0.27318979534064114,0.018497327256249863
1785119679266815918,1.356799,0.4194202151706682,-0.09473522669984305,0.001516050902144145,0.8869538877531187,0.3009818186314141,0.12839363342819737,-0.09691661517593256,0.9057537194135494,0.27111460998637893,0.018799831660430755
1785119679300159180,1.341832,0.4194294801458608,-0.09473079042892701,0.0015261052443618856,0.886622821535365,0.30683111087589054,0.13101238658329864,-0.09569259219875637,0.9061300564389683,0.2703513452201897,0.019507234903603288
1785119679333502441,1.325435,0.4194061971233865,-0.0947410603437857,0.0015271868826870955,0.8867458705661955,0.312467550066147,0.12820869193789466,-0.0964789047729972,0.9079882357742545,0.2659843233698517,0.021242365208059
1785119679366845459,1.334315,0.4194134511697592,-0.0947115479987438,0.0015295257001055602,0.8868446059020766,0.2983657447101343,0.1308021631200267,-0.09449519887830686,0.9048372993578357,0.2733673880916591,0.017992693455759157
1785119679400188232,1.329612,0.419376508976464,-0.09475165716439855,0.001532029339453143,0.8868135747098332,0.3034777850417563,0.12936405781262944,-0.09536376000532168,0.9060894590278956,0.27027608459148766,0.019275884318062375
1785119679433531250,1.280318,0.419359263550127,-0.09475400605002672,0.0015301537344535134,0.8871212481777265,0.3058167029159745,0.12946914855123323,-0.09627538386242546,0.9066161169351363,0.2696921565773006,0.0194948687574098
1785119679466873779,1.940646,0.4193714554275397,-0.0947561070682672,0.001534883953842155,0.8869544935544122,0.3097787539859519,0.1280227796940183,-0.09690386295570103,0.9075902741437343,0.2670789761277164,0.020635780589322028
1785119679500216553,2.0493,0.419357693549798,-0.09480712049936783,0.0015323381513316597,0.8869204573410725,0.29801732095931993,0.13061382454366505,-0.09697780921042717,0.9049689637567665,0.2743033678570599,0.018048506415694
1785119679533558838,1.922862,0.4193430295407795,-0.0948025847076989,0.0015429296028385904,0.8872655188347812,0.3077311314917639,0.12849680346040734,-0.0948590400268807,0.9073842224215752,0.2676063756543251,0.020118703586794018
1785119679566901367,2.060836,0.4193503421760746,-0.09481297201115092,0.0015347899602948765,0.8870523323403128,0.2966289835035782,0.1300325157336766,-0.09853062402001965,0.9047148627661992,0.27500747682323956,0.01766253042588639
1785119679600243652,2.026665,0.4193252897181372,-0.09481085264608025,0.0015482957628370677,0.8871878083501072,0.2997966946567286,0.1299640244043025,-0.0929165058476798,0.9058116504816666,0.271540842478039,0.01862384213155932
1785119679633585693,2.115513,0.41934131255245766,-0.09479010050841916,0.0015530309400399297,0.8873970582451856,0.295966185467756,0.1308691744225691,-0.09780246909599305,0.9049401349863413,0.2757082619961828,0.01754307674115574
1785119679666927734,2.044383,0.4193259518791665,-0.09476586325670816,0.0015657664361009602,0.8871542399131347,0.3053511630551122,0.12886323732242236,-0.09673128199344337,0.9069878660392716,0.2695598947233784,0.019833626126136927
1785119679700269775,2.105813,0.4193002121005612,-0.09477741735705456,0.0015757170056798194,0.8873514247344089,0.29729815843178553,0.130189791469832,-0.09680997114495332,0.9052030251743638,0.27417966696973073,0.01785160043995493
1785119679733614746,1.266154,0.4192843148961688,-0.09474863694376824,0.0015960205878352753,0.8871916353366489,0.304358740807546,0.12891151521472835,-0.09973464970666468,0.9067419862673863,0.27110819977546613,0.019550350930737422
1785119679767034424,1.103723,0.41926443611381964,-0.09476969544706652,0.0016057970901036662,0.8870966577184863,0.2989506622888336,0.12961545347188366,-0.09691794190475353,0.9055037057120376,0.27300371128048073,0.018407047993551306
1785119679800454834,1.033065,0.41924851352505055,-0.0947317850771145,0.0016150136619897783,0.88750980924674,0.294926263244606,0.1309939085184949,-0.09639877498370752,0.9048996729747679,0.2757078407095015,0.017389863728027977
1785119679833876221,0.885375,0.4192509176739629,-0.09472293942982145,0.001614432095854132,0.8873790408187593,0.29499916294187606,0.13071168566862756,-0.09720446437695626,0.9047395246991035,0.27572530360375874,0.01736048388034417
1785119679867298340,0.924111,0.4192216563049403,-0.09474693020215043,0.0016089964150099662,0.8874587937697163,0.2895745059008106,0.13192890460445597,-0.09833077727833081,0.9035603597662624,0.2796037840571174,0.016101565996546108
1785119679900721436,0.737281,0.41918781135861877,-0.09472879294594326,0.0016120818827715776,0.887601118086468,0.29863676874738315,0.12906060744444708,-0.09659582914022502,0.9057832091861417,0.2725051254366552,0.018182091099673725
1785119679934145264,0.725671,0.41918391997347143,-0.0947269483227918,0.0016130728307015697,0.8873411180017773,0.30905422284437095,0.12742285020843974,-0.09700915355233079,0.907965156990436,0.266843449823975,0.02062403898865872
1785119679967570068,0.519012,0.4191815301948464,-0.09472613047607732,0.0016161115595336906,0.8875779852838037,0.29732185279188156,0.12971070164137086,-0.09583044730329346,0.9054200047127405,0.27334502816381484,0.017842019428936817
1785119680000995850,0.499964,0.41916865958822846,-0.09470060513893354,0.001619441890192206,0.8876107632386817,0.292361513744963,0.13071109549339727,-0.09740360011777428,0.9042985019968853,0.27694051683960264,0.01668773875820362
1785119680034422363,0.363361,0.4191706308403101,-0.09471988469048649,0.0016221448740294767,0.8874440987015384,0.29449780171332285,0.13222916218970404,-0.09913456851495661,0.904300721897667,0.2778508583670458,0.016856623196128573
1785119680067849854,0.399109,0.41914252389263135,-0.09473353041492745,0.001620619289204983,0.8877195776638785,0.30468313587494733,0.1280064647952992,-0.09631508551286881,0.9072919120321824,0.26889674458184404,0.019572334368303856
1785119680101278076,0.091996,0.419152520362121,-0.09469328862031323,0.0016230722319575581,0.8876797450310349,0.29862894959757624,0.12802355539262503,-0.09321208150305418,0.906113539894386,0.2704115938728645,0.01843379486335117
1785119680134707275,0.225696,0.41913384151307576,-0.09471028119748454,0.0016480813611131355,0.8876638963533194,0.3010402611001182,0.1281648989570475,-0.0974775446681405,0.9065344950621073,0.27100798770397566,0.018870598708787822
1785119680168137207,0.112214,0.419122925722059,-0.09466671186251338,0.0016527082023775894,0.887819192060828,0.29730898571369807,0.1284837430001847,-0.09469168615669973,0.9057814064394718,0.2718768173460308,0.01796221437864376
1785119680201568115,0.096095,0.4191149547741381,-0.09468498016939682,0.0016517196280206549,0.887545272303944,0.2973856979445812,0.12863262173811044,-0.09546895764294809,0.9057085927897551,0.27225206930998297,0.018163320485811152
1785119680235000000,0.257144,0.4190919705692529,-0.09471890404570964,0.0016605022750275987,0.8877574524380403,0.2971467490228139,0.1291155843643684,-0.09561952227171068,0.9056015383792516,0.2728294676819669,0.01784408594121134
1785119680268432617,2.270961,0.4190712433173339,-0.0947063243688849,0.0016591646624010753,0.8879783728070312,0.29708909886533014,0.13066306397794075,-0.09579569983016285,0.9055772118819594,0.27416866229056125,0.017598839074928204
1785119680301866211,0.443162,0.41906283580905374,-0.09474203785668363,0.0016588404733636083,0.8878187195600459,0.2942867277561519,0.1292389628608787,-0.09599193149682574,0.9051290496902382,0.27435786682660296,0.017310330130192342
1785119680335300537,6.695155,0.41903201105454413,-0.09474999478408568,0.0016633391827803354,0.8880581748984601,0.2956389666978723,0.13052840179732655,-0.0979274611167054,0.9052896441667042,0.2754896129914732,0.01723146926824415
1785119680368735840,2.643035,0.41903478316506754,-0.0947506191171137,0.0016597407991850522,0.8879730240413217,0.3095725281357629,0.12641763022623237,-0.09443593806762009,0.9087054472702721,0.2648240156982995,0.02073242322895041
1785119680402171875,3.98593,0.4190360775371784,-0.09477528388207353,0.0016637627603384966,0.8879966844686086,0.29559732734230654,0.13086885627017264,-0.0968952961832988,0.9053168857843062,0.2754383617700589,0.01732020131569767
1785119680435608887,2.600623,0.41902440601831714,-0.09476334815503423,0.0016761331404021584,0.888331248595604,0.3050968145583532,0.12888683960462433,-0.0950014744005875,0.9076402199726225,0.2689711181161438,0.01930897137701848
1785119680469046875,2.569608,0.41901129525927044,-0.09474375885225306,0.0016891809638255565,0.8881499255927969,0.2971436307128144,0.130015182512767,-0.09603533656889117,0.9059347086566871,0.27371224070642935,0.017784783063890197
1785119680502485596,2.323521,0.4189846940804883,-0.09474430119536267,0.0017006549372326075,0.888288891988618,0.3067955769818666,0.12815786398132104,-0.09678458647580662,0.9081309502189262,0.2682743297671368,0.019842058230308157
1785119680535925293,2.26934,0.41898121606622807,-0.09472382378894996,0.0017054464125982516,0.8883713348497422,0.3017150916714083,0.12779790683801076,-0.0956810614095084,0.9073066434198123,0.2697246678329297,0.018935308570070086
1785119680569365723,2.072089,0.4189797049841369,-0.0947454366189255,0.0017042911598691092,0.888115391881775,0.2960228605196032,0.12872246890050518,-0.09609169737327741,0.9057664829932206,0.2731672487160422,0.017651091111445583
1785119680602807129,2.007615,0.41895774147564074,-0.09476284732073789,0.0017033035942210337,0.8884325696598389,0.30239823215524964,0.12833684187984168,-0.09479959847601274,0.9073060057119394,0.26957819022017093,0.018873436052100567
1785119680636249512,1.796014,0.4189791493716323,-0.09475918710605753,0.0017134638453196079,0.8884714706357505,0.29777415805170515,0.12887732113578534,-0.0976893094140213,0.9064361268537477,0.2731022685206321,0.017964656217997255
1785119680669692627,1.481191,0.41896675124425103,-0.09480096904930164,0.0017105747594181333,0.8883794224730007,0.30833413659258346,0.12633785664791772,-0.09515325224658591,0.9088607632792522,0.26556459974488056,0.020481340806251525
1785119680703136719,1.829208,0.41896048683881487,-0.09484386053320028,0.0017048184140186532,0.8887225688758958,0.3022969992645814,0.12968871710302945,-0.10162272114253086,0.9071984759310099,0.2733163518411644,0.018475907055114038
1785119680736579346,1.734208,0.4189514257201143,-0.09484995195236345,0.001708653610008819,0.8886899514196147,0.2927142086890692,0.13041377975176718,-0.09755317780981136,0.9054944778069237,0.27664507037326824,0.016804526387309004
1785119680769937012,1.920697,0.41893076338630114,-0.09487873044583954,0.0017121603185017284,0.8887933111725604,0.2981342951324085,0.12920761180346782,-0.09379804358139343,0.9069145242130973,0.27189827982958437,0.01812121304053682
1785119680803294434,1.72285,0.41892309956148943,-0.09488363217788852,0.001718235493692453,0.8891146978087413,0.28975225433873053,0.1316912560580561,-0.09918200447177374,0.9051904842627675,0.2796464654877322,0.016075786454026186
1785119680836652100,1.969182,0.4188940275468276,-0.09490710668123514,0.0017206214380678917,0.8888570556191205,0.2992644207421185,0.12793818808798532,-0.09548180548835365,0.9073612431083946,0.2709604768696283,0.018504187489274074
1785119680870009766,1.787315,0.4188708943307276,-0.09496533320158888,0.0017248075427238677,0.888989500238799,0.30476834104140144,0.1283950581882764,-0.09758283369252647,0.9083967725074604,0.2697614959861517,0.019407272268661457
1785119680903367188,2.049377,0.41885791237855224,-0.09495565031130809,0.0017266604226735232,0.8892171496193918,0.3026908359730164,0.12750753316351482,-0.09478702953222572,0.9085004295335003,0.26888575639306883,0.019283279914108498
1785119680936724854,2.035356,0.4188843859683286,-0.0949721709959552,0.0017212263623690883,0.8890999271095695,0.31122548638167136,0.12573190263468398,-0.09398589829629786,0.9103717595266155,0.26355375255874874,0.021271832417045996
1785119680970082520,2.065204,0.41887358353885396,-0.09495048669922948,0.0017238701405085518,0.8893773688511007,0.3059974551563172,0.12898669549333697,-0.09639151456217457,0.9090466578159079,0.2692870413561208,0.01966928896480713
1785119681003439941,1.894535,0.4188901825598928,-0.09493379383158361,0.0017228058554068662,0.8894302350094561,0.3061692432965308,0.12681366917877498,-0.09535492498216502,0.9093082647081057,0.267024405859309,0.019878029698649602
1785119681036797607,2.147067,0.41888316701896533,-0.09494704392178732,0.0017283925180296231,0.8892949764087031,0.2999581305692848,0.12752817746581552,-0.09432135341231507,0.9079316616826759,0.2699332178878778,0.018636685273972775
1785119681070155029,2.082972,0.4188707714895461,-0.0949225781895581,0.001729171655354514,0.8896189735672464,0.3067184974212803,0.12716543666018734,-0.09550058855576837,0.9095356643877112,0.2671232771386586,0.019916690820464766
1785119681103512695,2.196982,0.41885472009081726,-0.09490679661045412,0.0017323444802772835,0.8893958677479834,0.3036273466504791,0.12740919947114124,-0.09621929493470743,0.9086691185014638,0.268879663358526,0.01927325075348041
1785119681136870117,2.212996,0.4188408573919662,-0.09491547877560301,0.0017386259094877917,0.8894650882404945,0.3004169904252321,0.12675462487601644,-0.09376241359731434,0.9084214762321805,0.2688536696181665,0.018956387991685975
1785119681170227783,1.12148,0.41883620657754317,-0.09489529253699286,0.0017442672385987723,0.8896714532904391,0.2966329619677403,0.12945729980506007,-0.09717339282846413,0.9069275544721721,0.2739569713602954,0.01725610118173304
1785119681203585205,5.541405,0.41883864911866575,-0.09490052625604377,0.0017476993523862245,0.889513195013755,0.30480471104908363,0.12813678460377945,-0.09642268277685054,0.9088175400955683,0.2690479603985859,0.019304345081813223
1785119681236942871,1.175277,0.418842540441682,-0.09489863060396271,0.001750776960167783,0.8897608024820706,0.29268913256746415,0.13088767757446354,-0.09594295957893355,0.9060887187048341,0.27647460179570454,0.016327916222763528
1785119681270300293,1.144958,0.41884840694090103,-0.09486302372813557,0.0017535838498251009,0.8898129171776946,0.295310612070858,0.130336377210157,-0.09426379446418537,0.9069065154571108,0.2742183325064437,0.017093598279416145
1785119681303657959,2.389405,0.41885779182745436,-0.09487601866946849,0.001766870622730657,0.8896887101125949,0.29455620037854596,0.13054330171005563,-0.09391893459648819,0.9065884811769986,0.2746279828377803,0.016899771064403768
1785119681337015381,2.287402,0.41884882249766414,-0.09488219631017411,0.00175788692092954,0.8899095170336836,0.30101038672996805,0.12751983002346282,-0.09528576958803213,0.908424307898993,0.26975179245023473,0.018514790865309383
1785119681370373047,2.01732,0.4188550175832376,-0.0948350406696986,0.0017628031967886326,0.8898961379335381,0.29721404266055435,0.12919385860068933,-0.09432804523846812,0.9076131252163545,0.27243150633039853,0.017716987282816454
1785119681403730469,0.95572,0.418839911888365,-0.09485205554096789,0.0017804759752245204,0.889963581973783,0.3038573669282216,0.12831137560309244,-0.09644486825352727,0.9088812551700457,0.26957581659777635,0.018917673196262697
1785119681437088135,0.780675,0.41882446531276696,-0.09484170382197421,0.0017798792056914745,0.8901266596532442,0.3061178422448501,0.12748099038635533,-0.09622602847025907,0.9095089911610053,0.2678345033463964,0.019382331507761034
1785119681470445557,0.928216,0.4188326244369762,-0.09483796484592465,0.0017819821930923421,0.8900098264753805,0.3012508170809821,0.1284798455290554,-0.09790676454588264,0.9082756842468882,0.27135617199202444,0.018265857771507688
1785119681503803223,1.78004,0.4188207222297512,-0.09485704520425212,0.0017780564274169645,0.890269259560031,0.3065626609682559,0.1262928671258333,-0.09541880622620509,0.9099662332016523,0.2663763993890997,0.019696973641621263
1785119681537160645,0.800814,0.41884789413986956,-0.09484760529873111,0.0017789252202981285,0.8904449079959919,0.2994277533156019,0.1273977521053224,-0.09738242483418061,0.9085113034938012,0.271085119965612,0.018066395497809307
1785119681570518066,2.504899,0.418848579054261,-0.09487789507863675,0.0017730239110779278,0.890263286422472,0.2962848511344923,0.12875827001993193,-0.09704613131045517,0.9076566405409425,0.2734963019499218,0.01739335411847054
1785119681603875732,2.618432,0.41885263707473275,-0.09488712224173691,0.0017626768792089334,0.8905368308132573,0.29626829393337,0.1297798811346669,-0.09613650591295739,0.9074516084315176,0.2740190387197693,0.016914777618260327
1785119681637233154,2.658288,0.4188611764532459,-0.09490179080199516,0.0017624802347762434,0.8905890932646757,0.3037311862189357,0.1279210565600919,-0.09748068373990565,0.9093711575012722,0.2697297565223495,0.018782064236596452
1785119681670590576,2.648791,0.4188450882652517,-0.09494456352302082,0.0017585003911292393,0.8905519270597511,0.29519794642302977,0.12941857546743693,-0.10042521507201566,0.9072908429269846,0.2758059925550113,0.016738915867233528
1785119681703948242,2.449996,0.41880992356152047,-0.09494279697806057,0.0017684651673424425,0.8909877362618773,0.3020965496160479,0.1281188536367303,-0.09556546273354158,0.9091796494017031,0.2699118470044345,0.018191913139825825
1785119681737305664,2.610968,0.4188016774387575,-0.09497098389876701,0.0017586928949462582,0.8909304407640765,0.29355769276042515,0.1284208272874777,-0.09759225170553504,0.9077072171504631,0.2747008685755927,0.016776776386386638
1785119681770663330,2.578828,0.41875497691777064,-0.09499669854623348,0.0017763725013913417,0.8909877528503196,0.30544891349818754,0.12733021321411422,-0.09601611910955099,0.9101647533111801,0.2680128562513602,0.01917700046086046
1785119681804020752,2.637757,0.41877269042011134,-0.09499159565958135,0.0017715097707051135,0.8910731499093842,0.29854548770742756,0.12615101418542074,-0.09610051648333447,0.9091264946647988,0.2700695608250715,0.01805334475541454
1785119681837378174,2.665931,0.4187586426355806,-0.09499582120627251,0.0017689056372291335,0.8908553382969242,0.2985789433924172,0.12702593373872367,-0.0968181430987262,0.9088757671382173,0.27102809071662437,0.018020428841293068
1785119681870735840,0.468036,0.4187288852958815,-0.09501538351774456,0.0017778623406036584,0.8910444144034747,0.30590205842789103,0.12683644197319777,-0.09724066093823173,0.910431571612839,0.26786711871202906,0.019387157209364347
1785119681904093262,0.637988,0.41872366292167085,-0.09502851490738355,0.00178099071705445,0.8910935226916155,0.29807402180090176,0.12738736683202492,-0.09994825869833657,0.9088499473192911,0.2727159704511412,0.017756424627675682
1785119681937450928,0.542575,0.41871123970991087,-0.09505756605402892,0.0017793077056307755,0.8909352159650482,0.30291356018470894,0.12682901432983154,-0.09466009594175016,0.9098667171796664,0.268222511571507,0.018931501214618177
1785119681970808350,1.037968,0.41868718346808165,-0.09505850925986438,0.0017781836889139355,0.8912073230437072,0.2981383648188118,0.12839013768717153,-0.09529894601781465,0.9088621262306041,0.27181847731950204,0.01765480318689694
1785119682004166016,0.412074,0.4186955975253228,-0.09502158355430626,0.0017889054983918657,0.8911043538296234,0.30337487648940004,0.1270438837854752,-0.09546521097989748,0.9101639415961033,0.26845912846661285,0.019059587766479865
1785119682037523438,0.645922,0.41870022884932323,-0.0950289670519182,0.0017902248536473707,0.8911674894029753,0.2964017573626747,0.12801140288006785,-0.09745723968942292,0.9084565840527941,0.27304575068218107,0.01728909464981876
1785119682070880859,0.456579,0.41871027437305836,-0.09500335585357764,0.0018008538923741904,0.8913595140540506,0.3109345794927219,0.12661679135523743,-0.09709878025824932,0.9118099572744365,0.2655413860228259,0.020450443220385917
1785119682104238525,0.355444,0.4187141915984217,-0.0949987321418571,0.001806281071033105,0.8911111760434396,0.300711426933537,0.1271418528766089,-0.09573664948857268,0.909390216314763,0.26978827862429194,0.018279040271323432
1785119682137595947,0.571649,0.4187046380788422,-0.09501647708923822,0.0018031745080249184,0.8912982589253435,0.2911300182963765,0.12820364845351254,-0.09235572481976752,0.9076331214477484,0.2738035908869411,0.016334862522404903
1785119682170953369,0.238776,0.41869672548704606,-0.09498362306503162,0.001803646955359464,0.8914528417757736,0.286236774225699,0.13236795072659754,-0.09870389765543468,0.9061398057551714,0.28166672383755204,0.014686963979397838
1785119682204311035,3.084824,0.4187154744802038,-0.09500201228890479,0.0018117105710515747,0.8912859230043688,0.29499069962956653,0.1278537478747454,-0.09867680874364167,0.9083249864482181,0.2739898762071671,0.01703906344384931
1785119682237668457,9.724107,0.41871306493988997,-0.09500902524016845,0.001809168671365092,0.8914865641697418,0.2932677963544353,0.12862846157011665,-0.09344433469827734,0.908045565955333,0.2735387921693883,0.01655900178559122
1785119682271025879,3.213889,0.4187061853072103,-0.09500071857715814,0.0018143490453218457,0.8915825842904421,0.30211315828505114,0.12713180104719862,-0.09609045060895709,0.9099893253295482,0.26929935020381995,0.01840674103910611
1785119682304383301,3.163385,0.41870023763435255,-0.09499830287822277,0.001818525387735189,0.8916221716254245,0.3049282480316235,0.12715898868822142,-0.09903724650829283,0.9103053712176712,0.26920218152727743,0.018683199592246735
1785119682337740967,3.239247,0.4186959387311841,-0.09501288716353827,0.001817428847147059,0.8919203095367665,0.2928397021892467,0.12811061382468095,-0.09420219391052312,0.9081930558661675,0.2735756877433834,0.01627274632940101
1785119682371098389,3.166093,0.41867970296837886,-0.09502884144776425,0.0018097466577792704,0.8917187543889846,0.29856346110093046,0.1264518609944226,-0.09766553985557039,0.9094228100896129,0.27088179293108067,0.017704055700628274
1785119682404455811,3.213102,0.4186400510252822,-0.09508319655889723,0.001800858514294022,0.8918133001060835,0.29675990929057305,0.12822027435794003,-0.09539076705474157,0.9089938675708259,0.2723332905715553,0.01718056746474239
1785119682437813232,3.289196,0.41865410180686075,-0.09527628278786816,0.0017898334293520476,0.8921406206121624,0.30537044363970234,0.12526097483474088,-0.09773745457174131,0.9114765520028419,0.2671620299823446,0.019335931390679573
1785119682471170654,3.284468,0.4187339233387571,-0.09548404615554348,0.0017218690022272744,0.8927578723518987,0.30380115611151465,0.12804121277119265,-0.0947666240881029,0.9113603484326005,0.26922687766940845,0.018602476080701758
1785119682504528320,3.353179,0.4186858969337581,-0.09543638780472234,0.0017466270678013153,0.8940691604543098,0.3054913661062327,0.12730201475392178,-0.09330335767967081,0.9130782007661455,0.2673198409847928,0.0190090403118357
1785119682537885742,3.270726,0.4185801755073174,-0.09531309477967173,0.0017313431959279694,0.8944494449271035,0.2911654048754672,0.1289780776606422,-0.09638903642968062,0.9102024288443675,0.275986707483696,0.015752983917263985
1785119682571243164,3.364185,0.41849040803561577,-0.09527211039689168,0.0017212548682351294,0.8941579677667759,0.29502472322621837,0.12912041529558646,-0.09740183510014085,0.9105847231065114,0.2746291460806403,0.016426755339735474
1785119682604600586,3.273307,0.4184618572667812,-0.09529776622087875,0.0017136750924598987,0.8943598468790631,0.2950461354729678,0.1286386542485946,-0.09469513888909428,0.9111008708920856,0.27326474381430665,0.016741024013022465
1785119682637958008,3.296632,0.41851924779463745,-0.09534456340016148,0.0017180386365177013,0.8943977321326442,0.29332965433294056,0.12927864627903915,-0.09803625605382707,0.9105620171751019,0.2758241105249126,0.016164285042457704
1785119682671315430,3.289916,0.41856259420082464,-0.0954193099448438,0.0017145285220572688,0.8946811278766427,0.2924688097557298,0.12749165914815425,-0.0923129766564461,0.9110443106306806,0.27281883063263623,0.01636318275403792
1785119682704672852,3.154215,0.4185932940569216,-0.09545871026295552,0.001708851591665055,0.8949464625820024,0.3064942996534135,0.12540473617445017,-0.0933699874541247,0.9142674559404181,0.26530516797224607,0.019320993358415747
